s1,s2,r1,r2,acc1,acc2,id,seq,id_sess,task,dataset,rt1,rt2,p_r2_discrete,p_r2_bayesian,p_r2_optimal,p_r2_fixed,p_r2_naive,p_c2_discrete,p_c2_bayesian,p_c2_optimal,p_c2_fixed,p_c2_naive,abs1,abs2
0.0986049920392154,-0.637940328283615,0,1,0,0,36,1,36sx03,M-O,1,0.9674,0.4366,0.774600509044679,0.801501359985451,0.534394523246337,0.759474901449523,0.261756262242645,0.225399490955321,0.198498640014549,0.465605476753663,0.240525098550477,0.738243737757355,0.0986049920392154,0.637940328283615
0.643435019441781,-1.92549815253072,0,1,0,0,36,1,36sx03,M-O,1,2.0072,1.6076,0.609705772378416,0.450367030150754,0.118787005923762,0.279965713689109,0.0270835334336503,0.390294227621584,0.549632969849246,0.881212994076238,0.720034286310891,0.97291646656635,0.643435019441781,1.92549815253072
-1.05056891251755,-1.01266394973624,1,1,0,0,36,1,36sx03,M-O,1,1.1535,0.6077,0.603772631578529,0.61105371852266,0.319580488849478,0.629258777047617,0.155610351424033,0.396227368421471,0.38894628147734,0.680419511150522,0.370741222952383,0.844389648575967,1.05056891251755,1.01266394973624
-0.917412025663172,0.699432431612382,0,1,1,1,36,1,36sx03,M-O,1,0.6459,0.9178,0.966884432284877,0.983993120929082,0.941439061724795,0.979423600484819,0.757859087114644,0.966884432284877,0.983993120929082,0.941439061724795,0.979423600484819,0.757859087114644,0.917412025663172,0.699432431612382
-0.631617099697583,0.76307647572053,0,1,1,1,36,1,36sx03,M-O,1,1.1727,0.4899,0.959892576463139,0.980975255825972,0.936640121119744,0.982381802642049,0.777291105731066,0.959892576463139,0.980975255825972,0.936640121119744,0.982381802642049,0.777291105731066,0.631617099697583,0.76307647572053
0.22683807118033,-1.69272072063133,0,1,0,0,36,1,36sx03,M-O,1,2.9501,0.5115,0.686749536245945,0.571129713447754,0.195769973320137,0.363107086240496,0.0452543196362203,0.313250463754055,0.428870286552246,0.804230026679863,0.636892913759504,0.95474568036378,0.22683807118033,1.69272072063133
-0.664585203516834,-0.127073467421438,0,1,1,1,36,1,36sx03,M-O,1,2.2534,0.2854,0.921412630597389,0.95057694518581,0.838232652328476,0.929168768403566,0.550558874436117,0.921412630597389,0.95057694518581,0.838232652328476,0.929168768403566,0.550558874436117,0.664585203516834,0.127073467421438
1.18591018228583,1.09674610898143,1,1,1,1,36,1,36sx03,M-O,1,0.5973,0.0777,0.986219457779265,0.994429507535959,0.977590871504214,0.992642145315152,0.863623802933499,0.986219457779265,0.994429507535959,0.977590871504214,0.992642145315152,0.863623802933499,1.18591018228583,1.09674610898143
0.740198544937246,-0.888183132855677,0,1,0,0,36,1,36sx03,M-O,1,1.5528,0.2562,0.660490810696829,0.677418204593415,0.384497934913216,0.675219325195316,0.187221125130738,0.339509189303171,0.322581795406585,0.615502065086784,0.324780674804684,0.812778874869262,0.740198544937246,0.888183132855677
-0.289091345731333,0.686394634536349,0,1,1,1,36,1,36sx03,M-O,1,2.0248,0.2774,0.94160086889448,0.971104173636832,0.913311494926596,0.97876827897539,0.753767856498668,0.94160086889448,0.971104173636832,0.913311494926596,0.97876827897539,0.753767856498668,0.289091345731333,0.686394634536349
1.39741983535999,0.699055616667988,1,1,1,1,36,1,36sx03,M-O,1,0.7572,0.116,0.981355406704183,0.991089783864712,0.96059223838738,0.979404903832397,0.757741362918909,0.981355406704183,0.991089783864712,0.96059223838738,0.979404903832397,0.757741362918909,1.39741983535999,0.699055616667988
0.798642001707738,-0.81941440550377,0,1,0,0,36,1,36sx03,M-O,1,4.1867,0.3175,0.660595488566831,0.687134019849388,0.40357023510941,0.699561717562445,0.206275009380862,0.339404511433169,0.312865980150612,0.59642976489059,0.300438282437555,0.793724990619137,0.798642001707738,0.81941440550377
-0.163855366937423,-1.50327700733724,1,1,0,0,36,1,36sx03,M-O,1,1.0367,0.4077,0.704125757963648,0.621521721866082,0.249324472035388,0.436156094458133,0.0663838133527488,0.295874242036352,0.378478278133918,0.750675527964612,0.563843905541867,0.933616186647251,0.163855366937423,1.50327700733724
-1.58148383116524,1.03654992161448,0,1,1,1,36,1,36sx03,M-O,1,0.3582,0.0477,0.991132033383479,0.996382601165403,0.9829516942147,0.991322627315609,0.850027168845747,0.991132033383479,0.996382601165403,0.9829516942147,0.991322627315609,0.850027168845747,1.58148383116524,1.03654992161448
-0.210096343722867,-0.763853041952874,1,0,0,1,36,1,36sx03,M-O,1,1.6317,5.3203,0.747207192618797,0.76579547805713,0.478249518020991,0.718604781383119,0.222477411793111,0.252792807381203,0.23420452194287,0.521750481979009,0.281395218616881,0.777522588206889,0.210096343722867,0.763853041952874
0.329381718773976,-0.48169401159064,0,1,0,0,36,1,36sx03,M-O,1,3.5613,0.0926,0.76280912910345,0.806735161740075,0.564984171792877,0.805342636778908,0.315011665376707,0.23719087089655,0.193264838259925,0.435015828207123,0.194657363221092,0.684988334623293,0.329381718773976,0.48169401159064
-1.36761931353256,0.0819081007394799,0,1,1,1,36,1,36sx03,M-O,1,0.547,0.0083,0.962552542255473,0.975702245135996,0.892401609676938,0.922843739801197,0.532640103685587,0.962552542255473,0.975702245135996,0.892401609676938,0.922843739801197,0.532640103685587,1.36761931353256,0.0819081007394799
1.39399457782033,-0.292005368582695,1,1,1,1,36,1,36sx03,M-O,1,0.3559,0.5345,0.970220380338875,0.982656557026724,0.922480344080715,0.948929357145424,0.614858740379512,0.970220380338875,0.982656557026724,0.922480344080715,0.948929357145424,0.614858740379512,1.39399457782033,0.292005368582695
0.425717087076984,-1.27456917683729,0,1,0,0,36,1,36sx03,M-O,1,0.8367,2.7585,0.673515517218345,0.629521115833144,0.288225604138385,0.527101456034628,0.101230886544034,0.326484482781655,0.370478884166856,0.711774395861615,0.472898543965372,0.898769113455966,0.425717087076984,1.27456917683729
-1.96810977595464,0.57442407380967,0,1,1,1,36,1,36sx03,M-O,1,0.3576,2.3487,0.991196214642017,0.995564166927096,0.973615019874174,0.972379691465197,0.717159566966511,0.991196214642017,0.995564166927096,0.973615019874174,0.972379691465197,0.717159566966511,1.96810977595464,0.57442407380967
-1.59497078272766,0.859899075682571,0,1,1,1,36,1,36sx03,M-O,1,0.3866,0.2713,0.988706153888673,0.995014467299949,0.976106560830934,0.98618336768882,0.80507766095757,0.988706153888673,0.995014467299949,0.976106560830934,0.98618336768882,0.80507766095757,1.59497078272766,0.859899075682571
1.76563502087371,-0.260334072506379,1,1,1,1,36,1,36sx03,M-O,1,0.2822,0.3496,0.982424849428589,0.989557722359917,0.943089455174928,0.945520403327892,0.602696953813624,0.982424849428589,0.989557722359917,0.943089455174928,0.945520403327892,0.602696953813624,1.76563502087371,0.260334072506379
-0.540419617704069,0.664765456728133,0,1,1,1,36,1,36sx03,M-O,1,0.4963,0.0326,0.950686727650075,0.975559759613543,0.921177088043393,0.977642212589188,0.746899740041525,0.950686727650075,0.975559759613543,0.921177088043393,0.977642212589188,0.746899740041525,0.540419617704069,0.664765456728133
-1.45389298781281,0.119740321156638,0,1,1,1,36,1,36sx03,M-O,1,0.3554,0.1991,0.967803677816968,0.979486839729453,0.905114956860583,0.928169820980689,0.547655570767911,0.967803677816968,0.979486839729453,0.905114956860583,0.928169820980689,0.547655570767911,1.45389298781281,0.119740321156638
-0.0401179383171156,1.19846730322059,1,1,1,1,36,1,36sx03,M-O,1,1.6644,0.0622,0.967613842081807,0.986674850073894,0.961352349553332,0.994473553227712,0.884632427681623,0.967613842081807,0.986674850073894,0.961352349553332,0.994473553227712,0.884632427681623,0.0401179383171156,1.19846730322059
-2.0492455639254,-0.129541605307218,0,1,1,1,36,1,36sx03,M-O,1,0.3377,0.6154,0.987994423622297,0.992280323524416,0.949132245450524,0.929502575418204,0.551535447000378,0.987994423622297,0.992280323524416,0.949132245450524,0.929502575418204,0.551535447000378,2.0492455639254,0.129541605307218
1.0760878624204,0.396699305286235,1,1,1,1,36,1,36sx03,M-O,1,0.4907,0.0237,0.960233837663133,0.977992726015374,0.914724064466617,0.95900496088581,0.654205393730945,0.960233837663133,0.977992726015374,0.914724064466617,0.95900496088581,0.654205393730945,1.0760878624204,0.396699305286235
-0.506167042307444,-0.185931961735782,0,1,1,1,36,1,36sx03,M-O,1,1.6552,0.9848,0.914549337541628,0.947725787682189,0.837563450542244,0.936804134634092,0.573750941314548,0.914549337541628,0.947725787682189,0.837563450542244,0.936804134634092,0.573750941314548,0.506167042307444,0.185931961735782
-0.596722288512271,0.256995164652156,0,1,1,1,36,1,36sx03,M-O,1,2.0593,5.257,0.925987021719435,0.956176342012292,0.858936335872559,0.945150770764233,0.601408747102675,0.925987021719435,0.956176342012292,0.858936335872559,0.945150770764233,0.601408747102675,0.596722288512271,0.256995164652156
-1.07047822196684,-0.227155516652486,0,1,1,1,36,1,36sx03,M-O,1,0.6745,1.16,0.952530231158368,0.971490460107133,0.890013388843056,0.941758738672384,0.589848591947177,0.952530231158368,0.971490460107133,0.890013388843056,0.941758738672384,0.589848591947177,1.07047822196684,0.227155516652486
-2.08349813932202,0.250871921805754,0,1,1,1,36,1,36sx03,M-O,1,0.5201,3.4242,0.989945617992845,0.993962029618609,0.959891753205831,0.94446775120147,0.599043433260072,0.989945617992845,0.993962029618609,0.959891753205831,0.94446775120147,0.599043433260072,2.08349813932202,0.250871921805754
1.55198458183726,-0.100903669533274,1,1,1,1,36,1,36sx03,M-O,1,0.6982,0.4458,0.971588509053039,0.981678584893957,0.910647310621993,0.925554316646386,0.540186534944067,0.971588509053039,0.981678584893957,0.910647310621993,0.925554316646386,0.540186534944067,1.55198458183726,0.100903669533274
-0.470201838140987,-0.0206420863773497,0,1,1,1,36,1,36sx03,M-O,1,0.9199,0.1847,0.898480684580184,0.932990968173324,0.7967399497089,0.913589764059436,0.508234416232538,0.898480684580184,0.932990968173324,0.7967399497089,0.913589764059436,0.508234416232538,0.470201838140987,0.0206420863773497
-0.291874367482309,-0.407838282489414,0,1,1,1,36,1,36sx03,M-O,1,0.5726,0.6879,0.919123458464018,0.95506010289644,0.867465249987939,0.959974744593893,0.658303797033835,0.919123458464018,0.95506010289644,0.867465249987939,0.959974744593893,0.658303797033835,0.291874367482309,0.407838282489414
-1.39437913806117,-0.0537641199895831,0,1,1,1,36,1,36sx03,M-O,1,0.4325,0.2553,0.96301635725715,0.975630222766781,0.890557953973037,0.918690758875127,0.521438451873046,0.96301635725715,0.975630222766781,0.890557953973037,0.918690758875127,0.521438451873046,1.39437913806117,0.0537641199895831
0.13885176813025,0.793353556502589,1,0,1,0,36,1,36sx03,M-O,1,2.8231,0.013,0.94370505574916,0.97317264247931,0.922168469043729,0.983656557366142,0.786214069153122,0.94370505574916,0.97317264247931,0.922168469043729,0.983656557366142,0.786214069153122,0.13885176813025,0.793353556502589
-1.84544274031548,1.15100746097416,0,1,1,1,36,1,36sx03,M-O,1,0.3358,0.3426,0.995171083426657,0.998147320592483,0.990260101251173,0.993676579680536,0.875135416941181,0.995171083426657,0.998147320592483,0.990260101251173,0.993676579680536,0.875135416941181,1.84544274031548,1.15100746097416
-0.607854375516174,-1.2261861379771,1,1,0,0,36,1,36sx03,M-O,1,1.165,0.0544,0.64845566828694,0.614550361563324,0.286496641002353,0.546319810128248,0.110064318277441,0.35154433171306,0.385449638436676,0.713503358997647,0.453680189871752,0.889935681722559,0.607854375516174,1.2261861379771
0.945071761528309,1.11775354213139,1,1,1,1,36,1,36sx03,M-O,1,1.113,0.0144,0.982487027189789,0.992903022252827,0.973716598064466,0.993059115083461,0.868163865843324,0.982487027189789,0.992903022252827,0.973716598064466,0.993059115083461,0.868163865843324,0.945071761528309,1.11775354213139
1.96001838624955,0.839494546443635,1,1,1,1,36,1,36sx03,M-O,1,0.4305,0.064,0.993663602110688,0.997203156053233,0.983924541988013,0.985447054079397,0.799404075883407,0.993663602110688,0.997203156053233,0.983924541988013,0.985447054079397,0.799404075883407,1.96001838624955,0.839494546443635
1.78104867980219,0.636240565437507,1,1,1,1,36,1,36sx03,M-O,1,0.4136,0.0776,0.98868905623569,0.994466292434648,0.97048322292395,0.976080474099664,0.737690181550778,0.98868905623569,0.994466292434648,0.97048322292395,0.976080474099664,0.737690181550778,1.78104867980219,0.636240565437507
-0.405550102079858,-0.68483494811345,1,1,0,0,36,1,36sx03,M-O,1,0.4623,0.32,0.729039207226221,0.759694746236926,0.48587034336941,0.744640914523209,0.246724039673044,0.270960792773779,0.240305253763074,0.51412965663059,0.255359085476791,0.753275960326956,0.405550102079858,0.68483494811345
-2.04346544182722,-0.0728121154287002,0,1,1,1,36,1,36sx03,M-O,1,0.3457,0.0089,0.987253152316362,0.991531372623546,0.944047006217579,0.921519525961963,0.529022185084386,0.987253152316362,0.991531372623546,0.944047006217579,0.921519525961963,0.529022185084386,2.04346544182722,0.0728121154287002
-2.20081321005546,-0.101073236258251,0,1,1,1,36,1,36sx03,M-O,1,0.2443,0.0084,0.990857551566836,0.993992282783249,0.955802107760697,0.925578181323725,0.540253838201613,0.990857551566836,0.993992282783249,0.955802107760697,0.925578181323725,0.540253838201613,2.20081321005546,0.101073236258251
-0.352886767407547,1.23793866864586,0,1,1,1,36,1,36sx03,M-O,1,1.8024,0.0087,0.975596850766046,0.990266901590722,0.969516803833361,0.995067038710117,0.892130598559686,0.975596850766046,0.990266901590722,0.969516803833361,0.995067038710117,0.892130598559686,0.352886767407547,1.23793866864586
1.48540613841007,-0.300822838281515,1,1,1,1,36,1,36sx03,M-O,1,0.2692,0.2465,0.974012927961704,0.984925624083845,0.929525354556084,0.94984758690342,0.61822520391787,0.974012927961704,0.984925624083845,0.929525354556084,0.94984758690342,0.61822520391787,1.48540613841007,0.300822838281515
-0.368086347739799,1.50048448115239,0,1,1,1,36,1,36sx03,M-O,1,0.5157,0.2531,0.985073336175587,0.994582772322483,0.982819955177896,0.997765721787037,0.933255524767743,0.985073336175587,0.994582772322483,0.982819955177896,0.997765721787037,0.933255524767743,0.368086347739799,1.50048448115239
1.57617546321112,-0.266721085813857,1,1,1,1,36,1,36sx03,M-O,1,0.1757,0.0561,0.97646611174795,0.986095772667706,0.931780218885486,0.94622198400718,0.60515804112972,0.97646611174795,0.986095772667706,0.931780218885486,0.94622198400718,0.60515804112972,1.57617546321112,0.266721085813857
-1.73283739869907,-0.0596989553637887,0,1,1,1,36,1,36sx03,M-O,1,0.215,0.0496,0.977772806456534,0.985270964218703,0.920168096017359,0.91958025604894,0.523802298124067,0.977772806456534,0.985270964218703,0.920168096017359,0.91958025604894,0.523802298124067,1.73283739869907,0.0596989553637887
-0.407690888042147,-0.786876435055348,1,1,0,0,36,1,36sx03,M-O,1,0.497,0.0085,0.717575773135459,0.738377908155171,0.449731033067629,0.710784621500832,0.215677101720881,0.282424226864541,0.261622091844829,0.550268966932371,0.289215378499168,0.784322898279119,0.407690888042147,0.786876435055348
0.877422925119975,0.409529854142851,1,1,1,1,36,1,36sx03,M-O,1,0.317,1.6321,0.951388556440866,0.973214518567799,0.903987424988699,0.960120372720512,0.658924568734055,0.951388556440866,0.973214518567799,0.903987424988699,0.960120372720512,0.658924568734055,0.877422925119975,0.409529854142851
0.859012165844289,-0.184311657474888,1,1,1,1,36,1,36sx03,M-O,1,0.2527,0.7039,0.938011068704786,0.962025365347091,0.865823692105239,0.936602887647184,0.573115515375034,0.938011068704786,0.962025365347091,0.865823692105239,0.936602887647184,0.573115515375034,0.859012165844289,0.184311657474888
1.58773570740748,-1.41122111642178,0,1,0,0,36,1,36sx03,M-O,1,1.9687,5.1025,0.492112149517195,0.445570489811562,0.177081284927135,0.472627610711678,0.0790897128112994,0.507887850482805,0.554429510188438,0.822918715072865,0.527372389288322,0.920910287188701,1.58773570740748,1.41122111642178
-0.0842181291402702,-1.91470240437384,0,1,0,0,36,1,36sx03,M-O,1,3.5944,0.5339,0.705643208560518,0.552266912866768,0.160392522860575,0.283610986476522,0.027765233394494,0.294356791439482,0.447733087133232,0.839607477139425,0.716389013523478,0.972234766605506,0.0842181291402702,1.91470240437384
-1.53117536105144,0.42156909161624,0,1,1,1,36,1,36sx03,M-O,1,0.3608,0.377,0.978550647893227,0.988296315417025,0.944287313483332,0.96114443761936,0.663330214703676,0.978550647893227,0.988296315417025,0.944287313483332,0.96114443761936,0.663330214703676,1.53117536105144,0.42156909161624
0.425717087076984,1.34327728635121,1,1,1,1,36,1,36sx03,M-O,1,0.768,1.6879,0.9808376265759,0.992674039473636,0.976545288459344,0.996382527977868,0.910408897979699,0.9808376265759,0.992674039473636,0.976545288459344,0.996382527977868,0.910408897979699,0.425717087076984,1.34327728635121
-0.999190049422614,0.631831830588097,0,1,1,1,36,1,36sx03,M-O,1,0.2576,0.2956,0.966947401087853,0.983570570045446,0.938112201272808,0.975831100816791,0.736251614091647,0.966947401087853,0.983570570045446,0.938112201272808,0.975831100816791,0.736251614091647,0.999190049422614,0.631831830588097
-1.14283678749221,-0.0996036579751143,0,1,1,1,36,1,36sx03,M-O,1,0.7145,0.1741,0.951017940336906,0.968630515357051,0.875290108687053,0.925371159984559,0.539670505186852,0.951017940336906,0.968630515357051,0.875290108687053,0.925371159984559,0.539670505186852,1.14283678749221,0.0996036579751143
-2.02269981799301,0.683417796475637,0,1,1,1,36,1,36sx03,M-O,1,0.4199,0.5159,0.993044142522286,0.996686966407991,0.979922609874432,0.978616202957052,0.752828561143983,0.993044142522286,0.996686966407991,0.979922609874432,0.978616202957052,0.752828561143983,2.02269981799301,0.683417796475637
1.44387489074166,1.44188975729912,1,1,1,1,36,1,36sx03,M-O,1,0.4801,0.8086,0.994610363263479,0.99812996150282,0.991835302124726,0.997319025551896,0.925333261909263,0.994610363263479,0.99812996150282,0.991835302124726,0.997319025551896,0.925333261909263,1.44387489074166,1.44188975729912
-0.331907064977114,0.0739196239183269,0,0,1,0,36,1,36sx03,M-O,1,2.1149,0.2531,0.891863723351517,0.930413590201217,0.797503986065683,0.921681674696808,0.529462829531556,0.891863723351517,0.930413590201217,0.797503986065683,0.921681674696808,0.529462829531556,0.331907064977114,0.0739196239183269
-0.419037053642279,1.08242714109445,0,1,1,1,36,1,36sx03,M-O,1,1.609,0.0139,0.969999124564717,0.987362095468429,0.959965870246354,0.992345425623894,0.860468613163181,0.969999124564717,0.987362095468429,0.959965870246354,0.992345425623894,0.860468613163181,0.419037053642279,1.08242714109445
1.89322586422613,0.693855570435351,1,1,1,1,36,1,36sx03,M-O,1,0.5207,0.1826,0.99131965296149,0.995879584437622,0.976793950099825,0.97914541695033,0.756113605572827,0.99131965296149,0.995879584437622,0.976793950099825,0.97914541695033,0.756113605572827,1.89322586422613,0.693855570435351
-0.11954109751804,-1.07189925899498,1,1,0,0,36,1,36sx03,M-O,1,2.0526,0.0086,0.734809070626542,0.716739180134087,0.383867635269768,0.606672008629494,0.141882641542488,0.265190929373458,0.283260819865913,0.616132364730232,0.393327991370506,0.858117358457512,0.11954109751804,1.07189925899498
0.949781490645345,1.05746315102835,1,0,1,0,36,1,36sx03,M-O,1,1.4126,0.0085,0.980814595430875,0.992035519900376,0.970460176024995,0.991802865816355,0.854849868287972,0.980814595430875,0.992035519900376,0.970460176024995,0.991802865816355,0.854849868287972,0.949781490645345,1.05746315102835
1.44944093424361,0.582977773047414,1,0,1,0,36,1,36sx03,M-O,1,1.0281,0.0085,0.979948970316417,0.989886840442962,0.954019677653042,0.97291861680403,0.720045868419752,0.979948970316417,0.989886840442962,0.954019677653042,0.97291861680403,0.720045868419752,1.44944093424361,0.582977773047414
-0.241351818772287,0.192390242435803,0,1,1,1,36,1,36sx03,M-O,1,1.5993,0.8938,0.896007285730001,0.936525176123666,0.818611959710691,0.937601334513612,0.576281732478003,0.896007285730001,0.936525176123666,0.818611959710691,0.937601334513612,0.576281732478003,0.241351818772287,0.192390242435803
1.56654192638082,-1.36003080622586,0,0,0,1,36,1,36sx03,M-O,1,1.7885,1.1837,0.499220764818272,0.461372313875046,0.190487680006532,0.493028432544475,0.0869100877405637,0.500779235181728,0.538627686124954,0.809512319993468,0.506971567455525,0.913089912259436,1.56654192638082,1.36003080622586
-2.07086750214452,0.405309526765638,0,1,1,1,36,1,36sx03,M-O,1,0.4489,0.0704,0.991197600618145,0.99514856171293,0.96866144286898,0.959756237370119,0.6573749976877,0.991197600618145,0.99514856171293,0.96866144286898,0.959756237370119,0.6573749976877,2.07086750214452,0.405309526765638
-0.820862578763935,1.40912569788406,0,1,1,1,36,1,36sx03,M-O,1,0.37,0.2535,0.988022497592092,0.995632728117285,0.984418701829119,0.997035483110266,0.920600998310746,0.988022497592092,0.995632728117285,0.984418701829119,0.997035483110266,0.920600998310746,0.820862578763935,1.40912569788406
1.4871187671799,0.70521654100883,1,1,1,1,36,1,36sx03,M-O,1,0.3612,0.0139,0.983680413910378,0.99223818966465,0.964283035870826,0.97970879457157,0.759662255473038,0.983680413910378,0.99223818966465,0.964283035870826,0.97970879457157,0.759662255473038,1.4871187671799,0.70521654100883
1.40427035043931,0.806372512831402,1,1,1,1,36,1,36sx03,M-O,1,1.6499,0.0326,0.983987473675677,0.992717057364609,0.967820046423963,0.98417991838377,0.789985954468885,0.983987473675677,0.992717057364609,0.967820046423963,0.98417991838377,0.789985954468885,1.40427035043931,0.806372512831402
0.396174240797395,0.812929092863858,1,1,1,1,36,1,36sx03,M-O,1,0.4992,0.4565,0.954446232642734,0.978658137899282,0.933583792258686,0.984438005691034,0.791870643371747,0.954446232642734,0.978658137899282,0.933583792258686,0.984438005691034,0.791870643371747,0.396174240797395,0.812929092863858
0.0330969415931702,0.18508003251456,1,0,1,0,36,1,36sx03,M-O,1,3.7983,0.35,0.879719319053247,0.926270271039306,0.801689207822466,0.936698384395467,0.573416868609255,0.879719319053247,0.926270271039306,0.801689207822466,0.936698384395467,0.573416868609255,0.0330969415931702,0.18508003251456
-0.846980167503862,1.1765743549513,0,1,1,1,36,1,36sx03,M-O,1,0.3625,0.0085,0.982408893653662,0.993002189928116,0.974871946130389,0.994117725080577,0.880317280700041,0.982408893653662,0.993002189928116,0.974871946130389,0.994117725080577,0.880317280700041,0.846980167503862,1.1765743549513
-0.301936061505068,1.16238727229486,0,1,1,1,36,1,36sx03,M-O,1,0.5057,0.0236,0.971208350438586,0.988161263719123,0.963505136739584,0.99387642731216,0.877460904546922,0.971208350438586,0.988161263719123,0.963505136739584,0.99387642731216,0.877460904546922,0.301936061505068,1.16238727229486
0.374124145385817,-0.626560516962916,0,1,0,0,36,1,36sx03,M-O,1,0.5091,0.0941,0.739851193699632,0.774696500680533,0.509561580656024,0.763002556984231,0.265473678149084,0.260148806300368,0.225303499319467,0.490438419343976,0.236997443015769,0.734526321850916,0.374124145385817,0.626560516962916
1.52158542117275,0.108492395066477,1,1,1,1,36,1,36sx03,M-O,1,0.3579,0.1617,0.970486682444901,0.981057861794813,0.909155300214671,0.92661663898034,0.54319744361717,0.970486682444901,0.981057861794813,0.909155300214671,0.92661663898034,0.54319744361717,1.52158542117275,0.108492395066477
2.02509827950314,0.567452997338381,1,1,1,1,36,1,36sx03,M-O,1,0.4853,0.1491,0.992009802879337,0.995960805740078,0.975138919442307,0.97193389457717,0.714796774063856,0.992009802879337,0.995960805740078,0.975138919442307,0.97193389457717,0.714796774063856,2.02509827950314,0.567452997338381
0.0174692040684601,1.36980505843654,1,1,1,1,36,1,36sx03,M-O,1,1.6661,0.0083,0.975691645276762,0.990568835401601,0.972541993701624,0.996659698718082,0.914626118694996,0.975691645276762,0.990568835401601,0.972541993701624,0.996659698718082,0.914626118694996,0.0174692040684601,1.36980505843654
-1.14069600152992,0.778507047693465,0,0,1,0,36,1,36sx03,M-O,1,0.3162,0.2159,0.976730069191058,0.989203027398254,0.957088340439676,0.983041700489921,0.781864923273668,0.976730069191058,0.989203027398254,0.957088340439676,0.983041700489921,0.781864923273668,1.14069600152992,0.778507047693465
1.0827242989035,1.34282510841793,1,1,1,1,36,1,36sx03,M-O,1,0.3015,0.1681,0.989766648023614,0.996231660095195,0.985427267515384,0.996377629632227,0.910335694425507,0.989766648023614,0.996231660095195,0.985427267515384,0.996377629632227,0.910335694425507,1.0827242989035,1.34282510841793
-0.0720156491552226,-0.516153738255472,0,1,0,0,36,1,36sx03,M-O,1,1.0145,3.2235,0.790446490752081,0.825122906892729,0.579322063031095,0.795711686093909,0.302873518982304,0.209553509247919,0.174877093107271,0.420677936968905,0.204288313906091,0.697126481017696,0.0720156491552226,0.516153738255472
-1.48364991268863,0.98577410785739,0,1,1,1,36,1,36sx03,M-O,1,0.2796,0.2244,0.988936793753967,0.995367955740314,0.97899996272512,0.990052676981306,0.837878012933494,0.988936793753967,0.995367955740314,0.97899996272512,0.990052676981306,0.837878012933494,1.48364991268863,0.98577410785739
-1.49371160671139,1.01929179716124,0,1,1,1,36,1,36sx03,M-O,1,0.2153,0.1032,0.989639089710719,0.995726930167249,0.980578242287108,0.990907917230927,0.845967771448869,0.989639089710719,0.995726930167249,0.980578242287108,0.990907917230927,0.845967771448869,1.49371160671139,1.01929179716124
-0.225938159843806,1.07905464734213,0,1,1,1,36,1,36sx03,M-O,1,2.5539,0.0084,0.965195206974088,0.985183045932487,0.955354900952217,0.992274026148051,0.859718316378071,0.965195206974088,0.985183045932487,0.955354900952217,0.992274026148051,0.859718316378071,0.225938159843806,1.07905464734213
-1.0479999693628,0.821350906871064,0,1,1,1,36,1,36sx03,M-O,1,0.1562,0.0477,0.975577044964824,0.988847272233107,0.957196962462268,0.984764206128208,0.794276790678541,0.975577044964824,0.988847272233107,0.957196962462268,0.984764206128208,0.794276790678541,1.0479999693628,0.821350906871064
1.28802567268702,0.500135007522391,1,1,1,1,36,1,36sx03,M-O,1,0.374,0.0082,0.972560090796124,0.985571100011249,0.938848718632382,0.967312842658071,0.691509991137115,0.972560090796124,0.985571100011249,0.938848718632382,0.967312842658071,0.691509991137115,1.28802567268702,0.500135007522391
1.9062846585961,1.47220451957562,1,1,1,1,36,1,36sx03,M-O,1,0.5319,0.3123,0.997548507273095,0.999182304119208,0.995717031175716,0.997559311068132,0.929517171339266,0.997548507273095,0.999182304119208,0.995717031175716,0.997559311068132,0.929517171339266,1.9062846585961,1.47220451957562
-0.209240029337951,-1.27326916527913,1,1,0,0,36,1,36sx03,M-O,1,1.4398,0.0085,0.707998329575525,0.66229971605497,0.310244221535481,0.527618865418933,0.101461272257129,0.292001670424475,0.33770028394503,0.689755778464519,0.472381134581067,0.898538727742871,0.209240029337951,1.27326916527913
0.826258140621266,1.28618982227551,1,1,1,1,36,1,36sx03,M-O,1,0.3212,0.1037,0.985116889868146,0.994314618921568,0.979707813312175,0.99571496522458,0.9008115889061,0.985116889868146,0.994314618921568,0.979707813312175,0.99571496522458,0.9008115889061,0.826258140621266,1.28618982227551
-1.08032583739337,1.46689142885966,0,1,1,1,36,1,36sx03,M-O,1,0.3749,0.0082,0.991851298609215,0.997137533621382,0.988959091543624,0.997518659491604,0.928797203742097,0.991851298609215,0.997137533621382,0.988959091543624,0.997518659491604,0.928797203742097,1.08032583739337,1.46689142885966
-1.49735094284728,-0.211593059449014,0,1,1,1,36,1,36sx03,M-O,1,0.2461,0.0086,0.97214960729431,0.98307985385625,0.920163621289599,0.939925422948982,0.583787737752678,0.97214960729431,0.98307985385625,0.920163621289599,0.939925422948982,0.583787737752678,1.49735094284728,0.211593059449014
-1.49735094284728,-0.093329689150954,0,1,1,1,36,1,36sx03,M-O,1,0.1768,0.0853,0.969030845919783,0.979972214745069,0.90514381879931,0.924482391962949,0.537179176759695,0.969030845919783,0.979972214745069,0.90514381879931,0.924482391962949,0.537179176759695,1.49735094284728,0.093329689150954
0.576856576014591,-0.102919629485782,1,1,1,1,36,1,36sx03,M-O,1,0.2903,0.0891,0.91329296114246,0.944876354247739,0.825436958920333,0.925837663214163,0.540986620823526,0.91329296114246,0.944876354247739,0.825436958920333,0.925837663214163,0.540986620823526,0.576856576014591,0.102919629485782
0.411587899725876,-0.193034923437609,1,1,1,1,36,1,36sx03,M-O,1,0.2632,0.6003,0.908418059231718,0.944147395773131,0.831692525585181,0.937680480506865,0.576534191262057,0.908418059231718,0.944147395773131,0.831692525585181,0.937680480506865,0.576534191262057,0.411587899725876,0.193034923437609
-0.136025149427665,-1.05984118077437,1,1,0,0,36,1,36sx03,M-O,1,0.2708,0.0084,0.733146037212852,0.716843046815746,0.385923773058921,0.611301807951433,0.144608429255733,0.266853962787148,0.283156953184254,0.614076226941079,0.388698192048567,0.855391570744267,0.136025149427665,1.05984118077437
1.63033734805704,0.687374353391774,1,0,1,0,36,1,36sx03,M-O,1,1.6635,0.0084,0.986500221257548,0.993542918868159,0.968195016615242,0.978818128817993,0.754076572554086,0.986500221257548,0.993542918868159,0.968195016615242,0.978818128817993,0.754076572554086,1.63033734805704,0.687374353391774
-0.535067652798346,-0.589745696895622,1,0,0,1,36,1,36sx03,M-O,1,0.2949,0.0485,0.723789687768509,0.765879772931235,0.507625781419441,0.774217678698158,0.277680576905211,0.276210312231491,0.234120227068765,0.492374218580559,0.225782321301842,0.722319423094789,0.535067652798346,0.589745696895622
0.385042153793491,1.02339908005513,1,1,1,1,36,1,36sx03,M-O,1,0.8162,0.8057,0.96621079530856,0.985418374021161,0.954334278361142,0.991008157454618,0.846940402902448,0.96621079530856,0.985418374021161,0.954334278361142,0.991008157454618,0.846940402902448,0.385042153793491,1.02339908005513
-0.367872269143571,0.635053598362666,0,1,1,1,36,1,36sx03,M-O,1,0.7238,0.0086,0.94124121251512,0.970375372356718,0.909387739714042,0.976013548806246,0.737303270632369,0.94124121251512,0.970375372356718,0.909387739714042,0.976013548806246,0.737303270632369,0.367872269143571,0.635053598362666
-0.454360022020048,-0.0450785355213011,0,1,1,1,36,1,36sx03,M-O,1,0.5813,0.0087,0.899217475406718,0.934236303114625,0.801217148684229,0.91737563566994,0.517977644900035,0.899217475406718,0.934236303114625,0.801217148684229,0.91737563566994,0.517977644900035,0.454360022020048,0.0450785355213011
-0.930898977225593,1.1776294367956,0,1,1,1,36,1,36sx03,M-O,1,0.3343,0.0479,0.983890092727233,0.993620867606085,0.976481838358281,0.994135328627853,0.88052781543864,0.983890092727233,0.993620867606085,0.976481838358281,0.994135328627853,0.88052781543864,0.930898977225593,1.1776294367956
0.80014055188134,1.46962333720652,1,1,1,1,36,1,36sx03,M-O,1,0.5368,5.4204,0.989095192171695,0.99610636351654,0.986186555723309,0.997539637753478,0.929168101940427,0.989095192171695,0.99610636351654,0.986186555723309,0.997539637753478,0.929168101940427,0.80014055188134,1.46962333720652
1.78768511628528,1.4808901040439,1,0,1,0,36,1,36sx03,M-O,1,0.4424,1.645,0.997043843529487,0.999010550249257,0.995075431713131,0.997624470362253,0.930682069757063,0.997043843529487,0.999010550249257,0.995075431713131,0.997624470362253,0.930682069757063,1.78768511628528,1.4808901040439
-0.997049263460325,1.3400178370822,0,1,1,1,36,1,36sx03,M-O,1,0.3399,0.2151,0.988679857827576,0.995806730712075,0.984221617879566,0.996347085657065,0.909880227008778,0.988679857827576,0.995806730712075,0.984221617879566,0.996347085657065,0.909880227008778,0.997049263460325,1.3400178370822
0.464037155801958,0.721325379881674,1,1,1,1,36,1,36sx03,M-O,1,0.9034,0.0082,0.951171838919064,0.976310085473246,0.925145028955978,0.980485460256921,0.764645327349188,0.951171838919064,0.976310085473246,0.925145028955978,0.980485460256921,0.764645327349188,0.464037155801958,0.721325379881674
-0.502741784767781,0.401560218068918,0,0,1,0,36,1,36sx03,M-O,1,3.4265,0.5022,0.930842393360401,0.96158722121503,0.879177614975903,0.959430481097136,0.655996143847196,0.930842393360401,0.96158722121503,0.879177614975903,0.959430481097136,0.655996143847196,0.502741784767781,0.401560218068918
-0.246917862274239,0.581357468786519,0,1,1,1,36,1,36sx03,M-O,1,2.0625,0.0082,0.931428091621487,0.964539634771756,0.895539164306783,0.972817208720039,0.719500222072072,0.931428091621487,0.964539634771756,0.895539164306783,0.972817208720039,0.719500222072072,0.246917862274239,0.581357468786519
1.35182109436323,0.478976848394667,1,1,1,1,36,1,36sx03,M-O,1,0.2904,0.0082,0.974142333613643,0.98627219970724,0.940113248817236,0.965736958965473,0.684022450530861,0.974142333613643,0.98627219970724,0.940113248817236,0.965736958965473,0.684022450530861,1.35182109436323,0.478976848394667
0.413942764284394,0.460456393877702,1,1,1,1,36,1,36sx03,M-O,1,0.6584,7.2072,0.930361441606308,0.96224534491529,0.88410855408247,0.964306770752564,0.677405667883072,0.930361441606308,0.96224534491529,0.88410855408247,0.964306770752564,0.677405667883072,0.413942764284394,0.460456393877702
1.73437954582429,0.246821161153518,1,1,1,1,36,1,36sx03,M-O,1,0.4158,1.3361,0.981258667440763,0.98878862446263,0.939925297576008,0.944012229492262,0.597476683583507,0.981258667440763,0.98878862446263,0.939925297576008,0.944012229492262,0.597476683583507,1.73437954582429,0.246821161153518
-0.267255328915985,-1.91918650221213,1,1,0,0,36,1,36sx03,M-O,1,0.365,0.2772,0.67394459828482,0.516953205123216,0.144548320532935,0.28209413545987,0.027480367565916,0.32605540171518,0.483046794876784,0.855451679467065,0.71790586454013,0.972519632434084,0.267255328915985,1.91918650221213
-1.68830905068346,-0.0591337329471977,0,1,1,1,36,1,36sx03,M-O,1,0.2084,0.0232,0.976114249352115,0.984187384235496,0.916526490485995,0.919495860111785,0.523577204682033,0.976114249352115,0.984187384235496,0.916526490485995,0.919495860111785,0.523577204682033,1.68830905068346,0.0591337329471977
-1.26486158734269,1.4204489869631,0,1,1,1,36,1,36sx03,M-O,1,0.172,0.2886,0.992877770533011,0.997481528631878,0.989669003687654,0.997136394801696,0.922261495038007,0.992877770533011,0.997481528631878,0.989669003687654,0.997136394801696,0.922261495038007,1.26486158734269,1.4204489869631
1.84505818007463,-0.178433344342341,1,1,1,1,36,1,36sx03,M-O,1,0.3842,0.5444,0.983390820362631,0.989666221030212,0.94057829091016,0.93586859232328,0.570808667766538,0.983390820362631,0.989666221030212,0.94057829091016,0.93586859232328,0.570808667766538,1.84505818007463,0.178433344342341
0.869502017059505,0.460211464163845,1,1,1,1,36,1,36sx03,M-O,1,0.5175,2.1181,0.953637674101136,0.975038476314569,0.910670554708909,0.964287533879766,0.67731777849335,0.953637674101136,0.975038476314569,0.910670554708909,0.964287533879766,0.67731777849335,0.869502017059505,0.460211464163845
1.55862101832035,-2.21877322375258,0,1,0,0,36,1,36sx03,M-O,1,0.8854,0.7771,0.459955948673646,0.264927129680521,0.0489917635436287,0.190455648200067,0.0132510782693767,0.540044051326354,0.735072870319479,0.951008236456371,0.809544351799933,0.986748921730623,1.55862101832035,2.21877322375258
-1.78614296916007,1.40464160004577,0,1,1,1,36,1,36sx03,M-O,1,0.2881,0.5095,0.996576769179255,0.998817880664126,0.994082325053706,0.996994643448774,0.919936060120206,0.996576769179255,0.998817880664126,0.994082325053706,0.996994643448774,0.919936060120206,1.78614296916007,1.40464160004577
0.0157565752986288,-0.282584994972845,1,1,1,1,36,1,36sx03,M-O,1,1.5962,0.0614,0.889194756322713,0.934821573184954,0.823925793852475,0.947933611193478,0.611252508008663,0.889194756322713,0.934821573184954,0.823925793852475,0.947933611193478,0.611252508008663,0.0157565752986288,0.282584994972845
0.298768479513242,-1.13228385383412,0,1,0,0,36,1,36sx03,M-O,1,0.6608,0.2628,0.703034715431922,0.678989576919053,0.344624916308912,0.583271890565975,0.12875755801596,0.296965284568078,0.321010423080947,0.655375083691088,0.416728109434025,0.87124244198404,0.298768479513242,1.13228385383412
1.4693502436929,0.517751106172811,1,1,1,1,36,1,36sx03,M-O,1,0.2584,0.2315,0.978946253991462,0.989042902349611,0.94958893570766,0.968578869980876,0.697684032022427,0.978946253991462,0.989042902349611,0.94958893570766,0.968578869980876,0.697684032022427,1.4693502436929,0.517751106172811
1.98891899674045,0.826513271609262,1,1,1,1,36,1,36sx03,M-O,1,0.2953,0.2244,0.993880014091712,0.997283445653872,0.984117785837949,0.984961241429775,0.795743503650387,0.993880014091712,0.997283445653872,0.984117785837949,0.984961241429775,0.795743503650387,1.98891899674045,0.826513271609262
-2.14857803257561,0.232389148783228,0,1,1,1,36,1,36sx03,M-O,1,0.295,0.4939,0.990987656588398,0.994522735337542,0.961886639528273,0.942365307166168,0.591882111863493,0.990987656588398,0.994522735337542,0.961886639528273,0.942365307166168,0.591882111863493,2.14857803257561,0.232389148783228
-0.413685088736556,0.0728457013268041,0,1,1,1,36,1,36sx03,M-O,1,0.2983,0.3926,0.898312261470023,0.934505900252521,0.804289719271156,0.921524446964324,0.529035548432198,0.898312261470023,0.934505900252521,0.804289719271156,0.921524446964324,0.529035548432198,0.413685088736556,0.0728457013268041
0.450336125643308,-1.99049873043869,0,1,0,0,36,1,36sx03,M-O,1,0.3819,0.0084,0.640972031771136,0.469363350366248,0.119181224701596,0.258510604222687,0.0232680118530875,0.359027968228864,0.530636649633752,0.880818775298404,0.741489395777313,0.976731988146913,0.450336125643308,1.99049873043869
-2.21001858969331,0.616646188329018,0,1,1,1,36,1,36sx03,M-O,1,0.2745,0.0083,0.994755114809365,0.99741865260041,0.982324454127113,0.974955372610282,0.731265938968043,0.994755114809365,0.99741865260041,0.982324454127113,0.974955372610282,0.731265938968043,2.21001858969331,0.616646188329018
-0.581522708180019,0.41587918595589,0,1,1,1,36,1,36sx03,M-O,1,2.1852,0.0162,0.93626685567521,0.964860712273405,0.886509652117649,0.960663151700462,0.661250794575644,0.93626685567521,0.964860712273405,0.886509652117649,0.960663151700462,0.661250794575644,0.581522708180019,0.41587918595589
1.81316046923652,0.220425274298718,1,1,1,1,36,1,36sx03,M-O,1,0.2902,0.069,0.983134212911549,0.989752466056036,0.942396330206358,0.940971357848084,0.587230018306965,0.983134212911549,0.989752466056036,0.942396330206358,0.940971357848084,0.587230018306965,1.81316046923652,0.220425274298718
2.02081670757856,-0.0947804266868709,1,1,1,1,36,1,36sx03,M-O,1,0.2777,0.0238,0.986945711886601,0.991443581271148,0.944469401626642,0.924688616381465,0.537755382943406,0.986945711886601,0.991443581271148,0.944469401626642,0.924688616381465,0.537755382943406,2.02081670757856,0.0947804266868709
0.307331623362399,-0.935322682399368,0,1,0,0,36,1,36sx03,M-O,1,0.5157,0.0085,0.717481090643808,0.71947777768547,0.408725005066868,0.658081238568547,0.174811014641517,0.282518909356192,0.28052222231453,0.591274994933132,0.341918761431453,0.825188985358483,0.307331623362399,0.935322682399368
1.30686458915516,0.36182508218257,1,1,1,1,36,1,36sx03,M-O,1,0.1692,0.0082,0.968856940068721,0.982487513346026,0.924978560256768,0.955844928993829,0.641258626287891,0.968856940068721,0.982487513346026,0.924978560256768,0.955844928993829,0.641258626287891,1.30686458915516,0.36182508218257
0.254026052901401,-0.651976684962292,0,0,0,1,36,1,36sx03,M-O,1,3.484,0.0084,0.75270773935745,0.782372015272508,0.512714794981968,0.755084644151749,0.257208106571001,0.24729226064255,0.217627984727492,0.487285205018032,0.244915355848251,0.742791893428999,0.254026052901401,0.651976684962292
1.52244173555767,0.303644854768135,1,1,1,1,36,1,36sx03,M-O,1,0.2781,0.5439,0.97543425693098,0.985767530769367,0.932205204889814,0.950138668660569,0.619300762579555,0.97543425693098,0.985767530769367,0.932205204889814,0.950138668660569,0.619300762579555,1.52244173555767,0.303644854768135
0.184022351934549,0.672169870385476,1,1,1,1,36,1,36sx03,M-O,1,0.3167,0.0559,0.935958307565064,0.968027565041317,0.906865096242301,0.978033246510289,0.749262220141748,0.935958307565064,0.968027565041317,0.906865096242301,0.978033246510289,0.749262220141748,0.184022351934549,0.672169870385476
-1.04179169007217,-0.217565576317659,0,1,1,1,36,1,36sx03,M-O,1,0.2329,6.5251,0.950521272598439,0.970148149999508,0.886250025107704,0.94063428006338,0.586116195952448,0.950521272598439,0.970148149999508,0.886250025107704,0.94063428006338,0.586116195952448,1.04179169007217,0.217565576317659
1.32077969791004,0.98198711766623,1,1,1,1,36,1,36sx03,M-O,1,0.3249,0.4223,0.986099272220614,0.994134483000868,0.975103870169153,0.989951765863993,0.836946902623859,0.986099272220614,0.994134483000868,0.975103870169153,0.989951765863993,0.836946902623859,1.32077969791004,0.98198711766623
0.120441008854564,-0.765793638916503,0,1,0,0,36,1,36sx03,M-O,1,0.3748,0.0082,0.759412927492986,0.775832501422013,0.487555605953193,0.717949591253928,0.221899549872436,0.240587072507014,0.224167498577987,0.512444394046807,0.282050408746072,0.778100450127564,0.120441008854564,0.765793638916503
0.300695186879303,-0.014707251003144,1,0,1,0,36,1,36sx03,M-O,1,0.3999,0.1191,0.883793585513577,0.923197776667827,0.779851245810652,0.912651017822141,0.505867132739572,0.883793585513577,0.923197776667827,0.779851245810652,0.912651017822141,0.505867132739572,0.300695186879303,0.014707251003144
1.39420865641655,0.537967227939549,1,1,1,1,36,1,36sx03,M-O,1,0.2583,0.1441,0.977173683961317,0.988226933616067,0.947727258956009,0.969981515656557,0.7047001630195,0.977173683961317,0.988226933616067,0.947727258956009,0.969981515656557,0.7047001630195,1.39420865641655,0.537967227939549
-1.80326925685838,-2.23831107861941,1,0,0,1,36,1,36sx03,M-O,1,0.5369,0.0085,0.425580685984622,0.236085236819693,0.0429361705891018,0.185191469704055,0.0126003880798097,0.574419314015378,0.763914763180307,0.957063829410898,0.814808530295945,0.98739961192019,1.80326925685838,2.23831107861941
0.614106251758421,-2.15260451951699,0,1,0,0,36,1,36sx03,M-O,1,1.241,1.7811,0.61010656169668,0.408101242239469,0.0859243007570836,0.208955797041312,0.0156748865244767,0.38989343830332,0.591898757760531,0.914075699242916,0.791044202958688,0.984325113475523,0.614106251758421,2.15260451951699
-2.0055735302947,0.930909851953622,0,1,1,1,36,1,36sx03,M-O,1,0.2801,0.0083,0.994887923457196,0.997842999931002,0.987431230170387,0.988500902691801,0.824049901067771,0.994887923457196,0.997842999931002,0.987431230170387,0.988500902691801,0.824049901067771,2.0055735302947,0.930909851953622
-0.81208535631855,0.885673217879121,0,1,1,1,36,1,36sx03,M-O,1,0.2207,0.0086,0.971409158067742,0.987191946029522,0.954670273747187,0.987067342813026,0.8121031778533,0.971409158067742,0.987191946029522,0.954670273747187,0.987067342813026,0.8121031778533,0.81208535631855,0.885673217879121
-0.947383029135219,-0.165056413816354,0,1,1,1,36,1,36sx03,M-O,1,0.2078,0.0083,0.942429514461939,0.964384815663258,0.86969712043904,0.934172968031203,0.565550210439905,0.942429514461939,0.964384815663258,0.86969712043904,0.934172968031203,0.565550210439905,0.947383029135219,0.165056413816354
0.467034256149162,-0.508466713389834,0,0,0,1,36,1,36sx03,M-O,1,2.4106,0.23,0.742705154888181,0.788808141034016,0.54273593268632,0.797884322817529,0.305563038587645,0.257294845111819,0.211191858965984,0.45726406731368,0.202115677182471,0.694436961412355,0.467034256149162,0.508466713389834
-1.19271710041354,0.350652519081287,0,1,1,1,36,1,36sx03,M-O,1,0.9044,0.0947,0.963629574244777,0.979431961297705,0.916272643525552,0.95479199294838,0.63707547468701,0.963629574244777,0.979431961297705,0.916272643525552,0.95479199294838,0.63707547468701,1.19271710041354,0.350652519081287
-0.0610976407475484,-0.505715964295758,0,1,0,0,36,1,36sx03,M-O,1,0.4321,0.1372,0.792889251287862,0.827903922329142,0.584076082224522,0.798658414512132,0.306528029776945,0.207110748712138,0.172096077670858,0.415923917775478,0.201341585487868,0.693471970223055,0.0610976407475484,0.505715964295758
-0.877165249572138,1.04696885482698,0,1,1,1,36,1,36sx03,M-O,1,1.1853,0.0085,0.978964056758812,0.99120192155098,0.968135267193754,0.991564881019787,0.852443028511948,0.978964056758812,0.99120192155098,0.968135267193754,0.991564881019787,0.852443028511948,0.877165249572138,1.04696885482698
-1.3753261429968,0.483705875946812,0,1,1,1,36,1,36sx03,M-O,1,0.3352,0.0088,0.975076244989811,0.986800937764811,0.941806775649895,0.966094496346577,0.685702688761399,0.975076244989811,0.986800937764811,0.941806775649895,0.966094496346577,0.685702688761399,1.3753261429968,0.483705875946812
0.584777484075061,1.40641263028442,1,1,1,1,36,1,36sx03,M-O,1,0.3948,0.0083,0.985028112913496,0.994457498481269,0.981478198539621,0.99701083358141,0.920199184032472,0.985028112913496,0.994457498481269,0.981478198539621,0.99701083358141,0.920199184032472,0.584777484075061,1.40641263028442
-1.00240122836605,0.464431791541058,0,1,1,1,36,1,36sx03,M-O,1,0.2134,0.0082,0.959892701209691,0.978483681169479,0.918995229324573,0.964617814178632,0.678830791364903,0.959892701209691,0.978483681169479,0.918995229324573,0.964617814178632,0.678830791364903,1.00240122836605,0.464431791541058
-1.03622564657021,0.591927127976771,0,1,1,1,36,1,36sx03,M-O,1,0.3424,0.0086,0.966684662204714,0.983151961220261,0.935653405768215,0.973473048336151,0.723050306469027,0.966684662204714,0.983151961220261,0.935653405768215,0.973473048336151,0.723050306469027,1.03622564657021,0.591927127976771
-1.14155231591484,0.227264465539469,0,1,1,1,36,1,36sx03,M-O,1,0.2395,0.0083,0.956295258147004,0.973743548005337,0.895531145558078,0.941771416563016,0.589890948711042,0.956295258147004,0.973743548005337,0.895531145558078,0.941771416563016,0.589890948711042,1.14155231591484,0.227264465539469
0.871214645829337,0.630173844832763,1,1,1,1,36,1,36sx03,M-O,1,0.3372,5.1848,0.962093321008802,0.981089885374067,0.932024667508693,0.975736756060754,0.735709575147545,0.962093321008802,0.981089885374067,0.932024667508693,0.975736756060754,0.735709575147545,0.871214645829337,0.630173844832763
-1.57656002345197,0.648769662338608,0,1,1,1,36,1,36sx03,M-O,1,0.208,0.0085,0.984616691239395,0.992497142532312,0.9639039871167,0.976777385482286,0.741756365304105,0.984616691239395,0.992497142532312,0.9639039871167,0.976777385482286,0.741756365304105,1.57656002345197,0.648769662338608
-1.53138943964767,1.00412499564938,0,1,1,1,36,1,36sx03,M-O,1,0.3768,0.0084,0.989958623570684,0.995837056533976,0.980760698388386,0.990529237186079,0.842340815623083,0.989958623570684,0.995837056533976,0.980760698388386,0.990529237186079,0.842340815623083,1.53138943964767,1.00412499564938
1.19789858367465,0.589930008771483,1,1,1,1,36,1,36sx03,M-O,1,0.3051,4.992,0.97235384324462,0.986047175487308,0.943162855054129,0.973350151656463,0.722381212778471,0.97235384324462,0.986047175487308,0.943162855054129,0.973350151656463,0.722381212778471,1.19789858367465,0.589930008771483
0.0816927829371319,-0.626390950237939,0,1,0,0,36,1,36sx03,M-O,1,2.0397,0.0085,0.777958792645809,0.80532508538356,0.540290006131167,0.763054905488583,0.265529271969457,0.222041207354191,0.19467491461644,0.459709993868833,0.236945094511417,0.734470728030543,0.0816927829371319,0.626390950237939
-1.17730344148506,0.922921375132469,0,1,1,1,36,1,36sx03,M-O,1,0.3724,0.0084,0.981822526828957,0.992090104226851,0.968181316416407,0.988258262431859,0.821975909755395,0.981822526828957,0.992090104226851,0.968181316416407,0.988258262431859,0.821975909755395,1.17730344148506,0.922921375132469
0.531043756421605,0.408097957354154,1,1,1,1,36,1,36sx03,M-O,1,1.2362,0.2812,0.932918375053613,0.962861656229591,0.882070495005782,0.959997128149715,0.658399120193461,0.932918375053613,0.962861656229591,0.882070495005782,0.959997128149715,0.658399120193461,0.531043756421605,0.408097957354154
-0.476838274624084,0.391216647845302,0,1,1,1,36,1,36sx03,M-O,1,2.1039,0.0083,0.928581188347638,0.96013680273907,0.875724793109502,0.958520677183778,0.652181448112012,0.928581188347638,0.96013680273907,0.875724793109502,0.958520677183778,0.652181448112012,0.476838274624084,0.391216647845302
0.322959360887109,0.0120466100488306,1,1,1,1,36,1,36sx03,M-O,1,1.0324,0.5582,0.885437936112305,0.924179696814086,0.78116048000945,0.912227706187091,0.504805785847114,0.885437936112305,0.924179696814086,0.78116048000945,0.912227706187091,0.504805785847114,0.322959360887109,0.0120466100488306
1.74936504756031,0.510516259240446,1,1,1,1,36,1,36sx03,M-O,1,1.1443,0.1983,0.986149269786362,0.992780210381836,0.961742695361211,0.968063912030918,0.695155086708645,0.986149269786362,0.992780210381836,0.961742695361211,0.968063912030918,0.695155086708645,1.74936504756031,0.510516259240446
0.650285534521106,-0.134119906881606,1,0,1,0,36,1,36sx03,M-O,1,0.444,1.7832,0.920889154555725,0.950415773319992,0.838482345607325,0.930118570819333,0.553346120777464,0.920889154555725,0.950415773319992,0.838482345607325,0.930118570819333,0.553346120777464,0.650285534521106,0.134119906881606
-0.38157329930222,-0.612693727009217,1,1,0,0,36,1,36sx03,M-O,1,0.6315,0.0082,0.74050934651127,0.776668143120629,0.513747144050821,0.767262442160251,0.270039435550734,0.25949065348873,0.223331856879371,0.486252855949179,0.232737557839749,0.729960564449266,0.38157329930222,0.612693727009217
-0.334476008131861,-1.93301561067139,1,1,0,0,36,1,36sx03,M-O,1,1.1775,0.4535,0.662070038974707,0.501875542328234,0.137017092488344,0.277440872116355,0.0266171373839385,0.337929961025293,0.498124457671766,0.862982907511656,0.722559127883645,0.973382862616062,0.334476008131861,1.93301561067139
1.60828725264546,-0.0631279713577742,1,0,1,0,36,1,36sx03,M-O,1,0.27,1.456,0.973038751071511,0.982229740548813,0.910440540546765,0.920090825734643,0.525167699603856,0.973038751071511,0.982229740548813,0.910440540546765,0.920090825734643,0.525167699603856,1.60828725264546,0.0631279713577742
0.316965160192699,-0.155541836470405,1,1,1,1,36,1,36sx03,M-O,1,3.2037,4.1569,0.898173458735448,0.936837195700916,0.815830754362984,0.932945926085144,0.561802912739481,0.898173458735448,0.936837195700916,0.815830754362984,0.932945926085144,0.561802912739481,0.316965160192699,0.155541836470405
-0.221656587919228,0.890006589739652,0,0,1,0,36,1,36sx03,M-O,1,1.6969,1.15,0.953531732228013,0.978740200501426,0.936633362900738,0.987211058301878,0.81326882615382,0.953531732228013,0.978740200501426,0.936633362900738,0.987211058301878,0.81326882615382,0.221656587919228,0.890006589739652
1.29230724461159,0.884316684079303,1,0,1,0,36,1,36sx03,M-O,1,0.4067,0.7842,0.983346141932886,0.992659678934879,0.969104720090356,0.987022067546157,0.811737357832039,0.983346141932886,0.992659678934879,0.969104720090356,0.987022067546157,0.811737357832039,1.29230724461159,0.884316684079303
-1.00454201432834,0.179126356393134,0,1,1,1,36,1,36sx03,M-O,1,0.5019,0.0659,0.946562519249592,0.967154915454752,0.876897209939005,0.935955502865525,0.571080756358314,0.946562519249592,0.967154915454752,0.876897209939005,0.935955502865525,0.571080756358314,1.00454201432834,0.179126356393134
-2.00985510221928,-0.285335744066921,0,1,1,1,36,1,36sx03,M-O,1,0.3871,0.0083,0.988825118288798,0.993426264750071,0.958550447424938,0.948225950389178,0.612306534626214,0.988825118288798,0.993426264750071,0.958550447424938,0.948225950389178,0.612306534626214,2.00985510221928,0.285335744066921
-1.39544953104232,1.00412499564938,0,1,1,1,36,1,36sx03,M-O,1,0.2194,2.1371,0.987833701282473,0.99492984124696,0.977849300753737,0.990529237186079,0.842340815623083,0.987833701282473,0.99492984124696,0.977849300753737,0.990529237186079,0.842340815623083,1.39544953104232,1.00412499564938
0.243322123089956,-2.29142314503175,0,1,0,0,36,1,36sx03,M-O,1,0.845,0.0154,0.672607394577161,0.447965375896273,0.086909044575923,0.171343785142617,0.0109694761054906,0.327392605422839,0.552034624103727,0.913090955424077,0.828656214857383,0.989030523894509,0.243322123089956,2.29142314503175
2.00882830618974,1.05759503625889,1,1,1,1,36,1,36sx03,M-O,1,1.2582,0.646,0.995809067173009,0.998333738347569,0.990418976934221,0.991805818729613,0.854879946758582,0.995809067173009,0.998333738347569,0.990418976934221,0.991805818729613,0.854879946758582,2.00882830618974,1.05759503625889
0.101816170982649,-1.20318158562185,0,1,0,0,36,1,36sx03,M-O,1,3.3701,2.368,0.729120941877727,0.693010434241811,0.343784469663134,0.555422376703638,0.114453029588541,0.270879058122273,0.306989565758189,0.656215530336866,0.444577623296362,0.885546970411459,0.101816170982649,1.20318158562185
0.919596408577069,-0.128882179154529,1,1,1,1,36,1,36sx03,M-O,1,3.9728,0.3988,0.938771471817648,0.961456708544029,0.860747787755113,0.929413508952408,0.551274560986465,0.938771471817648,0.961456708544029,0.860747787755113,0.929413508952408,0.551274560986465,0.919596408577069,0.128882179154529
-0.35224453161886,0.711999210007922,0,1,1,1,36,1,36sx03,M-O,1,0.6663,0.0876,0.946078847525698,0.973647525464695,0.919415328878803,0.980038948646255,0.761767367392257,0.946078847525698,0.973647525464695,0.919415328878803,0.980038948646255,0.761767367392257,0.35224453161886,0.711999210007922
-0.806733391412828,0.47628262154225,0,1,1,1,36,1,36sx03,M-O,1,0.5445,0.0478,0.951520183987798,0.974065377724609,0.909247987822912,0.965531880456499,0.683063477731014,0.951520183987798,0.974065377724609,0.909247987822912,0.965531880456499,0.683063477731014,0.806733391412828,0.47628262154225
1.2115996138333,0.766204039759001,1,1,1,1,36,1,36sx03,M-O,1,0.5758,0.0083,0.97828280250045,0.989888314363467,0.958677980419356,0.98251729796264,0.77822254748029,0.97828280250045,0.989888314363467,0.958677980419356,0.98251729796264,0.77822254748029,1.2115996138333,0.766204039759001
-1.63800058056967,-0.217358328098242,0,1,1,1,36,1,36sx03,M-O,1,0.2908,0.0083,0.977543025881781,0.986371686527772,0.930691463589104,0.940609792813818,0.58603544790212,0.977543025881781,0.986371686527772,0.930691463589104,0.940609792813818,0.58603544790212,1.63800058056967,0.217358328098242
1.40041693570719,0.860257049879745,1,1,1,1,36,1,36sx03,M-O,1,0.2194,4.6957,0.985067241179061,0.993370568983725,0.970815027745996,0.98619599329082,0.805176318554383,0.985067241179061,0.993370568983725,0.970815027745996,0.98619599329082,0.805176318554383,1.40041693570719,0.860257049879745
-1.80883530036034,-0.366633568319929,0,1,1,1,36,1,36sx03,M-O,1,0.3169,0.0085,0.985308271439583,0.991748417403274,0.954286300733421,0.956291967567489,0.64305381730544,0.985308271439583,0.991748417403274,0.954286300733421,0.956291967567489,0.64305381730544,1.80883530036034,0.366633568319929
-0.732448118521397,-0.333662260685453,0,1,1,1,36,1,36sx03,M-O,1,0.2435,0.0675,0.939335026742301,0.965343603869771,0.882535211979677,0.953152157076533,0.630682784677016,0.939335026742301,0.965343603869771,0.882535211979677,0.953152157076533,0.630682784677016,0.732448118521397,0.333662260685453
1.43167241075661,0.540586091803088,1,1,1,1,36,1,36sx03,M-O,1,0.307,0.009,0.978385494805632,0.988870825079999,0.94973422092341,0.970159360811496,0.705603546799828,0.978385494805632,0.988870825079999,0.94973422092341,0.970159360811496,0.705603546799828,1.43167241075661,0.540586091803088
-1.71506887521208,1.0281469483545,0,0,1,0,36,1,36sx03,M-O,1,0.2809,0.0083,0.992701319638977,0.99702684875029,0.98512466185926,0.991122824024225,0.848059645400805,0.992701319638977,0.99702684875029,0.98512466185926,0.991122824024225,0.848059645400805,1.71506887521208,1.0281469483545
1.28524265093604,0.305981107423377,1,1,1,1,36,1,36sx03,M-O,1,0.2586,2.2391,0.966095412547324,0.980400078530296,0.916805336942838,0.950378624539233,0.620190484779486,0.966095412547324,0.980400078530296,0.916805336942838,0.950378624539233,0.620190484779486,1.28524265093604,0.305981107423377
-1.38603007280825,1.43375055450021,0,1,1,1,36,1,36sx03,M-O,1,0.3724,0.7194,0.99407364022774,0.997930086155596,0.991146088037766,0.997250972665324,0.924178270101033,0.99407364022774,0.997930086155596,0.991146088037766,0.997250972665324,0.924178270101033,1.38603007280825,1.43375055450021
-1.92550813530509,0.818374068810351,0,1,1,1,36,1,36sx03,M-O,1,0.1933,0.4063,0.993056494800056,0.996901181083459,0.982472177250753,0.984649582318292,0.793428188025618,0.993056494800056,0.996901181083459,0.982472177250753,0.984649582318292,0.793428188025618,1.92550813530509,0.818374068810351
1.07202036909205,0.823272663087473,1,1,1,1,36,1,36sx03,M-O,1,0.2379,0.0852,0.976295117635603,0.98919243602647,0.958154463537886,0.984837812613438,0.794823522179318,0.976295117635603,0.98919243602647,0.958154463537886,0.984837812613438,0.794823522179318,1.07202036909205,0.823272663087473
0.34629392787606,0.324576924929222,1,1,1,1,36,1,36sx03,M-O,1,1.5168,5.0084,0.915253607423153,0.951221529271266,0.854632626473815,0.95225589133351,0.62724935315355,0.915253607423153,0.951221529271266,0.854632626473815,0.95225589133351,0.62724935315355,0.34629392787606,0.324576924929222
1.14694787777217,0.635656502273696,1,0,1,0,36,1,36sx03,M-O,1,2.0613,0.8632,0.972204201620297,0.986250458754164,0.945158010841796,0.976047562244114,0.737499833294217,0.972204201620297,0.986250458754164,0.945158010841796,0.976047562244114,0.737499833294217,1.14694787777217,0.635656502273696
-0.729236939577964,0.190807619669349,0,1,1,1,36,1,36sx03,M-O,1,0.373,0.3438,0.930086848094589,0.957320500259489,0.856451968783344,0.937406707199761,0.575661840632788,0.930086848094589,0.957320500259489,0.856451968783344,0.937406707199761,0.575661840632788,0.729236939577964,0.190807619669349
-1.52068550983623,-0.26218046573391,0,1,1,1,36,1,36sx03,M-O,1,0.2218,0.4286,0.974343261451091,0.984813772110383,0.927608005041558,0.945723960017735,0.603408843569723,0.974343261451091,0.984813772110383,0.927608005041558,0.945723960017735,0.603408843569723,1.52068550983623,0.26218046573391
0.454831776164115,-1.60388659749044,0,1,0,0,36,1,36sx03,M-O,1,2.2726,0.4808,0.651658609579035,0.551568531749861,0.197322978015882,0.396918319332652,0.0543695257921311,0.348341390420965,0.448431468250139,0.802677021984118,0.603081680667348,0.945630474207869,0.454831776164115,1.60388659749044
0.696312432710321,-0.208804628860498,1,1,1,1,36,1,36sx03,M-O,1,0.3566,0.2322,0.92911219721592,0.957090433234806,0.857285479860375,0.939592212521295,0.582699621160542,0.92911219721592,0.957090433234806,0.857285479860375,0.939592212521295,0.582699621160542,0.696312432710321,0.208804628860498
-0.230219731768384,0.355984450544463,0,1,1,1,36,1,36sx03,M-O,1,0.3891,0.0852,0.910720532281499,0.949232610449572,0.85350401219679,0.95529698335718,0.639073894955343,0.910720532281499,0.949232610449572,0.85350401219679,0.95529698335718,0.639073894955343,0.230219731768384,0.355984450544463
1.0583193389334,1.49481341623926,1,1,1,1,36,1,36sx03,M-O,1,0.2847,0.1201,0.992081402961523,0.997243512478007,0.989444963765028,0.997725643909638,0.932518428031695,0.992081402961523,0.997243512478007,0.989444963765028,0.997725643909638,0.932518428031695,1.0583193389334,1.49481341623926
-0.0797224786194632,-1.5821443751989,0,1,0,0,36,1,36sx03,M-O,1,0.9222,0.3348,0.715189436882946,0.619829356182744,0.23730012866672,0.405324219186962,0.056808307662984,0.284810563117054,0.380170643817256,0.76269987133328,0.594675780813038,0.943191692337016,0.0797224786194632,1.5821443751989
-0.0259887509660078,-0.956009822846599,0,0,0,1,36,1,36sx03,M-O,1,1.0954,1.4088,0.757148197622245,0.751958061669058,0.433586850088707,0.650453446244097,0.169533635901506,0.242851802377755,0.248041938330942,0.566413149911293,0.349546553755903,0.830466364098494,0.0259887509660078,0.956009822846599
1.59715516564156,0.190317760241636,1,1,1,1,36,1,36sx03,M-O,1,0.3258,0.3768,0.975483834447928,0.984915875903589,0.924883413331236,0.937346369606509,0.575469931334533,0.975483834447928,0.984915875903589,0.924883413331236,0.937346369606509,0.575469931334533,1.59715516564156,0.190317760241636
0.188732081051585,-1.81424354019839,0,1,0,0,36,1,36sx03,M-O,1,3.8574,0.0084,0.689857189257607,0.552856363287283,0.172062966907284,0.31857448357727,0.0348201198032164,0.310142810742393,0.447143636712717,0.827937033092716,0.68142551642273,0.965179880196784,0.188732081051585,1.81424354019839
-0.607640296919945,-0.6603042952334,1,1,0,0,36,1,36sx03,M-O,1,1.259,0.167,0.70555011673687,0.74362329428946,0.475965946885069,0.752459714288549,0.254529287150617,0.29444988326313,0.25637670571054,0.524034053114931,0.247540285711451,0.745470712849383,0.607640296919945,0.6603042952334
2.02531235809937,0.592963369073855,1,1,1,1,36,1,36sx03,M-O,1,0.2964,0.1901,0.992253855617899,0.996135719512064,0.976286316087653,0.973536628665318,0.723397166339344,0.992253855617899,0.996135719512064,0.976286316087653,0.973536628665318,0.723397166339344,2.02531235809937,0.592963369073855
-0.723670896076012,0.0340902842958802,0,1,1,1,36,1,36sx03,M-O,1,0.4044,0.1283,0.919442732462551,0.947016706524073,0.823646096003767,0.915688995818783,0.513597422003908,0.919442732462551,0.947016706524073,0.823646096003767,0.915688995818783,0.513597422003908,0.723670896076012,0.0340902842958802
0.547955965523689,-0.16467959887196,1,1,1,1,36,1,36sx03,M-O,1,2.4168,0.0507,0.915860112553438,0.948023213377271,0.836399167572683,0.934124705575864,0.565401912266149,0.915860112553438,0.948023213377271,0.836399167572683,0.934124705575864,0.565401912266149,0.547955965523689,0.16467959887196
-0.678286233675484,-0.351202996346994,0,1,1,1,36,1,36sx03,M-O,1,0.5191,0.2249,0.937359594914007,0.964485299557012,0.881825573611115,0.954844340521673,0.637281968813311,0.937359594914007,0.964485299557012,0.881825573611115,0.954844340521673,0.637281968813311,0.678286233675484,0.351202996346994
-1.18137093481341,-0.258261590312212,0,1,1,1,36,1,36sx03,M-O,1,0.5094,0.0084,0.959550522591553,0.97606441639767,0.903053357691539,0.945291202606007,0.601897486288336,0.959550522591553,0.97606441639767,0.903053357691539,0.945291202606007,0.601897486288336,1.18137093481341,0.258261590312212
0.67490457308743,0.994666940545088,1,1,1,1,36,1,36sx03,M-O,1,2.0194,0.1915,0.972292155063721,0.988061105799925,0.959437412648938,0.990286171053092,0.840050860816681,0.972292155063721,0.988061105799925,0.959437412648938,0.990286171053092,0.840050860816681,0.67490457308743,0.994666940545088
1.33854822139704,-0.0562887801170229,1,1,1,1,36,1,36sx03,M-O,1,0.3209,0.671,0.960226436142014,0.973859372716137,0.885896465195413,0.919070051039474,0.522444121582947,0.960226436142014,0.973859372716137,0.885896465195413,0.919070051039474,0.522444121582947,1.33854822139704,0.0562887801170229
0.0846898832843365,-0.16652599209949,1,1,1,1,36,1,36sx03,M-O,1,1.0452,0.1982,0.881617267948688,0.926872574376168,0.800806394298933,0.934360929788368,0.566128485000483,0.881617267948688,0.926872574376168,0.800806394298933,0.934360929788368,0.566128485000483,0.0846898832843365,0.16652599209949
1.16471640125917,-0.124963303732831,1,1,1,1,36,1,36sx03,M-O,1,0.2807,0.351,0.95332164117685,0.970477972713505,0.881421974956774,0.92888241437757,0.549723699031285,0.95332164117685,0.970477972713505,0.881421974956774,0.92888241437757,0.549723699031285,1.16471640125917,0.124963303732831
-1.80947753614902,0.0157393965038919,0,1,1,1,36,1,36sx03,M-O,1,0.4442,0.0615,0.979700685928384,0.986177607960442,0.921244945073464,0.91281482266362,0.506278851490484,0.979700685928384,0.986177607960442,0.921244945073464,0.91281482266362,0.506278851490484,1.80947753614902,0.0157393965038919
0.616889273509396,0.149546383258205,1,1,1,1,36,1,36sx03,M-O,1,0.4646,1.6975,0.919622103881021,0.949990253930938,0.838893626206733,0.932163687631627,0.559438743859603,0.919622103881021,0.949990253930938,0.838893626206733,0.932163687631627,0.559438743859603,0.616889273509396,0.149546383258205
1.3967775995713,-0.18161743062247,1,1,1,1,36,1,36sx03,M-O,1,0.2448,0.758,0.967036137728956,0.979685082636659,0.908855727668716,0.936267152092306,0.572058515653688,0.967036137728956,0.979685082636659,0.908855727668716,0.936267152092306,0.572058515653688,1.3967775995713,0.18161743062247
0.79821384451528,0.841661232373901,1,1,1,1,36,1,36sx03,M-O,1,1.0152,0.2938,0.969153120754429,0.985918550016209,0.950428403805268,0.985526810888341,0.800011197952651,0.969153120754429,0.985918550016209,0.950428403805268,0.985526810888341,0.800011197952651,0.79821384451528,0.841661232373901
1.98378111043096,1.24605903069755,1,1,1,1,36,1,36sx03,M-O,1,0.283,0.4957,0.996782625511441,0.998823550412326,0.993462165544017,0.995181845237106,0.893628637870593,0.996782625511441,0.998823550412326,0.993462165544017,0.995181845237106,0.893628637870593,1.98378111043096,1.24605903069755
-1.49435384250007,0.903948742682231,0,1,1,1,36,1,36sx03,M-O,1,0.4133,0.0716,0.987701165648324,0.994661847040756,0.975590044380751,0.987664113195859,0.816988709294488,0.987701165648324,0.994661847040756,0.975590044380751,0.987664113195859,0.816988709294488,1.49435384250007,0.903948742682231
1.95959022905709,0.630569500524377,1,1,1,1,36,1,36sx03,M-O,1,0.2596,0.1748,0.991649227728836,0.995911427754341,0.975950372135259,0.975759298200661,0.735838976858919,0.991649227728836,0.995911427754341,0.975950372135259,0.975759298200661,0.735838976858919,1.95959022905709,0.630569500524377
0.870358331444421,-0.26152103958122,1,1,1,1,36,1,36sx03,M-O,1,0.1967,0.1248,0.943031649380863,0.966360465195427,0.880281285309142,0.945651330391308,0.603154636661992,0.943031649380863,0.966360465195427,0.880281285309142,0.945651330391308,0.603154636661992,0.870358331444421,0.26152103958122
0.642150547864407,0.701523754553769,1,1,1,1,36,1,36sx03,M-O,1,0.1272,0.023,0.956915860459625,0.979035238570882,0.930095440654741,0.979527105751622,0.758511892286081,0.956915860459625,0.979035238570882,0.930095440654741,0.979527105751622,0.758511892286081,0.642150547864407,0.701523754553769
1.95273971397777,0.68447287831994,1,1,1,1,36,1,36sx03,M-O,1,0.1382,0.0773,0.992099362682643,0.996235405676091,0.97807264636431,0.97867020834676,0.753161695023666,0.992099362682643,0.996235405676091,0.97807264636431,0.97867020834676,0.753161695023666,1.95273971397777,0.68447287831994
1.0486858021031,-0.212761185776635,1,1,1,1,36,1,36sx03,M-O,1,0.3645,0.0082,0.950680433503726,0.97017312404425,0.886022946603851,0.940064582650339,0.584243380093551,0.950680433503726,0.97017312404425,0.886022946603851,0.940064582650339,0.584243380093551,1.0486858021031,0.212761185776635
0.106739978695914,0.588592315718884,1,1,1,1,36,1,36sx03,M-O,1,0.2954,2.0481,0.925208780461684,0.961295587830885,0.89017285689357,0.973267568392605,0.721932605042692,0.925208780461684,0.961295587830885,0.89017285689357,0.973267568392605,0.721932605042692,0.106739978695914,0.588592315718884
-2.03126296184217,1.46325516464626,0,1,1,1,36,1,36sx03,M-O,1,0.8241,0.0529,0.998014387596922,0.999340046331226,0.996341423942275,0.997490485771154,0.928301214451682,0.998014387596922,0.999340046331226,0.996341423942275,0.997490485771154,0.928301214451682,2.03126296184217,1.46325516464626
-2.00043564398521,1.11521004125673,0,1,1,1,36,1,36sx03,M-O,1,0.2099,0.0714,0.996117014672396,0.998495867462948,0.991445801329521,0.993009765511923,0.86761978793752,0.996117014672396,0.998495867462948,0.991445801329521,0.993009765511923,0.86761978793752,2.00043564398521,1.11521004125673
-1.91180710514644,1.37517467139416,0,1,1,1,36,1,36sx03,M-O,1,0.2251,0.3205,0.997088252946344,0.998989104176498,0.994640569678578,0.996713422001777,0.915461350605817,0.997088252946344,0.998989104176498,0.994640569678578,0.996713422001777,0.915461350605817,1.91180710514644,1.37517467139416
0.260448410788268,0.736002321965821,1,1,1,1,36,1,36sx03,M-O,1,2.4171,0.207,0.944103271857327,0.972865647574477,0.918997916700732,0.981170961727643,0.769135357647113,0.944103271857327,0.972865647574477,0.918997916700732,0.981170961727643,0.769135357647113,0.260448410788268,0.736002321965821
-1.794492034413,0.17624372206852,0,1,1,1,36,1,36sx03,M-O,1,0.5003,0.7096,0.981867417442634,0.988717034805918,0.937059920764748,0.935593389544341,0.569948763447731,0.981867417442634,0.988717034805918,0.937059920764748,0.935593389544341,0.569948763447731,1.794492034413,0.17624372206852
-0.77504975917095,-0.652391181401126,1,1,0,0,36,1,36sx03,M-O,1,2.8132,0.7504,0.685278207008981,0.728468139699449,0.464816061495507,0.754954346705216,0.257074425899911,0.314721792991019,0.271531860300551,0.535183938504493,0.245045653294784,0.742925574100089,0.77504975917095,0.652391181401126
1.25441533307908,-0.361301636856754,1,1,1,1,36,1,36sx03,M-O,1,0.2277,0.4619,0.966677740382906,0.981255764083248,0.921588271749347,0.955796043302525,0.641063014893282,0.966677740382906,0.981255764083248,0.921588271749347,0.955796043302525,0.641063014893282,1.25441533307908,0.361301636856754
1.42846123181318,0.0040016109860185,1,1,1,1,36,1,36sx03,M-O,1,0.3019,0.0784,0.963244011472332,0.975107124641835,0.886113334488424,0.910938427800453,0.501596407551524,0.963244011472332,0.975107124641835,0.886113334488424,0.910938427800453,0.501596407551524,1.42846123181318,0.0040016109860185
-1.9152323626861,0.656268279732048,0,1,1,1,36,1,36sx03,M-O,1,0.3533,0.4386,0.991242068858334,0.995765271802275,0.975768129091462,0.977186249543082,0.74417423841442,0.991242068858334,0.995765271802275,0.975768129091462,0.977186249543082,0.74417423841442,1.9152323626861,0.656268279732048
-0.450506607287928,0.77253453082482,0,1,1,1,36,1,36sx03,M-O,1,0.3089,0.1435,0.953881189418865,0.978079233321822,0.930845304192486,0.982788832322594,0.780101048347176,0.953881189418865,0.978079233321822,0.930845304192486,0.982788832322594,0.780101048347176,0.450506607287928,0.77253453082482
-0.965365631218447,1.01846280428357,0,1,1,1,36,1,36sx03,M-O,1,0.1977,0.3829,0.979951054629839,0.99154907853043,0.968494150174444,0.990887566997037,0.845770965629421,0.979951054629839,0.99154907853043,0.968494150174444,0.990887566997037,0.845770965629421,0.965365631218447,1.01846280428357
-2.05502568602358,-0.42066883134603,0,1,1,1,36,1,36sx03,M-O,1,0.3545,0.1823,0.99107676092261,0.99512335374997,0.968871984910752,0.961068609218778,0.663001537948806,0.99107676092261,0.99512335374997,0.968871984910752,0.961068609218778,0.663001537948806,2.05502568602358,0.42066883134603
-0.0133581137885024,-2.12696226255098,0,1,0,0,36,1,36sx03,M-O,1,0.606,0.1407,0.714660643986565,0.52512806407418,0.127112758581249,0.216400527146115,0.0167116094228002,0.285339356013435,0.47487193592582,0.872887241418751,0.783599472853885,0.9832883905772,0.0133581137885024,2.12696226255098
-1.10216185420872,0.0208263982532111,0,1,1,1,36,1,36sx03,M-O,1,0.28,0.255,0.945126383629772,0.963447563066878,0.857551670366409,0.913618796454491,0.50830793022864,0.945126383629772,0.963447563066878,0.857551670366409,0.913618796454491,0.50830793022864,1.10216185420872,0.0208263982532111
-1.8589296918779,1.46886970731773,0,1,1,1,36,1,36sx03,M-O,1,0.6071,0.0089,0.997319768913005,0.999102296633775,0.995391430605665,0.997533866728476,0.929065933767839,0.997319768913005,0.999102296633775,0.995391430605665,0.997533866728476,0.929065933767839,1.8589296918779,1.46886970731773
1.27111346358493,1.42080696116027,1,1,1,1,36,1,36sx03,M-O,1,0.2524,0.4208,0.992938839379464,0.997504389721513,0.989740970174595,0.997139533891609,0.922313556785231,0.992938839379464,0.997504389721513,0.989740970174595,0.997139533891609,0.922313556785231,1.27111346358493,1.42080696116027
0.601903771773373,-0.219543854775727,1,1,1,1,36,1,36sx03,M-O,1,1.1697,0.0089,0.923635371313052,0.954002231870017,0.851989077046811,0.940867623778562,0.58688678907668,0.923635371313052,0.954002231870017,0.851989077046811,0.940867623778562,0.58688678907668,0.601903771773373,0.219543854775727
-0.771410423035058,-0.0040433880767935,0,1,1,1,36,1,36sx03,M-O,1,0.3643,0.1282,0.921107318390941,0.947315582857072,0.821659732240789,0.910945159141529,0.501613074064548,0.921107318390941,0.947315582857072,0.821659732240789,0.910945159141529,0.501613074064548,0.771410423035058,0.0040433880767935
-0.300651589927694,-0.168824563260294,0,1,1,1,36,1,36sx03,M-O,1,0.4237,0.109,0.898174786371082,0.937209120284573,0.817646128286956,0.934654086493732,0.567032681522074,0.898174786371082,0.937209120284573,0.817646128286956,0.934654086493732,0.567032681522074,0.300651589927694,0.168824563260294
-1.08910305983875,1.04783552919908,0,1,1,1,36,1,36sx03,M-O,1,0.217,0.1011,0.983304902684,0.993084041880996,0.973100211090124,0.991584762283293,0.85264280498766,0.983304902684,0.993084041880996,0.973100211090124,0.991584762283293,0.85264280498766,1.08910305983875,1.04783552919908
-2.03426006218937,1.27057084283038,0,1,1,1,36,1,36sx03,M-O,1,0.1841,0.0288,0.997192729969332,0.998986915052718,0.994247547017318,0.995514084212093,0.898059317374548,0.997192729969332,0.998986915052718,0.994247547017318,0.995514084212093,0.898059317374548,2.03426006218937,1.27057084283038
0.752615103518523,0.28446497409848,1,1,1,1,36,1,36sx03,M-O,1,0.282,0.014,0.937464255128618,0.963458714428285,0.875497453179709,0.948133549719016,0.611972963814462,0.937464255128618,0.963458714428285,0.875497453179709,0.948133549719016,0.611972963814462,0.752615103518523,0.28446497409848
1.07651601961286,0.580358909183875,1,1,1,1,36,1,36sx03,M-O,1,0.3001,0.1585,0.9677197888196,0.983601397099569,0.936383830508355,0.972754555399521,0.719163695482278,0.9677197888196,0.983601397099569,0.936383830508355,0.972754555399521,0.719163695482278,1.07651601961286,0.580358909183875
-0.650456016165726,1.11735788643978,0,1,1,1,36,1,36sx03,M-O,1,0.5514,1.1436,0.976637923561855,0.990397233287835,0.967517750729706,0.993051458743759,0.868079332973682,0.976637923561855,0.990397233287835,0.967517750729706,0.993051458743759,0.868079332973682,0.650456016165726,1.11735788643978
-1.90281580410483,-0.0197565712580237,0,1,1,1,36,1,36sx03,M-O,1,0.1914,1.3178,0.982778128796599,0.988260820049509,0.92902059919496,0.913450177956816,0.507881218884926,0.982778128796599,0.988260820049509,0.92902059919496,0.913450177956816,0.507881218884926,1.90281580410483,0.0197565712580237
-1.03322854622301,0.311652172336507,0,1,1,1,36,1,36sx03,M-O,1,0.2619,0.0083,0.95441859457176,0.973724782464524,0.90007062234734,0.950957265497222,0.62234756015519,0.95441859457176,0.973724782464524,0.90007062234734,0.950957265497222,0.62234756015519,1.03322854622301,0.311652172336507
1.53592868712009,0.791997022702771,1,1,1,1,36,1,36sx03,M-O,1,0.2988,3.6468,0.986449145746268,0.993817769031236,0.971041250632013,0.983601181379538,0.785818793874671,0.986449145746268,0.993817769031236,0.971041250632013,0.983601181379538,0.785818793874671,1.53592868712009,0.791997022702771
0.629733989283131,-0.988830404503317,0,1,0,0,36,1,36sx03,M-O,1,0.8408,0.0082,0.665556501725449,0.667059964863529,0.359846240127409,0.638227276654645,0.16137306284911,0.334443498274551,0.332940035136471,0.640153759872591,0.361772723345355,0.83862693715089,0.629733989283131,0.988830404503317
-1.49756502144351,0.968836276106879,0,1,1,1,36,1,36sx03,M-O,1,0.3136,0.0082,0.988874740588858,0.995309417750464,0.978591444223227,0.989594367974849,0.833686558070431,0.988874740588858,0.995309417750464,0.978591444223227,0.989594367974849,0.833686558070431,1.49756502144351,0.968836276106879
1.4901158675271,0.0291728492715384,1,1,1,1,36,1,36sx03,M-O,1,0.3597,0.0083,0.966980706764235,0.977901743255172,0.895559191684982,0.914925879377651,0.511636632421493,0.966980706764235,0.977901743255172,0.895559191684982,0.914925879377651,0.511636632421493,1.4901158675271,0.0291728492715384
0.0354518061516882,-1.19151916309285,0,1,0,0,36,1,36sx03,M-O,1,1.0609,0.6165,0.740222944024742,0.705313775725248,0.355282662715711,0.560026193425338,0.116724919143346,0.259777055975258,0.294686224274752,0.644717337284289,0.439973806574662,0.883275080856655,0.0354518061516882,1.19151916309285
-1.54701717717238,0.53039324755723,0,1,1,1,36,1,36sx03,M-O,1,0.2942,0.0084,0.981456188013926,0.99041570081674,0.954256375640167,0.969462219508128,0.702080346630544,0.981456188013926,0.99041570081674,0.954256375640167,0.969462219508128,0.702080346630544,1.54701717717238,0.53039324755723
1.61042803860775,-0.232864263060056,1,1,1,1,36,1,36sx03,M-O,1,0.3695,0.0085,0.976912772439199,0.98610932963256,0.930470264592782,0.942420125158554,0.592066595214994,0.976912772439199,0.98610932963256,0.930470264592782,0.942420125158554,0.592066595214994,1.61042803860775,0.232864263060056
0.82561590483258,0.446759170648979,1,1,1,1,36,1,36sx03,M-O,1,2.4576,6.6792,0.950824037707163,0.973345809258621,0.906174207977353,0.963217866402741,0.672475522997236,0.950824037707163,0.973345809258621,0.906174207977353,0.963217866402741,0.672475522997236,0.82561590483258,0.446759170648979
0.976327236577729,0.501020522641717,1,1,1,1,36,1,36sx03,M-O,1,0.9767,0.2245,0.960408225919582,0.979108651751464,0.92209953281387,0.96737747159634,0.69182166019853,0.960408225919582,0.979108651751464,0.92209953281387,0.96737747159634,0.69182166019853,0.976327236577729,0.501020522641717
1.52800777905962,-1.85352649815147,0,1,0,0,36,1,36sx03,M-O,1,0.6004,0.0086,0.474480521784699,0.344089482811292,0.0934269981749288,0.30468543331554,0.0319034658702794,0.525519478215301,0.655910517188708,0.906573001825071,0.69531456668446,0.968096534129721,1.52800777905962,1.85352649815147
-2.05031595690654,0.937635998711055,0,1,1,1,36,1,36sx03,M-O,1,0.6175,0.8874,0.995345620954634,0.998044957840466,0.988341843760623,0.98870181224962,0.825784247610701,0.995345620954634,0.998044957840466,0.988341843760623,0.98870181224962,0.825784247610701,2.05031595690654,0.937635998711055
0.596337728271422,1.08783443554651,1,0,1,0,36,1,36sx03,M-O,1,1.6005,0.16,0.974304659261145,0.989288892171052,0.964355449775594,0.992458692066672,0.861665897734768,0.974304659261145,0.989288892171052,0.964355449775594,0.992458692066672,0.861665897734768,0.596337728271422,1.08783443554651
-1.74054422816331,0.340987215757581,0,1,1,1,36,1,36sx03,M-O,1,0.8989,0.0084,0.983103641292918,0.990385310523726,0.948645840587291,0.953864892465542,0.633443397017012,0.983103641292918,0.990385310523726,0.948645840587291,0.953864892465542,0.633443397017012,1.74054422816331,0.340987215757581
-1.92015617039937,0.774644694513426,0,1,1,1,36,1,36sx03,M-O,1,0.1994,0.0083,0.992558820546904,0.99660728010004,0.980775224823183,0.982878539371542,0.780725180262555,0.992558820546904,0.99660728010004,0.980775224823183,0.982878539371542,0.780725180262555,1.92015617039937,0.774644694513426
-0.215448308628589,0.581809646719792,0,1,1,1,36,1,36sx03,M-O,1,2.0628,0.0084,0.929932302360167,0.963743613967366,0.894117234919219,0.972845540469416,0.71965254724081,0.929932302360167,0.963743613967366,0.894117234919219,0.972845540469416,0.71965254724081,0.215448308628589,0.581809646719792
-1.92015617039937,1.25953016495964,0,1,1,1,36,1,36sx03,M-O,1,0.3044,0.0084,0.996473451517416,0.998714164919303,0.993075724531083,0.995367055195173,0.896080549100017,0.996473451517416,0.998714164919303,0.993075724531083,0.995367055195173,0.896080549100017,1.92015617039937,1.25953016495964
-0.170705882016748,-0.0843049712327175,0,1,1,1,36,1,36sx03,M-O,1,0.7994,0.0086,0.879787595116573,0.923035417729679,0.786699718135505,0.923189839130243,0.533593019998275,0.879787595116573,0.923035417729679,0.786699718135505,0.923189839130243,0.533593019998275,0.170705882016748,0.0843049712327175
-2.10447784175246,0.157158045134964,0,1,1,1,36,1,36sx03,M-O,1,0.2771,0.0085,0.989463922643664,0.993321346219407,0.95445764291135,0.933155597636135,0.562439853761046,0.989463922643664,0.993321346219407,0.95445764291135,0.933155597636135,0.562439853761046,2.10447784175246,0.157158045134964
-0.715749988015543,0.765092435673038,0,1,1,1,36,1,36sx03,M-O,1,0.2585,0.0085,0.962942153168134,0.982483327694512,0.940077269171536,0.982469242250008,0.777891748061176,0.962942153168134,0.982483327694512,0.940077269171536,0.982469242250008,0.777891748061176,0.715749988015543,0.765092435673038
1.10884188764342,-0.0682903360959721,1,1,1,1,36,1,36sx03,M-O,1,1.6062,3.3022,0.947644867366019,0.965952458748314,0.866781887001519,0.92085485716614,0.527222741575386,0.947644867366019,0.965952458748314,0.866781887001519,0.92085485716614,0.527222741575386,1.10884188764342,0.0682903360959721
1.16257561529688,-0.0229594982853728,1,1,1,1,36,1,36sx03,M-O,1,1.3864,0.0386,0.948985642812295,0.966013374686006,0.863800210113254,0.913954267091206,0.50915870994424,0.948985642812295,0.966013374686006,0.863800210113254,0.913954267091206,0.50915870994424,1.16257561529688,0.0229594982853728
-1.15375479589988,-0.707067029832697,1,1,0,0,36,1,36sx03,M-O,1,1.2008,0.0084,0.630696577028789,0.678403517034934,0.41761990554664,0.737444826025506,0.239762411875965,0.369303422971211,0.321596482965066,0.58238009445336,0.262555173974494,0.760237588124035,1.15375479589988,0.707067029832697
0.999447724970451,1.15115818695192,1,1,1,1,36,1,36sx03,M-O,1,0.1964,0.528,0.984360428055515,0.993762608102008,0.976486028894696,0.993679263955533,0.875166418240115,0.984360428055515,0.993762608102008,0.976486028894696,0.993679263955533,0.875166418240115,0.999447724970451,1.15115818695192
0.0187536756458335,-1.84337133540005,0,0,0,1,36,1,36sx03,M-O,1,0.0829,1.087,0.71835687584525,0.578907923564602,0.181337496998956,0.308250119619506,0.0326374061430989,0.28164312415475,0.421092076435398,0.818662503001044,0.691749880380494,0.967362593856901,0.0187536756458335,1.84337133540005
0.128575995511262,1.01239608367883,1,1,1,1,36,1,36sx03,M-O,1,1.9411,1.7181,0.958726323226335,0.981903531602691,0.946950972442475,0.990737422654561,0.844325644931963,0.958726323226335,0.981903531602691,0.946950972442475,0.990737422654561,0.844325644931963,0.128575995511262,1.01239608367883
1.04654501614081,0.252303818594451,1,0,1,0,36,1,36sx03,M-O,1,0.4531,0.2292,0.952387357146087,0.971755786866538,0.892091922356272,0.944628071144117,0.599596881607869,0.952387357146087,0.971755786866538,0.892091922356272,0.944628071144117,0.599596881607869,1.04654501614081,0.252303818594451
0.681755088166755,-0.32753901783905,1,1,1,1,36,1,36sx03,M-O,1,4.3044,0.0317,0.936023018324083,0.96333588020591,0.877986182216414,0.952549597316561,0.628369881511617,0.936023018324083,0.96333588020591,0.877986182216414,0.952549597316561,0.628369881511617,0.681755088166755,0.32753901783905
-1.23039493334983,1.0771140503785,0,1,1,1,36,1,36sx03,M-O,1,0.71,0.0557,0.986537622328089,0.9945242610607,0.977602374412438,0.992232676404054,0.859285341599344,0.986537622328089,0.9945242610607,0.977602374412438,0.992232676404054,0.859285341599344,1.23039493334983,1.0771140503785
-0.515158343349058,-0.243132470294792,0,1,1,1,36,1,36sx03,M-O,1,0.6168,0.2593,0.919618731938069,0.952089359143887,0.850118296039154,0.943594864581638,0.596048610947702,0.919618731938069,0.952089359143887,0.850118296039154,0.943594864581638,0.596048610947702,0.515158343349058,0.243132470294792
-0.573601800119549,0.862781710007185,0,1,1,1,36,1,36sx03,M-O,1,0.5756,0.0331,0.963226822854457,0.983223744817091,0.944922194094386,0.986284754768931,0.805871251463305,0.963226822854457,0.983223744817091,0.944922194094386,0.986284754768931,0.805871251463305,0.573601800119549,0.862781710007185
1.92940514698882,-0.0206609271245694,1,1,1,1,36,1,36sx03,M-O,1,0.3027,0.0084,0.983585257611467,0.988805813135274,0.931129202233975,0.913592732146606,0.508241931000561,0.983585257611467,0.988805813135274,0.931129202233975,0.913592732146606,0.508241931000561,1.92940514698882,0.0206609271245694
0.796929372937906,1.19793976229844,1,1,1,1,36,1,36sx03,M-O,1,1.6199,0.1575,0.982167206561577,0.992946924056136,0.975052741402517,0.994465209070606,0.884529765679566,0.982167206561577,0.992946924056136,0.975052741402517,0.994465209070606,0.884529765679566,0.796929372937906,1.19793976229844
1.57382059865261,0.9536506338478,1,1,1,1,36,1,36sx03,M-O,1,0.8184,1.5181,0.989823854307178,0.995692084304864,0.979663664056395,0.98916793067168,0.829869741793507,0.989823854307178,0.995692084304864,0.979663664056395,0.98916793067168,0.829869741793507,1.57382059865261,0.9536506338478
-2.02655323272513,1.39595601557749,0,1,1,1,36,1,36sx03,M-O,1,0.2935,0.1654,0.997726729650898,0.999222519690408,0.995665745127307,0.996914093375587,0.918636129615498,0.997726729650898,0.999222519690408,0.995665745127307,0.996914093375587,0.918636129615498,2.02655323272513,1.39595601557749
-0.878449721149511,0.287875149345245,0,1,1,1,36,1,36sx03,M-O,1,0.3526,0.0083,0.94494067658284,0.967890534542505,0.885268587226498,0.948494669212187,0.61327884500122,0.94494067658284,0.967890534542505,0.885268587226498,0.948494669212187,0.61327884500122,0.878449721149511,0.287875149345245
-1.30960401395453,-0.276857407818056,0,1,1,1,36,1,36sx03,M-O,1,0.1693,0.3112,0.966181809353505,0.980161725379363,0.914805049817802,0.947320697805142,0.609055200867837,0.966181809353505,0.980161725379363,0.914805049817802,0.947320697805142,0.609055200867837,1.30960401395453,0.276857407818056
-0.891294436923246,-0.0414799528023384,0,1,1,1,36,1,36sx03,M-O,1,0.1968,0.8247,0.932068016802651,0.955379019147415,0.841189946023174,0.91682609139812,0.516543362778194,0.932068016802651,0.955379019147415,0.841189946023174,0.91682609139812,0.516543362778194,0.891294436923246,0.0414799528023384
-0.943529614403098,-0.280437149789799,0,1,1,1,36,1,36sx03,M-O,1,0.31,0.3486,0.94816513054373,0.96966719989899,0.888832387238603,0.947704435896601,0.610428930697856,0.94816513054373,0.96966719989899,0.888832387238603,0.947704435896601,0.610428930697856,0.943529614403098,0.280437149789799
-0.672720190173532,-0.0435335942492857,0,1,1,1,36,1,36sx03,M-O,1,0.1573,0.2009,0.916227075821706,0.94518370281741,0.820928331320532,0.917140041378377,0.51736190721872,0.916227075821706,0.94518370281741,0.820928331320532,0.917140041378377,0.51736190721872,0.672720190173532,0.0435335942492857
-0.345608095135764,0.810573999461395,0,1,1,1,36,1,36sx03,M-O,1,0.6374,0.0881,0.952502822309346,0.977686181677082,0.931539152957241,0.984345720832369,0.791194823371586,0.952502822309346,0.977686181677082,0.931539152957241,0.984345720832369,0.791194823371586,0.345608095135764,0.810573999461395
1.42011216656025,1.08137205925015,1,1,1,1,36,1,36sx03,M-O,1,0.3118,0.6299,0.989572952455313,0.995800907018723,0.98153197390389,0.992323151051603,0.860234177375771,0.989572952455313,0.995800907018723,0.98153197390389,0.992323151051603,0.860234177375771,1.42011216656025,1.08137205925015
1.2597672979848,-0.2351063119792,1,0,1,0,36,1,36sx03,M-O,1,0.5509,0.5497,0.962464421478892,0.977521056520262,0.905647617716183,0.942678256335874,0.592936890127623,0.962464421478892,0.977521056520262,0.905647617716183,0.942678256335874,0.592936890127623,1.2597672979848,0.2351063119792
1.55498168218446,0.251324099739026,1,1,1,1,36,1,36sx03,M-O,1,0.1763,0.3344,0.975345676926322,0.985319358682132,0.928722751477534,0.944518418090326,0.599218227954996,0.975345676926322,0.985319358682132,0.928722751477534,0.944518418090326,0.599218227954996,1.55498168218446,0.251324099739026
1.57317836286392,0.392309411184045,1,1,1,1,36,1,36sx03,M-O,1,0.2774,0.0083,0.979199805486903,0.988481655550486,0.94391681322685,0.958617569222891,0.652585194621505,0.979199805486903,0.988481655550486,0.94391681322685,0.958617569222891,0.652585194621505,1.57317836286392,0.392309411184045
1.06345722524289,1.25186198084122,1,1,1,1,36,1,36sx03,M-O,1,0.0007,0.0882,0.987714105543251,0.995307374254471,0.981946187692422,0.995262422413569,0.894689919766893,0.987714105543251,0.995307374254471,0.981946187692422,0.995262422413569,0.894689919766893,1.06345722524289,1.25186198084122
-1.54145113367043,0.133588270363118,0,1,1,1,36,1,36sx03,M-O,1,0.4625,0.3769,0.971956183402726,0.982233482546287,0.913952680001921,0.930047254162649,0.553135920029535,0.971956183402726,0.982233482546287,0.913952680001921,0.930047254162649,0.553135920029535,1.54145113367043,0.133588270363118
-1.55707887119514,0.932492474720077,0,1,1,1,36,1,36sx03,M-O,1,0.4434,0.1024,0.989235014950986,0.995396690620793,0.978401605707969,0.98854845263352,0.824458963034595,0.989235014950986,0.995396690620793,0.978401605707969,0.98854845263352,0.824458963034595,1.55707887119514,0.932492474720077
-0.607640296919945,1.28375936588417,0,1,1,1,36,1,36sx03,M-O,1,0.4117,0.1607,0.981678285359903,0.992914632608428,0.976235533192745,0.995684244363877,0.900386917330279,0.981678285359903,0.992914632608428,0.976235533192745,0.995684244363877,0.900386917330279,0.607640296919945,1.28375936588417
2.04564982474111,0.131252017707875,1,1,1,1,36,1,36sx03,M-O,1,0.3313,0.1608,0.987930697984393,0.992247835398619,0.949052430269077,0.929733192387251,0.552212026172781,0.987930697984393,0.992247835398619,0.949052430269077,0.929733192387251,0.552212026172781,2.04564982474111,0.131252017707875
-1.14353177992428,1.44687199108886,0,1,1,1,36,1,36sx04,O-M,1,1.0414,0.0007,0.992135975936566,0.997227258543638,0.98908331255774,0.997359928285335,0.926033610471386,0.992135975936566,0.997227258543638,0.98908331255774,0.997359928285335,0.926033610471386,1.14353177992428,1.44687199108886
-0.0118246166785298,-1.86877730730443,0,1,0,0,36,1,36sx04,O-M,1,1.3083,4.0171,0.719020175097406,0.575263182799498,0.176541054906981,0.299366804867972,0.0308269016392955,0.280979824902594,0.424736817200502,0.823458945093019,0.700633195132028,0.969173098360705,0.0118246166785298,1.86877730730443
-1.15295215353413,1.83178530710844,0,1,1,1,36,1,36sx04,O-M,1,0.6762,1.7285,0.996478856033759,0.998921428943198,0.995777085021361,0.999249111937117,0.966508293438374,0.996478856033759,0.998921428943198,0.995777085021361,0.999249111937117,0.966508293438374,1.15295215353413,1.83178530710844
-2.14661316190113,0.98596077340803,0,1,1,1,36,1,36sx04,O-M,1,0.4708,0.0606,0.996406958634918,0.998529469433657,0.990816490881491,0.990057628057425,0.837923818823144,0.996406958634918,0.998529469433657,0.990816490881491,0.990057628057425,0.837923818823144,2.14661316190113,0.98596077340803
-0.936566171715868,1.83628095762924,0,1,1,1,36,1,36sx04,O-M,1,0.8019,0.0007,0.995555507836008,0.998618463058507,0.994913085371412,0.999260660712106,0.966841942707695,0.995555507836008,0.998618463058507,0.994913085371412,0.999260660712106,0.966841942707695,0.936566171715868,1.83628095762924
-1.93540838556829,1.7545029338698,0,1,1,1,36,1,36sx04,O-M,1,0.2367,0.0006,0.998689921164829,0.999610120953637,0.997989250754281,0.999022740943562,0.960327816184748,0.998689921164829,0.999610120953637,0.997989250754281,0.999022740943562,0.960327816184748,1.93540838556829,1.7545029338698
-1.49112472538053,1.39784799255245,0,1,1,1,36,1,36sx04,O-M,1,0.5902,0.1381,0.994525967016215,0.998072550287675,0.991417440933925,0.996931803354434,0.918920640520733,0.994525967016215,0.998072550287675,0.991417440933925,0.996931803354434,0.918920640520733,1.49112472538053,1.39784799255245
1.26150844341771,0.84124364235729,1,0,1,0,36,1,36sx04,O-M,1,0.3426,0.1949,0.981588709459511,0.991721156671853,0.965541608948078,0.985511468525087,0.799894272041967,0.981588709459511,0.991721156671853,0.965541608948078,0.985511468525087,0.799894272041967,1.26150844341771,0.84124364235729
0.988581379193125,1.64211167084963,1,1,1,1,36,1,36sx04,O-M,1,0.1412,0.3531,0.993625246226965,0.997887454568654,0.992092367572334,0.998580561545405,0.949716568281728,0.993625246226965,0.997887454568654,0.992092367572334,0.998580561545405,0.949716568281728,0.988581379193125,1.64211167084963
-0.577668777927794,1.16171930091196,0,1,1,1,36,1,36sx04,O-M,1,0.9317,0.115,0.976843051730465,0.990608710870213,0.968851679668568,0.993864853139832,0.877325248463372,0.976843051730465,0.990608710870213,0.968851679668568,0.993864853139832,0.877325248463372,0.577668777927794,1.16171930091196
1.41353443273347,0.508779582413799,1,1,1,1,36,1,36sx04,O-M,1,0.2109,3.0024,0.977004688923169,0.987973699423244,0.946077426036165,0.967939267861882,0.694546633770602,0.977004688923169,0.987973699423244,0.946077426036165,0.967939267861882,0.694546633770602,1.41353443273347,0.508779582413799
0.910090826275853,-0.0090765418639242,1,1,1,1,36,1,36sx04,O-M,1,0.691,1.2004,0.931594723746344,0.954328009432216,0.836398114850157,0.911753358763866,0.503620966591233,0.931594723746344,0.954328009432216,0.836398114850157,0.911753358763866,0.503620966591233,0.910090826275853,0.0090765418639242
-0.510162380639607,-0.828783486824405,1,1,0,0,36,1,36sx04,O-M,1,1.2226,0.9317,0.69892505704492,0.717572398750607,0.425259049567683,0.696294052738,0.203613466983442,0.30107494295508,0.282427601249393,0.574740950432317,0.303705947262,0.796386533016558,0.510162380639607,0.828783486824405
-1.28577942143302,1.67443753888019,0,1,1,1,36,1,36sx04,O-M,1,0.4234,0.0827,0.995805330922224,0.998653842225941,0.994484482652268,0.99872351863216,0.952977679804401,0.995805330922224,0.998653842225941,0.994484482652268,0.99872351863216,0.952977679804401,1.28577942143302,1.67443753888019
0.227320987781128,0.292346121626375,1,0,1,0,36,1,36sx04,O-M,1,0.9825,0.0907,0.904568848353785,0.944227974259133,0.839991066616404,0.948965089176617,0.614989000858749,0.904568848353785,0.944227974259133,0.839991066616404,0.948965089176617,0.614989000858749,0.227320987781128,0.292346121626375
-0.74205429741968,0.622455317011348,0,1,1,1,36,1,36sx04,O-M,1,1.3741,0.3081,0.956565925552665,0.978193710557588,0.925062021781718,0.975293466036546,0.733178741811802,0.956565925552665,0.978193710557588,0.925062021781718,0.975293466036546,0.733178741811802,0.74205429741968,0.622455317011348
-1.0213306934573,1.83456832885941,0,1,1,1,36,1,36sx04,O-M,1,0.6847,0.1064,0.995929177346985,0.998741906430925,0.99525758848393,0.999256280615827,0.966715162529406,0.995929177346985,0.998741906430925,0.99525758848393,0.999256280615827,0.966715162529406,1.0213306934573,1.83456832885941
1.48857712890954,-0.878877878341969,0,1,0,0,36,1,36sx04,O-M,1,1.2061,0.0007,0.564848441446471,0.600792833857749,0.337380985942385,0.678560378824366,0.189733747157941,0.435151558553529,0.399207166142251,0.662619014057615,0.321439621175634,0.810266252842059,1.48857712890954,0.878877878341969
0.91342563853374,-1.35434644056637,0,1,0,0,36,1,36sx04,O-M,1,1.7379,0.0007,0.592438804650212,0.541975542449648,0.227094502040594,0.495295920487565,0.0878129382032453,0.407561195349788,0.458024457550352,0.772905497959406,0.504704079512435,0.912187061796755,0.91342563853374,1.35434644056637
-0.984968051323278,0.873783588984084,0,1,1,1,36,1,36sx04,O-M,1,0.3709,0.1077,0.975675489982273,0.989116368970497,0.959161474363671,0.986665831724828,0.808881940355064,0.975675489982273,0.989116368970497,0.959161474363671,0.986665831724828,0.808881940355064,0.984968051323278,0.873783588984084
-2.01502938331874,0.131144938666009,0,1,1,1,36,1,36sx04,O-M,1,0.6115,0.2016,0.987215456547921,0.991795430597422,0.94717460601789,0.929718771835523,0.552169673894473,0.987215456547921,0.991795430597422,0.94717460601789,0.929718771835523,0.552169673894473,2.01502938331874,0.131144938666009
-1.57308197578623,0.51049221118363,0,1,1,1,36,1,36sx04,O-M,1,1.154,0.0006,0.981745386436297,0.990474026313099,0.953901692291153,0.968062188798587,0.695146665036713,0.981745386436297,0.990474026313099,0.953901692291153,0.968062188798587,0.695146665036713,1.57308197578623,0.51049221118363
-0.954804015024538,1.71425615777877,0,0,1,0,36,1,36sx04,O-M,1,1.0184,0.8096,0.994315069399681,0.998159246892041,0.993180756476084,0.998881473398627,0.956759154394422,0.994315069399681,0.998159246892041,0.993180756476084,0.998881473398627,0.956759154394422,0.954804015024538,1.71425615777877
-0.738248466481301,-1.75510157270688,1,1,0,0,36,1,36sx04,O-M,1,0.4872,0.0006,0.59915458559364,0.472695632934516,0.144668038963106,0.339969348595958,0.0396209676865092,0.40084541440636,0.527304367065484,0.855331961036894,0.660030651404042,0.960379032313491,0.738248466481301,1.75510157270688
-0.035526276680913,0.927517316637539,1,0,1,0,36,1,36sx04,O-M,1,1.6413,0.0007,0.950216728498147,0.977373260545798,0.935470531613291,0.988398395752803,0.823170997433673,0.950216728498147,0.977373260545798,0.935470531613291,0.988398395752803,0.823170997433673,0.035526276680913,0.927517316637539
-1.20355840056624,0.576856576014591,0,1,1,1,36,1,36sx04,O-M,1,0.8018,0.0006,0.972109626896422,0.985839505963604,0.942173764635629,0.972533853095763,0.717981826542117,0.972109626896422,0.985839505963604,0.942173764635629,0.972533853095763,0.717981826542117,1.20355840056624,0.576856576014591
-1.56818338150911,-0.0593850119777171,0,1,1,1,36,1,36sx04,O-M,1,0.361,0.0008,0.971268301593532,0.981044174666209,0.906577695733443,0.919533387986977,0.523677274650362,0.971268301593532,0.981044174666209,0.906577695733443,0.919533387986977,0.523677274650362,1.56818338150911,0.0593850119777171
0.468369507709976,-1.79791729195266,0,1,0,0,36,1,36sx04,O-M,1,1.0043,0.0827,0.642639461260592,0.506939866957912,0.15357815361954,0.324424233299078,0.0360950577232218,0.357360538739408,0.493060133042088,0.84642184638046,0.675575766700922,0.963904942276778,0.468369507709976,1.79791729195266
-1.57287472756681,1.23407786643733,0,1,1,1,36,1,36sx04,O-M,1,0.4872,0.0171,0.993495799206824,0.997561714470351,0.988686692588691,0.995011604244415,0.891413054866117,0.993495799206824,0.997561714470351,0.988686692588691,0.995011604244415,0.891413054866117,1.57287472756681,1.23407786643733
-1.1146677551837,0.634871875592625,0,1,1,1,36,1,36sx04,O-M,1,0.3586,0.0006,0.971099327406025,0.985689273969304,0.943645282744668,0.976003288774098,0.737244009425267,0.971099327406025,0.985689273969304,0.943645282744668,0.976003288774098,0.737244009425267,1.1146677551837,0.634871875592625
-0.443880631920701,0.584777484075061,0,1,1,1,36,1,36sx04,O-M,1,0.1762,0.0352,0.941102971802793,0.969734611007382,0.905586575695429,0.973030882943138,0.720651327043165,0.941102971802793,0.969734611007382,0.905586575695429,0.973030882943138,0.720651327043165,0.443880631920701,0.584777484075061
1.27155056168581,1.12190068201339,1,1,1,1,36,1,36sx04,O-M,1,0.6187,0.0006,0.98810395696049,0.995259539119028,0.980335548342349,0.9931389193504,0.869047664664537,0.98810395696049,0.995259539119028,0.980335548342349,0.9931389193504,0.869047664664537,1.27155056168581,1.12190068201339
0.336804569874807,1.69862842025406,1,1,1,1,36,1,36sx04,O-M,1,0.825,2.9801,0.989765994272048,0.996519622528136,0.988980721473063,0.998821748024329,0.95530539096653,0.989765994272048,0.996519622528136,0.988980721473063,0.998821748024329,0.95530539096653,0.336804569874807,1.69862842025406
0.86624840749561,2.01910407880873,1,0,1,0,36,1,36sx04,O-M,1,2.5299,0.0335,0.996866369871039,0.99907832646374,0.996672865926325,0.999612621129217,0.978261798489916,0.996866369871039,0.99907832646374,0.996672865926325,0.999612621129217,0.978261798489916,0.86624840749561,2.01910407880873
0.914782172333558,1.17948782439896,1,1,1,1,36,1,36sx04,O-M,1,0.2332,0.5294,0.983666682767272,0.993531944524484,0.976275860050765,0.994166221340274,0.880898008927098,0.983666682767272,0.993531944524484,0.976275860050765,0.994166221340274,0.880898008927098,0.914782172333558,1.17948782439896
-1.57227182365578,1.49867901137626,0,1,1,1,36,1,36sx04,O-M,1,0.4006,0.0168,0.995984468211271,0.998647996553835,0.993827933815755,0.997753032368154,0.933021537891296,0.995984468211271,0.998647996553835,0.993827933815755,0.997753032368154,0.933021537891296,1.57227182365578,1.49867901137626
-2.28496076873539,0.834393127277965,0,1,1,1,36,1,36sx04,O-M,1,0.4633,0.0006,0.996624162559222,0.998516768009289,0.989723080571902,0.985257773123209,0.79797025558734,0.996624162559222,0.998516768009289,0.989723080571902,0.985257773123209,0.79797025558734,2.28496076873539,0.834393127277965
-1.950820116794,1.90521426561495,0,1,1,1,36,1,36sx04,O-M,1,0.6933,0.0006,0.999088597729685,0.999744053449769,0.998691117135307,0.999418431814872,0.97162388771499,0.999088597729685,0.999744053449769,0.998691117135307,0.999418431814872,0.97162388771499,1.950820116794,1.90521426561495
-1.07497030079179,0.0121172391627374,0,1,1,1,36,1,36sx04,O-M,1,0.3937,0.0009,0.942983527842163,0.961872104912815,0.85326155617061,0.912238963113189,0.504833960730413,0.942983527842163,0.961872104912815,0.85326155617061,0.912238963113189,0.504833960730413,1.07497030079179,0.0121172391627374
-1.38437305163371,1.29187908741914,0,1,1,1,36,1,36sx04,O-M,1,0.2363,0.0416,0.99230731479255,0.997156813821762,0.987774377106332,0.995786114123918,0.901800489501361,0.99230731479255,0.997156813821762,0.987774377106332,0.995786114123918,0.901800489501361,1.38437305163371,1.29187908741914
-1.88135428179497,1.22637103697309,0,1,1,1,36,1,36sx04,O-M,1,0.8073,3.3473,0.996001502921532,0.998518193618649,0.992136370559499,0.994899285470798,0.889970459951603,0.996001502921532,0.998518193618649,0.992136370559499,0.994899285470798,0.889970459951603,1.88135428179497,1.22637103697309
-1.61138521488388,0.0463698145593624,0,1,1,1,36,1,36sx04,O-M,1,1.3945,0.0007,0.97278855426163,0.981898091906793,0.908541494809511,0.917572160895868,0.518492252442089,0.97278855426163,0.981898091906793,0.908541494809511,0.917572160895868,0.518492252442089,1.61138521488388,0.0463698145593624
0.790056425739141,1.79945943907787,1,1,1,1,36,1,36sx04,O-M,1,0.47,0.0006,0.994407203129774,0.998220339517337,0.993697367503461,0.999161050588838,0.964026982749298,0.994407203129774,0.998220339517337,0.993697367503461,0.999161050588838,0.964026982749298,0.790056425739141,1.79945943907787
1.23368065977421,1.78468801593808,1,1,1,1,36,1,36sx04,O-M,1,0.3637,0.0006,0.996459750367148,0.998904049956066,0.99559797869674,0.999117729330807,0.96284403206712,0.996459750367148,0.998904049956066,0.99559797869674,0.999117729330807,0.96284403206712,1.23368065977421,1.78468801593808
-1.17169869701773,-0.676787683501882,1,1,0,0,36,1,36sx04,O-M,1,0.7654,2.1332,0.633182869846309,0.684382980299314,0.427355748441662,0.747220013159461,0.249270336882587,0.366817130153691,0.315617019700686,0.572644251558338,0.252779986840539,0.750729663117413,1.17169869701773,0.676787683501882
0.676145268048832,1.95466642134383,1,1,1,1,36,1,36sx04,O-M,1,0.0084,0.8193,0.995620299589903,0.998664546536663,0.99540142919487,0.999511767192304,0.974688772052156,0.995620299589903,0.998664546536663,0.99540142919487,0.999511767192304,0.974688772052156,0.676145268048832,1.95466642134383
-0.634963490222903,1.40405627184308,0,1,1,1,36,1,36sx04,O-M,1,0.3371,0.0009,0.985608452565584,0.994683846857002,0.981995091293519,0.996989275240251,0.919848953208544,0.985608452565584,0.994683846857002,0.981995091293519,0.996989275240251,0.919848953208544,0.634963490222903,1.40405627184308
-1.28219967946127,1.7463679472131,0,1,1,1,36,1,36sx04,O-M,1,0.6575,0.1876,0.996381884316554,0.998868493340908,0.995380345967111,0.998995581625645,0.959626482054267,0.996381884316554,0.998868493340908,0.995380345967111,0.998995581625645,0.959626482054267,1.28219967946127,1.7463679472131
1.32869454800316,2.02231525775216,1,1,1,1,36,1,36sx04,O-M,1,0.3434,0.0007,0.998179909651681,0.999484917661792,0.997887361051176,0.999617101408635,0.978428103320067,0.998179909651681,0.999484917661792,0.997887361051176,0.999617101408635,0.978428103320067,1.32869454800316,2.02231525775216
-2.2841129351105,0.215277826983969,0,1,1,1,36,1,36sx04,O-M,1,0.2998,0.0264,0.993056879433005,0.995723291176919,0.96715205744948,0.940363533898848,0.585224642073282,0.993056879433005,0.995723291176919,0.96715205744948,0.940363533898848,0.585224642073282,2.2841129351105,0.215277826983969
0.372828078558875,-1.97560252682265,0,1,0,0,36,1,36sx04,O-M,1,1.0887,0.0997,0.654586423755744,0.486197037684685,0.126730589864059,0.263351234539887,0.0240999061202183,0.345413576244256,0.513802962315315,0.873269410135941,0.736648765460113,0.975900093879782,0.372828078558875,1.97560252682265
-2.25831995216673,1.7189658868958,0,1,1,1,36,1,36sx04,O-M,1,0.2265,0.0657,0.99924360836699,0.999776798385037,0.998669842768832,0.998898921086427,0.957189708173351,0.99924360836699,0.999776798385037,0.998669842768832,0.998898921086427,0.957189708173351,2.25831995216673,1.7189658868958
-1.13294327998681,1.16921205177997,0,1,1,1,36,1,36sx04,O-M,1,1.2651,0.0007,0.986956230898253,0.994868767110571,0.979766817395079,0.993993578584005,0.878840896638427,0.986956230898253,0.994868767110571,0.979766817395079,0.993993578584005,0.878840896638427,1.13294327998681,1.16921205177997
-1.44809245873074,0.75903746140539,0,1,1,1,36,1,36sx04,O-M,1,0.6554,3.7192,0.983932306863929,0.992540449261744,0.966345835570813,0.982205495333743,0.776084926133962,0.983932306863929,0.992540449261744,0.966345835570813,0.982205495333743,0.776084926133962,1.44809245873074,0.75903746140539
-2.03829770613507,-0.0508218681285609,0,1,1,1,36,1,36sx04,O-M,1,0.7729,0.0007,0.986888987670211,0.991178569725428,0.941776026325868,0.918247039579363,0.520266267427218,0.986888987670211,0.991178569725428,0.941776026325868,0.918247039579363,0.520266267427218,2.03829770613507,0.0508218681285609
0.88887614490647,0.739770387744789,1,1,1,1,36,1,36sx04,O-M,1,0.5199,0.0006,0.967641056426722,0.984618652433547,0.944260021838584,0.981343611111118,0.770280335019603,0.967641056426722,0.984618652433547,0.944260021838584,0.981343611111118,0.770280335019603,0.88887614490647,0.739770387744789
-1.13347082090896,0.122581794816853,0,1,1,1,36,1,36sx04,O-M,1,0.3433,0.0007,0.95145276992383,0.969271722363402,0.878318048483111,0.928558171333122,0.548780864330757,0.95145276992383,0.969271722363402,0.878318048483111,0.928558171333122,0.548780864330757,1.13347082090896,0.122581794816853
-1.85377142786533,0.207570997519729,0,1,1,1,36,1,36sx04,O-M,1,0.5611,0.0577,0.984072955341822,0.990246963964165,0.943759838703236,0.939444335993221,0.582218024128255,0.984072955341822,0.990246963964165,0.943759838703236,0.939444335993221,0.582218024128255,1.85377142786533,0.207570997519729
-0.361904540767784,0.291703885837689,1,0,1,0,36,1,36sx04,O-M,1,0.635,1.092,0.91343619338228,0.949460477681058,0.849011037597769,0.948897726476424,0.614743481043449,0.91343619338228,0.949460477681058,0.849011037597769,0.948897726476424,0.614743481043449,0.361904540767784,0.291703885837689
-0.755073253748493,-0.488612597416673,1,1,0,0,36,1,36sx04,O-M,1,0.592,0.5847,0.711109114038624,0.766607939179995,0.525637926712682,0.80343148960874,0.312557996351359,0.288890885961376,0.233392060820005,0.474362073287318,0.19656851039126,0.687442003648641,0.755073253748493,0.488612597416673
1.34940052919761,0.714509113389778,1,1,1,1,36,1,36sx04,O-M,1,0.3375,0.0006,0.9805054357508,0.990740012831862,0.959904998105839,0.980159960273231,0.762543788568903,0.9805054357508,0.990740012831862,0.959904998105839,0.980159960273231,0.762543788568903,1.34940052919761,0.714509113389778
1.46666533989302,1.51773200644063,1,1,1,1,36,1,36sx04,O-M,1,0.2951,0.0007,0.995488154813815,0.998482268517129,0.993343030559354,0.997883709771103,0.935459014015395,0.995488154813815,0.998482268517129,0.993343030559354,0.997883709771103,0.935459014015395,1.46666533989302,1.51773200644063
-1.86396427211118,1.51666161345949,0,0,1,0,36,1,36sx04,O-M,1,0.9396,2.8834,0.997577430755127,0.999204452567764,0.995925251849347,0.997876555186611,0.935323929640692,0.997577430755127,0.999204452567764,0.995925251849347,0.997876555186611,0.935323929640692,1.86396427211118,1.51666161345949
0.791959341208331,0.0386629850951218,1,1,1,1,36,1,36sx04,O-M,1,0.7517,1.8237,0.924800545878868,0.950606257234479,0.831128874297208,0.916393994273509,0.51542045752742,0.924800545878868,0.950606257234479,0.831128874297208,0.916393994273509,0.51542045752742,0.791959341208331,0.0386629850951218
0.190242397252758,-1.18094277762096,0,1,0,0,36,1,36sx04,O-M,1,0.6143,1.4584,0.716610265346958,0.684402517360228,0.340802888749486,0.564194300867698,0.118812728031404,0.283389734653042,0.315597482639772,0.659197111250514,0.435805699132302,0.881187271968596,0.190242397252758,1.18094277762096
0.808426154278349,-0.981421525935615,0,1,0,0,36,1,36sx04,O-M,1,0.4005,0.1517,0.640793443534891,0.647084909074154,0.347526671235315,0.64100008563143,0.163192457621332,0.359206556465109,0.352915090925846,0.652473328764685,0.35899991436857,0.836807542378668,0.808426154278349,0.981421525935615
-1.77597798259518,0.924306137694105,0,1,1,1,36,1,36sx04,O-M,1,0.3784,0.0811,0.992274241035605,0.996707355795771,0.982905126654124,0.988300638587127,0.822336525956454,0.992274241035605,0.996707355795771,0.982905126654124,0.988300638587127,0.822336525956454,1.77597798259518,0.924306137694105
-1.46525637944788,1.22594287978063,0,1,1,1,36,1,36sx04,O-M,1,0.9126,2.0444,0.99228722288255,0.997083406840498,0.987028922633627,0.994892980036237,0.88988991451721,0.99228722288255,0.997083406840498,0.987028922633627,0.994892980036237,0.88988991451721,1.46525637944788,1.22594287978063
-0.586184795671098,2.0462920605298,0,1,1,1,36,1,36sx04,O-M,1,0.5049,0.1792,0.996184062789863,0.998861792204067,0.996160245916832,0.99964906400142,0.979636177810922,0.996184062789863,0.998861792204067,0.996160245916832,0.99964906400142,0.979636177810922,0.586184795671098,2.0462920605298
1.34429468670107,1.31628404738923,1,0,1,0,36,1,36sx04,O-M,1,1.6393,0.3988,0.992227151207562,0.997149169653789,0.987931749591578,0.996079476945516,0.9059606384353,0.992227151207562,0.997149169653789,0.987931749591578,0.996079476945516,0.9059606384353,1.34429468670107,1.31628404738923
0.568451556941025,-0.529287530700166,0,1,0,0,36,1,36sx04,O-M,1,0.6305,0.0504,0.727602885368887,0.775116970415993,0.526334791514771,0.791967577455514,0.298303002121351,0.272397114631113,0.224883029584007,0.473665208485229,0.208032422544486,0.701696997878649,0.568451556941025,0.529287530700166
-0.88236134196479,1.32185009089118,0,1,1,1,36,1,36sx04,O-M,1,0.3536,0.1554,0.986796518715609,0.995043131580182,0.981995656667871,0.996143766271983,0.906890962715003,0.986796518715609,0.995043131580182,0.981995656667871,0.996143766271983,0.906890962715003,0.88236134196479,1.32185009089118
-0.380933695459682,-1.42456422012945,0,1,0,0,36,1,36sx04,O-M,1,0.612,0.1241,0.672040966724208,0.603034224998703,0.249600732645533,0.467319606723788,0.077141604455028,0.327959033275792,0.396965775001297,0.750399267354467,0.532680393276212,0.922858395544972,0.380933695459682,1.42456422012945
-2.05005433240016,-0.0157129783470203,0,1,1,1,36,1,36sx04,O-M,1,0.6607,0.1438,0.986802836550126,0.990931471896865,0.939413730118997,0.912810632878721,0.506268313473913,0.986802836550126,0.990931471896865,0.939413730118997,0.912810632878721,0.506268313473913,2.05005433240016,0.0157129783470203
-0.87540910624072,-0.50102915599795,1,0,0,1,36,1,36sx04,O-M,1,3.5293,0.3395,0.695265524548832,0.753262745162366,0.511992962177655,0.799973234292493,0.308175301854785,0.304734475451168,0.246737254837634,0.488007037822345,0.200026765707507,0.691824698145215,0.87540910624072,0.50102915599795
-2.23962993092479,1.46678130053815,0,1,1,1,36,1,36sx04,O-M,1,0.3444,0.4602,0.998691967489615,0.999571027851506,0.997373942188356,0.997517810436857,0.92878222093647,0.998691967489615,0.999571027851506,0.997373942188356,0.997517810436857,0.92878222093647,2.23962993092479,1.46678130053815
-2.24976625292899,1.38628774835608,0,1,1,1,36,1,36sx04,O-M,1,0.312,0.6001,0.998510281818471,0.999494438010742,0.996852263081014,0.996822147785573,0.91717047179449,0.998510281818471,0.999494438010742,0.996852263081014,0.996822147785573,0.91717047179449,2.24976625292899,1.38628774835608
0.917514080680415,-0.35823873231327,0,1,0,0,36,1,36sx04,O-M,1,0.9765,0.1161,0.713654383101422,0.781077421491054,0.560941145069668,0.837519931353126,0.360082331933493,0.286345616898578,0.218922578508946,0.439058854930332,0.162480068646874,0.639917668066507,0.917514080680415,0.35823873231327
0.992707502834239,2.02424196511822,1,1,1,1,36,1,36sx04,O-M,1,0.2621,0.9717,0.99728997173939,0.999212364202177,0.997061801023722,0.999619766434127,0.978527369166894,0.99728997173939,0.999212364202177,0.997061801023722,0.999619766434127,0.978527369166894,0.992707502834239,2.02424196511822
-2.30834213603504,0.947426626086827,0,1,1,1,36,1,36sx04,O-M,1,0.3139,0.9202,0.997269373223419,0.998866660362702,0.99218452203202,0.988988802975194,0.828289285653849,0.997269373223419,0.998866660362702,0.99218452203202,0.988988802975194,0.828289285653849,2.30834213603504,0.947426626086827
-1.2769619517342,1.58024295653947,0,1,1,1,36,1,36sx04,O-M,1,0.7349,0.1154,0.994855256296228,0.998289403106323,0.992989721664263,0.998265491136884,0.942974381113088,0.994855256296228,0.998289403106323,0.992989721664263,0.998265491136884,0.942974381113088,1.2769619517342,1.58024295653947
-0.0868673128545968,-0.834991766115043,0,1,0,0,36,1,36sx04,O-M,1,0.3892,0.144,0.757977494484022,0.76691357101635,0.467536763757847,0.694120085812102,0.20186117220415,0.242022505515978,0.23308642898365,0.532463236242153,0.305879914187898,0.79813882779585,0.0868673128545968,0.834991766115043
0.911296634097914,0.0388770636913507,1,1,1,1,36,1,36sx04,O-M,1,0.2622,1.3265,0.933316222727019,0.956129374259125,0.842578525823703,0.916426891079435,0.515505798367974,0.933316222727019,0.956129374259125,0.842578525823703,0.916426891079435,0.515505798367974,0.911296634097914,0.0388770636913507
0.753166242682968,-0.10177257403104,0,0,0,1,36,1,36sx04,O-M,1,0.8635,2.9712,0.773021792461441,0.843059689797559,0.662139060453523,0.892656893412762,0.459468597672109,0.226978207538559,0.156940310202441,0.337860939546477,0.107343106587238,0.540531402327891,0.753166242682968,0.10177257403104
-1.57948782984093,1.89172731405253,0,1,1,1,36,1,36sx04,O-M,1,0.3246,0.243,0.998264431202791,0.999496061931262,0.997746880019672,0.999390255321991,0.970736338937822,0.998264431202791,0.999496061931262,0.997746880019672,0.999390255321991,0.970736338937822,1.57948782984093,1.89172731405253
-2.13562900627204,0.401740284299346,0,0,1,0,36,1,36sx04,O-M,1,0.2563,1.2018,0.99220802473613,0.995694625076227,0.970993057632011,0.959446174816458,0.656062413014019,0.99220802473613,0.995694625076227,0.970993057632011,0.959446174816458,0.656062413014019,2.13562900627204,0.401740284299346
1.38380373362078,0.975256843596585,1,1,1,1,36,1,36sx04,O-M,1,1.0647,0.0157,0.987086614149924,0.994548141068199,0.976266628346523,0.989770219676733,0.835283564064695,0.987086614149924,0.994548141068199,0.976266628346523,0.989770219676733,0.835283564064695,1.38380373362078,0.975256843596585
-0.482372278490549,1.69391869113702,0,1,1,1,36,1,36sx04,O-M,1,0.3864,0.2656,0.990772700688617,0.996889127069682,0.989810816857747,0.998803184178856,0.954859632661986,0.990772700688617,0.996889127069682,0.989810816857747,0.998803184178856,0.954859632661986,0.482372278490549,1.69391869113702
-1.09610961917229,1.62883879788343,0,1,1,1,36,1,36sx04,O-M,1,0.1493,0.4257,0.994192633681795,0.998080346345673,0.992579531824075,0.99851774205259,0.948326425496871,0.994192633681795,0.998080346345673,0.992579531824075,0.99851774205259,0.948326425496871,1.09610961917229,1.62883879788343
-0.230245399196517,1.17777519562913,1,1,1,1,36,1,36sx04,O-M,1,0.2466,0.1698,0.970454822426736,0.987874990853353,0.963257558391848,0.99413775686846,0.880556880113811,0.970454822426736,0.987874990853353,0.963257558391848,0.99413775686846,0.880556880113811,0.230245399196517,1.17777519562913
-1.8978399356122,0.584349326882603,0,1,1,1,36,1,36sx04,O-M,1,0.32,0.4666,0.990132819724835,0.995051138400642,0.971745570984184,0.973004209735008,0.720507344124162,0.990132819724835,0.995051138400642,0.971745570984184,0.973004209735008,0.720507344124162,1.8978399356122,0.584349326882603
0.194048228191137,1.97179270904214,1,1,1,1,36,1,36sx04,O-M,1,1.042,0.1628,0.993831789132033,0.998057048042305,0.993989790698442,0.999540713641817,0.975683362498005,0.993831789132033,0.998057048042305,0.993989790698442,0.999540713641817,0.975683362498005,0.194048228191137,1.97179270904214
-1.29041424524906,0.512204839953462,0,1,1,1,36,1,36sx04,O-M,1,0.2451,0.1799,0.973019840400613,0.98589480426909,0.940170894699034,0.968184720254115,0.695746171934685,0.973019840400613,0.98589480426909,0.940170894699034,0.968184720254115,0.695746171934685,1.29041424524906,0.512204839953462
0.580942972347686,0.121725480431937,1,1,1,1,36,1,36sx04,O-M,1,1.3965,0.0108,0.915000280932082,0.946432314295684,0.829911908485877,0.92844130700238,0.548441783586754,0.915000280932082,0.946432314295684,0.829911908485877,0.92844130700238,0.548441783586754,0.580942972347686,0.121725480431937
-1.25697191893409,1.70954642866173,0,1,1,1,36,1,36sx04,O-M,1,0.2253,3.681,0.995958457345558,0.998716872733889,0.994796766957216,0.998863772704403,0.956325110397089,0.995958457345558,0.998716872733889,0.994796766957216,0.998863772704403,0.956325110397089,1.25697191893409,1.70954642866173
0.361730878446471,0.73955630914856,1,1,1,1,36,1,36sx04,O-M,1,0.2486,0.1058,0.948362584220273,0.975052104278925,0.923393577502162,0.981333838452909,0.770215369689075,0.948362584220273,0.975052104278925,0.923393577502162,0.981333838452909,0.770215369689075,0.361730878446471,0.73955630914856
-2.21353549602551,0.46168229124344,0,1,1,1,36,1,36sx04,O-M,1,0.1961,0.3874,0.993757446726033,0.996660398840441,0.976524926626262,0.964402925611227,0.677845413908984,0.993757446726033,0.996660398840441,0.976524926626262,0.964402925611227,0.677845413908984,2.21353549602551,0.46168229124344
1.23746764996537,0.450336125643308,1,0,1,0,36,1,36sx04,O-M,1,0.0439,0.6992,0.96906270362196,0.983331338744322,0.930851714167935,0.963504815784974,0.673765952902636,0.96906270362196,0.983331338744322,0.930851714167935,0.963504815784974,0.673765952902636,1.23746764996537,0.450336125643308
-2.1396986076715,0.272650890773316,0,1,1,1,36,1,36sx04,O-M,1,0.4197,0.1477,0.99117756550183,0.994760699512477,0.963964445701513,0.946866919467064,0.607439205871297,0.99117756550183,0.994760699512477,0.963964445701513,0.946866919467064,0.607439205871297,2.1396986076715,0.272650890773316
0.429764816656809,-0.683210041388749,0,0,0,1,36,1,36sx04,O-M,1,1.3761,3.5141,0.726017820270803,0.757433205762872,0.484105646050933,0.745162792973229,0.247237064230611,0.273982179729197,0.242566794237128,0.515894353949067,0.254837207026771,0.752762935769389,0.429764816656809,0.683210041388749
0.503733590241353,0.402382520088033,1,1,1,1,36,1,36sx04,O-M,1,0.8482,0.0006,0.930959580367132,0.961666685217079,0.879383494964526,0.959502108914871,0.656298733830836,0.930959580367132,0.961666685217079,0.879383494964526,0.959502108914871,0.656298733830836,0.503733590241353,0.402382520088033
1.08634601651615,1.22744142995424,1,1,1,1,36,1,36sx04,O-M,1,0.5779,0.0006,0.987517307133244,0.995191635955484,0.981354124905433,0.994915018745769,0.890171638571611,0.987517307133244,0.995191635955484,0.981354124905433,0.994915018745769,0.890171638571611,1.08634601651615,1.22744142995424
-2.12645356237605,0.671693394143996,0,1,1,1,36,1,36sx04,O-M,1,0.3228,0.6689,0.994212551014437,0.997230341010919,0.982133515445388,0.978008258363421,0.749110546174663,0.994212551014437,0.997230341010919,0.982133515445388,0.978008258363421,0.749110546174663,2.12645356237605,0.671693394143996
-1.1017618433382,1.10948412343211,0,1,1,1,36,1,36sx04,O-M,1,0.2989,0.5869,0.985081922294201,0.993978289127536,0.976490984226462,0.992897535003212,0.866389305115622,0.985081922294201,0.993978289127536,0.976490984226462,0.992897535003212,0.866389305115622,1.1017618433382,1.10948412343211
1.18859475167747,0.594196942309132,1,0,1,0,36,1,36sx04,O-M,1,2.4997,0.5948,0.972182408491282,0.985986110976613,0.943134699872453,0.973612150565735,0.723809801176887,0.972182408491282,0.985986110976613,0.943134699872453,0.973612150565735,0.723809801176887,1.18859475167747,0.594196942309132
1.06878644010739,0.217632691542487,1,1,1,1,36,1,36sx04,O-M,1,1.3043,0.0006,0.952008997523804,0.971042777664379,0.888384181651317,0.940642208312758,0.586142344605768,0.952008997523804,0.971042777664379,0.888384181651317,0.940642208312758,0.586142344605768,1.06878644010739,0.217632691542487
-0.201324852214277,-1.28712576135049,0,1,0,0,36,1,36sx04,O-M,1,1.4764,0.2427,0.70847311903682,0.660609829385445,0.306915451740932,0.522101664511992,0.0990252288335751,0.29152688096318,0.339390170614555,0.693084548259068,0.477898335488008,0.900974771166425,0.201324852214277,1.28712576135049
-0.650620151162474,-0.680641098234002,1,1,0,0,36,1,36sx04,O-M,1,0.8438,0.2772,0.697418641226157,0.73474687208668,0.464978115850813,0.745986731314822,0.248049307548451,0.302581358773843,0.26525312791332,0.535021884149187,0.254013268685178,0.751950692451549,0.650620151162474,0.680641098234002
-0.0064550037209151,0.0917544769598904,1,1,1,1,36,1,36sx04,O-M,1,0.6936,0.0927,0.867139886899281,0.915216594782345,0.775690801258153,0.924257986318357,0.536553443227914,0.867139886899281,0.915216594782345,0.775690801258153,0.924257986318357,0.536553443227914,0.0064550037209151,0.0917544769598904
-1.67977712729139,0.629519910686902,0,1,1,1,36,1,36sx04,O-M,1,0.641,0.6203,0.986558473466059,0.993393052644597,0.966524986326252,0.975699460138283,0.735495631090896,0.986558473466059,0.993393052644597,0.966524986326252,0.975699460138283,0.735495631090896,1.67977712729139,0.629519910686902
0.503695908746914,0.338587098411819,1,1,1,1,36,1,36sx04,O-M,1,0.2861,1.4363,0.926184714771692,0.957843364577498,0.867845711566326,0.953632320988899,0.632539598453461,0.926184714771692,0.957843364577498,0.867845711566326,0.953632320988899,0.632539598453461,0.503695908746914,0.338587098411819
-0.0792368102306181,-2.07343644529926,0,0,0,1,36,1,36sx04,O-M,1,0.7965,1.4994,0.703877148983875,0.52215003506324,0.131055677543728,0.232425720577326,0.019065840051623,0.296122851016125,0.47784996493676,0.868944322456273,0.767574279422674,0.980934159948377,0.0792368102306181,2.07343644529926
0.921282230124355,1.46913616509667,1,1,1,1,36,1,36sx04,O-M,1,0.2985,0.2716,0.990343025067528,0.996577126744938,0.987423347858999,0.997535908563388,0.929102069871247,0.990343025067528,0.996577126744938,0.987423347858999,0.997535908563388,0.929102069871247,0.921282230124355,1.46913616509667
0.68385113366169,2.02509827950314,1,1,1,1,36,1,36sx04,O-M,1,0.2974,1.7781,0.996318060187293,0.998903085743001,0.996214425744001,0.99962094535271,0.978571363225372,0.996318060187293,0.998903085743001,0.996214425744001,0.99962094535271,0.978571363225372,0.68385113366169,2.02509827950314
1.49730039487226,-0.0814351073892944,1,1,1,1,36,1,36sx04,O-M,1,0.2643,2.9077,0.968712260987266,0.979637097977696,0.903525687183671,0.922775301515724,0.532452034921633,0.968712260987266,0.979637097977696,0.903525687183671,0.922775301515724,0.532452034921633,1.49730039487226,0.0814351073892944
0.0187915975534834,-0.379004356147474,0,1,0,0,36,1,36sx04,O-M,1,1.598,0.1198,0.811433120268172,0.851823513657779,0.631212993081496,0.83236431600716,0.352342314508099,0.188566879731828,0.148176486342221,0.368787006918504,0.16763568399284,0.647657685491901,0.0187915975534834,0.379004356147474
-0.753565993970917,-0.955089858599459,1,1,0,0,36,1,36sx04,O-M,1,0.2142,0.1843,0.651314541179101,0.659956446717411,0.360698009723138,0.650793978492291,0.169766128530706,0.348685458820899,0.340043553282589,0.639301990276862,0.349206021507709,0.830233871469294,0.753565993970917,0.955089858599459
-0.164811484102498,-1.72769951238958,0,1,0,0,36,1,36sx04,O-M,1,1.2466,0.0276,0.69624216465813,0.574950602563502,0.193345552734344,0.350065097095286,0.0420210555144068,0.30375783534187,0.425049397436498,0.806654447265656,0.649934902904714,0.957978944485593,0.164811484102498,1.72769951238958
0.928988095737213,-0.396772879634473,0,1,0,0,36,1,36sx04,O-M,1,0.3418,0.4859,0.70600753016278,0.771826857470643,0.546146360662393,0.827870082641148,0.345767475780385,0.29399246983722,0.228173142529357,0.453853639337607,0.172129917358852,0.654232524219615,0.928988095737213,0.396772879634473
-2.17312209323925,1.71917996549203,0,1,1,1,36,1,36sx04,O-M,1,0.2167,0.0042,0.999100185289059,0.999732949427424,0.998469449001157,0.998899708204172,0.957209196172102,0.999100185289059,0.999732949427424,0.998469449001157,0.998899708204172,0.957209196172102,2.17312209323925,1.71917996549203
0.539003469036633,1.00694047583846,1,0,1,0,36,1,36sx04,O-M,1,0.7097,0.5647,0.969377758373223,0.986791604741437,0.956862792834571,0.990600558381544,0.84301831019272,0.969377758373223,0.986791604741437,0.956862792834571,0.990600558381544,0.84301831019272,0.539003469036633,1.00694047583846
-1.50158134008746,-1.1434790232809,1,0,0,1,36,1,36sx04,O-M,1,0.0086,0.159,0.529172494988936,0.526726269331054,0.252579415209516,0.578898260866634,0.126419879597806,0.470827505011064,0.473273730668946,0.747420584790484,0.421101739133366,0.873580120402194,1.50158134008746,1.1434790232809
-1.43364160561323,0.624382024377408,0,1,1,1,36,1,36sx04,O-M,1,0.4979,0.0504,0.980509902018819,0.990359859990935,0.95655410202427,0.975404752083446,0.733811636316986,0.980509902018819,0.990359859990935,0.95655410202427,0.975404752083446,0.733811636316986,1.43364160561323,0.624382024377408
0.635844909745893,-0.38949420736269,0,1,0,0,36,1,36sx04,O-M,1,0.3503,0.1622,0.739478527706054,0.79736170594484,0.570702214022551,0.829720311546646,0.348455297441964,0.260521472293946,0.20263829405516,0.429297785977449,0.170279688453354,0.651544702558036,0.635844909745893,0.38949420736269
0.0810979486090328,0.40088396991443,1,1,1,1,36,1,36sx04,O-M,1,4.9344,1.2886,0.905851903924172,0.947346146139576,0.853744822638003,0.959371498484542,0.655747223745669,0.905851903924172,0.947346146139576,0.853744822638003,0.959371498484542,0.655747223745669,0.0810979486090328,0.40088396991443
1.44471586938207,1.03305806457839,1,1,1,1,36,1,36sx04,O-M,1,0.367,0.1019,0.989128493755608,0.995534528977384,0.980122605998128,0.991240082990973,0.849211636710857,0.989128493755608,0.995534528977384,0.980122605998128,0.991240082990973,0.849211636710857,1.44471586938207,1.03305806457839
-2.13753192174123,0.116801672718672,0,1,1,1,36,1,36sx04,O-M,1,0.4021,0.6264,0.989764146810802,0.993350618074026,0.953353853525084,0.927766488624746,0.546491390905524,0.989764146810802,0.993350618074026,0.953353853525084,0.927766488624746,0.546491390905524,2.13753192174123,0.116801672718672
0.327421877759397,-0.631403021101354,0,1,0,0,36,1,36sx04,O-M,1,1.1973,0.0325,0.745361839261766,0.778594639379512,0.512464569345466,0.761504903213033,0.263888520581225,0.254638160738234,0.221405360620488,0.487535430654534,0.238495096786967,0.736111479418775,0.327421877759397,0.631403021101354
1.28119702426229,1.05746302454848,1,1,1,1,36,1,36sx04,O-M,1,0.8934,0.5074,0.986975511521748,0.9946700722308,0.977769754288954,0.991802862984019,0.854849839440264,0.986975511521748,0.9946700722308,0.977769754288954,0.991802862984019,0.854849839440264,1.28119702426229,1.05746302454848
1.17917437806761,-0.0212790218489719,1,1,1,1,36,1,36sx04,O-M,1,0.315,1.7881,0.949926700320586,0.966599682805468,0.865105600554852,0.913690061761735,0.508488460905026,0.949926700320586,0.966599682805468,0.865105600554852,0.913690061761735,0.508488460905026,1.17917437806761,0.0212790218489719
1.49417283083379,1.90350163684512,1,1,1,1,36,1,36sx04,O-M,1,0.4159,0.2959,0.998085064523154,0.999442662844774,0.997579732620556,0.999414921779116,0.971512439845211,0.998085064523154,0.999442662844774,0.997579732620556,0.999414921779116,0.971512439845211,1.49417283083379,1.90350163684512
-2.15567556131381,-1.68574010752872,1,0,0,1,36,1,36sx04,O-M,1,0.5021,0.1297,0.401152327468433,0.319552292926992,0.103388775897731,0.365729524283276,0.0459229340708572,0.598847672531567,0.680447707073008,0.896611224102269,0.634270475716724,0.954077065929143,2.15567556131381,1.68574010752872
0.628591222066308,0.301765579860447,1,1,1,1,36,1,36sx04,O-M,1,0.261,0.0847,0.931127043307526,0.96004973405653,0.8696632294821,0.949944977919586,0.618584614183276,0.931127043307526,0.96004973405653,0.8696632294821,0.949944977919586,0.618584614183276,0.628591222066308,0.301765579860447
-1.24593124106335,0.713652799004862,0,1,1,1,36,1,36sx04,O-M,1,0.7149,1.1291,0.977694165977882,0.989374630424104,0.955934763915683,0.98011874438359,0.762279049888801,0.977694165977882,0.989374630424104,0.955934763915683,0.98011874438359,0.762279049888801,1.24593124106335,0.713652799004862
0.821049454915549,-1.42306566995585,0,1,0,0,36,1,36sx04,O-M,1,0.705,0.3708,0.601989381662727,0.537897565199823,0.215161127434074,0.467915471130746,0.0773585595578717,0.398010618337273,0.462102434800177,0.784838872565926,0.532084528869254,0.922641440442128,0.821049454915549,1.42306566995585
-1.29659401033712,1.53849763027484,0,1,1,1,36,1,36sx04,O-M,1,0.2817,0.34,0.994548861277614,0.998161192351449,0.992404462680197,0.998018251413206,0.938036506251395,0.994548861277614,0.998161192351449,0.992404462680197,0.998018251413206,0.938036506251395,1.29659401033712,1.53849763027484
-1.0490642733647,1.03733963650297,0,1,1,1,36,1,36sx04,O-M,1,0.5581,0.1541,0.982238706799662,0.992597693071472,0.971605153219098,0.991341200604573,0.850211200211847,0.982238706799662,0.992597693071472,0.971605153219098,0.991341200604573,0.850211200211847,1.0490642733647,1.03733963650297
0.677859776045825,1.2405002243242,1,1,1,1,36,1,36sx04,O-M,1,0.3724,0.0524,0.98144594244415,0.992735127197555,0.975170435796305,0.995103514689871,0.892604784362872,0.98144594244415,0.992735127197555,0.975170435796305,0.995103514689871,0.892604784362872,0.677859776045825,1.2405002243242
-1.9297750021496,0.209497704885789,0,1,1,1,36,1,36sx04,O-M,1,1.001,0.0677,0.986088872533717,0.991477324338672,0.948500110702142,0.939675168119778,0.58297013656375,0.986088872533717,0.991477324338672,0.948500110702142,0.939675168119778,0.58297013656375,1.9297750021496,0.209497704885789
0.152391336088379,-1.76965891725045,0,1,0,0,36,1,36sx04,O-M,1,0.4154,0.0006,0.697213565441845,0.56862137179615,0.184999231236224,0.334651742967327,0.0383919888087177,0.302786434558155,0.43137862820385,0.815000768763776,0.665348257032673,0.961608011191282,0.152391336088379,1.76965891725045
-0.121948784177679,0.420151043575032,1,0,1,0,36,1,36sx04,O-M,1,0.3014,0.1608,0.9102093520321,0.950221104679642,0.859970130580667,0.961024941696544,0.662812441981512,0.9102093520321,0.950221104679642,0.859970130580667,0.961024941696544,0.662812441981512,0.121948784177679,0.420151043575032
-1.63778110173868,0.699951768846212,0,1,1,1,36,1,36sx04,O-M,1,0.4396,0.0514,0.986868549433132,0.993757758748085,0.969167261795851,0.979449345184628,0.758021287155216,0.986868549433132,0.993757758748085,0.969167261795851,0.979449345184628,0.758021287155216,1.63778110173868,0.699951768846212
-1.79911442018097,0.569577903742808,0,1,1,1,36,1,36sx04,O-M,1,0.2711,0.1468,0.988097765954636,0.993980703111891,0.96739955907129,0.972070411730439,0.715517990633472,0.988097765954636,0.993980703111891,0.96739955907129,0.972070411730439,0.715517990633472,1.79911442018097,0.569577903742808
-2.08004880197393,1.59351582950567,0,1,1,1,36,1,36sx04,O-M,1,0.3979,0.082,0.998598460561472,0.999559807139634,0.997542768565934,0.998338006787555,0.944477739954619,0.998598460561472,0.999559807139634,0.997542768565934,0.998338006787555,0.944477739954619,2.08004880197393,1.59351582950567
-0.551216368831334,0.677259437645948,0,1,1,1,36,1,36sx04,O-M,1,0.4808,0.2002,0.951901960244876,0.976293950420437,0.923248717231764,0.978298669533149,0.750879319065423,0.951901960244876,0.976293950420437,0.923248717231764,0.978298669533149,0.750879319065423,0.551216368831334,0.677259437645948
-2.09510255900247,1.07737233399777,0,1,1,1,36,1,36sx04,O-M,1,0.6686,2.7794,0.996550977185826,0.998645498962839,0.991874659840812,0.992238191056478,0.859343020607679,0.996550977185826,0.998645498962839,0.991874659840812,0.992238191056478,0.859343020607679,2.09510255900247,1.07737233399777
-1.97442757306029,0.677259437645948,0,1,1,1,36,1,36sx04,O-M,1,0.1722,0.2169,0.99233469667719,0.996335355316465,0.978376751438195,0.978298669533149,0.750879319065423,0.99233469667719,0.996335355316465,0.978376751438195,0.978298669533149,0.750879319065423,1.97442757306029,0.677259437645948
-2.27928970382226,0.366203237325348,0,1,1,1,36,1,36sx04,O-M,1,0.1891,0.1299,0.99396126013965,0.996590538046147,0.974548270932524,0.956252109634187,0.642893286653112,0.99396126013965,0.996590538046147,0.974548270932524,0.956252109634187,0.642893286653112,2.27928970382226,0.366203237325348
-2.28375496091333,1.28588488672473,0,1,1,1,36,1,36sx04,O-M,1,0.3991,0.0488,0.998337494960375,0.999411116431773,0.996209962256467,0.995711121608513,0.900758380527518,0.998337494960375,0.999411116431773,0.996209962256467,0.995711121608513,0.900758380527518,2.28375496091333,1.28588488672473
0.548197753679847,-1.66604487667566,0,1,0,0,36,1,36sx04,O-M,1,0.472,0.324,0.633729064802795,0.522646603104769,0.175874357553509,0.37316205646428,0.0478522382192432,0.366270935197205,0.477353396895231,0.824125642446491,0.62683794353572,0.952147761780757,0.548197753679847,1.66604487667566
-1.35466119326824,1.47427405140616,0,1,1,1,36,1,36sx04,O-M,1,0.2253,0.0007,0.994276613795861,0.998028524548845,0.99167361453868,0.997574981760839,0.929796090605433,0.994276613795861,0.998028524548845,0.99167361453868,0.997574981760839,0.929796090605433,1.35466119326824,1.47427405140616
-0.475664972480335,0.920024565769527,0,1,1,1,36,1,36sx04,O-M,1,0.1921,0.0006,0.963255577815132,0.983554766407728,0.947415139462009,0.988169183998699,0.821220039012152,0.963255577815132,0.983554766407728,0.947415139462009,0.988169183998699,0.821220039012152,0.475664972480335,0.920024565769527
1.0707081963238,0.507923268028883,1,1,1,1,36,1,36sx04,O-M,1,0.2758,1.164,0.964622204661514,0.981416185420633,0.928091684584946,0.967877661064255,0.694246421906467,0.964622204661514,0.981416185420633,0.928091684584946,0.967877661064255,0.694246421906467,1.0707081963238,0.507923268028883
-1.85842509242859,-0.0062935201129484,0,1,1,1,36,1,36sx04,O-M,1,0.4529,0.0006,0.981186052728445,0.987097082438879,0.924108983156879,0.911307152855073,0.502510734691239,0.981186052728445,0.987097082438879,0.924108983156879,0.911307152855073,0.502510734691239,1.85842509242859,0.0062935201129484
0.041777309161518,-0.402767080328882,0,1,0,0,36,1,36sx04,O-M,1,0.5482,0.0006,0.806199923107085,0.846173914745207,0.620908370871909,0.826336767494947,0.343559790369317,0.193800076892915,0.153826085254793,0.379091629128091,0.173663232505053,0.656440209630683,0.041777309161518,0.402767080328882
1.22350665627557,1.69092159078982,1,1,1,1,36,1,36sx04,O-M,1,0.2153,2.3288,0.995616701610468,0.99859566524066,0.994361836504854,0.998791231819701,0.954574110472637,0.995616701610468,0.99859566524066,0.994361836504854,0.998791231819701,0.954574110472637,1.22350665627557,1.69092159078982
0.139485424242885,-2.13187990206975,0,1,0,0,36,1,36sx04,O-M,1,0.3624,2.8891,0.692578334129348,0.498912381686257,0.116729430682898,0.214961006111039,0.0165083604129042,0.307421665870652,0.501087618313743,0.883270569317102,0.785038993888961,0.983491639587096,0.139485424242885,2.13187990206975
0.759986593176499,1.62905287647966,1,0,1,0,36,1,36sx04,O-M,1,3.7827,0.0007,0.991733975474112,0.997204760030866,0.990184450551781,0.998518775083091,0.948349087109501,0.991733975474112,0.997204760030866,0.990184450551781,0.998518775083091,0.948349087109501,0.759986593176499,1.62905287647966
1.2630345439425,1.54984379587497,1,1,1,1,36,1,36sx04,O-M,1,1.5411,0.0007,0.994436054475028,0.99812713215251,0.992352524388262,0.998088437063157,0.939410493827539,0.994436054475028,0.99812713215251,0.992352524388262,0.998088437063157,0.939410493827539,1.2630345439425,1.54984379587497
0.302457887693294,-0.450506607287928,0,1,0,0,36,1,36sx04,O-M,1,1.559,0.3805,0.769883956319018,0.814869726237877,0.578447729084595,0.813816446088467,0.326172595526628,0.230116043680982,0.185130273762123,0.421552270915405,0.186183553911533,0.673827404473372,0.302457887693294,0.450506607287928
1.12348112928618,-1.60224945499944,0,1,0,0,36,1,36sx04,O-M,1,1.062,0.7705,0.545277668866302,0.453246703398635,0.155093198772075,0.397549653563547,0.0545502289568828,0.454722331133698,0.546753296601365,0.844906801227925,0.602450346436453,0.945449771043117,1.12348112928618,1.60224945499944
1.09887511341725,1.67700648203494,1,1,1,1,36,1,36sx04,O-M,1,0.3883,0.1047,0.994760428659659,0.99829818777962,0.9934219070322,0.998734294575148,0.95322939284359,0.994760428659659,0.99829818777962,0.9934219070322,0.998734294575148,0.95322939284359,1.09887511341725,1.67700648203494
-1.93058515428004,0.0343814131705436,0,1,1,1,36,1,36sx04,O-M,1,0.3797,0.555,0.983802139003507,0.989040442157564,0.932606783948938,0.915734013317647,0.513713497575008,0.983802139003507,0.989040442157564,0.932606783948938,0.915734013317647,0.513713497575008,1.93058515428004,0.0343814131705436
1.15959884170635,0.575572104437218,1,1,1,1,36,1,36sx04,O-M,1,0.3261,0.05,0.970539215239604,0.985022339657684,0.939931871865549,0.972452538392252,0.717547779627327,0.970539215239604,0.985022339657684,0.939931871865549,0.972452538392252,0.717547779627327,1.15959884170635,0.575572104437218
0.84362067008475,0.72778198635597,1,1,1,1,36,1,36sx04,O-M,1,0.4007,0.0416,0.965582847759773,0.983534190174987,0.94127001332934,0.980789590968131,0.766626473394489,0.965582847759773,0.983534190174987,0.94127001332934,0.980789590968131,0.766626473394489,0.84362067008475,0.72778198635597
-0.539968442741173,0.53596756413487,0,1,1,1,36,1,36sx04,O-M,1,0.5462,0.0007,0.942308257261988,0.969795880521709,0.903178444184174,0.969845128931748,0.704009516113172,0.942308257261988,0.969795880521709,0.903178444184174,0.969845128931748,0.704009516113172,0.539968442741173,0.53596756413487
1.13774357493149,1.27625134989443,1,1,1,1,36,1,36sx04,O-M,1,1.1426,0.2914,0.989195094360525,0.995928586840697,0.98394866627598,0.995588096145837,0.899066659086655,0.989195094360525,0.995928586840697,0.98394866627598,0.995588096145837,0.899066659086655,1.13774357493149,1.27625134989443
-2.28366075717723,1.33448072806869,0,1,1,1,36,1,36sx04,O-M,1,0.4522,0.0006,0.998474868575495,0.999471386253606,0.996623696604703,0.996286161958489,0.908976820654715,0.998474868575495,0.999471386253606,0.996623696604703,0.996286161958489,0.908976820654715,2.28366075717723,1.33448072806869
-2.12692458105654,1.9174167456,0,1,1,1,36,1,36sx04,O-M,1,0.1374,0.5072,0.999364091858603,0.999824615933015,0.999038319744883,0.999442883019679,0.972407495745021,0.999364091858603,0.999824615933015,0.999038319744883,0.999442883019679,0.972407495745021,2.12692458105654,1.9174167456
-0.721028023522495,0.737201444590042,0,1,1,1,36,1,36sx04,O-M,1,0.2585,0.1154,0.961730640502405,0.981699370687466,0.93733682350862,0.981226051322356,0.769500072452858,0.961730640502405,0.981699370687466,0.93733682350862,0.981226051322356,0.769500072452858,0.721028023522495,0.737201444590042
-0.254870255812666,-0.295727782214429,0,1,0,0,36,1,36sx04,O-M,1,0.2585,0.3867,0.794733799404435,0.84540898259203,0.635837113783612,0.852410313862059,0.383718989259109,0.205266200595565,0.15459101740797,0.364162886216388,0.147589686137941,0.616281010740891,0.254870255812666,0.295727782214429
0.577099459914867,-1.21712206038364,0,1,0,0,36,1,36sx04,O-M,1,0.5438,0.0185,0.653862086621499,0.620933128047409,0.291842376128731,0.549909510329332,0.111778889216136,0.346137913378501,0.379066871952591,0.708157623871269,0.450090489670668,0.888221110783864,0.577099459914867,1.21712206038364
0.869187564061883,1.17006836616489,1,1,1,1,36,1,36sx04,O-M,1,0.6033,0.5954,0.982611320000032,0.99307273647976,0.974954184468063,0.994008136535763,0.879013271227058,0.982611320000032,0.99307273647976,0.974954184468063,0.994008136535763,0.879013271227058,0.869187564061883,1.17006836616489
0.291209961603132,0.373695988193359,1,1,1,1,36,1,36sx04,O-M,1,0.3063,0.097,0.916096070668381,0.952690374142349,0.860841201647088,0.956941923365523,0.645684744798143,0.916096070668381,0.952690374142349,0.860841201647088,0.956941923365523,0.645684744798143,0.291209961603132,0.373695988193359
-0.984026013962293,-1.03943682551365,1,1,0,0,36,1,36sx04,O-M,1,0.3158,0.2469,0.610022053878302,0.61193338503859,0.315520757207025,0.619100017407604,0.149300812389701,0.389977946121698,0.38806661496141,0.684479242792975,0.380899982592396,0.850699187610299,0.984026013962293,1.03943682551365
-2.1935454632254,0.274363519543147,0,1,1,1,36,1,36sx04,O-M,1,0.3635,0.8009,0.992091054416175,0.995302558223396,0.966485940387943,0.947052042054661,0.60809736255194,0.992091054416175,0.995302558223396,0.966485940387943,0.947052042054661,0.60809736255194,2.1935454632254,0.274363519543147
1.29167247971645,1.01850072003482,1,1,1,1,36,1,36sx04,O-M,1,0.3334,0.6877,0.986346427473156,0.994321898047922,0.976196275364297,0.990888498627814,0.845779970589477,0.986346427473156,0.994321898047922,0.976196275364297,0.990888498627814,0.845779970589477,1.29167247971645,1.01850072003482
-1.45836066596547,0.250172638169281,0,1,1,1,36,1,36sx04,O-M,1,0.8053,0.6943,0.971620920654001,0.983107497041637,0.921964901904071,0.944389324012959,0.598773077917888,0.971620920654001,0.983107497041637,0.921964901904071,0.944389324012959,0.598773077917888,1.45836066596547,0.250172638169281
-0.8477508893222,0.763104954733739,0,1,1,1,36,1,36sx04,O-M,1,0.3028,0.494,0.967292527170275,0.984589499947363,0.944921164258331,0.982383040469033,0.777299597311915,0.967292527170275,0.984589499947363,0.944921164258331,0.982383040469033,0.777299597311915,0.8477508893222,0.763104954733739
-2.30446094210778,-0.0118595636149,0,1,1,1,36,1,36sx04,O-M,1,0.6112,3.3721,0.992058725503362,0.994468772715621,0.95538926752047,0.912197889369843,0.504731170446906,0.992058725503362,0.994468772715621,0.95538926752047,0.912197889369843,0.504731170446906,2.30446094210778,0.0118595636149
1.2505054470414,0.171177636160814,1,1,1,1,36,1,36sx04,O-M,1,0.2889,0.019,0.959692963724364,0.975071197097112,0.895792720038782,0.934953141186752,0.567957954149092,0.959692963724364,0.975071197097112,0.895792720038782,0.934953141186752,0.567957954149092,1.2505054470414,0.171177636160814
-1.96719272612792,0.686036660091333,0,1,1,1,36,1,36sx04,O-M,1,0.158,0.0848,0.992319359678865,0.996343845717847,0.978535622978983,0.978750039862577,0.75365500451197,0.992319359678865,0.996343845717847,0.978535622978983,0.978750039862577,0.75365500451197,1.96719272612792,0.686036660091333
-0.988133296856188,0.877208846523746,0,1,1,1,36,1,36sx04,O-M,1,0.4102,0.0007,0.975877077798608,0.98922345531426,0.959517917413436,0.986782591683437,0.809813394052174,0.975877077798608,0.98922345531426,0.959517917413436,0.986782591683437,0.809813394052174,0.988133296856188,0.877208846523746
-1.06004842899378,1.96194509361561,0,1,1,1,36,1,36sx04,O-M,1,0.9681,0.0007,0.997085651075268,0.999139962818969,0.996729523340663,0.999524269920585,0.975115561480377,0.997085651075268,0.999139962818969,0.996729523340663,0.999524269920585,0.975115561480377,1.06004842899378,1.96194509361561
0.714354303410385,0.828613005179784,1,1,1,1,36,1,36sx04,O-M,1,0.2442,0.0629,0.96597576383853,0.984337983743204,0.946354894440672,0.985040754545377,0.796338286737362,0.96597576383853,0.984337983743204,0.946354894440672,0.985040754545377,0.796338286737362,0.714354303410385,0.828613005179784
0.0638398241557872,-2.17383930693062,0,1,0,0,36,1,36sx04,O-M,1,0.9311,0.0007,0.705300352409319,0.505962853207294,0.115544070237865,0.202906459189092,0.0148586027116372,0.294699647590681,0.494037146792706,0.884455929762135,0.797093540810908,0.985141397288363,0.0638398241557872,2.17383930693062
0.646508772672244,1.72752903074496,1,1,1,1,36,1,36sx04,O-M,1,0.3502,0.0006,0.99252936876701,0.997538618085507,0.991601716805892,0.998930006481348,0.957963651969442,0.99252936876701,0.997538618085507,0.991601716805892,0.998930006481348,0.957963651969442,0.646508772672244,1.72752903074496
1.14880309354946,0.174388815104248,1,1,1,1,36,1,36sx04,O-M,1,0.2801,0.0448,0.954485752404811,0.971926090401885,0.887992504248295,0.935359538301148,0.569220048053125,0.954485752404811,0.971926090401885,0.887992504248295,0.935359538301148,0.569220048053125,1.14880309354946,0.174388815104248
1.43132009810887,0.438775881446947,1,1,1,1,36,1,36sx04,O-M,1,0.4143,0.5226,0.975729380055493,0.986865613328602,0.940480128344795,0.96257077653884,0.669588031018139,0.975729380055493,0.986865613328602,0.940480128344795,0.96257077653884,0.669588031018139,1.43132009810887,0.438775881446947
-1.6400985136467,1.47063471527027,0,1,1,1,36,1,36sx04,O-M,1,0.8297,0.3067,0.99617733503276,0.998703883211339,0.993915988984365,0.997547363324507,0.929305034828648,0.99617733503276,0.998703883211339,0.993915988984365,0.997547363324507,0.929305034828648,1.6400985136467,1.47063471527027
-1.05678897972478,1.47405997280994,0,1,1,1,36,1,36sx04,O-M,1,1.2245,0.4511,0.991744305800911,0.997103537093924,0.988911086751143,0.997573364968985,0.929767277783361,0.991744305800911,0.997103537093924,0.988911086751143,0.997573364968985,0.929767277783361,1.05678897972478,1.47405997280994
-1.79395205544278,0.442843374775296,0,1,1,1,36,1,36sx04,O-M,1,0.7296,0.4805,0.986118123099775,0.992508842666268,0.959106361260198,0.96290162182322,0.671060486299886,0.986118123099775,0.992508842666268,0.959106361260198,0.96290162182322,0.671060486299886,1.79395205544278,0.442843374775296
-1.15758697735017,1.7641364707001,0,1,1,1,36,1,36sx04,O-M,1,0.2751,0.0007,0.995937574245514,0.998726170538463,0.994997758328237,0.999054030608083,0.96114549725481,0.995937574245514,0.998726170538463,0.994997758328237,0.999054030608083,0.96114549725481,1.15758697735017,1.7641364707001
0.698019375570905,1.36295318136713,1,1,1,1,36,1,36sx04,O-M,1,0.3368,0.0355,0.98533781298652,0.994522146059968,0.981135117963136,0.996589999414663,0.913551366786025,0.98533781298652,0.994522146059968,0.981135117963136,0.996589999414663,0.913551366786025,0.698019375570905,1.36295318136713
-2.11912451170759,0.409018956571129,0,1,1,1,36,1,36sx04,O-M,1,0.473,0.2474,0.992013986042191,0.995605657032472,0.970738537113655,0.960076434795164,0.658737125169384,0.992013986042191,0.995605657032472,0.970738537113655,0.960076434795164,0.658737125169384,2.11912451170759,0.409018956571129
-2.12907242623959,-0.547698289975851,1,1,0,0,36,1,36sx04,O-M,1,1.316,3.2481,0.557923227877373,0.642945803746863,0.425774896774708,0.786651509311894,0.291949543250121,0.442076772122627,0.357054196253137,0.574225103225292,0.213348490688106,0.708050456749879,2.12907242623959,0.547698289975851
-1.60450834214869,1.29551842355503,0,1,1,1,36,1,36sx04,O-M,1,0.2381,2.7328,0.994427922391943,0.997967222923869,0.99048299932481,0.995831071054788,0.902429274992736,0.994427922391943,0.997967222923869,0.99048299932481,0.995831071054788,0.902429274992736,1.60450834214869,1.29551842355503
-0.200721948303247,0.0861884334579389,1,1,1,1,36,1,36sx04,O-M,1,0.9555,0.02,0.882422304246724,0.924781608084773,0.789621045334629,0.92346097499544,0.534341687372133,0.882422304246724,0.924781608084773,0.789621045334629,0.92346097499544,0.534341687372133,0.200721948303247,0.0861884334579389
0.12277368145901,1.50081979733855,1,1,1,1,36,1,36sx04,O-M,1,0.4221,1.4767,0.982247645931377,0.993456066351718,0.980385864755467,0.99776807133419,0.933298911642791,0.982247645931377,0.993456066351718,0.980385864755467,0.99776807133419,0.933298911642791,0.12277368145901,1.50081979733855
0.467182540635135,0.0438008714046155,1,1,1,1,36,1,36sx04,O-M,1,0.0082,0.3393,0.90014411203063,0.934795835440323,0.80206634494829,0.917180835658485,0.51746843376396,0.90014411203063,0.934795835440323,0.80206634494829,0.917180835658485,0.51746843376396,0.467182540635135,0.0438008714046155
-0.357024787237882,-2.15949604098328,0,1,0,0,36,1,36sx04,O-M,1,0.9444,0.0007,0.654255314831079,0.451994864751275,0.0984282626178105,0.206981000801996,0.0154058520731237,0.345744685168921,0.548005135248725,0.901571737382189,0.793018999198004,0.984594147926876,0.357024787237882,2.15949604098328
-0.880590311726138,1.80866481871572,0,1,1,1,36,1,36sx04,O-M,1,0.4261,0.0009,0.994992033623535,0.998422020960714,0.994276100914293,0.999187049046547,0.964748454107846,0.994992033623535,0.998422020960714,0.994276100914293,0.999187049046547,0.964748454107846,0.880590311726138,1.80866481871572
-1.37956866109268,1.33576519964606,0,1,1,1,36,1,36sx04,O-M,1,0.3,0.0007,0.992839608691727,0.99739920963589,0.988856383875535,0.996300375363112,0.909186984521657,0.992839608691727,0.99739920963589,0.988856383875535,0.996300375363112,0.909186984521657,1.37956866109268,1.33576519964606
1.41038802794778,1.22722735135801,1,1,1,1,36,1,36sx04,O-M,1,0.3418,0.0269,0.991692989438073,0.996851821414613,0.986292754181582,0.994911875551706,0.890131423982853,0.991692989438073,0.996851821414613,0.986292754181582,0.994911875551706,0.890131423982853,1.41038802794778,1.22722735135801
-1.33386100833769,-1.86770691432329,1,0,0,1,36,1,36sx04,O-M,1,0.2508,0.1243,0.502061775515728,0.364123753323239,0.0975581296179291,0.299738721225636,0.0309014671759625,0.497938224484272,0.635876246676761,0.902441870382071,0.700261278774364,0.969098532824037,1.33386100833769,1.86770691432329
0.589402467849331,0.0271027408987608,1,1,1,1,36,1,36sx04,O-M,1,0.3396,0.3456,0.908586294628725,0.939770451199449,0.809380683906974,0.914603083946299,0.510811105678036,0.908586294628725,0.939770451199449,0.809380683906974,0.914603083946299,0.510811105678036,0.589402467849331,0.0271027408987608
-2.00918875168063,1.02642162809529,0,1,1,1,36,1,36sx04,O-M,1,0.4237,0.0006,0.995603321693549,0.998226545579342,0.989763081216994,0.991081304599473,0.84765355616057,0.995603321693549,0.998226545579342,0.989763081216994,0.991081304599473,0.84765355616057,2.00918875168063,1.02642162809529
-0.880288859770622,1.08914665679036,0,1,1,1,36,1,36sx04,O-M,1,0.3206,0.0007,0.980382823400043,0.991934421552027,0.970750283797276,0.992485955536252,0.861955391057459,0.980382823400043,0.991934421552027,0.970750283797276,0.992485955536252,0.861955391057459,0.880288859770622,1.08914665679036
-1.12926933427896,1.3130728684458,0,1,1,1,36,1,36sx04,O-M,1,0.2681,0.0007,0.989773628540139,0.996200237216954,0.985071918275217,0.996041951725959,0.905420802388359,0.989773628540139,0.996200237216954,0.985071918275217,0.996041951725959,0.905420802388359,1.12926933427896,1.3130728684458
-0.299824278678871,-0.204530300220915,0,1,0,0,36,1,36sx04,O-M,1,0.2436,3.0344,0.801845612420508,0.856612571024546,0.662104850918758,0.872444871515349,0.418969558132431,0.198154387579492,0.143387428975454,0.337895149081242,0.127555128484651,0.581030441867569,0.299824278678871,0.204530300220915
1.44085351620203,-0.0525344968983921,1,1,1,1,36,1,36sx04,O-M,1,0.3096,0.9557,0.965274673807135,0.977078317264635,0.894536381205953,0.918505541611361,0.520948595637622,0.965274673807135,0.977078317264635,0.894536381205953,0.918505541611361,0.520948595637622,1.44085351620203,0.0525344968983921
-0.0681772916126539,-0.895147851655366,0,1,0,0,36,1,36sx04,O-M,1,0.5234,0.1145,0.755675788817482,0.757938569268146,0.44914016889658,0.67270936596313,0.185354028518317,0.244324211182518,0.242061430731854,0.55085983110342,0.32729063403687,0.814645971481682,0.0681772916126539,0.895147851655366
0.544033948544293,-1.29097917608261,0,1,0,0,36,1,36sx04,O-M,1,2.2362,0.0006,0.653809656303935,0.60855842351034,0.272803574392002,0.520566574069713,0.0983554492220859,0.346190343696065,0.39144157648966,0.727196425607998,0.479433425930287,0.901644550777914,0.544033948544293,1.29097917608261
0.0618050234560596,1.92383910348687,1,1,1,1,36,1,36sx04,O-M,1,1.3343,0.0007,0.99247209534736,0.997568602910271,0.992688250228724,0.999455366896285,0.972812622857927,0.99247209534736,0.997568602910271,0.992688250228724,0.999455366896285,0.972812622857927,0.0618050234560596,1.92383910348687
-2.2238602255019,1.21909236470131,0,0,1,0,36,1,36sx04,O-M,1,0.4724,0.0007,0.997886380223866,0.999226267034284,0.995127900930542,0.994791145096655,0.888595431230669,0.997886380223866,0.999226267034284,0.995127900930542,0.994791145096655,0.888595431230669,2.2238602255019,1.21909236470131
-1.54139183896269,0.433637995137453,0,1,1,1,36,1,36sx04,O-M,1,0.2245,0.252,0.979145580688902,0.988689996550469,0.945916561730262,0.962149426364282,0.667724330381467,0.979145580688902,0.988689996550469,0.945916561730262,0.962149426364282,0.667724330381467,1.54139183896269,0.433637995137453
1.03982821163071,0.337302626834446,1,1,1,1,36,1,36sx04,O-M,1,0.9233,0.4833,0.955916421757107,0.974898805106869,0.904238729930352,0.953507469524962,0.632055610154979,0.955916421757107,0.974898805106869,0.904238729930352,0.953507469524962,0.632055610154979,1.03982821163071,0.337302626834446
0.0592426818341803,1.83756542920662,1,1,1,1,36,1,36sx04,O-M,1,0.723,0.0006,0.990830171340666,0.996957293756317,0.990882643110569,0.999263930171548,0.966936766552933,0.990830171340666,0.996957293756317,0.990882643110569,0.999263930171548,0.966936766552933,0.0592426818341803,1.83756542920662
0.373864319655958,0.0684199099709397,1,1,1,1,36,1,36sx04,O-M,1,0.2395,0.0007,0.894744620012275,0.93208487254759,0.799764157593696,0.920873962723609,0.527274313448864,0.894744620012275,0.93208487254759,0.799764157593696,0.920873962723609,0.527274313448864,0.373864319655958,0.0684199099709397
-1.28029676399208,-1.59497078272766,1,1,0,0,36,1,36sx04,O-M,1,0.0085,0.8585,0.522402927376597,0.434879974302467,0.149208839065304,0.400359769394046,0.0553593847624617,0.477597072623403,0.565120025697533,0.850791160934696,0.599640230605954,0.944640615237538,1.28029676399208,1.59497078272766
-0.176511588125932,0.415227235861767,1,1,1,1,36,1,36sx04,O-M,1,0.2332,0.0442,0.912973059770579,0.951700656370227,0.862118753299578,0.960607697489579,0.661012218739071,0.912973059770579,0.951700656370227,0.862118753299578,0.960607697489579,0.661012218739071,0.176511588125932,0.415227235861767
-1.593901001464,-1.45346483062035,1,1,0,0,36,1,36sx04,O-M,1,0.1232,0.0007,0.487956881004498,0.433880052706476,0.166935187264632,0.455843841178174,0.0730473688033803,0.512043118995502,0.566119947293524,0.833064812735368,0.544156158821826,0.92695263119662,1.593901001464,1.45346483062035
-0.0729816821536775,0.384185839408576,1,1,1,1,36,1,36sx04,O-M,1,0.4407,0.038,0.903663493850862,0.945738454947411,0.849816581768725,0.957892872201098,0.649579643497206,0.903663493850862,0.945738454947411,0.849816581768725,0.957892872201098,0.649579643497206,0.0729816821536775,0.384185839408576
1.34529324630371,1.32099377650627,1,1,1,1,36,1,36sx04,O-M,1,0.3682,0.2895,0.992302442383233,0.997182254936992,0.988069580299457,0.996133937507426,0.906748280325596,0.992302442383233,0.997182254936992,0.988069580299457,0.996133937507426,0.906748280325596,1.34529324630371,1.32099377650627
1.01135984258174,1.77355592893417,1,1,1,1,36,1,36sx04,O-M,1,0.2853,0.0888,0.995292607272118,0.998513072583733,0.994406140713138,0.999083732726101,0.96193168352641,0.995292607272118,0.998513072583733,0.994406140713138,0.999083732726101,0.96193168352641,1.01135984258174,1.77355592893417
-1.72495723912423,0.946570311701912,0,0,1,0,36,1,36sx04,O-M,1,1.0184,0.0007,0.991871843397228,0.996565571690289,0.982627892841535,0.98896395758779,0.828071110980815,0.991871843397228,0.996565571690289,0.982627892841535,0.98896395758779,0.828071110980815,1.72495723912423,0.946570311701912
-0.402864325223413,1.1694261303762,1,1,1,1,36,1,36sx04,O-M,1,0.2397,0.1477,0.9736281018064,0.989240504029976,0.965952373085843,0.993997221008401,0.878884006471594,0.9736281018064,0.989240504029976,0.965952373085843,0.993997221008401,0.878884006471594,0.402864325223413,1.1694261303762
-1.84604672150525,0.440488510216778,0,1,1,1,36,1,36sx04,O-M,1,1.0416,0.2206,0.987259116535709,0.993115761564061,0.961294846534028,0.962710372362077,0.670208333911095,0.987259116535709,0.993115761564061,0.961294846534028,0.962710372362077,0.670208333911095,1.84604672150525,0.440488510216778
1.47037696709531,-0.136239228023894,0,1,0,0,36,1,36sx04,O-M,1,1.0598,0.1808,0.703867977116463,0.792341692678414,0.609148930677175,0.886152079964658,0.445816082391667,0.296132022883537,0.207658307321586,0.390851069322825,0.113847920035342,0.554183917608333,1.47037696709531,0.136239228023894
0.836122052691309,1.98506558200833,1,1,1,1,36,1,36sx04,O-M,1,0.2703,0.1713,0.996498055470364,0.998956002749464,0.9962594666953,0.999562044303231,0.976431412273467,0.996498055470364,0.998956002749464,0.9962594666953,0.999562044303231,0.976431412273467,0.836122052691309,1.98506558200833
1.13088554294352,1.36081239540484,1,1,1,1,36,1,36sx04,O-M,1,0.2141,0.0007,0.990634046359969,0.996584322817078,0.986585188565928,0.996567956313483,0.91321350814775,0.990634046359969,0.996584322817078,0.986585188565928,0.996567956313483,0.91321350814775,1.13088554294352,1.36081239540484
-0.232355562885124,0.0461557359631335,1,1,1,1,36,1,36sx04,O-M,1,0.2681,0.0253,0.881050826570585,0.922525248468217,0.782010480483781,0.917539603727348,0.518406938783792,0.881050826570585,0.922525248468217,0.782010480483781,0.917539603727348,0.518406938783792,0.232355562885124,0.0461557359631335
-2.23260233221184,0.581138147939169,0,1,1,1,36,1,36sx04,O-M,1,0.4637,0.0007,0.994771586317492,0.997378005581455,0.981683427251574,0.972803458030513,0.719426325039525,0.994771586317492,0.997378005581455,0.981683427251574,0.972803458030513,0.719426325039525,2.23260233221184,0.581138147939169
0.650220399874525,0.464465312994416,1,1,1,1,36,1,36sx04,O-M,1,0.5547,0.0006,0.94311366998559,0.969334268563745,0.898426485737163,0.964620427485877,0.678842797176959,0.94311366998559,0.969334268563745,0.898426485737163,0.964620427485877,0.678842797176959,0.650220399874525,0.464465312994416
-1.22590352676881,-0.0441854316454648,0,1,1,1,36,1,36sx04,O-M,1,0.4081,0.1208,0.953591854501037,0.969378727741836,0.873523191646743,0.917239504238939,0.517621702712505,0.953591854501037,0.969378727741836,0.873523191646743,0.917239504238939,0.517621702712505,1.22590352676881,0.0441854316454648
0.271389495528007,0.600191143003542,1,1,1,1,36,1,36sx04,O-M,1,0.3867,0.0006,0.934132404795947,0.966222679817068,0.899693374569309,0.97397656820422,0.725810572148756,0.934132404795947,0.966222679817068,0.899693374569309,0.97397656820422,0.725810572148756,0.271389495528007,0.600191143003542
-1.39183398753271,-1.42285159135962,1,1,0,0,36,1,36sx04,O-M,1,0.3846,0.034,0.517829308864747,0.464649355654943,0.182901884458447,0.468000600517453,0.0773895909411488,0.482170691135253,0.535350644345057,0.817098115541553,0.531999399482546,0.922610409058851,1.39183398753271,1.42285159135962
-0.439358852587973,-1.89553713183304,1,1,0,0,36,1,36sx04,O-M,1,0.3542,0.2203,0.644953798471061,0.491115730753873,0.13667494175846,0.290137750383844,0.0290106386240335,0.355046201528939,0.508884269246127,0.86332505824154,0.709862249616156,0.970989361375966,0.439358852587973,1.89553713183304
-0.747800725321689,-1.50805487265872,1,1,0,0,36,1,36sx04,O-M,1,0.5264,0.2198,0.608552244903261,0.528162694525953,0.198758479465593,0.434275191838647,0.0657702418226781,0.391447755096739,0.471837305474047,0.801241520534407,0.565724808161353,0.934229758177322,0.747800725321689,1.50805487265872
-0.454864787549786,0.0048385668909546,0,1,1,1,36,1,36sx04,O-M,1,0.4886,0.0006,0.895904289913974,0.930793807685413,0.791434234852412,0.911073210280092,0.5019303013774,0.895904289913974,0.930793807685413,0.791434234852412,0.911073210280092,0.5019303013774,0.454864787549786,0.0048385668909546
-0.132424239631832,1.72388969460907,1,1,1,1,36,1,36sx04,O-M,1,2.2403,2.3699,0.988796772152385,0.99616621299842,0.98838510970584,0.998916894843476,0.957636120965226,0.988796772152385,0.99616621299842,0.98838510970584,0.998916894843476,0.957636120965226,0.132424239631832,1.72388969460907
-2.23659657062242,1.10862780904719,0,1,1,1,36,1,36sx04,O-M,1,0.2853,0.0006,0.99752719481477,0.999047940755852,0.993861903933617,0.992880614915229,0.866204611838707,0.99752719481477,0.999047940755852,0.993861903933617,0.992880614915229,0.866204611838707,2.23659657062242,1.10862780904719
-1.57956319282981,0.495934866640065,0,1,1,1,36,1,36sx04,O-M,1,1.1317,0.4733,0.981618372091619,0.990338529907788,0.953058790816574,0.967004857590497,0.690029817234074,0.981618372091619,0.990338529907788,0.953058790816574,0.967004857590497,0.690029817234074,1.57956319282981,0.495934866640065
-1.27259089837923,0.647074355577672,0,1,1,1,36,1,36sx04,O-M,1,0.3811,0.0008,0.97652180125013,0.988476246258996,0.951617082036882,0.976684098379543,0.741208089245978,0.97652180125013,0.988476246258996,0.951617082036882,0.976684098379543,0.741208089245978,1.27259089837923,0.647074355577672
1.23266325942434,0.793290036802015,1,1,1,1,36,1,36sx04,O-M,1,0.4475,0.2923,0.979602702822627,0.990622579141575,0.961375135309971,0.983653967963584,0.786195569872736,0.979602702822627,0.990622579141575,0.961375135309971,0.983653967963584,0.786195569872736,1.23266325942434,0.793290036802015
-1.52481198140936,-2.22008028371606,1,0,0,1,36,1,36sx04,O-M,1,1.1193,0.5147,0.464792309969207,0.268414635406641,0.0495520014522133,0.190100638604096,0.013206659159479,0.535207690030793,0.731585364593359,0.950447998547787,0.809899361395904,0.986793340840521,1.52481198140936,2.22008028371606
0.0194510237061729,-0.021064943252743,1,1,1,1,36,1,36sx04,O-M,1,2.4,0.189,0.86020092016749,0.908005511088084,0.757491843385499,0.913656360700249,0.508403075041197,0.86020092016749,0.908005511088084,0.757491843385499,0.913656360700249,0.508403075041197,0.0194510237061729,0.021064943252743
-2.077825593802,-0.581736786776248,1,1,0,0,36,1,36sx04,O-M,1,0.5342,0.3191,0.555339579782662,0.636580138768568,0.415197023544242,0.776617109730781,0.280371994379036,0.444660420217338,0.363419861231432,0.584802976455758,0.223382890269219,0.719628005620964,2.077825593802,0.581736786776248
0.101464796353529,-0.91784018285563,0,1,0,0,36,1,36sx04,O-M,1,0.4211,0.0006,0.749023824426259,0.749356858484932,0.437487748715903,0.664477632437299,0.179351270850987,0.250976175573741,0.250643141515068,0.562512251284097,0.335522367562701,0.820648729149013,0.101464796353529,0.91784018285563
0.818110298349275,0.31482437423041,1,1,1,1,36,1,36sx04,O-M,1,0.3098,0.148,0.943057630062479,0.967202267766714,0.885367713019674,0.951278579258323,0.623552497935778,0.943057630062479,0.967202267766714,0.885367713019674,0.951278579258323,0.623552497935778,0.818110298349275,0.31482437423041
-1.98644796978646,1.01357691232156,0,1,1,1,36,1,36sx04,O-M,1,0.21,0.0007,0.995322881303582,0.998100636921892,0.989147646675817,0.990766815346361,0.844607660522882,0.995322881303582,0.998100636921892,0.989147646675817,0.990766815346361,0.844607660522882,1.98644796978646,1.01357691232156
0.802208707695848,0.238826472569149,1,1,1,1,36,1,36sx04,O-M,1,0.4214,0.2435,0.937679458934927,0.962802689910266,0.871143448226159,0.943104555287308,0.594379929008188,0.937679458934927,0.962802689910266,0.871143448226159,0.943104555287308,0.594379929008188,0.802208707695848,0.238826472569149
-1.13893463760267,-0.533569102624744,1,0,0,1,36,1,36sx04,O-M,1,0.8779,0.6597,0.660068552090608,0.722824818268729,0.481797539035158,0.79073831010364,0.296819844852849,0.339931447909392,0.277175181731271,0.518202460964842,0.20926168989636,0.703180155147151,1.13893463760267,0.533569102624744
1.34307003813179,0.333021054909867,1,1,1,1,36,1,36sx04,O-M,1,0.2049,0.5772,0.969404423064086,0.98254773164737,0.923932686808753,0.953089348132992,0.630440805046955,0.969404423064086,0.98254773164737,0.923932686808753,0.953089348132992,0.630440805046955,1.34307003813179,0.333021054909867
0.136489745434952,-1.72984029835187,0,1,0,0,36,1,36sx04,O-M,1,1.1777,3.4668,0.701003270611072,0.579640891616845,0.195496553850286,0.349272425854748,0.0418294061517296,0.298996729388928,0.420359108383155,0.804503446149714,0.650727574145252,0.95817059384827,0.136489745434952,1.72984029835187
1.45232753125883,0.464037155801958,1,1,1,1,36,1,36sx04,O-M,1,0.2856,0.1624,0.977079893098433,0.987751481398571,0.94398645402594,0.964587036770388,0.678689437306088,0.977079893098433,0.987751481398571,0.94398645402594,0.964587036770388,0.678689437306088,1.45232753125883,0.464037155801958
-0.429241371330994,-1.40893648260474,1,1,0,0,36,1,36sx04,O-M,1,0.4328,0.7141,0.665024871717947,0.598976169321044,0.249523596857655,0.473536972061409,0.0794269753274161,0.334975128282053,0.401023830678956,0.750476403142345,0.52646302793859,0.920573024672584,0.429241371330994,1.40893648260474
-1.54751508180909,1.61620816070593,0,1,1,1,36,1,36sx04,O-M,1,0.4922,0.605,0.996701939575315,0.9989372978149,0.995225898806324,0.998455616998504,0.946975342510526,0.996701939575315,0.9989372978149,0.995225898806324,0.998455616998504,0.946975342510526,1.54751508180909,1.61620816070593
0.278285209010418,-0.586874673085741,0,0,0,1,36,1,36sx04,O-M,1,1.5718,1.8197,0.756741497742687,0.792149331742123,0.533093814170904,0.77507949559463,0.278643940378074,0.243258502257313,0.207850668257877,0.466906185829096,0.22492050440537,0.721356059621926,0.278285209010418,0.586874673085741
-0.186158050702418,0.872713196002939,1,1,1,1,36,1,36sx04,O-M,1,0.269,0.2186,0.951182888189945,0.97748366482755,0.933563563803496,0.986629162020577,0.80859028838441,0.951182888189945,0.97748366482755,0.933563563803496,0.986629162020577,0.80859028838441,0.186158050702418,0.872713196002939
-1.34265963728929,0.672121551336454,0,1,1,1,36,1,36sx04,O-M,1,0.4983,0.205,0.979229024456366,0.989936970834157,0.956499915114467,0.978030713576356,0.749246841226816,0.979229024456366,0.989936970834157,0.956499915114467,0.978030713576356,0.749246841226816,1.34265963728929,0.672121551336454
-1.14876950765135,1.42439373848483,0,1,1,1,36,1,36sx04,O-M,1,0.5957,2.0009,0.991846638493566,0.997101415969877,0.988563170312295,0.997170815582058,0.922833737112711,0.991846638493566,0.997101415969877,0.988563170312295,0.997170815582058,0.922833737112711,1.14876950765135,1.42439373848483
-1.13925493030541,-0.0431150386643203,0,1,1,1,36,1,36sx04,O-M,1,0.3004,0.2732,0.948408055227213,0.965997843501327,0.865161634484649,0.917076127231534,0.51719508433686,0.948408055227213,0.965997843501327,0.865161634484649,0.917076127231534,0.51719508433686,1.13925493030541,0.0431150386643203
0.548461524140922,-0.926403326704786,0,1,0,0,36,1,36sx04,O-M,1,0.5909,2.7341,0.683417176804728,0.691340999235478,0.388107394091757,0.66135041260166,0.177118207955237,0.316582823195272,0.308659000764522,0.611892605908243,0.33864958739834,0.822881792044763,0.548461524140922,0.926403326704786
-1.95916656781233,1.9722208662346,0,1,1,1,36,1,36sx04,O-M,1,0.3273,0.0006,0.999231473774769,0.999789567902261,0.998927310179789,0.999541416494983,0.975707800674106,0.999231473774769,0.999789567902261,0.998927310179789,0.999541416494983,0.975707800674106,1.95916656781233,1.9722208662346
1.39331831096673,1.8544776383087,1,1,1,1,36,1,36sx04,O-M,1,0.3952,0.768,0.997536178439123,0.999264705252986,0.996902623805565,0.999305753417248,0.968164571774701,0.997536178439123,0.999264705252986,0.996902623805565,0.999305753417248,0.968164571774701,1.39331831096673,1.8544776383087
-2.05915441330728,0.434708388118598,0,1,1,1,36,1,36sx04,O-M,1,0.5014,0.0006,0.991280796770076,0.99527076742339,0.96978828664206,0.962237525396163,0.668112945476179,0.991280796770076,0.99527076742339,0.96978828664206,0.962237525396163,0.668112945476179,2.05915441330728,0.434708388118598
0.0314337389379024,1.00736863303092,1,0,1,0,36,1,36sx04,O-M,1,0.341,0.6977,0.955719815942245,0.98046198570752,0.944058868763378,0.99061136312129,0.843121170488809,0.955719815942245,0.98046198570752,0.944058868763378,0.99061136312129,0.843121170488809,0.0314337389379024,1.00736863303092
-1.06368469320719,1.45607737072671,0,1,1,1,36,1,36sx04,O-M,1,0.6896,0.0006,0.991522392568854,0.997006815624411,0.988513253764892,0.997434021836256,0.927314383797235,0.991522392568854,0.997006815624411,0.988513253764892,0.997434021836256,0.927314383797235,1.06368469320719,1.45607737072671
1.25792870144596,1.36402357434828,1,1,1,1,36,1,36sx04,O-M,1,0.2579,0.2016,0.992025543752996,0.997116297466922,0.988179020502529,0.996600973186985,0.913719926885841,0.992025543752996,0.997116297466922,0.988179020502529,0.996600973186985,0.913719926885841,1.25792870144596,1.36402357434828
0.376012164839004,-1.03751011814759,0,1,0,0,36,1,36sx04,O-M,1,0.7732,2.21,0.69858162217173,0.688785335046988,0.367471477549475,0.619833934742743,0.149749091342037,0.30141837782827,0.311214664953012,0.632528522450525,0.380166065257257,0.850250908657963,0.376012164839004,1.03751011814759
-0.105123996910486,0.857513615670687,1,1,1,1,36,1,36sx04,O-M,1,0.3434,2.1559,0.947339470862503,0.975489749634239,0.929210769897632,0.986098978917648,0.80441945336467,0.947339470862503,0.975489749634239,0.929210769897632,0.986098978917648,0.80441945336467,0.105123996910486,0.857513615670687
0.715371703760249,0.0211085402043515,1,1,1,1,36,1,36sx04,O-M,1,0.4136,0.4988,0.917953122196043,0.945704220634866,0.819986601379418,0.913663224694921,0.508420463842088,0.917953122196043,0.945704220634866,0.819986601379418,0.913663224694921,0.508420463842088,0.715371703760249,0.0211085402043515
-1.76520107518551,0.717078056544525,0,1,1,1,36,1,36sx04,O-M,1,0.2647,0.4036,0.989523444230165,0.995072606175824,0.97410652391101,0.980283173106625,0.763337032654121,0.989523444230165,0.995072606175824,0.97410652391101,0.980283173106625,0.763337032654121,1.76520107518551,0.717078056544525
-0.77856766553146,0.109951157639347,0,1,1,1,36,1,36sx04,O-M,1,0.6078,0.6036,0.928277196553317,0.954490527398935,0.844666284409516,0.926819511493999,0.543775944737631,0.928277196553317,0.954490527398935,0.844666284409516,0.926819511493999,0.543775944737631,0.77856766553146,0.109951157639347
1.18834982196361,1.1293934328814,1,1,1,1,36,1,36sx04,O-M,1,0.4137,1.1081,0.986966514639202,0.994802536249782,0.979086923664718,0.993281051105873,0.870634049033114,0.986966514639202,0.994802536249782,0.979086923664718,0.993281051105873,0.870634049033114,1.18834982196361,1.1293934328814
0.414786422617148,0.559088052527592,1,1,1,1,36,1,36sx04,O-M,1,0.5349,0.1864,0.937859345041059,0.967697550551635,0.900249056246248,0.97139106843213,0.711949185919229,0.937859345041059,0.967697550551635,0.900249056246248,0.97139106843213,0.711949185919229,0.414786422617148,0.559088052527592
0.92220542673812,1.55369721060709,1,1,1,1,36,1,36sx04,O-M,1,0.4381,0.0892,0.991817855904029,0.997188382143495,0.989669928936948,0.998111754969106,0.939871670620423,0.991817855904029,0.997188382143495,0.989669928936948,0.998111754969106,0.939871670620423,0.92220542673812,1.55369721060709
-0.275255944304382,-0.251841669987504,0,1,0,0,36,1,36sx04,O-M,1,0.4525,0.1391,0.798183659217594,0.85091505408986,0.64863528889489,0.86230043184887,0.40058172356361,0.201816340782406,0.14908494591014,0.35136471110511,0.13769956815113,0.59941827643639,0.275255944304382,0.251841669987504
-0.75401817190419,0.63187477524542,0,1,1,1,36,1,36sx04,O-M,1,0.984,3.6315,0.957552320135981,0.978782033583206,0.926767531314896,0.975833540406953,0.736265646287825,0.957552320135981,0.978782033583206,0.926767531314896,0.975833540406953,0.736265646287825,0.75401817190419,0.63187477524542
0.0319801206072737,0.988743795159006,1,1,1,1,36,1,36sx04,O-M,1,0.9868,0.0007,0.954460902432998,0.979767685267638,0.942128871157763,0.990131189571983,0.838605745247056,0.954460902432998,0.979767685267638,0.942128871157763,0.990131189571983,0.838605745247056,0.0319801206072737,0.988743795159006
-1.43936919276801,0.44006035302432,0,1,1,1,36,1,36sx04,O-M,1,0.3512,0.5438,0.97603337472554,0.987038837513272,0.941042449613011,0.962675513344092,0.670053301984565,0.97603337472554,0.987038837513272,0.941042449613011,0.962675513344092,0.670053301984565,1.43936919276801,0.44006035302432
-0.209275647540991,-1.41214766154817,0,1,0,0,36,1,36sx04,O-M,1,0.6511,0.0064,0.700677981363809,0.633083693554599,0.269695298527981,0.472258854876694,0.0789532437616936,0.299322018636191,0.366916306445401,0.730304701472019,0.527741145123306,0.921046756238306,0.209275647540991,1.41214766154817
-1.64804930897342,0.736773287397584,0,1,1,1,36,1,36sx04,O-M,1,0.2535,0.1016,0.987682147088147,0.994247807631997,0.971515870353806,0.981206396865864,0.769369884828435,0.987682147088147,0.994247807631997,0.971515870353806,0.981206396865864,0.769369884828435,1.64804930897342,0.736773287397584
-1.1519724346787,1.37344303258235,0,1,1,1,36,1,36sx04,O-M,1,0.3704,0.1294,0.991073382406745,0.996764323160136,0.987206416752401,0.996696182355069,0.915192670171558,0.991073382406745,0.996764323160136,0.987206416752401,0.996696182355069,0.915192670171558,1.1519724346787,1.37344303258235
0.0192249347395365,-0.389708285958919,0,1,0,0,36,1,36sx04,O-M,1,0.6874,2.9706,0.810228296610891,0.850155933468033,0.627623566286735,0.82966607557023,0.348376134354788,0.189771703389109,0.149844066531967,0.372376433713265,0.17033392442977,0.651623865645212,0.0192249347395365,0.389708285958919
-0.927654498280949,1.40427035043931,0,1,1,1,36,1,36sx04,O-M,1,0.6789,0.0007,0.989159643408661,0.99606531609089,0.985512327819313,0.996991239616058,0.919880820093651,0.989159643408661,0.99606531609089,0.985512327819313,0.996991239616058,0.919880820093651,0.927654498280949,1.40427035043931
-2.07166466946116,1.91848713858114,0,1,1,1,36,1,36sx04,O-M,1,0.4583,0.0007,0.999293940646471,0.999804518443475,0.998952382500762,0.999444981872644,0.972475364305513,0.999293940646471,0.999804518443475,0.998952382500762,0.999444981872644,0.972475364305513,2.07166466946116,1.91848713858114
-0.919326888009842,1.17584848826307,0,1,1,1,36,1,36sx04,O-M,1,0.5892,0.1327,0.983644917884992,0.993515497395856,0.9761813536202,0.994105587137397,0.880172286869432,0.983644917884992,0.993515497395856,0.9761813536202,0.994105587137397,0.880172286869432,0.919326888009842,1.17584848826307
-0.135457599934204,-2.04988779971408,0,1,0,0,36,1,36sx04,O-M,1,0.3256,0.0084,0.694429679856964,0.515688420927653,0.130784389642649,0.239679777856131,0.0201876905137704,0.305570320143036,0.484311579072347,0.869215610357351,0.760320222143869,0.97981230948623,0.135457599934204,2.04988779971408
-1.92348219257822,0.28549560654705,0,1,1,1,36,1,36sx04,O-M,1,0.4366,0.0007,0.986923304117645,0.992318529328484,0.954114300653542,0.94824289977332,0.612367765060515,0.986923304117645,0.992318529328484,0.954114300653542,0.94824289977332,0.612367765060515,1.92348219257822,0.28549560654705
-1.13218965009802,2.02081670757856,0,1,1,1,36,1,36sx04,O-M,1,0.2743,0.0007,0.99766719698583,0.999328867413608,0.997399297288243,0.999615016632419,0.978350628683458,0.99766719698583,0.999328867413608,0.997399297288243,0.999615016632419,0.978350628683458,1.13218965009802,2.02081670757856
0.550345598862893,0.0213226188005804,1,1,1,1,36,1,36sx04,O-M,1,0.3003,0.0007,0.905036715150372,0.937287405136887,0.804360866188708,0.91369692375276,0.508505849627022,0.905036715150372,0.937287405136887,0.804360866188708,0.91369692375276,0.508505849627022,0.550345598862893,0.0213226188005804
-1.94854038638042,1.69242014096342,0,1,1,1,36,1,36sx04,O-M,1,0.2705,0.082,0.998539570533396,0.999555203010516,0.997679445497305,0.998797221589271,0.954717052600847,0.998539570533396,0.999555203010516,0.997679445497305,0.998797221589271,0.954717052600847,1.94854038638042,1.69242014096342
0.997511893375263,0.252741581324028,1,1,1,1,36,1,36sx04,O-M,1,0.1729,0.1092,0.949751133369986,0.970201378579858,0.888449835354113,0.944677011505009,0.599766043238582,0.949751133369986,0.970201378579858,0.888449835354113,0.944677011505009,0.599766043238582,0.997511893375263,0.252741581324028
-1.67685681147234,-0.217803173187107,1,0,0,1,36,1,36sx04,O-M,1,0.0084,0.2491,0.669255459004074,0.761057895848609,0.569445877930275,0.869652848617499,0.413791236036152,0.330744540995926,0.238942104151391,0.430554122069725,0.130347151382501,0.586208763963848,1.67685681147234,0.217803173187107
-1.65110151002301,0.659704992755178,0,1,1,1,36,1,36sx04,O-M,1,0.4783,0.0047,0.986459903429963,0.993438940588765,0.967295050376724,0.977371600431914,0.745278418967626,0.986459903429963,0.993438940588765,0.967295050376724,0.977371600431914,0.745278418967626,1.65110151002301,0.659704992755178
-1.62118240343812,1.41219125849978,0,1,1,1,36,1,36sx04,O-M,1,0.258,0.4908,0.995604849004857,0.998472718439656,0.992856172408004,0.997063114657555,0.921053173152877,0.995604849004857,0.998472718439656,0.992856172408004,0.997063114657555,0.921053173152877,1.62118240343812,1.41219125849978
-1.90027039200355,0.220629791889692,0,1,1,1,36,1,36sx04,O-M,1,0.3162,0.1699,0.985492718725507,0.991172104973482,0.94768448197098,0.940995407061464,0.587309648972169,0.985492718725507,0.991172104973482,0.94768448197098,0.940995407061464,0.587309648972169,1.90027039200355,0.220629791889692
-1.45308525674396,-0.281598594863321,1,1,0,0,36,1,36sx04,O-M,1,0.3662,0.0007,0.675143096101021,0.759825118172205,0.556751170698449,0.855645095150757,0.389125658879773,0.324856903898979,0.240174881827795,0.443248829301551,0.144354904849243,0.610874341120227,1.45308525674396,0.281598594863321
