s1,s2,r1,r2,acc1,acc2,id,seq,id_sess,task,dataset,rt1,rt2,p_r2_discrete,p_r2_bayesian,p_r2_optimal,p_r2_fixed,p_r2_naive,p_c2_discrete,p_c2_bayesian,p_c2_optimal,p_c2_fixed,p_c2_naive,abs1,abs2
-1.15571353245264,5.67500471165869,0,1,1,1,53,53,53zm03,O-M,1,0.1444,0.1753,0.999999993382613,0.999999996603677,0.999999999679542,0.999999993684916,0.999999993065758,0.999999993382613,0.999999996603677,0.999999999679542,0.999999993684916,0.999999993065758,1.15571353245264,5.67500471165869
0.214519428203939,5.83050216345324,0,1,1,1,53,53,53zm03,O-M,1,0.2413,0.193,0.999999997254392,0.999999998265435,0.99999999969753,0.999999997489759,0.999999997236959,0.999999997254392,0.999999998265435,0.99999999969753,0.999999997489759,0.999999997236959,0.214519428203939,5.83050216345324
-0.310565972576233,1.81738984590597,0,1,1,1,53,53,53zm03,O-M,1,0.2034,0.754,0.96560802651228,0.971644195219216,0.991644573495302,0.966626922587856,0.965421279285883,0.96560802651228,0.971644195219216,0.991644573495302,0.966626922587856,0.965421279285883,0.310565972576233,1.81738984590597
-0.965237014928254,-0.13662379490969,1,0,0,1,53,53,53zm03,O-M,1,0.8708,0.6176,0.445727185673462,0.466788122122619,0.636720181537955,0.451990410894068,0.445664083624334,0.554272814326538,0.533211877877381,0.363279818462045,0.548009589105932,0.554335916375666,0.965237014928254,0.13662379490969
0.0956127935445092,-2.52091805575961,1,0,0,1,53,53,53zm03,O-M,1,0.9438,0.2734,0.0058922691589801,0.0073405780261537,0.0680499176471209,0.0061238090834585,0.0058524553247484,0.99410773084102,0.992659421973846,0.931950082352879,0.993876190916541,0.994147544675252,0.0956127935445092,2.52091805575961
0.958798291378755,2.27039155478692,1,1,1,1,53,53,53zm03,O-M,1,0.8587,0.6243,0.988680432195618,0.991563108187421,0.998492517472747,0.988884016509661,0.988408081781948,0.988680432195618,0.991563108187421,0.998492517472747,0.988884016509661,0.988408081781948,0.958798291378755,2.27039155478692
-1.35727978792454,5.8731042050408,0,1,1,1,53,53,53zm03,O-M,1,0.2246,0.306,0.999999998003743,0.999999999048764,0.999999999926239,0.999999998058406,0.999999997861453,0.999999998003743,0.999999999048764,0.999999999926239,0.999999998058406,0.999999997861453,1.35727978792454,5.8731042050408
-0.964244414926779,7.53316375890236,0,1,1,1,53,53,53zm03,O-M,1,0.3826,0.338,0.999999999999976,1.00000000195292,1.00000000195293,0.999999999999978,0.999999999999975,0.999999999999976,1.00000000195292,1.00000000195293,0.999999999999978,0.999999999999975,0.964244414926779,7.53316375890236
1.63835278894016,6.25013227309062,1,1,1,1,53,53,53zm03,O-M,1,0.4622,0.3609,0.999999999817126,0.999999999922754,0.999999999995597,0.999999999814925,0.999999999794947,0.999999999817126,0.999999999922754,0.999999999995597,0.999999999814925,0.999999999794947,1.63835278894016,6.25013227309062
-1.09810850478085,-5.44341810866559,1,0,0,1,53,53,53zm03,O-M,1,0.9072,0.4261,2.61960359404924e-08,3.57828638941626e-08,1.37184826924375e-05,2.8585885286532e-08,2.6133884079654e-08,0.999999973803964,0.999999964217136,0.999986281517308,0.999999971414115,0.999999973866116,1.09810850478085,5.44341810866559
0.657629759896796,6.79614843943773,1,1,1,1,53,53,53zm03,O-M,1,0.4787,0.6664,0.99999999999472,0.99999999999719,0.999999999999648,0.999999999995192,0.999999999994627,0.99999999999472,0.99999999999719,0.999999999999648,0.999999999995192,0.999999999994627,0.657629759896796,6.79614843943773
0.548101483871989,-5.82328631282125,1,0,0,1,53,53,53zm03,O-M,1,0.5638,0.3136,2.91813842224851e-09,4.40023312231475e-09,1.13585286870554e-05,3.1744792121627605e-09,2.88507889712441e-09,0.999999997081862,0.999999995599767,0.999988641471313,0.999999996825521,0.999999997114921,0.548101483871989,5.82328631282125
-0.824938138857729,5.85819349048515,0,1,1,1,53,53,53zm03,O-M,1,0.493,0.3215,0.999999997716352,0.999999998745003,0.999999999849079,0.999999997875333,0.999999997660354,0.999999997716352,0.999999998745003,0.999999999849079,0.999999997875333,0.999999997660354,0.824938138857729,5.85819349048515
0.871209898145168,3.07841027689747,1,1,1,1,53,53,53zm03,O-M,1,0.2887,0.8654,0.998982395143264,0.999289434363086,0.999884422250994,0.99901394273409,0.998959459069924,0.998982395143264,0.999289434363086,0.999884422250994,0.99901394273409,0.998959459069924,0.871209898145168,3.07841027689747
-1.13681990483836,-3.82596059639158,1,0,0,1,53,53,53zm03,O-M,1,0.8491,0.5599,6.51966273823736e-05,8.0858052336874e-05,0.0017271847933105,6.94915614722258e-05,6.5131563344651e-05,0.999934803372618,0.999919141947663,0.99827281520669,0.999930508438528,0.999934868436655,1.13681990483836,3.82596059639158
-0.687959338654205,-0.275790464095689,1,0,0,1,53,53,53zm03,O-M,1,0.4958,1.1448,0.391482472227716,0.414409274395159,0.60688454304976,0.397508711079792,0.391354504165667,0.608517527772284,0.585590725604841,0.39311545695024,0.602491288920208,0.608645495834333,0.687959338654205,0.275790464095689
1.23282434695832,2.16956672302972,1,0,1,0,53,53,53zm03,O-M,1,0.2815,1.738,0.985566898414577,0.989443558324394,0.998454844520524,0.985575961275263,0.984980157705195,0.985566898414577,0.989443558324394,0.998454844520524,0.985575961275263,0.984980157705195,1.23282434695832,2.16956672302972
2.14047147934138,7.58712634491325,1,1,1,1,53,53,53zm03,O-M,1,0.1882,0.6871,0.999999999999987,0.999999999999933,0.999999999999937,0.999999999999986,0.999999999999984,0.999999999999987,0.999999999999933,0.999999999999937,0.999999999999986,0.999999999999984,2.14047147934138,7.58712634491325
-0.146615834401601,-3.88986365877291,1,0,0,1,53,53,53zm03,O-M,1,1.0726,0.3146,5.07707841232398e-05,6.99419472635077e-05,0.0048732614051873,5.35594031578006e-05,5.01502791686432e-05,0.999949229215877,0.999930058052736,0.995126738594813,0.999946440596842,0.999949849720831,0.146615834401601,3.88986365877291
-0.48173813145125,-1.33374116351986,1,0,0,1,53,53,53zm03,O-M,1,0.7663,0.5379,0.0912599051820014,0.102505178454535,0.265915958566905,0.0937934217648803,0.0911443496511122,0.908740094817999,0.897494821545465,0.734084041433095,0.90620657823512,0.908855650348888,0.48173813145125,1.33374116351986
-1.10177085651043,2.17595702926785,0,1,1,1,53,53,53zm03,O-M,1,0.4967,1.3139,0.985672460799057,0.989385918313177,0.998267109739576,0.985808321478548,0.985220763089866,0.985672460799057,0.989385918313177,0.998267109739576,0.985808321478548,0.985220763089866,1.10177085651043,2.17595702926785
-0.850540373378527,3.44691793662978,0,1,1,1,53,53,53zm03,O-M,1,0.6048,0.8457,0.999722715075988,0.999812269529068,0.999970825486636,0.999732814051616,0.99971648960583,0.999722715075988,0.999812269529068,0.999970825486636,0.999732814051616,0.99971648960583,0.850540373378527,3.44691793662978
2.29227082439451,2.74682438654103,1,1,1,1,53,53,53zm03,O-M,1,0.3361,0.6822,0.997632403114857,0.998488333747226,0.999946222074174,0.997134729704205,0.99699123271317,0.997632403114857,0.998488333747226,0.999946222074174,0.997134729704205,0.99699123271317,2.29227082439451,2.74682438654103
-0.273257903555283,-2.85321398014251,1,0,0,1,53,53,53zm03,O-M,1,0.7719,0.4556,0.0021755031737803,0.0027339780631236,0.0338509955113391,0.0022753812742723,0.0021639734144286,0.99782449682622,0.997266021936876,0.966149004488661,0.997724618725728,0.997836026585571,0.273257903555283,2.85321398014251
2.14235399658556,5.50672664738786,1,1,1,1,53,53,53zm03,O-M,1,0.3812,0.601,0.999999985706855,0.999999994013019,0.999999999812606,0.999999983310076,0.999999981721639,0.999999985706855,0.999999994013019,0.999999999812606,0.999999983310076,0.999999981721639,2.14235399658556,5.50672664738786
1.66895225105459,2.15536604250054,1,1,1,1,53,53,53zm03,O-M,1,0.3579,0.5208,0.985716011692856,0.989920922369045,0.999041010404998,0.98504785224185,0.984433399265984,0.985716011692856,0.989920922369045,0.999041010404998,0.98504785224185,0.984433399265984,1.66895225105459,2.15536604250054
1.97765085151326,7.89883128252883,1,1,1,1,53,53,53zm03,O-M,1,0.9093,0.5456,0.999999999999999,0.999999999999956,0.999999999999957,0.999999999999999,0.999999999999999,0.999999999999999,0.999999999999956,0.999999999999957,0.999999999999999,0.999999999999999,1.97765085151326,7.89883128252883
0.162870000540992,-2.59547162853782,1,0,0,1,53,53,53zm03,O-M,1,0.9066,0.7368,0.0047515764042781,0.0059179750043982,0.0574134965452637,0.0049474310502977,0.0047230600618437,0.995248423595722,0.994082024995602,0.942586503454736,0.995052568949702,0.995276939938156,0.162870000540992,2.59547162853782
1.96091356183322,6.71094435626263,1,1,1,1,53,53,53zm03,O-M,1,0.4287,0.5766,0.999999999992046,0.99999999999706,0.999999999999849,0.999999999991336,0.999999999990332,0.999999999992046,0.99999999999706,0.999999999999849,0.999999999991336,0.999999999990332,1.96091356183322,6.71094435626263
2.45225056256324,7.6680702239296,1,1,1,1,53,53,53zm03,O-M,1,0.3118,0.2643,0.999999999999994,0.999999999999991,0.999999999999993,0.999999999999992,0.999999999999991,0.999999999999994,0.999999999999991,0.999999999999993,0.999999999999992,0.999999999999991,2.45225056256324,7.6680702239296
-0.387920317518752,-2.67712554158063,1,0,0,1,53,53,53zm03,O-M,1,0.3492,0.5061,0.0037264018657024,0.0045804543290234,0.0420222326973753,0.0038938759561095,0.0037128402712255,0.996273598134298,0.995419545670976,0.957977767302625,0.99610612404389,0.996287159728774,0.387920317518752,2.67712554158063
-1.13969502208402,7.1497453846144,0,1,1,1,53,53,53zm03,O-M,1,0.7488,0.3442,0.999999999999585,0.999999999999816,0.999999999999986,0.999999999999613,0.999999999999565,0.999999999999585,0.999999999999816,0.999999999999986,0.999999999999613,0.999999999999565,1.13969502208402,7.1497453846144
1.24305839524938,4.53255996308587,1,1,1,1,53,53,53zm03,O-M,1,0.2652,0.6412,0.99999723515706,0.999998435674592,0.999999847671289,0.99999729915451,0.999997086343675,0.99999723515706,0.999998435674592,0.999999847671289,0.99999729915451,0.999997086343675,1.24305839524938,4.53255996308587
-0.351365255395473,6.50716459066884,0,1,1,1,53,53,53zm03,O-M,1,0.504,0.473,0.999999999962045,0.99999999997773,0.999999999996581,0.999999999965578,0.999999999961709,0.999999999962045,0.99999999997773,0.999999999996581,0.999999999965578,0.999999999961709,0.351365255395473,6.50716459066884
-0.0004982686672582,4.16121216724772,0,1,1,1,53,53,53zm03,O-M,1,0.7558,0.753,0.999984227840823,0.999988516951781,0.999997349387994,0.999985244141859,0.999984171859568,0.999984227840823,0.999988516951781,0.999997349387994,0.999985244141859,0.999984171859568,0.0004982686672582,4.16121216724772
0.818396732549456,5.54293838273728,1,1,1,1,53,53,53zm03,O-M,1,0.4879,0.457,0.999999985475545,0.999999991787041,0.999999998980871,0.999999986428171,0.999999985128122,0.999999985475545,0.999999991787041,0.999999998980871,0.999999986428171,0.999999985128122,0.818396732549456,5.54293838273728
-0.739266490454576,1.00227078353083,0,1,1,1,53,53,53zm03,O-M,1,0.4633,0.5141,0.843643962855229,0.867049556420182,0.961690379684373,0.845722896614151,0.84189358534934,0.843643962855229,0.867049556420182,0.961690379684373,0.845722896614151,0.84189358534934,0.739266490454576,1.00227078353083
0.108893097012517,0.48607604629501,1,1,0,0,53,53,53zm03,O-M,1,0.3723,1.6412,0.313970823791509,0.341104508413009,0.585658470838913,0.319146646096107,0.313456624777165,0.686029176208491,0.658895491586991,0.414341529161087,0.680853353903893,0.686543375222835,0.108893097012517,0.48607604629501
0.376860869824457,-2.4776059801456,1,0,0,1,53,53,53zm03,O-M,1,0.7906,0.215,0.0066355449076921,0.0080543266921509,0.0593273580744452,0.0069156267658989,0.0066133560559214,0.993364455092308,0.991945673307849,0.940672641925555,0.993084373234101,0.993386643944078,0.376860869824457,2.4776059801456
0.436006138877852,-4.57646656235893,1,0,0,1,53,53,53zm03,O-M,1,0.3123,0.2176,2.3846127077053e-06,3.3382471926191e-06,0.000593233631632,2.55187868110911e-06,2.36447626565382e-06,0.999997615387292,0.999996661752807,0.999406766368368,0.999997448121319,0.999997635523734,0.436006138877852,4.57646656235893
-1.10786336686431,2.16317641679159,0,1,1,1,53,53,53zm03,O-M,1,1.014,0.3619,0.985207104486548,0.989033926119342,0.998213145979451,0.985340333085636,0.98473619330055,0.985207104486548,0.989033926119342,0.998213145979451,0.985340333085636,0.98473619330055,1.10786336686431,2.16317641679159
0.783108091117714,-4.48700227502508,0,0,0,1,53,53,53zm03,O-M,1,1.5459,0.2475,3.62395889269206e-06,4.83486429636582e-06,0.0004466317562941,3.89250508134424e-06,3.61161518179127e-06,0.999996376041107,0.999995165135704,0.999553368243706,0.999996107494919,0.999996388384818,0.783108091117714,4.48700227502508
1.07120168464921,6.55402683641515,1,1,1,1,53,53,53zm03,O-M,1,0.1842,0.2255,0.999999999973114,0.999999999987018,0.999999999998768,0.999999999974845,0.999999999971997,0.999999999973114,0.999999999987018,0.999999999998768,0.999999999974845,0.999999999971997,1.07120168464921,6.55402683641515
-1.37603650519379,4.92591881374425,0,1,1,1,53,53,53zm03,O-M,1,0.3129,0.4632,0.999999607994104,0.999999793569646,0.999999982987021,0.99999961319231,0.999999580175714,0.999999607994104,0.999999793569646,0.999999982987021,0.99999961319231,0.999999580175714,1.37603650519379,4.92591881374425
0.138671097056761,-5.96032287992787,1,0,0,1,53,53,53zm03,O-M,1,0.2342,0.2874,1.3005454177892402e-09,2.1625198853847402e-09,1.81314039641167e-05,1.3879220333465102e-09,1.2587001456759302e-09,0.999999998699455,0.99999999783748,0.999981868596036,0.999999998612078,0.9999999987413,0.138671097056761,5.96032287992787
1.96981273426023,6.40633975891164,1,1,1,1,53,53,53zm03,O-M,1,0.271,0.4169,0.999999999938758,0.999999999976718,0.999999999999075,0.999999999932898,0.999999999925473,0.999999999938758,0.999999999976718,0.999999999999075,0.999999999932898,0.999999999925473,1.96981273426023,6.40633975891164
0.290983855903757,-5.05147932606012,1,0,0,1,53,53,53zm03,O-M,1,0.9944,0.3055,2.2253126652687e-07,3.29567393708707e-07,0.0002052447024234,2.38314408000726e-07,2.19200696755233e-07,0.999999777468733,0.999999670432606,0.999794755297577,0.999999761685592,0.999999780799303,0.290983855903757,5.05147932606012
0.0267468899939123,5.04946473434815,0,1,1,1,53,53,53zm03,O-M,1,1.158,0.4025,0.999999779351291,0.999999848448103,0.999999968677425,0.999999796286331,0.999999778475143,0.999999779351291,0.999999848448103,0.999999968677425,0.999999796286331,0.999999778475143,0.0267468899939123,5.04946473434815
-0.461235807282857,4.52758972490065,0,1,1,1,53,53,53zm03,O-M,1,0.3391,0.4091,0.999997047989519,0.999998049046627,0.999999661317861,0.999997234651696,0.999997016986415,0.999997047989519,0.999998049046627,0.999999661317861,0.999997234651696,0.999997016986415,0.461235807282857,4.52758972490065
-0.586748366090033,1.16699867766936,0,1,1,1,53,53,53zm03,O-M,1,0.2785,0.4348,0.879419918742584,0.897785164470517,0.969357341628496,0.881593113088656,0.87839454822336,0.879419918742584,0.897785164470517,0.969357341628496,0.881593113088656,0.87839454822336,0.586748366090033,1.16699867766936
1.85716974788597,-0.50797159074784,0,1,0,0,53,53,53zm03,O-M,1,0.6005,1.6501,0.305742453170516,0.319650822901494,0.452173124157226,0.311366054749713,0.305736633344521,0.694257546829484,0.680349177098506,0.547826875842774,0.688633945250287,0.694263366655479,1.85716974788597,0.50797159074784
0.0758634762737863,-1.52829048676968,1,0,0,1,53,53,53zm03,O-M,1,0.9229,0.1784,0.0634660346880694,0.0737181187553931,0.251878591733709,0.0652286740129493,0.063220215420132,0.936533965311931,0.926281881244607,0.748121408266291,0.934771325987051,0.936779784579868,0.0758634762737863,1.52829048676968
2.00643625155603,7.44795967572725,1,1,1,1,53,53,53zm03,O-M,1,0.189,1.2022,0.999999999999962,0.999999999999941,0.999999999999953,0.999999999999958,0.999999999999953,0.999999999999962,0.999999999999941,0.999999999999953,0.999999999999958,0.999999999999953,2.00643625155603,7.44795967572725
0.654925780582433,7.06525133546576,1,1,1,1,53,53,53zm03,O-M,1,0.3874,0.3852,0.999999999999212,0.999999999999589,0.99999999999995,0.999999999999286,0.999999999999198,0.999999999999212,0.999999999999589,0.99999999999995,0.999999999999286,0.999999999999198,0.654925780582433,7.06525133546576
-0.877717076867182,-2.38743165878529,1,0,0,1,53,53,53zm03,O-M,1,0.7975,0.25,0.0084909655490005,0.009908212997241,0.0502567296670904,0.0088594134755475,0.0084832784631487,0.991509034450999,0.990091787002759,0.94974327033291,0.991140586524452,0.991516721536851,0.877717076867182,2.38743165878529
2.23736977603708,5.69417563037308,1,1,1,1,53,53,53zm03,O-M,1,0.2991,1.2658,0.999999995331804,0.999999998125891,0.999999999949529,0.999999994356675,0.999999993801529,0.999999995331804,0.999999998125891,0.999999999949529,0.999999994356675,0.999999993801529,2.23736977603708,5.69417563037308
0.0602556969402514,4.77255146402907,0,1,1,1,53,53,53zm03,O-M,1,0.2735,0.5045,0.999999094307,0.999999370747893,0.999999868433134,0.999999160009256,0.999999090466972,0.999999094307,0.999999370747893,0.999999868433134,0.999999160009256,0.999999090466972,0.0602556969402514,4.77255146402907
1.8089430788488,6.4887037059809,1,1,1,1,53,53,53zm03,O-M,1,0.8613,0.6007,0.999999999962845,0.999999999985445,0.999999999999303,0.999999999961074,0.999999999956711,0.999999999962845,0.999999999985445,0.999999999999303,0.999999999961074,0.999999999956711,1.8089430788488,6.4887037059809
-0.399934200295223,2.91226231470602,0,1,1,1,53,53,53zm03,O-M,1,0.4989,0.538,0.998220060322376,0.998658492589855,0.99969618597301,0.998295631572012,0.998205894171696,0.998220060322376,0.998658492589855,0.99969618597301,0.998295631572012,0.998205894171696,0.399934200295223,2.91226231470602
1.80360357539259,7.75256427307824,1,1,1,1,53,53,53zm03,O-M,1,1.1221,0.2576,0.999999999999996,0.999999999999974,0.999999999999975,0.999999999999996,0.999999999999995,0.999999999999996,0.999999999999974,0.999999999999975,0.999999999999996,0.999999999999995,1.80360357539259,7.75256427307824
0.714276415153375,0.95256840167869,1,1,1,1,53,53,53zm03,O-M,1,0.6513,1.1931,0.831356089391701,0.855802563005913,0.957209370930409,0.833617128965364,0.829595603254252,0.831356089391701,0.855802563005913,0.957209370930409,0.833617128965364,0.829595603254252,0.714276415153375,0.95256840167869
-1.02277358742753,4.56522152830299,0,1,1,1,53,53,53zm03,O-M,1,0.4943,0.4259,0.999997589172077,0.99999857983113,0.999999836442562,0.999997688546339,0.999997505164263,0.999997589172077,0.99999857983113,0.999999836442562,0.999997688546339,0.999997505164263,1.02277358742753,4.56522152830299
-0.443163641738764,4.1754128477769,0,1,1,1,53,53,53zm03,O-M,1,0.5175,0.7388,0.999985272968902,0.999989974018538,0.999998164001129,0.999986138233566,0.999985127694197,0.999985272968902,0.999989974018538,0.999998164001129,0.999986138233566,0.999985127694197,0.443163641738764,4.1754128477769
-0.306869393260396,1.40699017861256,0,1,1,1,53,53,53zm03,O-M,1,0.2048,0.5299,0.920672019921818,0.932648264475296,0.978115210721409,0.922628998448175,0.920284849447346,0.920672019921818,0.932648264475296,0.978115210721409,0.922628998448175,0.920284849447346,0.306869393260396,1.40699017861256
-0.544853800510545,5.34980912754038,0,1,1,1,53,53,53zm03,O-M,1,0.4308,0.3716,0.999999956548344,0.999999973455254,0.999999995982649,0.999999959704124,0.999999955976478,0.999999956548344,0.999999973455254,0.999999995982649,0.999999959704124,0.999999955976478,0.544853800510545,5.34980912754038
1.07085940878663,1.21386092341567,1,1,1,1,53,53,53zm03,O-M,1,0.2883,0.7839,0.890193268373463,0.910337287829352,0.980553745389979,0.890623466860959,0.887599581472798,0.890193268373463,0.910337287829352,0.980553745389979,0.890623466860959,0.887599581472798,1.07085940878663,1.21386092341567
2.30705714165786,4.55102084777381,1,1,1,1,53,53,53zm03,O-M,1,0.2233,0.6636,0.999998010609241,0.999999045722705,0.999999975047156,0.99999752635377,0.999997330687129,0.999998010609241,0.999999045722705,0.999999975047156,0.99999752635377,0.999997330687129,2.30705714165786,4.55102084777381
0.0645683728087282,6.19616968707972,0,1,1,1,53,53,53zm03,O-M,1,0.4137,0.3379,0.999999999712034,0.999999999670383,0.999999999820098,0.999999999738693,0.999999999710731,0.999999999712034,0.999999999670383,0.999999999820098,0.999999999738693,0.999999999710731,0.0645683728087282,6.19616968707972
0.101328800449554,1.75703695365694,0,1,1,1,53,53,53zm03,O-M,1,0.4517,0.2495,0.960674242635026,0.9669075079109,0.98910945529599,0.96188785058517,0.960544244664615,0.960674242635026,0.9669075079109,0.98910945529599,0.96188785058517,0.960544244664615,0.101328800449554,1.75703695365694
-0.7446744490833,7.97338485530705,0,1,1,1,53,53,53zm03,O-M,1,0.257,0.2181,0.999999999999999,1.0,1.0,0.999999999999999,0.999999999999999,0.999999999999999,1.0,1.0,0.999999999999999,0.999999999999999,0.7446744490833,7.97338485530705
0.215306662687868,-6.0242259423092,1,0,0,1,53,53,53zm03,O-M,1,0.2192,0.2473,8.73766357085636e-10,1.43481898584596e-09,1.23458885262218e-05,9.37761818007375e-10,8.496042868605471e-10,0.999999999126234,0.999999998565181,0.999987654111474,0.999999999062238,0.999999999150396,0.215306662687868,6.0242259423092
1.69383570626398,4.74486013699716,1,1,1,1,53,53,53zm03,O-M,1,0.4386,0.2092,0.999999073082437,0.999999533006046,0.999999972109654,0.999999036102504,0.999998956747744,0.999999073082437,0.999999533006046,0.999999972109654,0.999999036102504,0.999998956747744,1.69383570626398,4.74486013699716
-0.380321793369531,0.955408537784527,0,1,1,1,53,53,53zm03,O-M,1,0.2104,0.4249,0.831163375688642,0.852755221394469,0.948043967075463,0.834324984429489,0.830314430954516,0.831163375688642,0.852755221394469,0.948043967075463,0.834324984429489,0.830314430954516,0.380321793369531,0.955408537784527
0.0930799521614355,3.79483460959478,0,1,1,1,53,53,53zm03,O-M,1,0.2539,0.4747,0.9999264450745,0.99994584548336,0.999987445346578,0.999930747896148,0.999926129045648,0.9999264450745,0.99994584548336,0.999987445346578,0.999930747896148,0.999926129045648,0.0930799521614355,3.79483460959478
-0.218459537956622,4.51906931658314,0,1,1,1,53,53,53zm03,O-M,1,0.1348,0.4736,0.999996913065053,0.99999787336693,0.999999577359717,0.999997120630276,0.999996894397061,0.999996913065053,0.99999787336693,0.999999577359717,0.999997120630276,0.999996894397061,0.218459537956622,4.51906931658314
1.93668043076273,4.84000469654269,1,1,1,1,53,53,53zm03,O-M,1,0.2295,0.603,0.999999455227918,0.999999740192717,0.999999988632634,0.999999401079402,0.999999350819699,0.999999455227918,0.999999740192717,0.999999988632634,0.999999401079402,0.999999350819699,1.93668043076273,4.84000469654269
1.18914994689343,4.72000894607109,1,1,1,1,53,53,53zm03,O-M,1,0.2541,0.5933,0.999998875891023,0.999999369251834,0.999999936845294,0.999998910104514,0.999998820828644,0.999998875891023,0.999999369251834,0.999999936845294,0.999998910104514,0.999998820828644,1.18914994689343,4.72000894607109
-0.343150634693613,1.92176484779547,0,1,1,1,53,53,53zm03,O-M,1,1.1293,0.5133,0.972844600866911,0.977839558540155,0.993722660417348,0.973673409155592,0.972682323325338,0.972844600866911,0.977839558540155,0.993722660417348,0.973673409155592,0.972682323325338,0.343150634693613,1.92176484779547
1.73843425115783,4.84284483264853,1,1,1,1,53,53,53zm03,O-M,1,0.2184,0.4332,0.99999943689901,0.999999722244741,0.999999984409032,0.999999409606032,0.999999360033797,0.99999943689901,0.999999722244741,0.999999984409032,0.999999409606032,0.999999360033797,1.73843425115783,4.84284483264853
0.102013352174709,5.5060166133614,0,1,1,1,53,53,53zm03,O-M,1,0.6629,0.2247,0.999999981736043,0.999999987969763,0.999999997714331,0.999999983242473,0.999999981647805,0.999999981736043,0.999999987969763,0.999999997714331,0.999999983242473,0.999999981647805,0.102013352174709,5.5060166133614
0.561381787339997,5.51879722583767,1,1,1,1,53,53,53zm03,O-M,1,0.2182,0.5347,0.99999998316491,0.999999989883318,0.999999998508165,0.999999984419649,0.999999982933611,0.99999998316491,0.999999989883318,0.999999998508165,0.999999984419649,0.999999982933611,0.561381787339997,5.51879722583767
1.16447185720159,3.173554836443,1,1,1,1,53,53,53zm03,O-M,1,0.2237,0.7604,0.999276874730695,0.999520650936195,0.999939355596433,0.999287513971884,0.999247077733535,0.999276874730695,0.999520650936195,0.999939355596433,0.999287513971884,0.999247077733535,1.16447185720159,3.173554836443
0.684601097867904,2.06945192529898,1,1,1,1,53,53,53zm03,O-M,1,0.3665,0.6001,0.980996545914907,0.985153155169883,0.996647742626265,0.981485381810538,0.980748150909303,0.980996545914907,0.985153155169883,0.996647742626265,0.981485381810538,0.980748150909303,0.684601097867904,2.06945192529898
0.754083097971141,6.06978363036999,1,1,1,1,53,53,53zm03,O-M,1,0.198,0.4488,0.999999999372908,0.99999999965528,0.999999999957185,0.999999999420348,0.999999999359586,0.999999999372908,0.99999999965528,0.999999999957185,0.999999999420348,0.999999999359586,0.754083097971141,6.06978363036999
1.45201780935296,1.76058712378923,1,1,1,1,53,53,53zm03,O-M,1,0.2122,0.7205,0.962930691640492,0.972167872926426,0.996296379424613,0.962181049974264,0.960845845220212,0.962930691640492,0.972167872926426,0.996296379424613,0.962181049974264,0.960845845220212,1.45201780935296,1.76058712378923
0.483787849293674,-2.94125819942344,1,0,0,1,53,53,53zm03,O-M,1,0.1855,0.5382,0.0016398512146155,0.0020354376651491,0.0240014155039174,0.0017207954025041,0.0016344096890867,0.998360148785384,0.997964562334851,0.975998584496083,0.998279204597496,0.998365590310913,0.483787849293674,2.94125819942344
0.764864787642332,1.24723252265925,1,1,1,1,53,53,53zm03,O-M,1,0.4446,1.0812,0.895181323175723,0.912806185840011,0.976957514230172,0.896745326524901,0.893843874455435,0.895181323175723,0.912806185840011,0.976957514230172,0.896745326524901,0.893843874455435,0.764864787642332,1.24723252265925
-0.654074028259031,1.62994086292075,0,1,1,1,53,53,53zm03,O-M,1,0.2869,0.6029,0.949011415130996,0.95855768929078,0.989417701029761,0.950110966888355,0.948443001907862,0.949011415130996,0.95855768929078,0.989417701029761,0.950110966888355,0.948443001907862,0.654074028259031,1.62994086292075
0.0905813383646196,3.0187674186749,0,1,1,1,53,53,53zm03,O-M,1,1.1171,0.3943,0.998735977517415,0.999020310206804,0.999744708452521,0.998796352476902,0.998730973521793,0.998735977517415,0.999020310206804,0.999744708452521,0.998796352476902,0.998730973521793,0.0905813383646196,3.0187674186749
2.3109933140775,4.69657782319794,1,1,1,1,53,53,53zm03,O-M,1,0.1597,1.0474,0.999999018425543,0.999999540286668,0.999999988214094,0.999998776924763,0.99999867721767,0.999999018425543,0.999999540286668,0.999999988214094,0.999998776924763,0.99999867721767,2.3109933140775,4.69657782319794
0.332673055965699,3.80264498388583,0,1,1,1,53,53,53zm03,O-M,1,0.4644,0.3296,0.99992895155779,0.999949419267758,0.999989641016997,0.999932903829429,0.999928420282422,0.99992895155779,0.999949419267758,0.999989641016997,0.999932903829429,0.999928420282422,0.332673055965699,3.80264498388583
1.76667200982047,3.60170535439788,1,1,1,1,53,53,53zm03,O-M,1,0.1937,0.3292,0.999860166490136,0.999918973237429,0.99999488925843,0.999851380815512,0.999841931722335,0.999860166490136,0.999918973237429,0.99999488925843,0.999851380815512,0.999841931722335,1.76667200982047,3.60170535439788
-0.75473735944308,6.93744521070311,0,1,1,1,53,53,53zm03,O-M,1,0.3942,0.3466,0.999999999998046,0.999999999998999,0.999999999999884,0.999999999998218,0.999999999998004,0.999999999998046,0.999999999998999,0.999999999999884,0.999999999998218,0.999999999998004,0.75473735944308,6.93744521070311
-0.222019206927429,7.82569777780354,0,1,1,1,53,53,53zm03,O-M,1,0.4613,0.154,0.999999999999997,0.999999999999998,1.0,0.999999999999998,0.999999999999997,0.999999999999997,0.999999999999998,1.0,0.999999999999998,0.999999999999997,0.222019206927429,7.82569777780354
0.0885276831891545,7.17530660956693,0,1,1,1,53,53,53zm03,O-M,1,0.4656,0.1687,0.999999999999641,0.999999999999786,0.999999999999964,0.999999999999679,0.999999999999639,0.999999999999641,0.999999999999786,0.999999999999964,0.999999999999679,0.999999999999639,0.0885276831891545,7.17530660956693
1.12706110542186,0.452704447051428,0,1,0,0,53,53,53zm03,O-M,1,0.5405,0.8746,0.325421279367572,0.343743416231644,0.512364170072046,0.33115909798173,0.325380788458138,0.674578720632429,0.656256583768356,0.487635829927954,0.66884090201827,0.674619211541862,1.12706110542186,0.452704447051428
-1.18422511180535,3.19201572113094,0,1,1,1,53,53,53zm03,O-M,1,0.2913,0.2173,0.99932265256462,0.999553165920065,0.999944615795268,0.999331704986165,0.999293581786835,0.99932265256462,0.999553165920065,0.999944615795268,0.999331704986165,0.999293581786835,1.18422511180535,3.19201572113094
0.619431773633145,4.32949023151854,1,1,1,1,53,53,53zm03,O-M,1,0.2019,0.3534,0.999992635562766,0.999995195182337,0.999999225314523,0.999993051424497,0.999992527255026,0.999992635562766,0.999995195182337,0.999999225314523,0.999993051424497,0.999992527255026,0.619431773633145,4.32949023151854
1.07965589845488,3.45685841300021,1,1,1,1,53,53,53zm03,O-M,1,0.0994,0.371,0.999736211993388,0.999827961916274,0.999977675083052,0.999742516602085,0.999726744044421,0.999736211993388,0.999827961916274,0.999977675083052,0.999742516602085,0.999726744044421,1.07965589845488,3.45685841300021
0.717356897916573,7.93930322203701,1,1,1,1,53,53,53zm03,O-M,1,0.2146,0.4582,0.999999999999999,1.0,1.0,0.999999999999999,0.999999999999999,0.999999999999999,1.0,1.0,0.999999999999999,0.999999999999999,0.717356897916573,7.93930322203701
0.188848738510625,5.39596133926023,0,1,1,1,53,53,53zm03,O-M,1,0.2605,0.1215,0.999999966120756,0.999999977873598,0.999999995931381,0.999999968829123,0.999999965921189,0.999999966120756,0.999999977873598,0.999999995931381,0.999999968829123,0.999999965921189,0.188848738510625,5.39596133926023
0.952466187921071,5.4243627003186,1,1,1,1,53,53,53zm03,O-M,1,0.2704,0.203,0.999999971806569,0.999999986134136,0.999999999960692,0.999999973412352,0.999999970919162,0.999999971806569,0.999999986134136,0.999999999960692,0.999999973412352,0.999999970919162,0.952466187921071,5.4243627003186
1.10638764332218,0.133899169171257,0,0,0,1,53,53,53zm03,O-M,1,0.3258,0.4515,0.446784984119807,0.466774990827755,0.629288960401365,0.453069674920451,0.446741153637739,0.553215015880193,0.533225009172245,0.370711039598635,0.546930325079549,0.553258846362261,1.10638764332218,0.133899169171257
-0.711576373172054,2.90374190638851,0,1,1,1,53,53,53zm03,O-M,1,0.3148,1.0803,0.998184945855138,0.998684061516332,0.999753163623094,0.998248334899611,0.998156340050617,0.998184945855138,0.998684061516332,0.999753163623094,0.998248334899611,0.998156340050617,0.711576373172054,2.90374190638851
-0.0504020894310605,2.32009393663907,0,1,1,1,53,53,53zm03,O-M,1,0.2668,0.794,0.989865212970898,0.991744732002044,0.99752229319471,0.99025655718918,0.989832101861998,0.989865212970898,0.991744732002044,0.99752229319471,0.99025655718918,0.989832101861998,0.0504020894310605,2.32009393663907
2.1396500172712,3.12740262472315,1,1,1,1,53,53,53zm03,O-M,1,0.2502,0.4546,0.999281591807606,0.999566761342498,0.999982061646042,0.999164990633856,0.999118208854067,0.999281591807606,0.999566761342498,0.999982061646042,0.999164990633856,0.999118208854067,2.1396500172712,3.12740262472315
-1.38914567073051,4.83716456043685,0,1,1,1,53,53,53zm03,O-M,1,0.2516,0.4025,0.999999385936439,0.999999674323851,0.999999973269315,0.999999392434361,0.999999341478067,0.999999385936439,0.999999674323851,0.999999973269315,0.999999392434361,0.999999341478067,1.38914567073051,4.83716456043685
-1.03482169779026,3.15722405383444,0,1,1,1,53,53,53zm03,O-M,1,0.3074,0.3223,0.999228141272077,0.999477643978346,0.999926115694449,0.999246192450652,0.999203605447505,0.999228141272077,0.999477643978346,0.999926115694449,0.999246192450652,0.999203605447505,1.03482169779026,3.15722405383444
-0.782495931898116,-6.10445978729908,1,0,0,1,53,53,53zm03,O-M,1,0.8192,0.1144,5.19460146306288e-10,7.66203100965868e-10,2.57415131482697e-06,5.69973549500962e-10,5.157447782672101e-10,0.99999999948054,0.999999999233797,0.999997425848685,0.999999999430026,0.999999999484255,0.782495931898116,6.10445978729908
-0.181459517211993,5.17088055287267,0,1,1,1,53,53,53zm03,O-M,1,0.405,0.121,0.999999884167764,0.999999923125607,0.999999985492716,0.999999893071164,0.999999883503266,0.999999884167764,0.999999923125607,0.999999985492716,0.999999893071164,0.999999883503266,0.181459517211993,5.17088055287267
2.3255742658233,2.05028100658458,1,1,1,1,53,53,53zm03,O-M,1,0.0937,0.7226,0.983829131540109,0.988546919355805,0.999531501903926,0.980598534704982,0.979831491524201,0.983829131540109,0.988546919355805,0.999531501903926,0.980598534704982,0.979831491524201,2.3255742658233,2.05028100658458
-0.899965007934721,5.14673939597306,0,1,1,1,53,53,53zm03,O-M,1,0.1881,0.2976,0.999999871071874,0.999999926846164,0.999999991923104,0.99999987831235,0.999999867473428,0.999999871071874,0.999999926846164,0.999999991923104,0.99999987831235,0.999999867473428,0.899965007934721,5.14673939597306
1.79463594779306,7.18382701788444,1,1,1,1,53,53,53zm03,O-M,1,0.4377,0.1861,0.999999999999709,0.999999999999872,0.999999999999972,0.999999999999699,0.999999999999661,0.999999999999709,0.999999999999872,0.999999999999972,0.999999999999699,0.999999999999661,1.79463594779306,7.18382701788444
0.389490849153567,0.792100711698916,1,0,0,1,53,53,53zm03,O-M,1,0.3497,0.8496,0.214379615542618,0.234563393817785,0.449706098375127,0.21884170614754,0.214150977577815,0.785620384457382,0.765436606182215,0.550293901624873,0.78115829385246,0.785849022422185,0.389490849153567,0.792100711698916
-0.0071041928150043,-5.36602439978154,1,0,0,1,53,53,53zm03,O-M,1,0.4288,0.1859,4.16440179259252e-08,6.61416827973937e-08,0.0001458824846748,4.39686721434731e-08,4.02455288351119e-08,0.999999958355982,0.999999933858317,0.999854117515325,0.999999956031328,0.999999959754471,0.0071041928150043,5.36602439978154
0.828562325668009,-1.88259746597281,0,0,0,1,53,53,53zm03,O-M,1,0.6132,0.1947,0.0299001561638505,0.0340434116062579,0.116276936552061,0.0309781875864121,0.029877470030529,0.970099843836149,0.965956588393742,0.883723063447939,0.969021812413588,0.970122529969471,0.828562325668009,1.88259746597281
2.36476485208843,3.82323597065315,1,0,1,0,53,53,53zm03,O-M,1,0.1478,1.0973,0.999951196364752,0.999973672775766,0.999999317539203,0.999938288513014,0.999934144190521,0.999951196364752,0.999973672775766,0.999999317539203,0.999938288513014,0.999934144190521,2.36476485208843,3.82323597065315
1.44120189209551,1.86496212567873,1,0,1,0,53,53,53zm03,O-M,1,0.1508,0.6261,0.970568416338029,0.978145317764837,0.997146188506527,0.970010760356415,0.968906643392164,0.970568416338029,0.978145317764837,0.997146188506527,0.970010760356415,0.968906643392164,1.44120189209551,1.86496212567873
1.29491318842988,4.7981126889816,1,1,1,1,53,53,53zm03,O-M,1,0.1153,0.7945,0.999999244776331,0.999999589332488,0.999999962954669,0.999999260684879,0.999999199161683,0.999999244776331,0.999999589332488,0.999999962954669,0.999999260684879,0.999999199161683,1.29491318842988,4.7981126889816
-0.504807524588975,2.23204971735813,0,1,1,1,53,53,53zm03,O-M,1,0.3906,0.3681,0.987309623729922,0.990036776833466,0.99758006066293,0.987713160091583,0.987194161409107,0.987309623729922,0.990036776833466,0.99758006066293,0.987713160091583,0.987194161409107,0.504807524588975,2.23204971735813
1.42990678863045,4.83787459446331,1,1,1,1,53,53,53zm03,O-M,1,0.2244,0.2653,0.999999391389448,0.999999680088015,0.999999974789404,0.999999394606808,0.999999343825524,0.999999391389448,0.999999680088015,0.999999974789404,0.999999394606808,0.999999343825524,1.42990678863045,4.83787459446331
-0.186456744805624,6.62290013698169,0,1,1,1,53,53,53zm03,O-M,1,0.8793,0.2087,0.999999999982496,0.999999999989427,0.999999999998246,0.999999999984197,0.999999999982389,0.999999999982496,0.999999999989427,0.999999999998246,0.999999999984197,0.999999999982389,0.186456744805624,6.62290013698169
1.05576504324697,3.19769599334261,1,1,1,1,53,53,53zm03,O-M,1,0.3532,0.6732,0.999329673755577,0.999549582887876,0.999937797168031,0.999344784719849,0.999307348812738,0.999329673755577,0.999549582887876,0.999937797168031,0.999344784719849,0.999307348812738,1.05576504324697,3.19769599334261
-0.519320021162262,-2.01395376086776,1,0,0,1,53,53,53zm03,O-M,1,0.49,0.3137,0.0220466945244546,0.0257251977926758,0.111201055615327,0.0228602755262576,0.0220071941831281,0.977953305475545,0.974274802207324,0.888798944384673,0.977139724473742,0.977992805816872,0.519320021162262,2.01395376086776
-0.600165579903072,-0.287151008519036,1,0,0,1,53,53,53zm03,O-M,1,0.3334,0.6425,0.387157808914732,0.410837036204087,0.609606820460039,0.393133465279725,0.386998348395669,0.612842191085268,0.589162963795913,0.390393179539961,0.606866534720275,0.613001651604331,0.600165579903072,0.287151008519036
2.01400054811899,2.5856466625348,1,0,1,0,53,53,53zm03,O-M,1,0.1687,0.6984,0.995852971531749,0.997284525732139,0.999848937354747,0.995360990722985,0.995140174398565,0.995852971531749,0.997284525732139,0.999848937354747,0.995360990722985,0.995140174398565,2.01400054811899,2.5856466625348
0.766062753161354,3.64927763417065,1,1,1,1,53,53,53zm03,O-M,1,0.1476,0.4341,0.999870981196802,0.999913057649286,0.999986082350683,0.99987645980021,0.99986851061661,0.999870981196802,0.999913057649286,0.999986082350683,0.99987645980021,0.99986851061661,0.766062753161354,3.64927763417065
-1.15982084280357,4.91029806516215,0,1,1,1,53,53,53zm03,O-M,1,0.272,0.2745,0.999999565599095,0.999999759425751,0.99999997576902,0.999999580967152,0.999999545309701,0.999999565599095,0.999999759425751,0.99999997576902,0.999999580967152,0.999999545309701,1.15982084280357,4.91029806516215
0.515996007962218,-1.42462551890664,1,0,0,1,53,53,53zm03,O-M,1,0.3371,0.2511,0.0772283262839869,0.0870546875785443,0.237782914357227,0.0794714333236695,0.0771327396753109,0.922771673716013,0.912945312421456,0.762217085642773,0.92052856667633,0.922867260324689,0.515996007962218,1.42462551890664
1.94133538249378,2.64244938465153,1,1,1,1,53,53,53zm03,O-M,1,0.2608,0.8492,0.996434996692304,0.997677553487745,0.999859430888696,0.996074822366972,0.995884561665137,0.996434996692304,0.997677553487745,0.999859430888696,0.996074822366972,0.995884561665137,1.94133538249378,2.64244938465153
-0.670263676558948,4.35150128633878,0,1,1,1,53,53,53zm03,O-M,1,0.322,0.322,0.999993348940295,0.999995708539997,0.999999332471631,0.999993715899457,0.999993239573585,0.999993348940295,0.999995708539997,0.999999332471631,0.999993715899457,0.999993239573585,0.670263676558948,4.35150128633878
0.562990483894112,7.66878025795606,1,1,1,1,53,53,53zm03,O-M,1,0.2581,0.1598,0.999999999999991,0.999999999999996,1.0,0.999999999999992,0.999999999999991,0.999999999999991,0.999999999999996,1.0,0.999999999999992,0.999999999999991,0.562990483894112,7.66878025795606
0.611935932242697,2.24696043191377,1,1,1,1,53,53,53zm03,O-M,1,0.207,0.8912,0.98781925929482,0.990553533197019,0.997853239982414,0.988180616657066,0.987678722011089,0.98781925929482,0.990553533197019,0.997853239982414,0.988180616657066,0.987678722011089,0.611935932242697,2.24696043191377
-0.474926841785958,-1.78390273629498,1,1,0,0,53,53,53zm03,O-M,1,0.3731,0.9802,0.0372843945357076,0.0430147120136263,0.155960005464412,0.0385377172791813,0.0372197356088602,0.962715605464292,0.956985287986374,0.844039994535588,0.961462282720819,0.96278026439114,0.474926841785958,1.78390273629498
0.18070257298128,2.86113986480096,0,0,1,0,53,53,53zm03,O-M,1,1.1621,1.4312,0.997899461690011,0.998370609401438,0.999582544281006,0.997993445761918,0.997889396087352,0.997899461690011,0.998370609401438,0.999582544281006,0.997993445761918,0.997889396087352,0.18070257298128,2.86113986480096
0.459143987188092,-1.27267823724438,1,0,0,1,53,53,53zm03,O-M,1,0.3508,0.2976,0.101696633047945,0.113949233979513,0.285700793979546,0.104433210991522,0.101566121621509,0.898303366952055,0.886050766020487,0.714299206020454,0.895566789008478,0.898433878378491,0.459143987188092,1.27267823724438
-0.471880586609018,-4.76888578352937,1,0,0,1,53,53,53zm03,O-M,1,0.1791,0.161,9.34141887735117e-07,1.32012065234832e-06,0.0003306124411143,1.00261686548286e-06,9.26238229106034e-07,0.999999065858112,0.999998679879348,0.999669387558886,0.999998997383134,0.999999073761771,0.471880586609018,4.76888578352937
-0.844037131989554,4.36783206894734,0,1,1,1,53,53,53zm03,O-M,1,0.2055,0.1436,0.999993871690469,0.999996179389365,0.999999474413577,0.999994169238982,0.999993725704115,0.999993871690469,0.999996179389365,0.999999474413577,0.999994169238982,0.999993725704115,0.844037131989554,4.36783206894734
-0.34044665537925,6.18338907460346,0,1,1,1,53,53,53zm03,O-M,1,0.3477,0.1785,0.999999999688965,0.999999999813002,0.999999999970386,0.999999999716568,0.999999999686301,0.999999999688965,0.999999999813002,0.999999999970386,0.999999999716568,0.999999999686301,0.34044665537925,6.18338907460346
-0.568744655718456,-2.50458727315105,1,0,0,1,53,53,53zm03,O-M,1,0.3442,0.2975,0.0061426928620686,0.0073636269264336,0.0496943526586875,0.0064124010923109,0.0061297178073302,0.993857307137931,0.992636373073566,0.950305647341313,0.993587598907689,0.99387028219267,0.568744655718456,2.50458727315105
0.171974538485554,-3.59803967389818,1,0,0,1,53,53,53zm03,O-M,1,0.1285,0.1537,0.0001619249151542,0.0002173735539495,0.0088594851468457,0.0001704542450453,0.0001603123593214,0.999838075084846,0.999782626446051,0.991140514853154,0.999829545754955,0.999839687640679,0.171974538485554,3.59803967389818
2.11466387930304,7.31305321070001,1,1,1,1,53,53,53zm03,O-M,1,0.2219,0.472,0.999999999999898,0.999999999999907,0.999999999999939,0.999999999999884,0.999999999999869,0.999999999999898,0.999999999999907,0.999999999999939,0.999999999999884,0.999999999999869,2.11466387930304,7.31305321070001
-1.06791977370151,4.19884397065005,0,1,1,1,53,53,53zm03,O-M,1,0.2216,0.1784,0.999987068087835,0.999992156139621,0.999999074386012,0.999987501880156,0.999986585945394,0.999987068087835,0.999992156139621,0.999999074386012,0.999987501880156,0.999986585945394,1.06791977370151,4.19884397065005
1.30151911257762,1.15137792908726,1,1,1,1,53,53,53zm03,O-M,1,0.5327,0.6506,0.879562571926393,0.902486359875541,0.982028688447793,0.878469020720666,0.875211605136577,0.879562571926393,0.902486359875541,0.982028688447793,0.878469020720666,0.875211605136577,1.30151911257762,1.15137792908726
2.38174173487228,1.97714750185928,1,1,1,1,53,53,53zm03,O-M,1,0.2338,0.5654,0.980987067190844,0.986355936691637,0.999476582665148,0.976876784551973,0.975987520139226,0.980987067190844,0.986355936691637,0.999476582665148,0.976876784551973,0.975987520139226,2.38174173487228,1.97714750185928
2.17870369319129,4.31741965306874,1,1,1,1,53,53,53zm03,O-M,1,0.1881,0.2968,0.999993805942238,0.999996892620199,0.999999898356354,0.999992659110887,0.999992106807759,0.999993805942238,0.999996892620199,0.999999898356354,0.999992659110887,0.999992106807759,2.17870369319129,4.31741965306874
0.510382683815947,7.59919692336306,0,1,1,1,53,53,53zm03,O-M,1,0.8285,0.4823,0.999999999999985,0.999999999999992,0.999999999999999,0.999999999999987,0.999999999999985,0.999999999999985,0.999999999999992,0.999999999999999,0.999999999999987,0.999999999999985,0.510382683815947,7.59919692336306
-0.396922172704541,1.7002342315402,0,1,1,1,53,53,53zm03,O-M,1,0.4739,0.401,0.955741255679411,0.963455205946373,0.98941271612236,0.956939462988918,0.955456562116131,0.955741255679411,0.963455205946373,0.98941271612236,0.956939462988918,0.955456562116131,0.396922172704541,1.7002342315402
2.16771663800255,7.26122072676849,1,1,1,1,53,53,53zm03,O-M,1,0.2837,0.2321,0.999999999999853,0.999999999999887,0.999999999999933,0.99999999999983,0.999999999999808,0.999999999999853,0.999999999999887,0.999999999999933,0.99999999999983,0.999999999999808,2.16771663800255,7.26122072676849
2.10672307929124,3.85376743379089,1,1,1,1,53,53,53zm03,O-M,1,0.3089,0.5532,0.99995290032043,0.999974502950342,0.999999016819892,0.999945528075827,0.999941842957415,0.99995290032043,0.999974502950342,0.999999016819892,0.999945528075827,0.999941842957415,2.10672307929124,3.85376743379089
0.539065401099943,-1.29042908790585,1,0,0,1,53,53,53zm03,O-M,1,0.2363,0.2806,0.0985558687016904,0.110148371686445,0.273391849528332,0.101253861324475,0.0984508590397587,0.90144413129831,0.889851628313555,0.726608150471668,0.898746138675525,0.901549140960241,0.539065401099943,1.29042908790585
2.14687203797158,2.52032353210056,1,1,1,1,53,53,53zm03,O-M,1,0.1973,0.8578,0.995151390891022,0.996802733664851,0.999850194496768,0.994398675108764,0.994137649399325,0.995151390891022,0.996802733664851,0.999850194496768,0.994398675108764,0.994137649399325,2.14687203797158,2.52032353210056
-0.824219359546316,3.71247066252552,0,1,1,1,53,53,53zm03,O-M,1,0.2625,0.2817,0.999899563503343,0.999933340267288,0.999989854192114,0.999903673378921,0.999897377071133,0.999899563503343,0.999933340267288,0.999989854192114,0.999903673378921,0.999897377071133,0.824219359546316,3.71247066252552
1.90402731347283,7.12844436382062,1,1,1,1,53,53,53zm03,O-M,1,0.1784,0.2346,0.999999999999576,0.999999999999817,0.999999999999959,0.999999999999548,0.999999999999492,0.999999999999576,0.999999999999817,0.999999999999959,0.999999999999548,0.999999999999492,1.90402731347283,7.12844436382062
0.560081139062203,-4.36558645650056,1,0,0,1,53,53,53zm03,O-M,1,0.2092,0.2896,6.37496878639013e-06,8.65542261091479e-06,0.0008600636876613,6.81940324245933e-06,6.33910713566436e-06,0.999993625031214,0.999991344577389,0.999139936312339,0.999993180596758,0.999993660892864,0.560081139062203,4.36558645650056
1.12925167094236,6.34314673055677,1,1,1,1,53,53,53zm03,O-M,1,0.1062,0.4977,0.999999999892431,0.999999999947906,0.999999999995214,0.999999999898554,0.999999999887441,0.999999999892431,0.999999999947906,0.999999999995214,0.999999999898554,0.999999999887441,1.12925167094236,6.34314673055677
0.44624018716892,-1.36498266068407,1,0,0,1,53,53,53zm03,O-M,1,0.7762,0.6093,0.0862510915053263,0.0972139435324901,0.260218807601095,0.0886696053685901,0.0861292499248978,0.913748908494674,0.90278605646751,0.739781192398905,0.91133039463141,0.913870750075102,0.44624018716892,1.36498266068407
-0.80299825606651,4.83503445835748,0,1,1,1,53,53,53zm03,O-M,1,0.2224,0.3843,0.999999348998243,0.999999607315503,0.999999947230222,0.999999385871927,0.999999334387134,0.999999348998243,0.999999607315503,0.999999947230222,0.999999385871927,0.999999334387134,0.80299825606651,4.83503445835748
0.521198601073396,-3.9090345774873,1,0,0,1,53,53,53zm03,O-M,1,0.4692,0.1463,4.65641058719352e-05,6.15120090947108e-05,0.0028633966402399,4.94969048871364e-05,4.63328506268612e-05,0.999953435894128,0.999938487990905,0.99713660335976,0.999950503095113,0.999953667149373,0.521198601073396,3.9090345774873
-0.84728875268404,-4.62971911434337,1,0,0,1,53,53,53zm03,O-M,1,0.2545,0.1918,1.83649713324375e-06,2.47553929955124e-06,0.0002705149084441,1.9775358100813e-06,1.83081041542894e-06,0.999998163502867,0.9999975244607,0.999729485091556,0.99999802246419,0.999998169189585,0.84728875268404,4.62971911434337
-0.210997924152433,2.14542556613011,0,1,1,1,53,53,53zm03,O-M,1,0.2769,1.6572,0.984113822637714,0.987091576812157,0.996276351664602,0.984668360085042,0.984040581598512,0.984113822637714,0.987091576812157,0.996276351664602,0.984668360085042,0.984040581598512,0.210997924152433,2.14542556613011
0.230743304090114,-5.37312474004613,1,0,0,1,53,53,53zm03,O-M,1,0.2373,0.162,3.94812453500387e-08,6.05474043124943e-08,9.07059462904036e-05,4.22759514987573e-08,3.86918778031389e-08,0.999999960518755,0.999999939452596,0.99990929405371,0.999999957724048,0.999999961308122,0.230743304090114,5.37312474004613
-0.459455972797454,6.852241127528,0,1,1,1,53,53,53zm03,O-M,1,0.4589,0.1374,0.999999999996406,0.999999999997993,0.999999999999717,0.99999999999675,0.999999999996365,0.999999999996406,0.999999999997993,0.999999999999717,0.99999999999675,0.999999999996365,0.459455972797454,6.852241127528
1.84734643062999,3.31130143757608,1,1,1,1,53,53,53zm03,O-M,1,0.2283,0.7139,0.999594467138354,0.999757612950043,0.999985503526336,0.999561526416382,0.99953568441328,0.999594467138354,0.999757612950043,0.999985503526336,0.999561526416382,0.99953568441328,1.84734643062999,3.31130143757608
2.14909683107834,5.19573174379874,1,1,1,1,53,53,53zm03,O-M,1,0.2941,0.1763,0.999999920185695,0.999999964962276,0.99999999889238,0.999999906451807,0.999999898041934,0.999999920185695,0.999999964962276,0.99999999889238,0.999999906451807,0.999999898041934,2.14909683107834,5.19573174379874
0.344823849087201,-3.23308218429817,1,0,0,1,53,53,53zm03,O-M,1,1.5513,0.0492,0.0006156650983479,0.0007897346232736,0.0154484902497756,0.000647484123339,0.0006123116339265,0.999384334901652,0.999210265376726,0.984551509750224,0.999352515876661,0.999387688366073,0.344823849087201,3.23308218429817
-0.194192179299876,-5.14591385157919,1,0,0,1,53,53,53zm03,O-M,1,0.4904,0.2977,1.35783349715687e-07,2.05565551247844e-07,0.0001883297669677,1.44929434689551e-07,1.33110791933256e-07,0.99999986421665,0.999999794434449,0.999811670233032,0.999999855070565,0.999999866889208,0.194192179299876,5.14591385157919
0.829281104979421,7.70641206135839,1,1,1,1,53,53,53zm03,O-M,1,0.3598,0.4091,0.999999999999994,0.999995996415749,0.999995996415751,0.999999999999994,0.999999999999994,0.999999999999994,0.999995996415749,0.999995996415751,0.999999999999994,0.999999999999994,0.829281104979421,7.70641206135839
1.04799538116646,1.45811262851762,1,1,1,1,53,53,53zm03,O-M,1,0.3151,0.5705,0.929304950996833,0.943506461227326,0.988408176981066,0.929772972287423,0.927595249466612,0.929304950996833,0.943506461227326,0.988408176981066,0.929772972287423,0.927595249466612,1.04799538116646,1.45811262851762
0.370494538780515,-3.66407283835889,1,0,0,1,53,53,53zm03,O-M,1,0.3167,0.2975,0.0001249141383353,0.0001648492821462,0.0060609480144271,0.0001321020493381,0.000124118070925,0.999875085861665,0.999835150717854,0.993939051985573,0.999867897950662,0.999875881929075,0.370494538780515,3.66407283835889
-1.38298470520412,6.99069776268754,0,1,1,1,53,53,53zm03,O-M,1,0.2004,0.1587,0.99999999999873,0.999999999999466,0.999999999999961,0.99999999999878,0.999999999998632,0.99999999999873,0.999999999999466,0.999999999999961,0.99999999999878,0.999999999998632,1.38298470520412,6.99069776268754
0.471020959619532,-1.12925136389962,1,0,0,1,53,53,53zm03,O-M,1,0.1938,0.4099,0.129541645612394,0.143912551053113,0.328582683145445,0.132798022026395,0.129395905769141,0.870458354387606,0.856087448946887,0.671417316854555,0.867201977973605,0.870604094230859,0.471020959619532,1.12925136389962
-0.165577917188396,-4.09861366255191,1,0,0,1,53,53,53zm03,O-M,1,0.277,0.2972,2.10538032862812e-05,2.94186866338642e-05,0.0029524581635846,2.22650177616354e-05,2.07816060053626e-05,0.999978946196714,0.999970581313366,0.997047541836415,0.999977734982238,0.999979218393995,0.165577917188396,4.09861366255191
2.07318004475864,7.55659488177551,1,1,1,1,53,53,53zm03,O-M,1,0.1962,0.3859,0.999999999999984,0.99999999999994,0.999999999999945,0.999999999999982,0.999999999999979,0.999999999999984,0.99999999999994,0.999999999999945,0.999999999999982,0.999999999999979,2.07318004475864,7.55659488177551
-0.138914627493607,3.54703273436053,0,1,1,1,53,53,53zm03,O-M,1,0.5189,0.4079,0.999806109665633,0.999855737064782,0.999966131565732,0.999816695296799,0.999805201909841,0.999806109665633,0.999855737064782,0.999966131565732,0.999816695296799,0.999805201909841,0.138914627493607,3.54703273436053
-0.456786221069349,-4.47777183268111,1,0,0,1,53,53,53zm03,O-M,1,0.4893,0.1548,3.80041602432355e-06,5.26780910609093e-06,0.0007467668780594,4.06404111873397e-06,3.77130765478404e-06,0.999996199583976,0.999994732190894,0.999253233121941,0.999995935958881,0.999996228692345,0.456786221069349,4.47777183268111
0.924947208569838,1.15279799714018,1,1,1,1,53,53,53zm03,O-M,1,0.2629,0.7204,0.877619280220577,0.898505992022939,0.975136341512824,0.87875540052515,0.87550334666422,0.877619280220577,0.898505992022939,0.975136341512824,0.87875540052515,0.87550334666422,0.924947208569838,1.15279799714018
-0.638808524788074,2.2881424054484,0,1,1,1,53,53,53zm03,O-M,1,0.2187,0.2325,0.989070005520439,0.991576492082099,0.998133434842331,0.989392384066733,0.988935385277979,0.989070005520439,0.991576492082099,0.998133434842331,0.989392384066733,0.988935385277979,0.638808524788074,2.2881424054484
-1.17375147041048,7.06383126741284,0,1,1,1,53,53,53zm03,O-M,1,0.25,0.2489,0.99999999999923,0.999999999999658,0.999999999999972,0.999999999999278,0.99999999999919,0.99999999999923,0.999999999999658,0.999999999999972,0.999999999999278,0.99999999999919,1.17375147041048,7.06383126741284
-0.377583586468911,-4.70853289128034,1,0,0,1,53,53,53zm03,O-M,1,0.2837,0.2491,1.26059193055496e-06,1.79608540962217e-06,0.0004568656088321,1.34914738395386e-06,1.2475305459971e-06,0.999998739408069,0.99999820391459,0.999543134391168,0.999998650852616,0.999998752469454,0.377583586468911,4.70853289128034
-0.877717076867182,-0.607376354452125,1,1,0,0,53,53,53zm03,O-M,1,0.2238,0.7141,0.271873896441086,0.290555216585359,0.473119342523889,0.27713067302523,0.271800588453116,0.728126103558914,0.709444783414641,0.526880657476111,0.72286932697477,0.728199411546884,0.877717076867182,0.607376354452125
-0.010732316958326,-2.83617316350749,1,0,0,1,53,53,53zm03,O-M,1,0.4587,0.0963,0.0023055233955387,0.0029655336483467,0.0439786624586169,0.0023998096135599,0.0022828841680893,0.997694476604461,0.997034466351653,0.956021337541383,0.99760019038644,0.997717115831911,0.010732316958326,2.83617316350749
1.96502087218415,2.53310414457682,1,0,1,0,53,53,53zm03,O-M,1,0.1518,2.0559,0.995116409670371,0.996773166689058,0.999805792687834,0.99459983756116,0.994347132140007,0.995116409670371,0.996773166689058,0.999805792687834,0.99459983756116,0.994347132140007,1.96502087218415,2.53310414457682
-1.06507888404212,4.7945625188493,0,1,1,1,53,53,53zm03,O-M,1,0.6001,0.1379,0.999999215024583,0.999999550843534,0.999999950402644,0.999999247430442,0.999999184848916,0.999999215024583,0.999999550843534,0.999999950402644,0.999999247430442,0.999999184848916,1.06507888404212,4.7945625188493
1.52177363014626,7.14690524850856,1,1,1,1,53,53,53zm03,O-M,1,0.1711,0.4406,0.999999999999597,0.999999999999835,0.999999999999984,0.999999999999605,0.999999999999556,0.999999999999597,0.999999999999835,0.999999999999984,0.999999999999605,0.999999999999556,1.52177363014626,7.14690524850856
0.0636784555660266,7.35636528631402,0,1,1,1,53,53,53zm03,O-M,1,0.2943,0.2031,0.999999999999906,0.999999999854032,0.999999999854078,0.999999999999916,0.999999999999906,0.999999999999906,0.999999999854032,0.999999999854078,0.999999999999916,0.999999999999906,0.0636784555660266,7.35636528631402
1.75448698911271,6.25084230711708,1,1,1,1,53,53,53zm03,O-M,1,0.3146,0.5383,0.999999999822358,0.999999999927286,0.999999999996354,0.999999999815766,0.999999999795878,0.999999999822358,0.999999999927286,0.999999999996354,0.999999999815766,0.999999999795878,1.75448698911271,6.25084230711708
-0.452405090028357,6.11096560390462,0,1,1,1,53,53,53zm03,O-M,1,0.7283,0.1702,0.999999999510238,0.999999999711359,0.999999999956824,0.999999999552117,0.999999999504849,0.999999999510238,0.999999999711359,0.999999999956824,0.999999999552117,0.999999999504849,0.452405090028357,6.11096560390462
2.39731528661955,5.17869092716372,1,1,1,1,53,53,53zm03,O-M,1,0.1513,0.3859,0.999999920782251,0.999999965905829,0.999999999268017,0.999999897464181,0.999999888275844,0.999999920782251,0.999999965905829,0.999999999268017,0.999999897464181,0.999999888275844,2.39731528661955,5.17869092716372
-1.16427042901708,-2.19075223345609,1,0,0,1,53,53,53zm03,O-M,1,0.3482,0.1057,0.0142403563320539,0.0162032779533674,0.0611320711363508,0.0148239561254117,0.0142348634782025,0.985759643667946,0.983796722046633,0.938867928863649,0.985176043874588,0.985765136521797,1.16427042901708,2.19075223345609
0.466674056164798,5.77227937328359,0,1,1,1,53,53,53zm03,O-M,1,0.5011,0.1217,0.999999996133145,0.999999997672153,0.99999999964472,0.999999996444227,0.999999996089685,0.999999996133145,0.999999997672153,0.99999999964472,0.999999996444227,0.999999996089685,0.466674056164798,5.77227937328359
1.92230484453447,2.43014921074024,1,1,1,1,53,53,53zm03,O-M,1,0.2249,0.6496,0.993405885313294,0.995573267094021,0.999710980293747,0.992780231217452,0.992453695994519,0.993405885313294,0.995573267094021,0.999710980293747,0.992780231217452,0.992453695994519,1.92230484453447,2.43014921074024
1.96793021701605,5.23975385343921,1,1,1,1,53,53,53zm03,O-M,1,0.2924,0.4419,0.999999933361929,0.999999970139944,0.999999998786921,0.999999926286177,0.999999919604539,0.999999933361929,0.999999970139944,0.999999998786921,0.999999926286177,0.999999919604539,1.96793021701605,5.23975385343921
-0.625288628216262,7.37837634113425,0,1,1,1,53,53,53zm03,O-M,1,0.451,0.4921,0.999999999999921,0.99999999999996,0.999999999999996,0.999999999999929,0.99999999999992,0.999999999999921,0.99999999999996,0.999999999999996,0.999999999999929,0.99999999999992,0.625288628216262,7.37837634113425
-1.29111786368831,7.88960084018486,0,1,1,1,53,53,53zm03,O-M,1,0.5587,0.378,0.999999999999999,1.0,1.0,0.999999999999999,0.999999999999998,0.999999999999999,1.0,1.0,0.999999999999999,0.999999999999998,1.29111786368831,7.88960084018486
-0.2605252414674,3.77069345269517,0,1,1,1,53,53,53zm03,O-M,1,0.412,0.3374,0.999919114310978,0.999941686362485,0.999987530914814,0.999923664197153,0.999918602725816,0.999919114310978,0.999941686362485,0.999987530914814,0.999923664197153,0.999918602725816,0.2605252414674,3.77069345269517
1.24264766421429,5.13537885154971,1,1,1,1,53,53,53zm03,O-M,1,0.2174,0.4094,0.999999866618921,0.999999929203304,0.999999993516241,0.999999870703744,0.999999859211891,0.999999866618921,0.999999929203304,0.999999993516241,0.999999870703744,0.999999859211891,1.24264766421429,5.13537885154971
-0.78745893190549,4.10156930902515,0,1,1,1,53,53,53zm03,O-M,1,0.2556,0.1597,0.999979899621703,0.999987031568241,0.999998078934041,0.9999808546705,0.999979482122473,0.999979899621703,0.999987031568241,0.999998078934041,0.9999808546705,0.999979482122473,0.78745893190549,4.10156930902515
1.45934251281212,2.93072319939396,1,1,1,1,53,53,53zm03,O-M,1,0.3548,0.6177,0.998419762718253,0.998965564204263,0.999896494457458,0.998394143514219,0.998309130202659,0.998419762718253,0.998965564204263,0.999896494457458,0.998394143514219,0.998309130202659,1.45934251281212,2.93072319939396
0.98734409831772,2.13193491962739,1,1,1,1,53,53,53zm03,O-M,1,0.2246,0.6416,0.983894470986673,0.987872304953066,0.997811394875472,0.984140125861636,0.983493901473658,0.983894470986673,0.987872304953066,0.997811394875472,0.984140125861636,0.983493901473658,0.98734409831772,2.13193491962739
0.371521366368247,-1.76047161342183,1,0,0,1,53,53,53zm03,O-M,1,0.0792,0.4727,0.0392504737635667,0.045488041867392,0.168532511851684,0.0405375418137297,0.0391639382077121,0.960749526236433,0.954511958132608,0.831467488148316,0.95946245818627,0.960836061792288,0.371521366368247,1.76047161342183
1.88643433413635,7.48417141107667,1,1,1,1,53,53,53zm03,O-M,1,0.1278,0.7457,0.99999999999997,0.999999999999957,0.999999999999967,0.999999999999968,0.999999999999964,0.99999999999997,0.999999999999957,0.999999999999967,0.999999999999968,0.999999999999964,1.88643433413635,7.48417141107667
0.101123434932007,0.267385566145583,1,1,0,0,53,53,53zm03,O-M,1,0.2222,0.8888,0.395128976929517,0.424313913098243,0.659539251450857,0.400754011997193,0.394586155775026,0.604871023070483,0.575686086901757,0.340460748549143,0.599245988002807,0.605413844224974,0.101123434932007,0.267385566145583
1.12209810541449,6.09108465116376,1,1,1,1,53,53,53zm03,O-M,1,0.4331,0.2026,0.999999999463617,0.999999999733305,0.999999999974917,0.99999999949263,0.999999999439259,0.999999999463617,0.999999999733305,0.999999999974917,0.99999999949263,0.999999999439259,1.12209810541449,6.09108465116376
-0.913621814851564,2.64315941867799,0,1,1,1,53,53,53zm03,O-M,1,0.2749,0.6091,0.995986540927374,0.99709744788874,0.99950394884305,0.996083085316305,0.995893182370701,0.995986540927374,0.99709744788874,0.99950394884305,0.996083085316305,0.995893182370701,0.913621814851564,2.64315941867799
-1.23443698084547,7.88321053394673,0,1,1,1,53,53,53zm03,O-M,1,0.1628,0.2429,0.999999999999999,1.0,1.0,0.999999999999999,0.999999999999998,0.999999999999999,1.0,1.0,0.999999999999999,0.999999999999998,1.23443698084547,7.88321053394673
1.16881876065632,5.46128446969447,1,1,1,1,53,53,53zm03,O-M,1,0.1852,0.4008,0.999999977463344,0.9999999882226,0.999999998881609,0.999999978403608,0.999999976364906,0.999999977463344,0.9999999882226,0.999999998881609,0.999999978403608,0.999999976364906,1.16881876065632,5.46128446969447
0.438367842329637,0.748788636084906,1,0,0,1,53,53,53zm03,O-M,1,0.2208,0.7532,0.227199853118781,0.247600234425686,0.460109768280158,0.231840519588854,0.22699230506527,0.772800146881219,0.752399765574314,0.539890231719842,0.768159480411146,0.77300769493473,0.438367842329637,0.748788636084906
-0.210244917254762,4.39623343000571,0,1,1,1,53,53,53zm03,O-M,1,0.4586,0.1138,0.999994524974887,0.999996191670939,0.99999922881838,0.999994884269322,0.999994492725943,0.999994524974887,0.999996191670939,0.99999922881838,0.999994884269322,0.999994492725943,0.210244917254762,4.39623343000571
2.17784800353485,3.92761097254265,1,1,1,1,53,53,53zm03,O-M,1,0.1423,0.9384,0.999966080848612,0.999981920078497,0.999999378996868,0.99995986635493,0.999957103081045,0.999966080848612,0.999981920078497,0.999999378996868,0.99995986635493,0.999957103081045,2.17784800353485,3.92761097254265
2.24702195536176,2.77806588370524,1,1,1,1,53,53,53zm03,O-M,1,0.1959,0.4565,0.997820386802065,0.998615904552197,0.999947544883084,0.997397423036971,0.99726582353711,0.997820386802065,0.998615904552197,0.999947544883084,0.997397423036971,0.99726582353711,2.24702195536176,2.77806588370524
1.76078486498414,2.29595277973946,1,1,1,1,53,53,53zm03,O-M,1,0.4245,0.3549,0.99021610333055,0.99325792447887,0.999443586894992,0.989609571923196,0.989160709276747,0.99021610333055,0.99325792447887,0.999443586894992,0.989609571923196,0.989160709276747,1.76078486498414,2.29595277973946
1.4605747059174,2.86611010298618,1,1,1,1,53,53,53zm03,O-M,1,0.2872,0.7699,0.998057399810296,0.99871876382802,0.999870335534395,0.998024826736312,0.997922251545883,0.998057399810296,0.99871876382802,0.999870335534395,0.998024826736312,0.997922251545883,1.4605747059174,2.86611010298618
2.29648081750422,4.62841455665786,1,1,1,1,53,53,53zm03,O-M,1,0.1447,0.4748,0.999998623195382,0.999999347478189,0.99999998277248,0.999998294703747,0.999998157620833,0.999998623195382,0.999999347478189,0.99999998277248,0.999998294703747,0.999998157620833,2.29648081750422,4.62841455665786
-1.18949616008904,-0.103962229692568,1,1,0,0,53,53,53zm03,O-M,1,0.3946,0.5761,0.458634888681461,0.478073857899477,0.635151819328133,0.464949234520576,0.458599661218925,0.541365111318539,0.521926142100523,0.364848180671867,0.535050765479424,0.541400338781075,1.18949616008904,0.103962229692568
1.24778180215295,1.15634816727247,1,1,1,1,53,53,53zm03,O-M,1,0.2503,0.71,0.88014954076365,0.902701580230806,0.981279015314554,0.879469272695593,0.876230613136,0.88014954076365,0.902701580230806,0.981279015314554,0.879469272695593,0.876230613136,1.24778180215295,1.15634816727247
2.44639764531317,6.62645030711399,1,1,1,1,53,53,53zm03,O-M,1,0.1466,0.2346,0.999999999988331,0.999999999996074,0.999999999999914,0.999999999984573,0.999999999982807,0.999999999988331,0.999999999996074,0.999999999999914,0.999999999984573,0.999999999982807,2.44639764531317,6.62645030711399
2.00503292051946,4.21872492339091,1,1,1,1,53,53,53zm03,O-M,1,0.2554,0.2653,0.999989810797246,0.99999473039071,0.999999775917364,0.999988557890782,0.999987715610076,0.999989810797246,0.99999473039071,0.999999775917364,0.999988557890782,0.999987715610076,2.00503292051946,4.21872492339091
-0.211887841395134,-2.0132437268413,1,0,0,1,53,53,53zm03,O-M,1,0.1308,0.4968,0.0221286625407866,0.0263421806305119,0.131457757979634,0.0228987945936294,0.0220444975830722,0.977871337459213,0.973657819369488,0.868542242020366,0.977101205406371,0.977955502416928,0.211887841395134,2.0132437268413
-0.192412344814473,-2.1140685585985,1,0,0,1,53,53,53zm03,O-M,1,0.2125,0.1924,0.0173281024061375,0.0208007410978451,0.115851984616277,0.0179490876443984,0.0172547060688763,0.982671897593862,0.979199258902155,0.884148015383723,0.982050912355602,0.982745293931124,0.192412344814473,2.1140685585985
2.33060572100319,7.1618159630642,1,1,1,1,53,53,53zm03,O-M,1,0.0947,0.3385,0.999999999999716,0.999999999999847,0.999999999999934,0.999999999999646,0.999999999999602,0.999999999999716,0.999999999999847,0.999999999999934,0.999999999999646,0.999999999999602,2.33060572100319,7.1618159630642
0.289477842108416,-4.04962131472622,1,0,0,1,53,53,53zm03,O-M,1,0.1257,0.1364,2.58932077032161e-05,3.54938135299632e-05,0.0027829170502923,2.74606920660401e-05,2.56502893285698e-05,0.999974106792297,0.99996450618647,0.997217082949708,0.999972539307934,0.999974349710671,0.289477842108416,4.04962131472622
-1.19343233250869,-0.558384006626442,1,0,0,1,53,53,53zm03,O-M,1,0.3009,0.4086,0.288324146534555,0.305350670400824,0.469165431266902,0.293773432893902,0.288291095791994,0.711675853465445,0.694649329599176,0.530834568733098,0.706226567106098,0.711708904208006,1.19343233250869,0.558384006626442
1.18264670550445,3.41780654154496,1,1,1,1,53,53,53zm03,O-M,1,0.035,0.5933,0.999697612277228,0.99980519476562,0.999976712669671,0.999702404231408,0.99968436019593,0.999697612277228,0.99980519476562,0.999976712669671,0.999702404231408,0.99968436019593,1.18264670550445,3.41780654154496
1.15235529166634,3.86299787613486,1,1,1,1,53,53,53zm03,O-M,1,0.1708,0.5857,0.99994630670154,0.999966822379974,0.999996189836609,0.999947553933354,0.999943998009,0.99994630670154,0.999966822379974,0.999996189836609,0.999947553933354,0.999943998009,1.15235529166634,3.86299787613486
2.27067321746587,5.13466881752325,1,1,1,1,53,53,53zm03,O-M,1,0.0321,0.2001,0.999999894201699,0.999999953718526,0.999999998777912,0.999999870213248,0.999999858679355,0.999999894201699,0.999999953718526,0.999999998777912,0.999999870213248,0.999999858679355,2.27067321746587,5.13466881752325
1.53327409912886,1.92531501792776,1,1,1,1,53,53,53zm03,O-M,1,0.1666,0.5043,0.974618953848134,0.981410842103538,0.997822756575019,0.973889333097238,0.972905020024882,0.974618953848134,0.981410842103538,0.997822756575019,0.973889333097238,0.972905020024882,1.53327409912886,1.92531501792776
1.32390395399019,5.93345709728983,1,1,1,1,53,53,53zm03,O-M,1,0.1451,0.3139,0.999999998610044,0.99999999933594,0.999999999947096,0.999999998654748,0.999999998516892,0.999999998610044,0.99999999933594,0.999999999947096,0.999999998654748,0.999999998516892,1.32390395399019,5.93345709728983
1.80398007884142,1.03848251888025,1,1,1,1,53,53,53zm03,O-M,1,0.1807,0.8335,0.862031085180901,0.889120284728775,0.986937252201742,0.854166601704627,0.850477265179933,0.862031085180901,0.889120284728775,0.986937252201742,0.854166601704627,0.850477265179933,1.80398007884142,1.03848251888025
1.40279854031431,6.68112292715134,1,1,1,1,53,53,53zm03,O-M,1,0.126,0.3693,0.999999999989017,0.999999999995265,0.999999999999663,0.999999999989371,0.999999999988144,0.999999999989017,0.999999999995265,0.999999999999663,0.999999999989371,0.999999999988144,1.40279854031431,6.68112292715134
0.654651959892371,5.59548090069526,1,1,1,1,53,53,53zm03,O-M,1,0.1699,0.1435,0.999999989182157,0.999999993671388,0.999999999126389,0.999999989969278,0.999999988999447,0.999999989182157,0.999999993671388,0.999999999126389,0.999999989969278,0.999999988999447,0.654651959892371,5.59548090069526
2.44869089359244,5.50672664738786,1,1,1,1,53,53,53zm03,O-M,1,0.1364,0.265,0.999999987417635,0.999999994892167,0.999999999901211,0.999999983310076,0.999999981721639,0.999999987417635,0.999999994892167,0.999999999901211,0.999999983310076,0.999999981721639,2.44869089359244,5.50672664738786
-0.122553841262402,0.829732515101252,1,1,0,0,53,53,53zm03,O-M,1,0.0739,1.434,0.203772869951094,0.22573004055156,0.465211216441993,0.207896135853143,0.2033450167266,0.796227130048906,0.77426995944844,0.534788783558007,0.792103864146857,0.7966549832734,0.122553841262402,0.829732515101252
2.50092219022177,3.64004719182668,1,1,1,1,53,53,53zm03,O-M,1,0.1397,0.6138,0.999903932896147,0.999946398686764,0.99999886830307,0.999871927720281,0.999863705961454,0.999903932896147,0.999946398686764,0.99999886830307,0.999871927720281,0.999863705961454,2.50092219022177,3.64004719182668
0.804876835977644,4.33659057178313,1,1,1,1,53,53,53zm03,O-M,1,0.173,0.2644,0.999992919540105,0.999995539984076,0.999999366462563,0.999993272769188,0.999992764509314,0.999992919540105,0.999995539984076,0.999999366462563,0.999993272769188,0.999992764509314,0.804876835977644,4.33659057178313
0.768116408336819,0.353299683347143,0,0,0,1,53,53,53zm03,O-M,1,0.2965,0.6792,0.362035548219253,0.383797695315403,0.573431316010134,0.367941598083766,0.361931891447288,0.637964451780747,0.616202304684597,0.426568683989866,0.632058401916235,0.638068108552712,0.768116408336819,0.353299683347143
0.701338387547945,2.33713475327409,1,0,1,0,53,53,53zm03,O-M,1,0.0763,2.1699,0.990420014076361,0.99269733444083,0.998460655841467,0.990691797648643,0.990283910767523,0.990420014076361,0.99269733444083,0.998460655841467,0.990691797648643,0.990283910767523,0.701338387547945,2.33713475327409
-0.195698193095217,-4.51256349997761,1,0,0,1,53,53,53zm03,O-M,1,0.0725,0.2584,3.25005149801039e-06,4.67482249955076e-06,0.0010301389614949,3.45286002921672e-06,3.20243749779387e-06,0.999996749948502,0.9999953251775,0.998969861038505,0.999996547139971,0.999996797562502,0.195698193095217,4.51256349997761
-0.652465331704917,7.40322753206033,0,1,1,1,53,53,53zm03,O-M,1,0.5326,0.0978,0.999999999999935,0.999999999999967,0.999999999999996,0.999999999999941,0.999999999999933,0.999999999999935,0.999999999999967,0.999999999999996,0.999999999999941,0.999999999999933,0.652465331704917,7.40322753206033
-0.727184152505589,1.29906500659077,0,0,1,0,53,53,53zm03,O-M,1,0.6397,1.1532,0.904185051169568,0.920423174480148,0.97878903496906,0.90575423277222,0.90303918951599,0.904185051169568,0.920423174480148,0.97878903496906,0.90575423277222,0.90303918951599,0.727184152505589,1.29906500659077
-1.11823432550041,6.47947326363693,0,1,1,1,53,53,53zm03,O-M,1,0.5272,0.144,0.999999999955983,0.999999999978892,0.999999999998061,0.999999999958611,0.999999999953978,0.999999999955983,0.999999999978892,0.999999999998061,0.999999999958611,0.999999999953978,1.11823432550041,6.47947326363693
0.973926884504681,3.15580398578152,1,1,1,1,53,53,53zm03,O-M,1,0.1859,0.9382,0.999221586665398,0.999468396535428,0.999921062364008,0.999242496889029,0.999199718081085,0.999221586665398,0.999468396535428,0.999921062364008,0.999242496889029,0.999199718081085,0.973926884504681,3.15580398578152
-0.587330235056415,3.2118966738718,0,1,1,1,53,53,53zm03,O-M,1,0.8168,0.3068,0.999348821527061,0.999532156000285,0.999909803010867,0.999376457391601,0.999340691042641,0.999348821527061,0.999532156000285,0.999909803010867,0.999376457391601,0.999340691042641,0.587330235056415,3.2118966738718
1.75332325117995,1.02499187237753,1,1,1,1,53,53,53zm03,O-M,1,0.1582,1.8418,0.858196625184483,0.885754141284458,0.985699854576564,0.851057937769316,0.847316488668194,0.858196625184483,0.885754141284458,0.985699854576564,0.851057937769316,0.847316488668194,1.75332325117995,1.02499187237753
2.29329765198224,4.13636097632165,1,1,1,1,53,53,53zm03,O-M,1,0.1117,0.3362,0.99998666602196,0.999993155992653,0.999999808689053,0.999983546122487,0.999982357151606,0.99998666602196,0.999993155992653,0.999999808689053,0.999983546122487,0.999982357151606,2.29329765198224,4.13636097632165
1.40570788514622,7.43659913130391,1,1,1,1,53,53,53zm03,O-M,1,0.133,0.609,0.999999999999952,0.999999999999979,0.999999999999997,0.999999999999954,0.999999999999948,0.999999999999952,0.999999999999979,0.999999999999997,0.999999999999954,0.999999999999948,1.40570788514622,7.43659913130391
0.410677725047116,-3.25083303495965,1,0,0,1,53,53,53zm03,O-M,1,0.2243,0.529,0.0005780417595305,0.0007376770639693,0.0139523220548649,0.0006085473536679,0.0005753370606408,0.99942195824047,0.999262322936031,0.986047677945135,0.999391452646332,0.999424662939359,0.410677725047116,3.25083303495965
-0.44976956588651,6.5966288780027,0,1,1,1,53,53,53zm03,O-M,1,0.1983,0.1396,0.9999999999792,0.999999999988148,0.999999999998289,0.999999999981121,0.999999999978969,0.9999999999792,0.999999999988148,0.999999999998289,0.999999999981121,0.999999999978969,0.44976956588651,6.5966288780027
2.45129219014803,0.917066700355731,1,0,1,0,53,53,53zm03,O-M,1,0.1321,1.033,0.850931799002098,0.876710089638507,0.993361291031334,0.824604562477084,0.820446155382501,0.850931799002098,0.876710089638507,0.993361291031334,0.824604562477084,0.820446155382501,2.45129219014803,0.917066700355731
-1.02609366329454,0.662164484856886,1,1,0,0,53,53,53zm03,O-M,1,0.425,0.9608,0.253981858203312,0.271069461886824,0.44247692945066,0.259083067190588,0.253932906203446,0.746018141796688,0.728930538113176,0.557523070549339,0.740916932809412,0.746067093796554,1.02609366329454,0.662164484856886
-0.198984041375962,-1.88898777221094,1,0,0,1,53,53,53zm03,O-M,1,0.9409,0.161,0.0295541763597288,0.0349143690023995,0.155804219494624,0.0305343220763524,0.0294467335944285,0.970445823640271,0.9650856309976,0.844195780505376,0.969465677923648,0.970553266405572,0.198984041375962,1.88898777221094
-0.528527241865597,5.973929036798,0,1,1,1,53,53,53zm03,O-M,1,0.3397,0.1372,0.999999998856804,0.999999999331264,0.99999999990329,0.99999999895027,0.999999998841967,0.999999998856804,0.999999999331264,0.99999999990329,0.99999999895027,0.999999998841967,0.528527241865597,5.973929036798
1.47200671972749,1.85218151320247,1,1,1,1,53,53,53zm03,O-M,1,0.2096,0.5233,0.969798319569119,0.977592319418273,0.997150930759589,0.969130891491981,0.968000118746231,0.969798319569119,0.977592319418273,0.997150930759589,0.969130891491981,0.968000118746231,1.47200671972749,1.85218151320247
-1.19209745664463,4.12216029579246,0,1,1,1,53,53,53zm03,O-M,1,0.2587,0.5363,0.999982082937676,0.999989303596912,0.999998854267109,0.999982494122981,0.999981233206632,0.999982082937676,0.999989303596912,0.999998854267109,0.999982494122981,0.999981233206632,1.19209745664463,4.12216029579246
0.610053414998521,6.62361017100815,1,1,1,1,53,53,53zm03,O-M,1,0.2981,0.617,0.999999999982746,0.999999999990576,0.999999999998767,0.999999999984273,0.999999999982473,0.999999999982746,0.999999999990576,0.999999999998767,0.999999999984273,0.999999999982473,0.610053414998521,6.62361017100815
1.84666187890484,7.10998347913269,1,1,1,1,53,53,53zm03,O-M,1,0.0412,0.193,0.999999999999508,0.999999999999796,0.999999999999964,0.999999999999483,0.99999999999942,0.999999999999508,0.999999999999796,0.999999999999964,0.999999999999483,0.99999999999942,1.84666187890484,7.10998347913269
0.58585451151429,-3.26006347730362,0,0,0,1,53,53,53zm03,O-M,1,0.1816,0.5053,0.0005586384698198,0.0007018506584209,0.0115236028011488,0.0005891660012537,0.0005569364083182,0.99944136153018,0.999298149341579,0.988476397198851,0.999410833998746,0.999443063591682,0.58585451151429,3.26006347730362
-1.05063484264134,7.80510679103622,0,1,1,1,53,53,53zm03,O-M,1,0.4761,0.1538,0.999999999999997,1.0,1.0,0.999999999999997,0.999999999999997,0.999999999999997,1.0,1.0,0.999999999999997,0.999999999999997,1.05063484264134,7.80510679103622
0.352182780132618,-4.73693425233871,1,0,0,1,53,53,53zm03,O-M,1,0.4952,0.1759,1.09713022273934e-06,1.57199570899325e-06,0.0004413307735984,1.17375936860613e-06,1.08487759461523e-06,0.999998902869777,0.999998428004291,0.999558669226402,0.999998826240631,0.999998915122405,0.352182780132618,4.73693425233871
1.83054068577744,3.66844855288505,1,1,1,1,53,53,53zm03,O-M,1,0.1477,0.3353,0.999893566671441,0.999939330420319,0.999996501123126,0.999885396187169,0.999877986607638,0.999893566671441,0.999939330420319,0.999996501123126,0.999885396187169,0.999877986607638,1.83054068577744,3.66844855288505
-1.27352488435183,6.02505148670306,0,1,1,1,53,53,53zm03,O-M,1,0.1461,0.2992,0.999999999203324,0.999999999617744,0.999999999968313,0.999999999234385,0.999999999154721,0.999999999203324,0.999999999617744,0.999999999968313,0.999999999234385,0.999999999154721,1.27352488435183,6.02505148670306
-0.152058020616584,6.38219860201203,0,1,1,1,53,53,53zm03,O-M,1,0.4523,0.1932,0.999999999913203,0.999999999946393,0.999999999990785,0.999999999921384,0.999999999912718,0.999999999913203,0.999999999946393,0.999999999990785,0.999999999921384,0.999999999912718,0.152058020616584,6.38219860201203
1.23152369868052,4.3649919328415,1,1,1,1,53,53,53zm03,O-M,1,0.0561,0.2559,0.999993958277385,0.999996511706484,0.999999650022236,0.999994092707054,0.999993643627496,0.999993958277385,0.999996511706484,0.999999650022236,0.999994092707054,0.999993643627496,1.23152369868052,4.3649919328415
1.31702420915239,4.02914583832631,1,1,1,1,53,53,53zm03,O-M,1,0.2407,0.283,0.99997359303705,0.999984440181685,0.999998496379429,0.999973853563833,0.999972010058339,0.99997359303705,0.999984440181685,0.999998496379429,0.999973853563833,0.999972010058339,1.31702420915239,4.02914583832631
0.65954650472723,5.5024664432291,1,1,1,1,53,53,53zm03,O-M,1,0.1871,0.4966,0.999999981587485,0.999999989160295,0.999999998495896,0.999999982900455,0.999999981274274,0.999999981587485,0.999999989160295,0.999999998495896,0.999999982900455,0.999999981274274,0.65954650472723,5.5024664432291
2.0080791756964,6.85934146779259,1,1,1,1,53,53,53zm03,O-M,1,0.1757,0.6571,0.999999999997198,0.999999999998965,0.999999999999918,0.999999999996908,0.999999999996541,0.999999999997198,0.999999999998965,0.999999999999918,0.999999999996908,0.999999999996541,2.0080791756964,6.85934146779259
0.946031401704613,4.3649919328415,1,1,1,1,53,53,53zm03,O-M,1,0.1641,0.4487,0.999993825354384,0.999996227288749,0.999999520530146,0.999994092707054,0.999993643627496,0.999993825354384,0.999996227288749,0.999999520530146,0.999994092707054,0.999993643627496,0.946031401704613,4.3649919328415
-1.151777360033,1.05907350564757,0,1,1,1,53,53,53zm03,O-M,1,0.2287,0.6414,0.858935439230346,0.88370869175671,0.97507515089966,0.858826772912452,0.855216847515783,0.858935439230346,0.88370869175671,0.97507515089966,0.858826772912452,0.855216847515783,1.151777360033,1.05907350564757
0.302450097300104,-2.05868590453469,1,0,0,1,53,53,53zm03,O-M,1,0.4277,0.5689,0.0198244022158793,0.0235249985832885,0.117360662716124,0.0205412578653198,0.0197621686914504,0.980175597784121,0.976475001416712,0.882639337283876,0.97945874213468,0.98023783130855,0.302450097300104,2.05868590453469
2.04415505161207,2.89096129391225,1,1,1,1,53,53,53zm03,O-M,1,0.1982,0.6578,0.998385239596107,0.998988747542418,0.99994961748567,0.998175147851961,0.998079672902674,0.998385239596107,0.998988747542418,0.99994961748567,0.998175147851961,0.998079672902674,2.04415505161207,2.89096129391225
0.946407905153449,3.51437116914341,1,1,1,1,53,53,53zm03,O-M,1,0.1877,0.8079,0.999785512572348,0.999857889179334,0.999979663939613,0.999792503352522,0.999779601786048,0.999785512572348,0.999857889179334,0.999979663939613,0.999792503352522,0.999779601786048,0.946407905153449,3.51437116914341
0.0164786141165867,5.61678192148903,0,1,1,1,53,53,53zm03,O-M,1,0.127,0.4179,0.999999990311087,0.999999993452994,0.999999998626842,0.999999991133186,0.999999990272665,0.999999990311087,0.999999993452994,0.999999998626842,0.999999991133186,0.999999990272665,0.0164786141165867,5.61678192148903
-0.321381889833682,3.95885246970685,0,1,1,1,53,53,53zm03,O-M,1,0.1933,0.4485,0.999962620403001,0.999973643395372,0.999994682556465,0.999964787020423,0.999962344631655,0.999962620403001,0.999973643395372,0.999994682556465,0.999964787020423,0.999962344631655,0.321381889833682,3.95885246970685
1.17593809859793,3.61377593284769,1,1,1,1,53,53,53zm03,O-M,1,0.3606,0.4746,0.999855484686532,0.999908710444239,0.9999893522078,0.999858160636734,0.999849115061733,0.999855484686532,0.999908710444239,0.9999893522078,0.999858160636734,0.999849115061733,1.17593809859793,3.61377593284769
0.535505732129137,-2.03809491776737,1,0,0,1,53,53,53zm03,O-M,1,0.2364,0.5521,0.0208065568782089,0.0242897631268107,0.106467117018151,0.0215827389156682,0.0207702206660935,0.979193443121791,0.975710236873189,0.893532882981849,0.978417261084332,0.979229779333907,0.535505732129137,2.03809491776737
0.321343724914383,-4.01198951132389,1,0,0,1,53,53,53zm03,O-M,1,0.1736,0.361,3.03635165154258e-05,4.1344349735184e-05,0.0029116653205278,3.22108855086113e-05,3.01045878976441e-05,0.999969636483485,0.999958655650265,0.997088334679472,0.999967789114491,0.999969895412102,0.321343724914383,4.01198951132389
0.86309796020208,1.38781925989817,1,1,1,1,53,53,53zm03,O-M,1,0.1204,1.168,0.918728802574665,0.933692888569023,0.98418415891668,0.919812119813463,0.917403955737488,0.918728802574665,0.933692888569023,0.98418415891668,0.919812119813463,0.917403955737488,0.86309796020208,1.38781925989817
1.2782101263361,3.71531079863135,1,1,1,1,53,53,53zm03,O-M,1,0.2991,0.8184,0.999903743576841,0.999940875856764,0.999993808855129,0.99990475306382,0.999898522960232,0.999903743576841,0.999940875856764,0.999993808855129,0.99990475306382,0.999898522960232,1.2782101263361,3.71531079863135
2.21323932772536,7.7916161445335,1,1,1,1,53,53,53zm03,O-M,1,0.1481,0.2969,0.999999999999998,0.99999999999993,0.999999999999931,0.999999999999997,0.999999999999997,0.999999999999998,0.99999999999993,0.999999999999931,0.999999999999997,0.999999999999997,2.21323932772536,7.7916161445335
1.91966932039262,2.81427761905466,1,1,1,1,53,53,53zm03,O-M,1,0.0902,0.8638,0.997880142236416,0.998650024084097,0.999919071049883,0.997674543283181,0.99755565055486,0.997880142236416,0.998650024084097,0.999919071049883,0.997674543283181,0.99755565055486,1.91966932039262,2.81427761905466
1.52372460256295,1.50000463607872,1,1,1,1,53,53,53zm03,O-M,1,0.0347,0.5934,0.936971511329612,0.951477440456266,0.9934898081257,0.935239601252255,0.933193399182823,0.936971511329612,0.951477440456266,0.9934898081257,0.935239601252255,0.933193399182823,1.52372460256295,1.50000463607872
-0.110916461934766,-4.38759751132079,1,0,0,1,53,53,53zm03,O-M,1,0.0693,0.4531,5.82890071290164e-06,8.39581785749832e-06,0.0016092194428061,6.16674468395195e-06,5.73048074715549e-06,0.999994171099287,0.999991604182143,0.998390780557194,0.999993833255316,0.999994269519253,0.110916461934766,4.38759751132079
-0.338187634686239,5.04094432603064,0,1,1,1,53,53,53zm03,O-M,1,0.2791,0.3127,0.999999770258058,0.999999850445992,0.999999973675302,0.99999978697467,0.999999768379884,0.999999770258058,0.999999850445992,0.999999973675302,0.99999978697467,0.999999768379884,0.338187634686239,5.04094432603064
0.210480573025525,-1.75692144328953,1,0,0,1,53,53,53zm03,O-M,1,0.2831,0.4887,0.0395944733386276,0.046326226098333,0.182631432140299,0.0408477673932517,0.0394656000409348,0.960405526661372,0.953673773901667,0.817368567859701,0.959152232606748,0.960534399959065,0.210480573025525,1.75692144328953
1.32736094020223,-2.92492741681488,0,0,0,1,53,53,53zm03,O-M,1,0.6859,0.4309,0.0017233402447138,0.0020146210617143,0.0130950176510371,0.0018132952134365,0.0017226828713636,0.998276659755286,0.997985378938286,0.986904982348963,0.998186704786563,0.998277317128636,1.32736094020223,2.92492741681488
1.07349493292848,5.66577426931472,1,1,1,1,53,53,53zm03,O-M,1,0.1843,0.555,0.999999992967606,0.999999996309578,0.999999999626816,0.99999999333437,0.999999992681895,0.999999992967606,0.999999996309578,0.999999999626816,0.99999999333437,0.999999992681895,1.07349493292848,5.66577426931472
1.00959202938526,7.8540991388619,1,1,1,1,53,53,53zm03,O-M,1,0.3945,0.378,0.999999999999998,1.00000000293622,1.00000000293622,0.999999999999998,0.999999999999998,0.999999999999998,1.00000000293622,1.00000000293622,0.999999999999998,0.999999999999998,1.00959202938526,7.8540991388619
0.236664676512705,4.88970707839484,0,1,1,1,53,53,53zm03,O-M,1,0.1484,0.3913,0.999999498297033,0.999999663964028,0.999999936532648,0.999999534518616,0.999999495069309,0.999999498297033,0.999999663964028,0.999999936532648,0.999999534518616,0.999999495069309,0.236664676512705,4.88970707839484
2.37602572796723,5.03029381563375,1,1,1,1,53,53,53zm03,O-M,1,0.353,0.3855,0.999999824265422,0.999999922374682,0.999999998256432,0.999999774756546,0.999999755135611,0.999999824265422,0.999999922374682,0.999999998256432,0.999999774756546,0.999999755135611,2.37602572796723,5.03029381563375
-0.706236869715845,-5.48531011622668,1,0,0,1,53,53,53zm03,O-M,1,0.4712,0.1303,2.07736189038003e-08,2.99158703365165e-08,2.49358763331209e-05,2.2588213410341e-08,2.06372347648231e-08,0.999999979226381,0.99999997008413,0.999975064123667,0.999999977411787,0.999999979362765,0.706236869715845,5.48531011622668
-0.786329421558984,-1.74201072873389,1,0,0,1,53,53,53zm03,O-M,1,0.4023,0.258,0.0407848133686619,0.0461854949684447,0.144450835677251,0.0421718102326248,0.0407532834727877,0.959215186631338,0.953814505031555,0.855549164322749,0.957828189767375,0.959246716527212,0.786329421558984,1.74201072873389
-1.20945084287731,4.1250004318983,0,1,1,1,53,53,53zm03,O-M,1,0.2256,0.5702,0.999982330360352,0.999989489010975,0.999998891849679,0.999982709504181,0.999981463296939,0.999982330360352,0.999989489010975,0.999998891849679,0.999982709504181,0.999981463296939,1.20945084287731,4.1250004318983
0.405235538832133,5.56849960768981,0,1,1,1,53,53,53zm03,O-M,1,0.5089,0.2178,0.999999987276603,0.999999992125247,0.999999998731878,0.9999999882806,0.99999998715289,0.999999987276603,0.999999992125247,0.999999998731878,0.9999999882806,0.99999998715289,0.405235538832133,5.56849960768981
0.058099359006013,6.7478661256385,0,1,1,1,53,53,53zm03,O-M,1,0.6821,0.4174,0.999999999992532,0.999999999853657,0.999999999857451,0.999999999993282,0.999999999992498,0.999999999992532,0.999999999853657,0.999999999857451,0.999999999993282,0.999999999992498,0.058099359006013,6.7478661256385
1.84176733406998,1.47728354723202,1,1,1,1,53,53,53zm03,O-M,1,0.0654,1.2257,0.93667398540288,0.951743339297085,0.995377855763421,0.93231715558313,0.930200176806046,0.93667398540288,0.951743339297085,0.995377855763421,0.93231715558313,0.930200176806046,1.84176733406998,1.47728354723202
1.47269127145264,7.57718586854282,1,1,1,1,53,53,53zm03,O-M,1,0.1336,0.2714,0.999999999999984,0.99999999999999,0.999999999999995,0.999999999999984,0.999999999999982,0.999999999999984,0.99999999999999,0.999999999999995,0.999999999999984,0.999999999999982,1.47269127145264,7.57718586854282
-0.108144027447888,5.99380998953886,0,1,1,1,53,53,53zm03,O-M,1,0.6804,0.1851,0.999999998980177,0.999999999349136,0.999999999881991,0.999999999071236,0.999999998975096,0.999999998980177,0.999999999349136,0.999999999881991,0.999999999071236,0.999999998975096,0.108144027447888,5.99380998953886
1.77622150638639,2.61333798956671,1,1,1,1,53,53,53zm03,O-M,1,0.1258,0.7297,0.995986146304616,0.997349003932087,0.99980097900905,0.995722305531841,0.995516870876677,0.995986146304616,0.997349003932087,0.99980097900905,0.995722305531841,0.995516870876677,1.77622150638639,2.61333798956671
-0.882235118253205,7.67659063224711,0,1,1,1,53,53,53zm03,O-M,1,0.2522,0.4256,0.999999999999992,0.999999999999998,1.0,0.999999999999993,0.999999999999992,0.999999999999992,0.999999999999998,1.0,0.999999999999993,0.999999999999992,0.882235118253205,7.67659063224711
2.17230313456109,4.35221132036524,1,1,1,1,53,53,53zm03,O-M,1,0.136,0.6576,0.999994703644316,0.99999735610049,0.999999913011617,0.999993736290401,0.999993261436752,0.999994703644316,0.99999735610049,0.999999913011617,0.999993736290401,0.999993261436752,2.17230313456109,4.35221132036524
1.52343575895187,0.778282001455371,1,1,1,1,53,53,53zm04,M-O,1,0.7471,0.4797,0.791665761544794,0.82647289652647,0.969901045749329,0.786481347850685,0.781798608126727,0.791665761544794,0.82647289652647,0.969901045749329,0.786481347850685,0.781798608126727,1.52343575895187,0.778282001455371
3.33047235629048,2.08396173442983,1,1,1,1,53,53,53zm04,M-O,1,0.5101,0.1119,0.989894108262827,0.991919167898546,0.999952481280016,0.982133440995053,0.981418175952206,0.989894108262827,0.991919167898546,0.999952481280016,0.982133440995053,0.981418175952206,3.33047235629048,2.08396173442983
-2.288026895081,1.15827666408893,0,1,1,1,53,53,53zm04,M-O,1,0.2717,0.5664,0.895506030321315,0.916761205184504,0.994937669490271,0.879855814021044,0.876624424346187,0.895506030321315,0.916761205184504,0.994937669490271,0.879855814021044,0.876624424346187,2.288026895081,1.15827666408893
-1.84638573062339,1.69831952006374,0,1,1,1,53,53,53zm04,M-O,1,1.5042,0.3125,0.959680936652801,0.970116377567729,0.997356769254774,0.956764019960957,0.955276263756884,0.959680936652801,0.970116377567729,0.997356769254774,0.956764019960957,0.955276263756884,1.84638573062339,1.69831952006374
-0.898490305300388,1.76287274774586,0,1,1,1,53,53,53zm04,M-O,1,0.5686,0.078,0.961774481741119,0.969938342371551,0.993667018100473,0.962368837813046,0.961039022839684,0.961774481741119,0.969938342371551,0.993667018100473,0.962368837813046,0.961039022839684,0.898490305300388,1.76287274774586
1.94874614080092,1.84792829959638,1,1,1,1,53,53,53zm04,M-O,1,0.7182,0.2716,0.971500721511729,0.97933049483645,0.998464431597851,0.968833386110105,0.967693642015453,0.971500721511729,0.97933049483645,0.998464431597851,0.968833386110105,0.967693642015453,1.94874614080092,1.84792829959638
-1.0078355453751,0.860188615370171,0,1,1,1,53,53,53zm04,M-O,1,1.5634,0.1741,0.808701620198165,0.838014323602075,0.958858131120143,0.809533434590939,0.805157460369533,0.808701620198165,0.838014323602075,0.958858131120143,0.809533434590939,0.805157460369533,1.0078355453751,0.860188615370171
5.12969857933804,2.10121243790374,1,1,1,1,53,53,53zm04,M-O,1,0.4614,0.1999,0.994062151658611,0.995355204699895,0.999999845789719,0.982878649814853,0.982188838971691,0.994062151658611,0.995355204699895,0.999999845789719,0.982878649814853,0.982188838971691,5.12969857933804,2.10121243790374
3.65140773625003,1.03204532597034,1,1,1,1,53,53,53zm04,M-O,1,0.3146,0.5596,0.910244208618604,0.917783568804384,0.999565032619242,0.852688753411116,0.848974557715011,0.910244208618604,0.917783568804384,0.999565032619242,0.852688753411116,0.848974557715011,3.65140773625003,1.03204532597034
0.237564137034297,-0.564671572953783,1,0,0,1,53,53,53zm04,M-O,1,0.6893,0.3817,0.286516620447337,0.311297221825295,0.545028197685482,0.291611876612938,0.286148586530873,0.713483379552663,0.688702778174705,0.454971802314518,0.708388123387062,0.713851413469127,0.237564137034297,0.564671572953783
5.8312121974797,1.69794301661491,1,1,1,1,53,53,53zm04,M-O,1,0.3335,0.293,0.983001109726589,0.988388432432234,0.999999949413558,0.956729453515533,0.955240741346238,0.983001109726589,0.988388432432234,0.999999949413558,0.956729453515533,0.955240741346238,5.8312121974797,1.69794301661491
3.84524702547338,0.962323732763303,1,1,1,1,53,53,53zm04,M-O,1,0.52,0.439,0.903087184478537,0.909909077402983,0.999676701363663,0.836040323258489,0.832056494462626,0.903087184478537,0.909909077402983,0.999676701363663,0.836040323258489,0.832056494462626,3.84524702547338,0.962323732763303
0.652934042512917,-0.535372759117147,1,0,0,1,53,53,53zm04,M-O,1,1.8928,0.1422,0.296329072344771,0.317526863491274,0.516981601343612,0.301746803512537,0.296196061541832,0.703670927655229,0.682473136508726,0.483018398656388,0.698253196487463,0.703803938458168,0.652934042512917,0.535372759117147
-4.04891128069976,2.04018465160617,0,1,1,1,53,53,53zm04,M-O,1,0.2613,0.1431,0.991479240841922,0.99251200530502,0.999992659497342,0.980117140755249,0.979334031068328,0.991479240841922,0.99251200530502,0.999992659497342,0.980117140755249,0.979334031068328,4.04891128069976,2.04018465160617
0.499566692797734,0.214450973031424,1,0,0,1,53,53,53zm04,M-O,1,0.7268,1.2932,0.415303260947819,0.44032050157622,0.642455395262079,0.421342070896742,0.415097697693235,0.584696739052181,0.559679498423781,0.357544604737921,0.578657929103258,0.584902302306765,0.499566692797734,0.214450973031424
2.28885243947486,0.619842504668238,1,1,1,1,53,53,53zm04,M-O,1,0.603,0.9898,0.766205853539189,0.801702508977419,0.984311905566975,0.737557086130238,0.732319259062783,0.766205853539189,0.801702508977419,0.984311905566975,0.737557086130238,0.732319259062783,2.28885243947486,0.619842504668238
-3.33958728826704,1.07212582947817,0,1,1,1,53,53,53zm04,M-O,1,0.2744,0.1912,0.908883712152633,0.919137564698201,0.999184112228968,0.861727934304199,0.858168240603735,0.908883712152633,0.919137564698201,0.999184112228968,0.861727934304199,0.858168240603735,3.33958728826704,1.07212582947817
5.81985165305636,0.692952628914796,1,1,1,1,53,53,53zm04,M-O,1,0.3921,0.429,0.867636213307474,0.8977099953355,0.999997941030928,0.760819851174297,0.755830359901829,0.867636213307474,0.8977099953355,0.999997941030928,0.760819851174297,0.755830359901829,5.81985165305636,0.692952628914796
2.60836775138149,1.42388273344909,1,1,1,1,53,53,53zm04,M-O,1,0.3759,0.1747,0.940674262065739,0.953326557407822,0.998465484897938,0.925048246028059,0.922759789562184,0.940674262065739,0.953326557407822,0.998465484897938,0.925048246028059,0.922759789562184,2.60836775138149,1.42388273344909
-5.33123273248504,1.57157476815129,0,1,1,1,53,53,53zm04,M-O,1,0.1749,0.0083,0.976723038399183,0.98188126990764,0.999999476440814,0.943807565117855,0.9419753990375,0.976723038399183,0.98188126990764,0.999999476440814,0.943807565117855,0.9419753990375,5.33123273248504,1.57157476815129
-4.09364342436669,1.86107169271935,0,1,1,1,53,53,53zm04,M-O,1,0.1961,0.0093,0.986596069476988,0.988063987924894,0.999988428812179,0.969745156491015,0.968632973459738,0.986596069476988,0.988063987924894,0.999988428812179,0.969745156491015,0.968632973459738,4.09364342436669,1.86107169271935
7.05247072298949,0.725058104824567,1,0,1,0,53,53,53zm04,M-O,1,0.5341,0.1658,0.874559406540537,0.922661898988684,0.999999980961445,0.770667756850584,0.76579180755284,0.874559406540537,0.922661898988684,0.999999980961445,0.770667756850584,0.76579180755284,7.05247072298949,0.725058104824567
-0.596015810028778,-0.542731690162564,1,0,0,1,53,53,53zm04,M-O,1,0.516,0.2052,0.293810360642346,0.315421720238401,0.519139632489598,0.299186368214095,0.293657275832823,0.706189639357654,0.684578279761599,0.480860367510402,0.700813631785905,0.706342724167177,0.596015810028778,0.542731690162564
-3.62573100093009,1.11049495367311,0,1,1,1,53,53,53zm04,M-O,1,0.2353,0.1668,0.92155443931238,0.928652535054284,0.999623115717035,0.870019772842519,0.866607099272405,0.92155443931238,0.928652535054284,0.999623115717035,0.870019772842519,0.866607099272405,3.62573100093009,1.11049495367311
1.06333370980632,2.2043743828846,1,1,1,1,53,53,53zm04,M-O,1,0.6053,0.1896,0.986643156596379,0.990093153733525,0.998342758027787,0.986802966720167,0.986250987140734,0.986643156596379,0.990093153733525,0.998342758027787,0.986802966720167,0.986250987140734,1.06333370980632,2.2043743828846
-5.60033562851307,0.857690001573356,0,1,1,1,53,53,53zm04,M-O,1,0.2052,0.0083,0.899576700851172,0.920831637499855,0.999997523133155,0.80885363200494,0.804468168767449,0.899576700851172,0.920831637499855,0.999997523133155,0.80885363200494,0.804468168767449,5.60033562851307,0.857690001573356
4.76545112376448,1.39133229891797,1,1,1,1,53,53,53zm04,M-O,1,0.2199,0.0957,0.963832941868085,0.968458653180767,0.999993413907192,0.920334027977385,0.917937658084846,0.963832941868085,0.968458653180767,0.999993413907192,0.920334027977385,0.917937658084846,4.76545112376448,1.39133229891797
-0.48241036579531,0.800495704936652,0,1,1,1,53,53,53zm04,M-O,1,0.4666,0.1665,0.789545756105581,0.815511953715063,0.935234363285175,0.79288870156755,0.788288174473702,0.789545756105581,0.815511953715063,0.935234363285175,0.79288870156755,0.788288174473702,0.48241036579531,0.800495704936652
-0.782754758987542,1.24966431939713,0,1,1,1,53,53,53zm04,M-O,1,0.7091,0.0637,0.895672166630703,0.913343442375947,0.977368132408229,0.897181502362518,0.894288901714171,0.895672166630703,0.913343442375947,0.977368132408229,0.897181502362518,0.894288901714171,0.782754758987542,1.24966431939713
-2.3540600595417,0.758703822115937,0,1,1,1,53,53,53zm04,M-O,1,0.15,0.023,0.808271873204703,0.839395842493538,0.989198302770771,0.780739595062684,0.77598512499686,0.808271873204703,0.839395842493538,0.989198302770771,0.780739595062684,0.77598512499686,2.3540600595417,0.758703822115937
-5.71394107274654,1.24346912628448,0,1,1,1,53,53,53zm04,M-O,1,0.1416,0.0088,0.952075135437523,0.964529614895061,0.999999567257218,0.896067664252587,0.893152494473784,0.952075135437523,0.964529614895061,0.999999567257218,0.896067664252587,0.893152494473784,5.71394107274654,1.24346912628448
6.34385676458323,0.886749222306187,1,0,1,0,53,53,53zm04,M-O,1,0.5272,0.1988,0.904863335781672,0.934934537021876,0.999999841325795,0.816667749521633,0.812393034404109,0.904863335781672,0.934934537021876,0.999999841325795,0.816667749521633,0.812393034404109,6.34385676458323,0.886749222306187
-0.363124649350168,0.968142422427121,0,1,1,1,53,53,53zm04,M-O,1,0.5904,0.04,0.834318271131417,0.855490770793053,0.948777069204425,0.837474710125416,0.833513377162636,0.834318271131417,0.855490770793053,0.948777069204425,0.837474710125416,0.833513377162636,0.363124649350168,0.968142422427121
0.228333694690328,0.575483552878191,0,1,1,1,53,53,53zm04,M-O,1,0.4855,0.0844,0.718385043255746,0.746258090864057,0.893695170781025,0.722898297215927,0.717517844569502,0.718385043255746,0.746258090864057,0.893695170781025,0.722898297215927,0.717517844569502,0.228333694690328,0.575483552878191
-3.42834154157444,0.934530932722009,0,1,1,1,53,53,53zm04,M-O,1,0.2043,0.008,0.887493330731807,0.8981645245768,0.999059055234783,0.829076099479619,0.824984956249721,0.887493330731807,0.8981645245768,0.999059055234783,0.829076099479619,0.824984956249721,3.42834154157444,0.934530932722009
1.65692215592619,-0.673138793804599,0,0,0,1,53,53,53zm04,M-O,1,0.7199,0.2221,0.250438828054364,0.263989498479526,0.400839883050615,0.255542510769929,0.250429497812141,0.749561171945636,0.736010501520474,0.599160116949385,0.744457489230071,0.749570502187858,1.65692215592619,0.673138793804599
-4.92438323532393,2.15625039660621,0,1,1,1,53,53,53zm04,M-O,1,0.1961,0.1335,0.994841058851838,0.99579987571254,0.999999734575549,0.985081219200604,0.984467940873086,0.994841058851838,0.99579987571254,0.999999734575549,0.985081219200604,0.984467940873086,4.92438323532393,2.15625039660621
-0.819676528363419,1.37480037475547,0,1,1,1,53,53,53zm04,M-O,1,0.1897,0.1179,0.916640519807627,0.931685124830963,0.983173279308748,0.917855445407827,0.915403329040207,0.916640519807627,0.931685124830963,0.983173279308748,0.917855445407827,0.915403329040207,0.819676528363419,1.37480037475547
4.33091029957146,2.12253622414232,1,1,1,1,53,53,53zm04,M-O,1,0.1709,0.0084,0.993725527506227,0.994503951818486,0.999997711527627,0.983762956734641,0.983103632946742,0.993725527506227,0.994503951818486,0.999997711527627,0.983762956734641,0.983103632946742,4.33091029957146,2.12253622414232
7.69718161901443,1.84036400303341,1,1,1,1,53,53,53zm04,M-O,1,0.1863,0.0141,0.988198316806635,0.995299667001467,0.999999999992297,0.968298416805678,0.967142592696527,0.988198316806635,0.995299667001467,0.999999999992297,0.968298416805678,0.967142592696527,7.69718161901443,1.84036400303341
7.10359317289455,1.63424547858923,1,1,1,1,53,53,53zm04,M-O,1,0.1385,0.0087,0.980176077644878,0.990175112968001,0.99999999967665,0.950552572604361,0.948896341651147,0.980176077644878,0.990175112968001,0.99999999967665,0.950552572604361,0.948896341651147,7.10359317289455,1.63424547858923
-0.148694373359496,0.825858346353646,0,1,1,1,53,53,53zm04,M-O,1,0.6386,0.1031,0.796134085871025,0.818453627423057,0.926684667559408,0.800063478596651,0.795557774193647,0.796134085871025,0.818453627423057,0.926684667559408,0.800063478596651,0.795557774193647,0.148694373359496,0.825858346353646
-5.58116470979867,0.915226574072637,0,1,1,1,53,53,53zm04,M-O,1,0.1865,0.0084,0.909315904887922,0.928680097362036,0.999997824869692,0.824129136164998,0.819963651680133,0.909315904887922,0.928680097362036,0.999997824869692,0.824129136164998,0.819963651680133,5.58116470979867,0.915226574072637
-6.10303971924617,0.886578084374898,0,1,1,1,53,53,53zm04,M-O,1,0.1262,0.0084,0.904801634798745,0.931815981067319,0.999999614315341,0.816622321014357,0.812346951359035,0.904801634798745,0.931815981067319,0.999999614315341,0.816622321014357,0.812346951359035,6.10303971924617,0.886578084374898
0.0259739971494621,-1.12398455999171,1,0,0,1,53,53,53zm04,M-O,1,0.8387,0.1193,0.130941248264331,0.148412578060048,0.378029152457873,0.133932006849107,0.130509788058879,0.869058751735669,0.851587421939952,0.621970847542127,0.866067993150893,0.869490211941121,0.0259739971494621,1.12398455999171
6.12303618235443,0.683985001315265,1,1,1,1,53,53,53zm04,M-O,1,0.0583,0.2071,0.865820554174122,0.901449563329106,0.999999257830208,0.758028432158053,0.753007681536903,0.865820554174122,0.901449563329106,0.999999257830208,0.758028432158053,0.753007681536903,6.12303618235443,0.683985001315265
-0.0244384187291396,2.51064282471897,0,1,1,1,53,53,53zm04,M-O,1,0.0936,0.1601,0.993993442345417,0.995155920255047,0.998580425931869,0.994241902641404,0.993974421935109,0.993993442345417,0.995155920255047,0.998580425931869,0.994241902641404,0.993974421935109,0.0244384187291396,2.51064282471897
6.42409060957312,0.718589091021852,1,1,1,1,53,53,53zm04,M-O,1,0.1698,0.2238,0.873200448406956,0.912170691635105,0.999999779849691,0.768701955155556,0.763802931564663,0.873200448406956,0.912170691635105,0.999999779849691,0.768701955155556,0.763802931564663,6.42409060957312,0.718589091021852
-4.5509053374064,0.928541105126902,0,1,1,1,53,53,53zm04,M-O,1,0.2371,0.0083,0.907681454315446,0.915707793578728,0.999947224191704,0.82755075313125,0.823436522058037,0.907681454315446,0.915707793578728,0.999947224191704,0.82755075313125,0.823436522058037,4.5509053374064,0.928541105126902
-0.155794713624088,0.92932833961083,0,1,1,1,53,53,53zm04,M-O,1,0.3385,0.0084,0.82416482639042,0.844478082789921,0.939052322426904,0.827751721309998,0.823640523641243,0.82416482639042,0.844478082789921,0.939052322426904,0.827751721309998,0.823640523641243,0.155794713624088,0.92932833961083
4.10653954721036,1.40433878169591,1,1,1,1,53,53,53zm04,M-O,1,0.2083,0.008,0.961196657972662,0.964540644578766,0.999953738557816,0.92224395605017,0.91989100447695,0.961196657972662,0.964540644578766,0.999953738557816,0.92224395605017,0.91989100447695,4.10653954721036,1.40433878169591
4.04547662093487,0.802172856663282,1,1,1,1,53,53,53zm04,M-O,1,0.1836,0.0085,0.877700559309548,0.885075057547857,0.999703192310354,0.793367799226518,0.788773512370518,0.877700559309548,0.885075057547857,0.999703192310354,0.793367799226518,0.788773512370518,4.04547662093487,0.802172856663282
6.46243244700191,1.56243600262047,1,1,1,1,53,53,53zm04,M-O,1,0.21,0.0081,0.976455175086337,0.986015395716311,0.999999993046968,0.942766071991763,0.940907344390429,0.976455175086337,0.986015395716311,0.999999993046968,0.942766071991763,0.940907344390429,6.46243244700191,1.56243600262047
0.917066700355731,-0.952572808012886,0,0,0,1,53,53,53zm04,M-O,1,0.3045,0.2384,0.170457914520156,0.184743646188106,0.348852288583111,0.174486509058203,0.170403280010821,0.829542085479844,0.815256353811894,0.651147711416889,0.825513490941797,0.829596719989178,0.917066700355731,0.952572808012886
-3.88205328448186,1.41655802998993,0,1,1,1,53,53,53zm04,M-O,1,0.3765,0.0082,0.960043580527637,0.963739722770634,0.999916802526444,0.924006428420806,0.92169390668896,0.960043580527637,0.963739722770634,0.999916802526444,0.924006428420806,0.92169390668896,3.88205328448186,1.41655802998993
2.60836775138149,2.35124495551662,1,1,1,1,53,53,53zm04,M-O,1,0.1632,0.0223,0.993275820829705,0.995352080389979,0.999891980694051,0.991039215804765,0.990644644137685,0.993275820829705,0.995352080389979,0.999891980694051,0.991039215804765,0.990644644137685,2.60836775138149,2.35124495551662
-2.1176187287308,1.62979589237572,0,1,1,1,53,53,53zm04,M-O,1,0.1224,0.0314,0.955691417530784,0.966940817374907,0.997887482198826,0.950096039946916,0.948427678883031,0.955691417530784,0.966940817374907,0.997887482198826,0.950096039946916,0.948427678883031,2.1176187287308,1.62979589237572
-2.59405156048491,0.888049870583982,0,1,1,1,53,53,53zm04,M-O,1,0.1266,0.1826,0.849115390707581,0.873552744708166,0.994441160392906,0.817012776816348,0.812743036999087,0.849115390707581,0.873552744708166,0.994441160392906,0.817012776816348,0.812743036999087,2.59405156048491,0.888049870583982
-5.51229140923213,1.68209564417757,0,1,1,1,53,53,53zm04,M-O,1,0.1235,0.0083,0.982248167940404,0.986866496497999,0.999999819509101,0.955254167545928,0.953724852550533,0.982248167940404,0.986866496497999,0.999999819509101,0.955254167545928,0.953724852550533,5.51229140923213,1.68209564417757
5.98528958122135,2.45122373497551,1,1,1,1,53,53,53zm04,M-O,1,0.1709,0.008,0.997971268454371,0.99879579481197,0.999999998794962,0.993191540756538,0.992881428568365,0.997971268454371,0.99879579481197,0.999999998794962,0.993191540756538,0.992881428568365,5.98528958122135,2.45122373497551
0.0955573317424615,1.06401389153508,0,0,1,0,53,53,53zm04,M-O,1,0.1744,0.1662,0.856727052735104,0.873934315931062,0.951095509528572,0.859929698215204,0.856338796712485,0.856727052735104,0.873934315931062,0.951095509528572,0.859929698215204,0.856338796712485,0.0955573317424615,1.06401389153508
-0.193426517026424,2.08673416891671,0,1,1,1,53,53,53zm04,M-O,1,0.2649,0.008,0.981624389456313,0.984985237152405,0.995579776130431,0.98225504060892,0.981543914607532,0.981624389456313,0.984985237152405,0.995579776130431,0.98225504060892,0.981543914607532,0.193426517026424,2.08673416891671
7.47565100275916,1.69267196833121,1,1,1,1,53,53,53zm04,M-O,1,0.2334,0.1104,0.982820439964371,0.992411478559678,0.999999999955041,0.956243176095913,0.954741038094164,0.982820439964371,0.992411478559678,0.999999999955041,0.956243176095913,0.954741038094164,7.47565100275916,1.69267196833121
0.799911085989967,-0.0979099791568202,1,0,0,1,53,53,53zm04,M-O,1,0.4646,0.1594,0.461097839613733,0.483590583404662,0.66038622951967,0.467355033811098,0.461001887921045,0.538902160386267,0.516409416595338,0.33961377048033,0.532644966188902,0.538998112078955,0.799911085989967,0.0979099791568202
4.34653104815356,2.06140575508597,1,1,1,1,53,53,53zm04,M-O,1,0.4694,0.15,0.992598566761014,0.993498310995945,0.999997309688908,0.981117459979661,0.980367826865111,0.992598566761014,0.993498310995945,0.999997309688908,0.981117459979661,0.980367826865111,4.34653104815356,2.06140575508597
6.00375046590928,1.5802343474745,1,1,1,1,53,53,53zm04,M-O,1,0.2983,0.0389,0.977403001979624,0.98498852406443,0.999999959083792,0.944780604056702,0.942973395705489,0.977403001979624,0.98498852406443,0.999999959083792,0.944780604056702,0.942973395705489,6.00375046590928,1.5802343474745
0.395901724934694,1.18415271929979,0,1,1,1,53,53,53zm04,M-O,1,0.9311,0.0951,0.882482255763993,0.899244139375864,0.966812308423593,0.88495797334914,0.881823692842895,0.882482255763993,0.899244139375864,0.966812308423593,0.88495797334914,0.881823692842895,0.395901724934694,1.18415271929979
6.39213907838245,1.51054698185372,1,1,1,1,53,53,53zm04,M-O,1,0.3551,0.0082,0.973417216965168,0.98378589233767,0.999999988525143,0.936561862495126,0.934548044654913,0.973417216965168,0.98378589233767,0.999999988525143,0.936561862495126,0.934548044654913,6.39213907838245,1.51054698185372
-5.67204906518544,1.40006033341369,0,1,1,1,53,53,53zm04,M-O,1,0.2694,0.0081,0.965747327922509,0.974855766480009,0.999999715230145,0.921619564536544,0.919252373953841,0.965747327922509,0.974855766480009,0.999999715230145,0.921619564536544,0.919252373953841,5.67204906518544,1.40006033341369
-1.5261603846903,2.41802297630549,0,1,1,1,53,53,53zm04,M-O,1,0.2948,0.111,0.992729935388594,0.99497592741271,0.999476999438364,0.992533762883155,0.992197454287369,0.992729935388594,0.99497592741271,0.999476999438364,0.992533762883155,0.992197454287369,1.5261603846903,2.41802297630549
6.1287164545661,1.70420666490008,1,1,1,1,53,53,53zm04,M-O,1,0.2051,0.0083,0.98328994547811,0.989432918684856,0.999999984810833,0.957301618571011,0.955828757748756,0.98328994547811,0.989432918684856,0.999999984810833,0.957301618571011,0.955828757748756,6.1287164545661,1.70420666490008
5.8539332863264,1.8067525133283,1,1,1,1,53,53,53zm04,M-O,1,0.1985,0.0081,0.987091535972318,0.991350117304444,0.999999969828716,0.965828774347554,0.964599562093979,0.987091535972318,0.991350117304444,0.999999969828716,0.965828774347554,0.964599562093979,5.8539332863264,1.8067525133283
2.51038305573013,1.81342689264856,1,1,1,1,53,53,53zm04,M-O,1,0.1721,0.0082,0.973171135485343,0.980128145177791,0.99934351336224,0.966331384283222,0.965116997562536,0.973171135485343,0.980128145177791,0.99934351336224,0.966331384283222,0.965116997562536,2.51038305573013,1.81342689264856
1.30616534685536,1.17675956066812,1,0,1,0,53,53,53zm04,M-O,1,0.438,0.2227,0.884593494579745,0.906827276469642,0.983039581142307,0.88351619653759,0.880354256220802,0.884593494579745,0.906827276469642,0.983039581142307,0.88351619653759,0.880354256220802,1.30616534685536,1.17675956066812
-1.61278453591832,2.18216067940332,0,1,1,1,53,53,53zm04,M-O,1,0.2512,0.008,0.986552066901874,0.990504940929935,0.999045394135364,0.986030802489276,0.985451161922327,0.986552066901874,0.990504940929935,0.999045394135364,0.986030802489276,0.985451161922327,1.61278453591832,2.18216067940332
0.194962095446746,-1.0473489943606,1,0,0,1,53,53,53zm04,M-O,1,1.4165,0.1259,0.147776881428625,0.165356749509206,0.383372396505864,0.151186169068859,0.147469323475196,0.852223118571375,0.834643250490794,0.616627603494136,0.848813830931141,0.852530676524804,0.194962095446746,1.0473489943606
2.43724955100483,0.766747304886509,1,1,1,1,53,53,53zm04,M-O,1,0.1172,0.0082,0.813487872591485,0.843215338806591,0.990672220748154,0.783109201507919,0.778384113919869,0.813487872591485,0.843215338806591,0.990672220748154,0.783109201507919,0.778384113919869,2.43724955100483,0.766747304886509
6.24303193282603,1.09906293986302,1,1,1,1,53,53,53zm04,M-O,1,0.2158,0.0082,0.935996961006309,0.956810277567406,0.999999895815425,0.867586056647512,0.8641296932459,0.935996961006309,0.956810277567406,0.999999895815425,0.867586056647512,0.8641296932459,6.24303193282603,1.09906293986302
7.91303196305802,1.56448965779593,1,1,1,1,53,53,53zm04,M-O,1,0.2763,0.1507,0.976574829040365,0.990463509999452,0.999999999989685,0.943001428909151,0.941148690056948,0.976574829040365,0.990463509999452,0.999999999989685,0.943001428909151,0.941148690056948,7.91303196305802,1.56448965779593
1.25433286292384,2.37811361072895,1,1,1,1,53,53,53zm04,M-O,1,0.6803,0.1588,0.991665537214967,0.994052694519671,0.999186460860699,0.99166947126486,0.991299268234787,0.991665537214967,0.994052694519671,0.999186460860699,0.99166947126486,0.991299268234787,1.25433286292384,2.37811361072895
-2.58695122022031,1.77851475466566,0,1,1,1,53,53,53zm04,M-O,1,0.2371,0.0088,0.971654482161435,0.978766606072637,0.999376060281328,0.96363365181313,0.962340324579701,0.971654482161435,0.978766606072637,0.999376060281328,0.96363365181313,0.962340324579701,2.58695122022031,1.77851475466566
4.78746217858471,2.35076576930901,1,1,1,1,53,53,53zm04,M-O,1,0.5664,0.0467,0.997049446673188,0.997564706475325,0.999999790775366,0.991027606370304,0.990632588436598,0.997049446673188,0.997564706475325,0.999999790775366,0.991027606370304,0.990632588436598,4.78746217858471,2.35076576930901
0.957538639863904,0.654788870237402,1,1,1,1,53,53,53zm04,M-O,1,0.6689,0.3104,0.747601765738404,0.781858174465513,0.938614873438834,0.748819183158114,0.743698151297839,0.747601765738404,0.781858174465513,0.938614873438834,0.748819183158114,0.743698151297839,0.957538639863904,0.654788870237402
-3.72442573060792,1.98870636187451,0,1,1,1,53,53,53zm04,M-O,1,0.2632,0.0082,0.989041493278029,0.990600438205292,0.999977609598389,0.977502222372661,0.976633188309281,0.989041493278029,0.990600438205292,0.999977609598389,0.977502222372661,0.976633188309281,3.72442573060792,1.98870636187451
-3.7577973298515,2.02269435502846,0,1,1,1,53,53,53zm04,M-O,1,0.2187,0.0154,0.990098119979766,0.991498064964533,0.999981733571472,0.979259212386714,0.978447665370309,0.990098119979766,0.991498064964533,0.999981733571472,0.979259212386714,0.978447665370309,3.7577973298515,2.02269435502846
0.447024174839755,-0.962841083890211,1,0,0,1,53,53,53zm04,M-O,1,1.6829,0.0872,0.167990983313908,0.18511221392707,0.385337294650029,0.171857243987821,0.167813639839152,0.832009016686092,0.81488778607293,0.614662705349971,0.828142756012179,0.832186360160848,0.447024174839755,0.962841083890211
-2.27950648676349,1.82194956162674,0,0,1,0,53,53,53zm04,M-O,1,0.2359,0.1516,0.971912364504263,0.979497886525787,0.999029160642781,0.96696431829564,0.965768680417847,0.971912364504263,0.979497886525787,0.999029160642781,0.96696431829564,0.965768680417847,2.27950648676349,1.82194956162674
5.46838480995906,1.49623985079798,1,0,1,0,53,53,53zm04,M-O,1,0.1975,0.1349,0.972347565851985,0.978970654077683,0.999999579797118,0.934762255571024,0.932704418403901,0.972347565851985,0.978970654077683,0.999999579797118,0.934762255571024,0.932704418403901,5.46838480995906,1.49623985079798
7.51896307837317,2.48199433502123,1,1,1,1,53,53,53zm04,M-O,1,0.0403,0.0628,0.998164638562834,0.999354204057358,0.999999999999236,0.993754908163236,0.993467532380743,0.998164638562834,0.999354204057358,0.999999999999236,0.993754908163236,0.993467532380743,7.51896307837317,2.48199433502123
0.502406828903571,-0.302111758770568,1,0,0,1,53,53,53zm04,M-O,1,0.5882,0.1589,0.381486729484589,0.406027498078953,0.61223315114367,0.387392298975703,0.381283434412506,0.618513270515411,0.593972501921047,0.38776684885633,0.612607701024297,0.618716565587494,0.502406828903571,0.302111758770568
3.93684141488662,2.2933318795685,1,1,1,1,53,53,53zm04,M-O,1,0.1574,0.0539,0.995615030768959,0.996249133923069,0.999995641869301,0.989537127060874,0.989085547403963,0.995615030768959,0.996249133923069,0.999995641869301,0.989537127060874,0.989085547403963,3.93684141488662,2.2933318795685
-2.38672162475883,2.47658637639251,0,1,1,1,53,53,53zm04,M-O,1,0.3121,0.008,0.994881719200666,0.996584592998681,0.999888204284986,0.993658991123118,0.9933677237787,0.994881719200666,0.996584592998681,0.999888204284986,0.993658991123118,0.9933677237787,2.38672162475883,2.47658637639251
-3.7698679083013,0.774482739380761,0,1,1,1,53,53,53zm04,M-O,1,0.409,0.0787,0.865416444841762,0.874059939344423,0.999368368640636,0.785374029279246,0.780677314220036,0.865416444841762,0.874059939344423,0.999368368640636,0.785374029279246,0.780677314220036,3.7698679083013,0.774482739380761
-3.7698679083013,0.894416201627923,0,1,1,1,53,53,53zm04,M-O,1,0.2872,0.0084,0.889337231091794,0.897088327310544,0.999534556495831,0.818695743294675,0.814450376457254,0.889337231091794,0.897088327310544,0.999534556495831,0.818695743294675,0.814450376457254,3.7698679083013,0.894416201627923
3.10965177406167,0.884695567130722,1,0,1,0,53,53,53zm04,M-O,1,0.3751,0.9511,0.867078910017775,0.882996888520551,0.997888709613416,0.816122144327808,0.811839576416818,0.867078910017775,0.882996888520551,0.997888709613416,0.816122144327808,0.811839576416818,3.10965177406167,0.884695567130722
2.56150550563519,0.793307911822524,1,0,1,0,53,53,53zm04,M-O,1,0.0006,0.376,0.825070893665139,0.8522084136216,0.992799142699494,0.790827995526896,0.786200775832467,0.825070893665139,0.8522084136216,0.992799142699494,0.790827995526896,0.786200775832467,2.56150550563519,0.793307911822524
0.74523846595261,-0.0856907308628027,1,0,0,1,53,53,53zm04,M-O,1,1.0234,0.0871,0.465966212374526,0.488953171212335,0.668043731187314,0.472215790325459,0.46585613536264,0.534033787625474,0.511046828787665,0.331956268812686,0.527784209674541,0.53414386463736,0.74523846595261,0.0856907308628027
6.60372921826729,1.68610027176973,1,0,1,0,53,53,53zm04,M-O,1,0.2603,0.1272,0.982536323383479,0.990223798518789,0.99999999771182,0.955630743462186,0.954111756162443,0.982536323383479,0.990223798518789,0.99999999771182,0.955630743462186,0.954111756162443,6.60372921826729,1.68610027176973
-0.578264959367299,0.391031090535166,1,1,0,0,53,53,53zm04,M-O,1,0.5471,0.1357,0.348053394518559,0.371237154358941,0.57483135801108,0.353814823189311,0.347887127455248,0.651946605481441,0.628762845641059,0.42516864198892,0.646185176810689,0.652112872544752,0.578264959367299,0.391031090535166
2.47346128635425,2.0268701205519,1,1,1,1,53,53,53zm04,M-O,1,0.6134,0.1119,0.983613536207008,0.988256013102091,0.999618136761333,0.979466839095615,0.978662151515058,0.983613536207008,0.988256013102091,0.999618136761333,0.979466839095615,0.978662151515058,2.47346128635425,2.0268701205519
-0.0237283847026805,-0.512611414255742,1,1,0,0,53,53,53zm04,M-O,1,0.5166,0.6473,0.304736697621088,0.332531380169972,0.585833062039825,0.309727900818384,0.304111583606973,0.695263302378912,0.667468619830028,0.414166937960175,0.690272099181616,0.695888416393027,0.0237283847026805,0.512611414255742
-0.310582131392189,0.177108676424216,1,0,0,1,53,53,53zm04,M-O,1,0.5892,0.1033,0.430038906043643,0.457203997242109,0.670150383731028,0.435999827144466,0.429711513431739,0.569961093956357,0.542796002757891,0.329849616268972,0.564000172855534,0.570288486568261,0.310582131392189,0.177108676424216
-1.89111787429032,2.18325596216357,0,1,1,1,53,53,53zm04,M-O,1,0.3864,0.0144,0.987172152810262,0.991086091373206,0.99935401163465,0.98606976863126,0.985491517179906,0.987172152810262,0.991086091373206,0.99935401163465,0.98606976863126,0.985491517179906,1.89111787429032,2.18325596216357
3.8502172636586,2.47935881087938,1,1,1,1,53,53,53zm04,M-O,1,0.6565,0.1419,0.997377971499075,0.997815459623032,0.99999705348314,0.993708325463306,0.993419058641854,0.997377971499075,0.997815459623032,0.99999705348314,0.993708325463306,0.993419058641854,3.8502172636586,2.47935881087938
7.12560422771479,2.49079082468947,1,1,1,1,53,53,53zm04,M-O,1,0.215,0.0082,0.998215528347236,0.999282342635262,0.999999999994769,0.993908182296914,0.993627043265576,0.998215528347236,0.999282342635262,0.999999999994769,0.993908182296914,0.993627043265576,7.12560422771479,2.49079082468947
-2.11051838846621,2.34792487964962,0,1,1,1,53,53,53zm04,M-O,1,0.48,0.0083,0.992077703499931,0.99464437471764,0.999723478909694,0.990958508024863,0.990560835857314,0.992077703499931,0.99464437471764,0.999723478909694,0.990958508024863,0.990560835857314,2.11051838846621,2.34792487964962
2.73546384211769,1.72053322354502,1,1,1,1,53,53,53zm04,M-O,1,0.4786,0.1268,0.969280870446884,0.976450843276013,0.999454431337186,0.958764288146389,0.957332220066494,0.969280870446884,0.976450843276013,0.999454431337186,0.958764288146389,0.957332220066494,2.73546384211769,1.72053322354502
-0.471049821371963,-0.275824972524615,1,0,0,1,53,53,53zm04,M-O,1,1.1592,0.927,0.391561452004174,0.416571599667967,0.62385941889212,0.397495401123307,0.391341251083671,0.608438547995826,0.583428400332033,0.37614058110788,0.602504598876693,0.608658748916329,0.471049821371963,0.275824972524615
0.377440840246755,-0.458155324519659,1,0,0,1,53,53,53zm04,M-O,1,0.2888,0.3114,0.323690272969808,0.348233772406631,0.568712009780103,0.329184661156209,0.323420426959724,0.676309727030192,0.651766227593369,0.431287990219897,0.670815338843791,0.676579573040276,0.377440840246755,0.458155324519659
5.6799749498439,1.47477915421436,1,1,1,1,53,53,53zm04,M-O,1,0.0754,0.352,0.971046276675408,0.978955482919013,0.999999790125755,0.931988897502133,0.92986403632313,0.971046276675408,0.978955482919013,0.999999790125755,0.931988897502133,0.92986403632313,5.6799749498439,1.47477915421436
2.56931587992624,1.45598820935886,1,1,1,1,53,53,53zm04,M-O,1,0.287,0.0086,0.943672720703764,0.956018157187957,0.998478814673238,0.929486571589234,0.927302060475117,0.943672720703764,0.956018157187957,0.998478814673238,0.929486571589234,0.927302060475117,2.56931587992624,1.45598820935886
6.94880575512645,1.23936181593355,1,1,1,1,53,53,53zm04,M-O,1,0.187,0.2547,0.951794681174695,0.972862989150681,0.999999996463768,0.895324399927944,0.892394232196052,0.951794681174695,0.972862989150681,0.999999996463768,0.895324399927944,0.892394232196052,6.94880575512645,1.23936181593355
0.309987607733133,-0.957125076985166,1,1,0,0,53,53,53zm04,M-O,1,0.4389,0.1109,0.169501548981353,0.187732358293487,0.401065427822698,0.173317731054402,0.169252063840506,0.830498451018647,0.812267641706513,0.598934572177302,0.826682268945598,0.830747936159494,0.309987607733133,0.957125076985166
-4.40321825990289,0.929088746507026,0,1,1,1,53,53,53zm04,M-O,1,0.2887,0.0125,0.90634372855892,0.913498482071448,0.999919818464281,0.827690572907398,0.823578451995652,0.90634372855892,0.913498482071448,0.999919818464281,0.827690572907398,0.823578451995652,4.40321825990289,0.929088746507026
-2.99877095556664,2.42948921770184,0,1,1,1,53,53,53zm04,M-O,1,0.193,0.1259,0.995419867652127,0.996701047566415,0.999964854322506,0.992767003686356,0.99243994267608,0.995419867652127,0.996701047566415,0.999964854322506,0.992767003686356,0.99243994267608,2.99877095556664,2.42948921770184
7.31589334680585,0.808128456672131,1,1,1,1,53,53,53zm04,M-O,1,0.1125,0.0083,0.890892275258079,0.937248216636707,0.999999995391771,0.795063773281565,0.790491681238172,0.890892275258079,0.937248216636707,0.999999995391771,0.795063773281565,0.790491681238172,7.31589334680585,0.808128456672131
4.08026828823137,1.45574861625505,1,1,1,1,53,53,53zm04,M-O,1,0.3251,0.1432,0.965068052316825,0.968169010692204,0.999957274050954,0.929454214909713,0.927268937500609,0.965068052316825,0.968169010692204,0.999957274050954,0.929454214909713,0.927268937500609,4.08026828823137,1.45574861625505
6.36586781940347,2.38136523142344,1,1,1,1,53,53,53zm04,M-O,1,0.1559,0.3352,0.997479038177969,0.998663225803251,0.999999999691271,0.991743039510864,0.991375699549548,0.997479038177969,0.998663225803251,0.999999999691271,0.991743039510864,0.991375699549548,6.36586781940347,2.38136523142344
-4.72770380999474,2.41347070733321,0,1,1,1,53,53,53zm04,M-O,1,0.236,0.1022,0.997543398381244,0.997960058051647,0.999999795586805,0.992439340741994,0.992099301010809,0.997543398381244,0.997960058051647,0.999999795586805,0.992439340741994,0.992099301010809,4.72770380999474,2.41347070733321
1.24865259071217,0.702502125480708,1,1,1,1,53,53,53zm04,M-O,1,0.8259,0.117,0.765354806503218,0.800903534000546,0.955162667649435,0.763772941066874,0.75881696166775,0.765354806503218,0.800903534000546,0.955162667649435,0.763772941066874,0.75881696166775,1.24865259071217,0.702502125480708
2.1873175736912,1.27957922978641,1,1,1,1,53,53,53zm04,M-O,1,0.4185,0.1199,0.9137491190881,0.93256838755982,0.995519156316703,0.9024379715793,0.899653420758008,0.9137491190881,0.93256838755982,0.995519156316703,0.9024379715793,0.899653420758008,2.1873175736912,1.27957922978641
6.06978363036999,1.51407242323826,1,1,1,1,53,53,53zm04,M-O,1,0.2068,0.0082,0.973615176424902,0.98259339479831,0.999999959050551,0.93699931740068,0.934996264007097,0.973615176424902,0.98259339479831,0.999999959050551,0.93699931740068,0.934996264007097,6.06978363036999,1.51407242323826
7.79303621258641,1.82718638232418,1,1,1,1,53,53,53zm04,M-O,1,0.1663,5.255,0.987786543628982,0.995250525715023,0.999999999994855,0.967348343379555,0.966164124677949,0.987786543628982,0.995250525715023,0.999999999994855,0.967348343379555,0.966164124677949,7.79303621258641,1.82718638232418
-5.92979141679013,1.22471240901523,0,1,1,1,53,53,53zm04,M-O,1,0.2826,0.008,0.950243886176703,0.964748910824383,0.999999789487072,0.892642083110925,0.889658201481363,0.950243886176703,0.964748910824383,0.999999789487072,0.892642083110925,0.889658201481363,5.92979141679013,1.22471240901523
-0.175675666364945,1.06291860877484,0,1,1,1,53,53,53zm04,M-O,1,0.301,0.0396,0.856558861150122,0.874337955057295,0.952810251436517,0.859685686364293,0.856090568365084,0.856558861150122,0.874337955057295,0.952810251436517,0.859685686364293,0.856090568365084,0.175675666364945,1.06291860877484
2.6900216644243,2.14988406556226,1,1,1,1,53,53,53zm04,M-O,1,0.7826,0.1592,0.988845058707605,0.991987679144351,0.99982858260028,0.984839580785289,0.984217806825585,0.988845058707605,0.991987679144351,0.99982858260028,0.984839580785289,0.984217806825585,2.6900216644243,2.14988406556226
-6.13357118238391,1.61439347855973,0,1,1,1,53,53,53zm04,M-O,1,0.2017,0.0859,0.979185019570147,0.986678019236413,0.999999978620288,0.948489725806274,0.946778947316764,0.979185019570147,0.986678019236413,0.999999978620288,0.948489725806274,0.946778947316764,6.13357118238391,1.61439347855973
-0.732342343108941,1.41080779549863,0,1,1,1,53,53,53zm04,M-O,1,0.1025,0.112,0.921824184669264,0.935700282793909,0.98342787801938,0.923180855989154,0.920849352359382,0.921824184669264,0.935700282793909,0.98342787801938,0.923180855989154,0.920849352359382,0.732342343108941,1.41080779549863
7.21009827686343,1.21256161589373,1,1,1,1,53,53,53zm04,M-O,1,0.1101,0.1659,0.949050749904627,0.972821172511849,0.999999998705394,0.89037995131612,0.887351264155464,0.949050749904627,0.972821172511849,0.999999998705394,0.89037995131612,0.887351264155464,7.21009827686343,1.21256161589373
7.89883128252883,0.89294441541884,1,1,1,1,53,53,53zm04,M-O,1,0.1092,0.2799,0.905930666531163,0.952981455421353,0.999999999746171,0.818307534321306,0.814056529952303,0.905930666531163,0.952981455421353,0.999999999746171,0.818307534321306,0.814056529952303,7.89883128252883,0.89294441541884
2.21571893474957,1.07986126397242,1,1,1,1,53,53,53zm04,M-O,1,0.5201,0.4877,0.879091241841361,0.903019042898572,0.993243627562828,0.863427988196061,0.859898017535066,0.879091241841361,0.903019042898572,0.993243627562828,0.863427988196061,0.859898017535066,2.21571893474957,1.07986126397242
5.53086780428747,1.35597520231371,1,1,1,1,53,53,53zm04,M-O,1,0.1776,0.1351,0.962197610755912,0.971256375272909,0.999999443180501,0.914962809982337,0.912446470928389,0.962197610755912,0.971256375272909,0.999999443180501,0.914962809982337,0.912446470928389,5.53086780428747,1.35597520231371
2.03892046216123,0.792520677338596,1,1,1,1,53,53,53zm04,M-O,1,0.4895,0.0937,0.80715546545638,0.840633088741793,0.984104350618557,0.790601568025057,0.785971429995712,0.80715546545638,0.840633088741793,0.984104350618557,0.790601568025057,0.785971429995712,2.03892046216123,0.792520677338596
6.24587206893186,1.29696684360534,1,1,1,1,53,53,53zm04,M-O,1,0.2466,0.0084,0.957275434548933,0.972063040880573,0.999999951882934,0.905401195461382,0.902678702336288,0.957275434548933,0.972063040880573,0.999999951882934,0.905401195461382,0.902678702336288,6.24587206893186,1.29696684360534
1.80673933550908,1.67069785795374,1,1,1,1,53,53,53zm04,M-O,1,0.3425,0.0082,0.956982803123239,0.967966804433091,0.997003547644277,0.954168272211855,0.952609313905637,0.956982803123239,0.967966804433091,0.997003547644277,0.954168272211855,0.952609313905637,1.80673933550908,1.67069785795374
-2.25891549999617,0.768424456613139,0,1,1,1,53,53,53zm04,M-O,1,0.4897,0.0508,0.807530890880738,0.839612582782205,0.987774351366234,0.783601417854632,0.778882472375861,0.807530890880738,0.839612582782205,0.987774351366234,0.783601417854632,0.778882472375861,2.25891549999617,0.768424456613139
5.57702001600732,1.98483864462738,1,1,1,1,53,53,53zm04,M-O,1,0.3009,0.1665,0.991927344023658,0.994295614058214,0.999999955742982,0.977294551397353,0.976418786778854,0.991927344023658,0.994295614058214,0.999999955742982,0.977294551397353,0.976418786778854,5.57702001600732,1.98483864462738
1.59585922965071,0.907936098199735,1,1,1,1,53,53,53zm04,M-O,1,0.3114,0.1274,0.827763381004923,0.858827938551035,0.978265666397254,0.822237511609992,0.818044007880771,0.827763381004923,0.858827938551035,0.978265666397254,0.822237511609992,0.818044007880771,1.59585922965071,0.907936098199735
2.19370787992933,0.974132250022228,1,1,1,1,53,53,53zm04,M-O,1,0.3554,0.0878,0.856258946512624,0.883310367515566,0.99121264352194,0.83894272962867,0.8350045607349,0.856258946512624,0.883310367515566,0.99121264352194,0.83894272962867,0.8350045607349,2.19370787992933,0.974132250022228
5.82056168708282,1.53460897499292,1,1,1,1,53,53,53zm04,M-O,1,0.0428,0.0082,0.974812642088522,0.98240479526475,0.999999901109826,0.939501048938237,0.937560046625307,0.974812642088522,0.98240479526475,0.999999901109826,0.939501048938237,0.937560046625307,5.82056168708282,1.53460897499292
-4.78450653211147,2.40118300386668,0,1,1,1,53,53,53zm04,M-O,1,0.3114,0.0083,0.997470568030612,0.997917213988864,0.999999825439014,0.992179202028486,0.991828919311413,0.997470568030612,0.997917213988864,0.999999825439014,0.992179202028486,0.991828919311413,4.78450653211147,2.40118300386668
3.23319769466557,2.31424493477199,1,1,1,1,53,53,53zm04,M-O,1,0.5574,0.0086,0.994320706998221,0.995665010286091,0.999971062628573,0.990103121970714,0.989672854790853,0.994320706998221,0.995665010286091,0.999971062628573,0.990103121970714,0.989672854790853,3.23319769466557,2.31424493477199
-5.45548868711539,1.93305230661941,0,1,1,1,53,53,53zm04,M-O,1,0.2122,0.0083,0.990684729934167,0.993174160032386,0.999999913690908,0.974354792747261,0.97338512273551,0.990684729934167,0.993174160032386,0.999999913690908,0.974354792747261,0.97338512273551,5.45548868711539,1.93305230661941
-1.49704898960548,1.88718734103402,0,1,1,1,53,53,53zm04,M-O,1,0.2657,0.0081,0.972178773100007,0.979479246124298,0.997479881116205,0.971491272722528,0.970432433824449,0.972178773100007,0.979479246124298,0.997479881116205,0.971491272722528,0.970432433824449,1.49704898960548,1.88718734103402
-1.94579049432768,0.821682580830201,0,1,1,1,53,53,53zm04,M-O,1,0.2796,0.008,0.812478895056765,0.845656090391898,0.983034820684428,0.798892592944987,0.794371212199242,0.812478895056765,0.845656090391898,0.983034820684428,0.798892592944987,0.794371212199242,1.94579049432768,0.821682580830201
2.74540431848812,0.647019208156893,1,1,1,1,53,53,53zm04,M-O,1,0.4813,0.0702,0.793918120398853,0.820695362144016,0.992865982669857,0.746337559249738,0.741190244008316,0.793918120398853,0.820695362144016,0.992865982669857,0.746337559249738,0.741190244008316,2.74540431848812,0.647019208156893
-2.75948948864989,1.34464587126239,0,1,1,1,53,53,53zm04,M-O,1,0.2824,0.0081,0.933906299100614,0.946698093802505,0.998597143650159,0.913185549658711,0.910630188794492,0.933906299100614,0.946698093802505,0.998597143650159,0.913185549658711,0.910630188794492,2.75948948864989,1.34464587126239
0.993750375213322,0.644212546083757,1,1,1,1,53,53,53zm04,M-O,1,0.5934,0.0179,0.74451304543517,0.779393302009836,0.939143898330354,0.745437958073062,0.740281191800468,0.74451304543517,0.779393302009836,0.939143898330354,0.745437958073062,0.740281191800468,0.993750375213322,0.644212546083757
-1.71289933364907,2.05076097575981,0,1,1,1,53,53,53zm04,M-O,1,0.4505,0.0084,0.981599331038747,0.986880745997938,0.998778444940682,0.980621170902133,0.979854885188132,0.981599331038747,0.986880745997938,0.998778444940682,0.980621170902133,0.979854885188132,1.71289933364907,2.05076097575981
-3.36514851321957,1.47957101629045,0,1,1,1,53,53,53zm04,M-O,1,0.1781,0.2391,0.958790346108972,0.964638978984162,0.999738491270021,0.932615910041019,0.930506116921685,0.958790346108972,0.964638978984162,0.999738491270021,0.932615910041019,0.930506116921685,3.36514851321957,1.47957101629045
3.13592303304066,2.41525054181861,1,1,1,1,53,53,53zm04,M-O,1,0.484,0.0626,0.995528559692713,0.99669365514405,0.999973596978913,0.992476382154424,0.992137805280827,0.995528559692713,0.99669365514405,0.999973596978913,0.992476382154424,0.992137805280827,3.13592303304066,2.41525054181861
-2.12826923912769,1.46002706453727,0,1,1,1,53,53,53zm04,M-O,1,0.355,0.0084,0.937737268957667,0.952495504519944,0.996814939572951,0.930030297252129,0.927858682075677,0.937737268957667,0.952495504519944,0.996814939572951,0.930030297252129,0.927858682075677,2.12826923912769,1.46002706453727
-2.24045461530824,1.5893046578328,0,1,1,1,53,53,53zm04,M-O,1,0.2972,0.0081,0.953105702407582,0.964723131003917,0.998075575765143,0.945785474251315,0.944004186162038,0.953105702407582,0.964723131003917,0.998075575765143,0.945785474251315,0.944004186162038,2.24045461530824,1.5893046578328
-2.58979135632615,1.21950981590405,0,1,1,1,53,53,53zm04,M-O,1,0.2489,0.0086,0.91263642693732,0.929601154620653,0.997373728842024,0.891677662251447,0.888674623727212,0.91263642693732,0.929601154620653,0.997373728842024,0.891677662251447,0.888674623727212,2.58979135632615,1.21950981590405
4.08594856044304,1.62808451306284,1,1,1,1,53,53,53zm04,M-O,1,0.4455,0.0082,0.976346173955769,0.97864760491943,0.999975182419977,0.949919557837783,0.948246516546425,0.976346173955769,0.97864760491943,0.999975182419977,0.949919557837783,0.948246516546425,4.08594856044304,1.62808451306284
-4.0325804980912,1.64694391309086,0,1,1,1,53,53,53zm04,M-O,1,0.1796,4.198,0.977045674985802,0.979327060532179,0.999972677995414,0.951837132361934,0.950215212657025,0.977045674985802,0.979327060532179,0.999972677995414,0.951837132361934,0.950215212657025,4.0325804980912,1.64694391309086
-3.88276331850831,2.00732616879873,0,1,1,1,53,53,53zm04,M-O,1,0.2922,0.0083,0.990161696523937,0.991431310538613,0.999986591402583,0.978479701447565,0.977642527744532,0.990161696523937,0.991431310538613,0.999986591402583,0.978479701447565,0.977642527744532,3.88276331850831,2.00732616879873
5.16946048481975,1.5872852302436,1,1,1,1,53,53,53zm04,M-O,1,0.1679,0.0088,0.977444124324071,0.981860586806393,0.999999123388352,0.945563009963376,0.943775970586394,0.977444124324071,0.981860586806393,0.999999123388352,0.945563009963376,0.943775970586394,5.16946048481975,1.5872852302436
1.46734307086159,0.76657616695522,1,1,1,1,53,53,53zm04,M-O,1,0.759,0.155,0.787409654969265,0.822364946769961,0.967438107276608,0.783058938985499,0.778333224949663,0.787409654969265,0.822364946769961,0.967438107276608,0.783058938985499,0.778333224949663,1.46734307086159,0.76657616695522
-2.70836703874483,1.92497459626258,0,1,1,1,53,53,53zm04,M-O,1,0.2676,0.0082,0.980627357923009,0.985602237734487,0.999677026265365,0.973868692806373,0.972883731775323,0.980627357923009,0.985602237734487,0.999677026265365,0.973868692806373,0.972883731775323,2.70836703874483,1.92497459626258
2.95770449239941,1.40290122307309,1,1,1,1,53,53,53zm04,M-O,1,0.342,0.0081,0.944568694028836,0.954570056991928,0.999192835140313,0.922034583055247,0.919676851940616,0.944568694028836,0.954570056991928,0.999192835140313,0.922034583055247,0.919676851940616,2.95770449239941,1.40290122307309
-0.385135704170402,1.38578742994421,0,1,1,1,53,53,53zm04,M-O,1,0.5313,0.039,0.917571645484284,0.930293935270531,0.978080217399481,0.919509087434052,0.917094089104735,0.917571645484284,0.930293935270531,0.978080217399481,0.919509087434052,0.917094089104735,0.385135704170402,1.38578742994421
2.26755141868109,1.00127472592462,1,1,1,1,53,53,53zm04,M-O,1,0.5391,0.0702,0.864159950171093,0.889796551123282,0.992587885045114,0.845486160422311,0.841652995831857,0.864159950171093,0.889796551123282,0.992587885045114,0.845486160422311,0.841652995831857,2.26755141868109,1.00127472592462
6.99850813697859,1.50674771977911,1,1,1,1,53,53,53zm04,M-O,1,0.0879,0.0082,0.973190224041824,0.985941411952175,0.999999999095805,0.936087787555909,0.934062332606351,0.973190224041824,0.985941411952175,0.999999999095805,0.936087787555909,0.934062332606351,6.99850813697859,1.50674771977911
3.35319344513717,0.853035049842301,1,1,1,1,53,53,53zm04,M-O,1,0.259,0.008,0.868988018656311,0.881521986144237,0.998643281256717,0.807583189225818,0.80318006622177,0.868988018656311,0.881521986144237,0.998643281256717,0.807583189225818,0.80318006622177,3.35319344513717,0.853035049842301
-0.0691705623960679,0.367756331879895,1,1,0,0,53,53,53zm04,M-O,1,0.3858,0.1016,0.357107201854459,0.385924447188834,0.629730543735155,0.362506623376185,0.356527466334798,0.642892798145541,0.614075552811166,0.370269456264845,0.637493376623815,0.643472533665202,0.0691705623960679,0.367756331879895
0.0870369234249514,-0.971158387350845,1,0,0,1,53,53,53zm04,M-O,1,0.4822,0.0868,0.166157874195014,0.185949726097162,0.42115275148133,0.16974618608445,0.165734706105222,0.833842125804986,0.814050273902837,0.57884724851867,0.83025381391555,0.834265293894778,0.0870369234249514,0.971158387350845
6.530595713542,0.925049891328611,1,0,1,0,53,53,53zm04,M-O,1,0.1066,0.6311,0.91119365364494,0.941824729113233,0.999999932511714,0.826657701638924,0.822530021908341,0.91119365364494,0.941824729113233,0.999999932511714,0.826657701638924,0.822530021908341,6.530595713542,0.925049891328611
2.24767046594023,0.831334760154887,1,1,1,1,53,53,53zm04,M-O,1,0.41,0.1096,0.8236563248382,0.854163927120891,0.989063137295692,0.801592837534865,0.797107728455476,0.8236563248382,0.854163927120891,0.989063137295692,0.801592837534865,0.797107728455476,2.24767046594023,0.831334760154887
0.461224855368938,-0.771132373260543,1,1,0,0,53,53,53zm04,M-O,1,0.3205,0.0698,0.220508013006433,0.240399618117356,0.45005510997671,0.225081675197125,0.220314236823073,0.779491986993566,0.759600381882644,0.54994489002329,0.774918324802875,0.779685763176927,0.461224855368938,0.771132373260543
5.48258549048825,1.88581823758371,1,1,1,1,53,53,53zm04,M-O,1,0.238,0.1183,0.989441843077855,0.992282259935312,0.999999906659514,0.971401862562614,0.970340273781002,0.989441843077855,0.992282259935312,0.999999906659514,0.971401862562614,0.970340273781002,5.48258549048825,1.88581823758371
-2.13536957939228,1.1707012779005,0,1,1,1,53,53,53zm04,M-O,1,0.4024,0.0085,0.894545845223597,0.916535252822212,0.993773111306932,0.882325222406331,0.879140564305409,0.894545845223597,0.916535252822212,0.993773111306932,0.882325222406331,0.879140564305409,2.13536957939228,1.1707012779005
-5.46968936764458,0.699695463407573,0,1,1,1,53,53,53zm04,M-O,1,0.1963,0.008,0.868733983670699,0.892600576747826,0.999993575019636,0.762907097224751,0.75794124489311,0.868733983670699,0.892600576747826,0.999993575019636,0.762907097224751,0.75794124489311,5.46968936764458,0.699695463407573
-3.43189171170674,2.00729194121247,0,1,1,1,53,53,53zm04,M-O,1,0.1365,0.008,0.98821696139052,0.990331755076338,0.999953435289603,0.978477938081395,0.977640706630206,0.98821696139052,0.990331755076338,0.999953435289603,0.978477938081395,0.977640706630206,3.43189171170674,2.00729194121247
2.00341876083827,2.45502299705012,1,1,1,1,53,53,53zm04,M-O,1,0.6108,0.1665,0.993954948746885,0.99596726854135,0.99976501805439,0.993263447289875,0.992956221209246,0.993954948746885,0.99596726854135,0.99976501805439,0.993263447289875,0.992956221209246,2.00341876083827,2.45502299705012
7.85906937704712,2.06154266543101,1,1,1,1,53,53,53zm04,M-O,1,0.179,0.0704,0.99351703247055,0.997696625191039,0.999999999998842,0.981123772024719,0.980374351270399,0.99351703247055,0.997696625191039,0.999999999998842,0.981123772024719,0.980374351270399,7.85906937704712,2.06154266543101
1.53408626934876,1.35149138851394,1,1,1,1,53,53,53zm04,M-O,1,0.3005,0.3512,0.916615741911529,0.934755529572046,0.990906225952645,0.914262711519463,0.911730961694407,0.916615741911529,0.934755529572046,0.990906225952645,0.914262711519463,0.911730961694407,1.53408626934876,1.35149138851394
4.24641625042282,0.858374553298511,1,1,1,1,53,53,53zm04,M-O,1,0.1975,0.3184,0.891980863328198,0.89913796144501,0.999849545178217,0.809040027084833,0.804657162901023,0.891980863328198,0.89913796144501,0.999849545178217,0.809040027084833,0.804657162901023,4.24641625042282,0.858374553298511
0.0281040992288396,1.71105218215163,0,0,1,0,53,53,53zm04,M-O,1,0.8245,0.4641,0.956583845684144,0.963164336717305,0.987369142660307,0.957919924436285,0.956464259842339,0.956583845684144,0.963164336717305,0.987369142660307,0.957919924436285,0.956464259842339,0.0281040992288396,1.71105218215163
-1.479298138944,1.47204094731374,0,1,1,1,53,53,53zm04,M-O,1,0.489,0.4133,0.933168122183157,0.948255256840241,0.992684308892955,0.931628587533865,0.929495089761883,0.933168122183157,0.948255256840241,0.992684308892955,0.931628587533865,0.929495089761883,1.479298138944,1.47204094731374
5.21490266251314,1.76602168568158,1,1,1,1,53,53,53zm04,M-O,1,0.234,0.135,0.985477017266845,0.988581769139219,0.999999607275633,0.962626308315173,0.96130389462008,0.985477017266845,0.988581769139219,0.999999607275633,0.962626308315173,0.96130389462008,5.21490266251314,1.76602168568158
-4.23636026368499,0.768629822130685,0,1,1,1,53,53,53zm04,M-O,1,0.1997,0.1509,0.87438841974241,0.882258967854316,0.999802551993744,0.783661644783423,0.778943451762797,0.87438841974241,0.882258967854316,0.999802551993744,0.783661644783423,0.778943451762797,4.23636026368499,0.768629822130685
5.84115267385013,1.86141396858193,1,1,1,1,53,53,53zm04,M-O,1,0.1318,0.103,0.988801356413925,0.992520962711699,0.999999974461396,0.96976860196843,0.968657130263487,0.988801356413925,0.992520962711699,0.999999974461396,0.96976860196843,0.968657130263487,5.84115267385013,1.86141396858193
-4.80296741679941,0.617275435698906,0,1,1,1,53,53,53zm04,M-O,1,0.2764,0.0093,0.847763658837039,0.862611056167598,0.999936889246292,0.73671972504972,0.731473466826659,0.847763658837039,0.862611056167598,0.999936889246292,0.73671972504972,0.731473466826659,4.80296741679941,0.617275435698906
-1.23291633176266,0.65071578747273,0,1,1,1,53,53,53zm04,M-O,1,0.2904,0.0133,0.749030614580818,0.785867219020616,0.950244779888751,0.747519847220139,0.742385014972311,0.749030614580818,0.785867219020616,0.950244779888751,0.747519847220139,0.742385014972311,1.23291633176266,0.65071578747273
5.94481764171317,1.53724449913476,1,1,1,1,53,53,53zm04,M-O,1,0.1698,0.0085,0.974986899288622,0.983045279445992,0.999999939166379,0.939816397003002,0.937883276496564,0.974986899288622,0.983045279445992,0.999999939166379,0.939816397003002,0.937883276496564,5.94481764171317,1.53724449913476
-4.49197251321029,2.03166198262799,0,1,1,1,53,53,53zm04,M-O,1,0.2218,0.0081,0.99221873856678,0.993216916352037,0.99999814480972,0.979702926815198,0.978906056429162,0.99221873856678,0.993216916352037,0.99999814480972,0.979702926815198,0.978906056429162,4.49197251321029,2.03166198262799
5.45915436761509,1.29936277464339,1,1,1,1,53,53,53zm04,M-O,1,0.2685,0.1654,0.957252119299334,0.966830079128478,0.999999122307747,0.905804256434083,0.903090269766686,0.957252119299334,0.966830079128478,0.999999122307747,0.905804256434083,0.903090269766686,5.45915436761509,1.29936277464339
-3.40065021454253,2.44297488668739,0,1,1,1,53,53,53zm04,M-O,1,0.238,0.0079,0.996376179363153,0.997192226591603,0.999987885737157,0.993033080932033,0.992716624556858,0.996376179363153,0.997192226591603,0.999987885737157,0.993033080932033,0.992716624556858,3.40065021454253,2.44297488668739
-5.18993596121966,1.81893753403606,0,1,1,1,53,53,53zm04,M-O,1,0.2125,0.0081,0.987299867955234,0.989999484289283,0.999999645874628,0.966741760311707,0.965539519664896,0.987299867955234,0.989999484289283,0.999999645874628,0.966741760311707,0.965539519664896,5.18993596121966,1.81893753403606
4.75196047726175,1.82390053404343,1,0,1,0,53,53,53zm04,M-O,1,0.1223,0.1421,0.987033171434953,0.988922135479874,0.999998394411935,0.967107819211279,0.96591644453107,0.987033171434953,0.988922135479874,0.999998394411935,0.967107819211279,0.96591644453107,4.75196047726175,1.82390053404343
2.34494512756514,1.31822217467141,1,1,1,1,53,53,53zm04,M-O,1,0.5514,0.0083,0.922328234019238,0.939197234069314,0.996826245304054,0.908932777166655,0.906285357752557,0.922328234019238,0.939197234069314,0.996826245304054,0.908932777166655,0.906285357752557,2.34494512756514,1.31822217467141
5.00047238652247,1.63366360962285,1,1,1,1,53,53,53zm04,M-O,1,0.1739,0.0085,0.979631845704692,0.983128180642708,0.999998663053767,0.950493062337517,0.948835248299884,0.979631845704692,0.983128180642708,0.999998663053767,0.950493062337517,0.948835248299884,5.00047238652247,1.63366360962285
-1.22226582136577,1.18254402274568,0,1,1,1,53,53,53zm04,M-O,1,0.6188,0.0081,0.885112928821051,0.906829205716833,0.981852072353157,0.884645338714472,0.88150504569768,0.885112928821051,0.906829205716833,0.981852072353157,0.884645338714472,0.88150504569768,1.22226582136577,1.18254402274568
-3.84726161718536,0.723209815166648,0,1,1,1,53,53,53zm04,M-O,1,0.2498,0.0083,0.856336500517707,0.864870627472515,0.999403745605362,0.770107056905397,0.765224505215576,0.856336500517707,0.864870627472515,0.999403745605362,0.770107056905397,0.765224505215576,3.84726161718536,0.723209815166648
2.70493237897994,1.75784129256597,1,1,1,1,53,53,53zm04,M-O,1,0.2028,0.1346,0.971438163201446,0.978288049423852,0.99947671196498,0.961954440785785,0.960612741400744,0.971438163201446,0.978288049423852,0.99947671196498,0.961954440785785,0.960612741400744,2.70493237897994,1.75784129256597
3.5058507608259,0.777323629040154,1,1,1,1,53,53,53zm04,M-O,1,0.1753,0.0308,0.857933012759569,0.869156568400908,0.998840547675383,0.786202338677705,0.781516071191331,0.857933012759569,0.869156568400908,0.998840547675383,0.786202338677705,0.781516071191331,3.5058507608259,0.777323629040154
0.432823494310571,-0.22961773107665,1,1,0,0,53,53,53zm04,M-O,1,0.5273,0.0874,0.409436930039786,0.43507481630613,0.642684942461718,0.415418549269325,0.40919441378775,0.590563069960214,0.56492518369387,0.357315057538282,0.584581450730675,0.59080558621225,0.432823494310571,0.22961773107665
4.70651829956837,2.50489259022767,1,1,1,1,53,53,53zm04,M-O,1,0.0854,0.0641,0.998148640216943,0.998465687831843,0.999999844541255,0.994146948962598,0.993875570780485,0.998148640216943,0.998465687831843,0.999999844541255,0.994146948962598,0.993875570780485,4.70651829956837,2.50489259022767
0.931977414911374,1.73579872701598,1,1,1,1,53,53,53zm04,M-O,1,0.7686,0.1822,0.959529245149351,0.96818892348896,0.993410154277254,0.960094898143498,0.958700285355826,0.959529245149351,0.96818892348896,0.993410154277254,0.960094898143498,0.958700285355826,0.931977414911374,1.73579872701598
1.11019595555263,1.10084277434843,1,1,1,1,53,53,53zm04,M-O,1,0.502,0.844,0.867775551477912,0.891150821855807,0.976247156674929,0.867967008621243,0.864517454181284,0.867775551477912,0.891150821855807,0.976247156674929,0.867967008621243,0.864517454181284,1.11019595555263,1.10084277434843
6.49367394416612,1.18203060895181,1,1,1,1,53,53,53zm04,M-O,1,0.1431,0.008,0.945764903124483,0.965795952676363,0.999999971438808,0.884545434710451,0.881403222092186,0.945764903124483,0.965795952676363,0.999999971438808,0.884545434710451,0.881403222092186,6.49367394416612,1.18203060895181
1.82236008409118,1.97114761012428,1,1,1,1,53,53,53zm04,M-O,1,0.3818,0.0691,0.978098983248362,0.984310399411489,0.998686058568044,0.976546405854639,0.975646502832118,0.978098983248362,0.984310399411489,0.998686058568044,0.976546405854639,0.975646502832118,1.82236008409118,1.97114761012428
-0.81896649433696,0.319461207670207,1,0,0,1,53,53,53zm04,M-O,1,0.4037,0.4145,0.374779869387445,0.396324124174836,0.581842220953358,0.38076525949644,0.374688401613097,0.625220130612555,0.603675875825164,0.418157779046642,0.61923474050356,0.625311598386903,0.81896649433696,0.319461207670207
7.91374199708448,1.59036571300679,1,1,1,1,53,53,53zm04,M-O,1,0.1523,0.0081,0.977970375046995,0.991104027702093,0.999999999990931,0.945902073634118,0.944123802892578,0.977970375046995,0.991104027702093,0.999999999990931,0.945902073634118,0.944123802892578,7.91374199708448,1.59036571300679
-1.20380493667783,1.02362533975094,0,1,1,1,53,53,53zm04,M-O,1,0.3912,0.0468,0.851277033702683,0.877351465697995,0.97445394728822,0.850740594795736,0.846993864109072,0.851277033702683,0.877351465697995,0.97445394728822,0.850740594795736,0.846993864109072,1.20380493667783,1.02362533975094
3.01379718048968,0.822059084279036,1,1,1,1,53,53,53zm04,M-O,1,0.2835,0.1036,0.849771832027051,0.868293129056824,0.9970421265547,0.798998332979715,0.794478364676333,0.849771832027051,0.868293129056824,0.9970421265547,0.798998332979715,0.794478364676333,3.01379718048968,0.822059084279036
-1.05327772306849,0.632917442618699,0,0,1,0,53,53,53zm04,M-O,1,0.4083,0.5795,0.74140627105913,0.777147988967296,0.940688135336862,0.74180078464919,0.736606221677906,0.74140627105913,0.777147988967296,0.940688135336862,0.74180078464919,0.736606221677906,1.05327772306849,0.632917442618699
-2.72185768524756,0.727180215172547,0,1,1,1,53,53,53zm04,M-O,1,0.5878,0.111,0.814554779589342,0.840257877041962,0.993715934558101,0.771310576987351,0.766442217713659,0.814554779589342,0.840257877041962,0.993715934558101,0.771310576987351,0.766442217713659,2.72185768524756,0.727180215172547
3.43484735817998,1.9977082170603,1,1,1,1,53,53,53zm04,M-O,1,0.2674,0.0638,0.98794074879256,0.990089936614305,0.999952384364841,0.977979367893032,0.977125848575716,0.98794074879256,0.990089936614305,0.999952384364841,0.977979367893032,0.977125848575716,3.43484735817998,1.9977082170603
5.63595284020343,0.931998091338935,1,1,1,1,53,53,53zm04,M-O,1,0.189,0.0225,0.912068154430763,0.931647103381254,0.999998295321256,0.828432152278357,0.824331244087625,0.912068154430763,0.931647103381254,0.999998295321256,0.828432152278357,0.824331244087625,5.63595284020343,0.931998091338935
1.47728354723202,0.820210794621117,1,1,1,1,53,53,53zm04,M-O,1,0.4512,0.0361,0.802706198336707,0.836110085955081,0.970834008549779,0.798478925542932,0.793952025352415,0.802706198336707,0.836110085955081,0.970834008549779,0.798478925542932,0.793952025352415,1.47728354723202,0.820210794621117
5.05940521071858,0.86234495330441,1,1,1,1,53,53,53zm04,M-O,1,0.1056,0.0951,0.8993418357491,0.913321356972546,0.999985938951369,0.810118918475432,0.805751138818397,0.8993418357491,0.913321356972546,0.999985938951369,0.810118918475432,0.805751138818397,5.05940521071858,0.86234495330441
-4.80509751887879,1.00500553282672,0,1,1,1,53,53,53zm04,M-O,1,0.2756,0.0946,0.921245284961291,0.930315312129367,0.999980240356667,0.84637163925584,0.842552907154204,0.921245284961291,0.930315312129367,0.999980240356667,0.84637163925584,0.842552907154204,4.80509751887879,1.00500553282672
3.24242813700954,1.14071791233871,1,1,1,1,53,53,53zm04,M-O,1,0.7013,0.2228,0.916994246303746,0.927572772771321,0.99914697021542,0.876304070304451,0.873006334977756,0.916994246303746,0.927572772771321,0.99914697021542,0.876304070304451,0.873006334977756,3.24242813700954,1.14071791233871
5.82908209540033,0.804876835977644,1,1,1,1,53,53,53zm04,M-O,1,0.0701,0.0236,0.890129067395355,0.916344796727617,0.999998640830961,0.794138838376049,0.789554621645371,0.890129067395355,0.916344796727617,0.999998640830961,0.794138838376049,0.789554621645371,5.82908209540033,0.804876835977644
3.84382695742046,1.84255456855391,1,1,1,1,53,53,53zm04,M-O,1,0.1042,0.0091,0.984814909556034,0.986651603463219,0.999974552932529,0.968454114878626,0.967302963845859,0.984814909556034,0.986651603463219,0.999974552932529,0.968454114878626,0.967302963845859,3.84382695742046,1.84255456855391
7.77599539595139,2.25266950709429,1,1,1,1,53,53,53zm04,M-O,1,0.091,0.0315,0.996272780841752,0.998716079430512,0.999999999999331,0.98835546939479,0.987860002520786,0.996272780841752,0.998716079430512,0.999999999999331,0.98835546939479,0.987860002520786,7.77599539595139,2.25266950709429
-3.75992743193088,1.90570446519946,0,1,1,1,53,53,53zm04,M-O,1,0.2418,0.0236,0.986637990635766,0.988409097399419,0.99997359451914,0.9726778708488,0.971655720171684,0.986637990635766,0.988409097399419,0.99997359451914,0.9726778708488,0.971655720171684,3.75992743193088,1.90570446519946
7.69576155096151,1.62849524409793,1,1,1,1,53,53,53zm04,M-O,1,0.1596,0.0086,0.979898443185788,0.991487565700275,0.999999999978483,0.949961958860425,0.948290041573099,0.979898443185788,0.991487565700275,0.999999999978483,0.949961958860425,0.948290041573099,7.69576155096151,1.62849524409793
4.08310842433721,0.723860139305546,1,1,1,1,53,53,53zm04,M-O,1,0.1376,0.1593,0.862095147553503,0.870036555482019,0.999668785059743,0.770304427674448,0.765424198166322,0.862095147553503,0.870036555482019,0.999668785059743,0.770304427674448,0.765424198166322,4.08310842433721,0.723860139305546
3.32621215213172,1.70044163041172,1,1,1,1,53,53,53zm04,M-O,1,0.0441,0.0943,0.97420385751526,0.978473293623175,0.999846439563031,0.956958432161089,0.955476056585147,0.97420385751526,0.978473293623175,0.999846439563031,0.956958432161089,0.955476056585147,3.32621215213172,1.70044163041172
7.67304046211481,1.68315669935156,1,1,1,1,53,53,53zm04,M-O,1,0.1518,0.0305,0.982411600790698,0.99262173040791,0.999999999981526,0.955354193814894,0.953827619651766,0.982411600790698,0.99262173040791,0.999999999981526,0.955354193814894,0.953827619651766,7.67304046211481,1.68315669935156
4.6745667683777,0.773319001447997,1,1,1,1,53,53,53zm04,M-O,1,0.1944,0.0083,0.880562632580071,0.891513808823727,0.99994189836903,0.785034184021907,0.780333193466046,0.880562632580071,0.891513808823727,0.99994189836903,0.785034184021907,0.780333193466046,4.6745667683777,0.773319001447997
1.55041705195732,1.58591612679329,1,1,1,1,53,53,53zm04,M-O,1,0.734,0.1269,0.947025580846725,0.959677986842111,0.994873299210864,0.945411776448385,0.943620831488924,0.947025580846725,0.959677986842111,0.994873299210864,0.945411776448385,0.943620831488924,1.55041705195732,1.58591612679329
-5.5406927702905,2.47288979707667,0,1,1,1,53,53,53zm04,M-O,1,0.2499,0.0083,0.998092422443334,0.998702067120531,0.999999992882556,0.993592679495235,0.993298726763396,0.998092422443334,0.998702067120531,0.999999992882556,0.993592679495235,0.993298726763396,5.5406927702905,2.47288979707667
-5.43844787048037,2.11996915517299,0,1,1,1,53,53,53zm04,M-O,1,0.1483,0.0087,0.994448270639675,0.995982481419281,0.999999955434086,0.983658614095847,0.982995676703568,0.994448270639675,0.995982481419281,0.999999955434086,0.983658614095847,0.982995676703568,5.43844787048037,2.11996915517299
-5.14449378352627,2.38359002453019,0,1,1,1,53,53,53zm04,M-O,1,0.2839,0.009,0.997428493094964,0.998034567611659,0.999999951064559,0.991793046311667,0.991427654749707,0.997428493094964,0.998034567611659,0.999999951064559,0.991793046311667,0.991427654749707,5.14449378352627,2.38359002453019
2.06022148295501,1.73542222356715,1,1,1,1,53,53,53zm04,M-O,1,0.6342,0.1104,0.964200455935259,0.973671586528988,0.998246824863109,0.960062505310687,0.958666976715748,0.964200455935259,0.973671586528988,0.998246824863109,0.960062505310687,0.958666976715748,2.06022148295501,1.73542222356715
-4.75539513702665,1.16779193306859,0,1,1,1,53,53,53zm04,M-O,1,0.2237,0.0079,0.942248684602602,0.948993984924963,0.999986116684826,0.881750232600723,0.878554648574574,0.942248684602602,0.948993984924963,0.999986116684826,0.881750232600723,0.878554648574574,4.75539513702665,1.16779193306859
-1.37421310302804,0.792965635959947,0,1,1,1,53,53,53zm04,M-O,1,0.3926,0.5019,0.793625753323596,0.827378696703746,0.966042153625406,0.790729566504003,0.786101077841939,0.793625753323596,0.827378696703746,0.966042153625406,0.790729566504003,0.786101077841939,1.37421310302804,0.792965635959947
5.35690946780497,0.622683394327631,1,1,1,1,53,53,53zm04,M-O,1,0.1316,0.2428,0.851420882847695,0.875467950429955,0.999988236072014,0.738482173671652,0.73325370145231,0.851420882847695,0.875467950429955,0.999988236072014,0.738482173671652,0.73325370145231,5.35690946780497,0.622683394327631
5.93416713131629,0.99312856039528,1,1,1,1,53,53,53zm04,M-O,1,0.1744,0.1845,0.92156566874291,0.942794293437903,0.999999517046573,0.843541026999939,0.83967634636651,0.92156566874291,0.942794293437903,0.999999517046573,0.843541026999939,0.83967634636651,5.93416713131629,0.99312856039528
-5.15585432794962,1.65454243724008,0,1,1,1,53,53,53zm04,M-O,1,0.1316,0.1999,0.980797615882294,0.984588800263531,0.999999275790368,0.952592931693996,0.950991325881911,0.980797615882294,0.984588800263531,0.999999275790368,0.952592931693996,0.950991325881911,5.15585432794962,1.65454243724008
-0.297801518915923,1.77245647189803,0,1,1,1,53,53,53zm04,M-O,1,0.2371,0.1112,0.96203886931704,0.968568525462561,0.990585594764102,0.963147969513752,0.961840592634994,0.96203886931704,0.968568525462561,0.990585594764102,0.963147969513752,0.961840592634994,0.297801518915923,1.77245647189803
-2.00543335255025,2.02183866537201,0,1,1,1,53,53,53zm04,M-O,1,0.1641,0.0391,0.98125346233447,0.98672758418093,0.999131628128035,0.979216447163209,0.978403489072285,0.98125346233447,0.98672758418093,0.999131628128035,0.979216447163209,0.978403489072285,2.00543335255025,2.02183866537201
-5.61950654722747,0.562477070100245,0,1,1,1,53,53,53zm04,M-O,1,0.0729,0.0082,0.837474269290868,0.86839737930632,0.99999382851643,0.718525469776607,0.713104488952476,0.837474269290868,0.86839737930632,0.99999382851643,0.718525469776607,0.713104488952476,5.61950654722747,0.562477070100245
1.15208796311372,-1.16783009798789,0,0,0,1,53,53,53zm04,M-O,1,0.8176,0.0703,0.121462539182008,0.131955940376863,0.264711128187746,0.124693321460048,0.121437652452502,0.878537460817992,0.868044059623137,0.735288871812254,0.875306678539952,0.878562347547498,1.15208796311372,1.16783009798789
-2.45914509545766,1.01017389835164,0,1,1,1,53,53,53zm04,M-O,1,0.1673,0.0083,0.871392592419528,0.894734501267581,0.994656483013001,0.847592749711866,0.843794008861468,0.871392592419528,0.894734501267581,0.994656483013001,0.847592749711866,0.843794008861468,2.45914509545766,1.01017389835164
-4.96911537899086,2.47860580398171,0,1,1,1,53,53,53zm04,M-O,1,0.1015,0.0388,0.99806016934041,0.998465549202062,0.999999934563612,0.993694959740279,0.993405150709697,0.99806016934041,0.998465549202062,0.999999934563612,0.993694959740279,0.993405150709697,4.96911537899086,2.47860580398171
5.41229212186879,2.42983149356442,1,1,1,1,53,53,53zm04,M-O,1,0.2298,0.0297,0.997804993020565,0.998443310008164,0.999999985730529,0.992773866218881,0.992447077972514,0.997804993020565,0.998443310008164,0.999999985730529,0.992773866218881,0.992447077972514,5.41229212186879,2.42983149356442
3.1927257551574,0.766439256610189,1,1,1,1,53,53,53zm04,M-O,1,0.4709,0.053,0.843944647499401,0.860064351558484,0.997660860100285,0.783018724120536,0.778292508966334,0.843944647499401,0.860064351558484,0.997660860100285,0.783018724120536,0.778292508966334,3.1927257551574,0.766439256610189
-1.36214252457823,0.13548793153479,1,1,0,0,53,53,53zm04,M-O,1,0.4648,0.1037,0.446135553983185,0.464374068339113,0.614834044952365,0.452440300300639,0.446113052757007,0.553864446016815,0.535625931660887,0.385165955047635,0.547559699699361,0.553886947242993,1.36214252457823,0.13548793153479
0.199222299605502,0.302587007645135,1,0,0,1,53,53,53zm04,M-O,1,0.6229,0.0867,0.381529985426603,0.409324750518466,0.638687076847342,0.38721031855136,0.381102308489469,0.618470014573397,0.590675249481534,0.361312923152658,0.61278968144864,0.618897691510531,0.199222299605502,0.302587007645135
-2.41583301984365,2.05161666541626,0,1,1,1,53,53,53zm04,M-O,1,0.3048,0.0935,0.984304343476867,0.988833584069176,0.999604274974695,0.980661471081256,0.979896534362083,0.984304343476867,0.988833584069176,0.999604274974695,0.980661471081256,0.979896534362083,2.41583301984365,2.05161666541626
-5.55063324666093,2.27748450713116,0,1,1,1,53,53,53zm04,M-O,1,0.2184,0.0083,0.99651079814655,0.99758749770502,0.999999984731626,0.989089639205452,0.98862134561839,0.99651079814655,0.99758749770502,0.999999984731626,0.989089639205452,0.98862134561839,5.55063324666093,2.27748450713116
3.69258970978466,1.27752557461094,1,1,1,1,53,53,53zm04,M-O,1,0.447,0.8476,0.9439870218707,0.949358982936896,0.999796913711078,0.902083538865754,0.899291621344246,0.9439870218707,0.949358982936896,0.999796913711078,0.902083538865754,0.899291621344246,3.69258970978466,1.27752557461094
4.7668711918174,1.57759882333265,1,1,1,1,53,53,53zm04,M-O,1,0.2042,0.2156,0.976293371371079,0.979527753240915,0.999996456642019,0.94448588094185,0.94267109855865,0.976293371371079,0.979527753240915,0.999996456642019,0.94448588094185,0.94267109855865,4.7668711918174,1.57759882333265
-0.960973299628796,2.12212549310723,0,1,1,1,53,53,53zm04,M-O,1,0.4839,0.0788,0.983475256179724,0.987510573327936,0.997695703950371,0.983746300363743,0.983086399433383,0.983475256179724,0.987510573327936,0.997695703950371,0.983746300363743,0.983086399433383,0.960973299628796,2.12212549310723
-5.11467235441499,0.969032339669822,0,1,1,1,53,53,53zm04,M-O,1,0.246,0.0534,0.917027292725773,0.929645007007045,0.999991564728544,0.837693364869425,0.833735473042534,0.917027292725773,0.929645007007045,0.999991564728544,0.837693364869425,0.833735473042534,5.11467235441499,0.969032339669822
-2.23051413893781,1.30511300913469,0,1,1,1,53,53,53zm04,M-O,1,0.2101,0.0081,0.918382353106263,0.936311376932638,0.996056521898933,0.906766431555011,0.904072815190889,0.918382353106263,0.936311376932638,0.996056521898933,0.906766431555011,0.904072815190889,2.23051413893781,1.30511300913469
6.29060421259879,1.79220578916876,1,1,1,1,53,53,53zm04,M-O,1,0.1646,0.0082,0.986625356081002,0.992007326539168,0.999999994536298,0.964711955809803,0.96344999616663,0.986625356081002,0.992007326539168,0.999999994536298,0.964711955809803,0.96344999616663,6.29060421259879,1.79220578916876
3.28503017859709,1.13411198819096,1,1,1,1,53,53,53zm04,M-O,1,0.3009,0.0627,0.917078206569784,0.92724594311124,0.999211301986605,0.874948993916994,0.871626212205146,0.917078206569784,0.92724594311124,0.999211301986605,0.874948993916994,0.871626212205146,3.28503017859709,1.13411198819096
-3.77057794232776,1.97152411357312,0,1,1,1,53,53,53zm04,M-O,1,0.1991,0.0087,0.988745564893655,0.990279797977526,0.999979223025825,0.976567253840636,0.975668021184091,0.988745564893655,0.990279797977526,0.999979223025825,0.976567253840636,0.975668021184091,3.77057794232776,1.97152411357312
6.13865693093653,1.01866233974356,1,1,1,1,53,53,53zm04,M-O,1,0.0939,0.0082,0.925281202193772,0.947857550538907,0.99999979155764,0.84958426732905,0.845818351238427,0.925281202193772,0.947857550538907,0.99999979155764,0.84958426732905,0.845818351238427,6.13865693093653,1.01866233974356
1.31397572114641,1.33964864366876,1,1,1,1,53,53,53zm04,M-O,1,0.5075,0.0471,0.913216105750498,0.931140618932941,0.988188080987142,0.91239285906503,0.909820199341473,0.913216105750498,0.931140618932941,0.988188080987142,0.91239285906503,0.909820199341473,1.31397572114641,1.33964864366876
-3.93459580243984,1.52690776808492,0,1,1,1,53,53,53zm04,M-O,1,0.2882,0.0467,0.969004930825414,0.971988826715806,0.999948007959213,0.938572166183355,0.936608026164528,0.969004930825414,0.971988826715806,0.999948007959213,0.938572166183355,0.936608026164528,3.93459580243984,1.52690776808492
6.53769605380659,0.752919360038377,1,1,1,1,53,53,53zm04,M-O,1,0.2813,0.2697,0.880205757870756,0.919199586796099,0.999999873357845,0.779026335562441,0.774250813229138,0.880205757870756,0.919199586796099,0.999999873357845,0.779026335562441,0.774250813229138,6.53769605380659,0.752919360038377
3.93471131280724,1.44212603692447,1,1,1,1,53,53,53zm04,M-O,1,0.3014,0.0636,0.962695806367301,0.966113400585954,0.999933144801444,0.927595670758147,0.925366589447804,0.962695806367301,0.966113400585954,0.999933144801444,0.927595670758147,0.925366589447804,3.93471131280724,1.44212603692447
4.4345752674345,1.49712976804068,1,1,1,1,53,53,53zm04,M-O,1,0.1946,0.0079,0.970257204490511,0.973255984796457,0.9999867919673,0.934875335847009,0.932820252304202,0.970257204490511,0.973255984796457,0.9999867919673,0.934875335847009,0.932820252304202,4.4345752674345,1.49712976804068
6.2643329536198,2.01098852052831,1,1,1,1,53,53,53zm04,M-O,1,0.1481,0.008,0.992531562613952,0.995659054540303,0.999999997570939,0.978667677353777,0.977836665369619,0.992531562613952,0.995659054540303,0.999999997570939,0.978667677353777,0.977836665369619,6.2643329536198,2.01098852052831
-5.60388579864536,1.9398635962847,0,1,1,1,53,53,53zm04,M-O,1,0.2188,0.0082,0.990883412694265,0.993573993722148,0.999999952443843,0.974758777786564,0.973801865367993,0.990883412694265,0.993573993722148,0.999999952443843,0.974758777786564,0.973801865367993,5.60388579864536,1.9398635962847
3.17426487046946,2.09221058271795,1,1,1,1,53,53,53zm04,M-O,1,0.3815,0.008,0.989401883695021,0.991758779012178,0.999931607256838,0.982493163368608,0.981790158879353,0.989401883695021,0.991758779012178,0.999931607256838,0.982493163368608,0.981790158879353,3.17426487046946,2.09221058271795
-4.57646656235893,1.33485678159268,0,1,1,1,53,53,53zm04,M-O,1,0.2297,0.008,0.958367885288601,0.96275640883154,0.999985734749302,0.911627684364277,0.909038387445414,0.958367885288601,0.96275640883154,0.999985734749302,0.911627684364277,0.909038387445414,4.57646656235893,1.33485678159268
-5.17218511055818,1.77461280983227,0,1,1,1,53,53,53zm04,M-O,1,0.0686,0.008,0.985762627170804,0.988709715903824,0.99999955630161,0.963321443900657,0.962019079672991,0.985762627170804,0.988709715903824,0.99999955630161,0.963321443900657,0.962019079672991,5.17218511055818,1.77461280983227
0.481815842136255,1.57903638195548,0,1,1,1,53,53,53zm04,M-O,1,0.7685,0.1027,0.943264825688613,0.953045405807954,0.986610194345299,0.94464679257409,0.94283614384859,0.943264825688613,0.953045405807954,0.986610194345299,0.94464679257409,0.94283614384859,0.481815842136255,1.57903638195548
-5.17218511055818,2.26632631401114,0,1,1,1,53,53,53zm04,M-O,1,0.2139,0.0083,0.99633552014445,0.99719486754407,0.999999930246078,0.988764653613775,0.988284294274584,0.99633552014445,0.99719486754407,0.999999930246078,0.988764653613775,0.988284294274584,5.17218511055818,2.26632631401114
0.630212953666223,0.903554967158743,0,1,1,1,53,53,53zm04,M-O,1,0.7202,0.0758,0.818440318586147,0.843370332158762,0.950563070871384,0.821094609893775,0.81688428537453,0.818440318586147,0.843370332158762,0.950563070871384,0.821094609893775,0.81688428537453,0.630212953666223,0.903554967158743
-5.78352440733954,1.1484191192467,0,1,1,1,53,53,53zm04,M-O,1,0.1305,0.0234,0.941856280598053,0.957120104709632,0.999999525386818,0.877870802043911,0.874602207698839,0.941856280598053,0.957120104709632,0.999999525386818,0.877870802043911,0.874602207698839,5.78352440733954,1.1484191192467
-1.17753367769885,1.76492640292133,0,1,1,1,53,53,53zm04,M-O,1,0.6231,0.0623,0.962473929249333,0.971217272995938,0.995103727449548,0.962536917050422,0.961211932191419,0.962473929249333,0.971217272995938,0.995103727449548,0.962536917050422,0.961211932191419,1.17753367769885,1.76492640292133
4.87408632981273,0.919813070631175,1,1,1,1,53,53,53zm04,M-O,1,0.2079,0.0079,0.908358144444333,0.919279015880387,0.999979193661094,0.825312614499146,0.821164774102488,0.908358144444333,0.919279015880387,0.999979193661094,0.825312614499146,0.821164774102488,4.87408632981273,0.919813070631175
5.05230487045399,0.965780718975336,1,1,1,1,53,53,53zm04,M-O,1,0.1876,0.2386,0.916348804219482,0.928363538001381,0.999989615750763,0.836893505233802,0.83292304075825,0.916348804219482,0.928363538001381,0.999989615750763,0.836893505233802,0.83292304075825,5.05230487045399,0.965780718975336
-2.63026329583432,0.848380098111247,0,1,1,1,53,53,53zm04,M-O,1,0.1648,0.0081,0.841161472053032,0.865924162161366,0.994309377184297,0.806307596765543,0.801886838671577,0.841161472053032,0.865924162161366,0.994309377184297,0.806307596765543,0.801886838671577,2.63026329583432,0.848380098111247
4.51125894229209,2.15642153453749,1,1,1,1,53,53,53zm04,M-O,1,0.2963,0.0232,0.994522947106888,0.995265076259211,0.999998880456605,0.985087668890365,0.984474617673682,0.994522947106888,0.995265076259211,0.999998880456605,0.985087668890365,0.984474617673682,4.51125894229209,2.15642153453749
1.2585930670826,2.00068601706472,1,1,1,1,53,53,53zm04,M-O,1,0.5595,0.0792,0.978188464098368,0.983796410647162,0.997582480048103,0.978135314517842,0.977286881375707,0.978188464098368,0.983796410647162,0.997582480048103,0.978135314517842,0.977286881375707,1.2585930670826,2.00068601706472
1.62284052265615,2.01567769984562,1,1,1,1,53,53,53zm04,M-O,1,0.4725,0.103,0.979717789265328,0.985395322033754,0.998482090886327,0.978906328239219,0.978083155515998,0.979717789265328,0.985395322033754,0.998482090886327,0.978906328239219,0.978083155515998,1.62284052265615,2.01567769984562
4.66746642811311,1.2449066849073,1,1,1,1,53,53,53zm04,M-O,1,0.2972,0.0083,0.950227391975268,0.95573091574296,0.999985699470845,0.896326900380164,0.893416973326108,0.950227391975268,0.95573091574296,0.999985699470845,0.896326900380164,0.893416973326108,4.66746642811311,1.2449066849073
3.45756844702667,0.656910980585383,1,1,1,1,53,53,53zm04,M-O,1,0.2249,0.008,0.827857348491482,0.840814118990068,0.998283152147861,0.749494744171554,0.744380921341543,0.827857348491482,0.840814118990068,0.998283152147861,0.749494744171554,0.744380921341543,3.45756844702667,0.656910980585383
-2.88445547730671,2.08132621028799,0,1,1,1,53,53,53zm04,M-O,1,0.2718,0.0084,0.987676524248061,0.99083489143856,0.999860956648266,0.982017188062517,0.981297971167034,0.987676524248061,0.99083489143856,0.999860956648266,0.982017188062517,0.981297971167034,2.88445547730671,2.08132621028799
-0.512231794906595,0.377921924998447,1,1,0,0,53,53,53zm04,M-O,1,0.6923,0.2305,0.35294078942144,0.376856181942846,0.584964805364875,0.358701319964936,0.352744297228962,0.64705921057856,0.623143818057154,0.415035194635125,0.641298680035064,0.647255702771038,0.512231794906595,0.377921924998447
-0.706071084129951,1.86398103755126,0,1,1,1,53,53,53zm04,M-O,1,0.588,0.0084,0.969241818645475,0.975597456580456,0.994300003833832,0.969943963458671,0.968837816350398,0.969241818645475,0.975597456580456,0.994300003833832,0.969943963458671,0.968837816350398,0.706071084129951,1.86398103755126
7.59564675323076,0.968108194840863,1,1,1,1,53,53,53zm04,M-O,1,0.1562,0.0082,0.917928017009811,0.957201804567519,0.999999999300045,0.837466296501585,0.833504831190346,0.917928017009811,0.957201804567519,0.999999999300045,0.837466296501585,0.833504831190346,7.59564675323076,0.968108194840863
3.83956675326171,2.20386096909074,1,1,1,1,53,53,53zm04,M-O,1,0.2272,0.008,0.994125938279235,0.994988223170367,0.999992080789137,0.986785545214891,0.986232938393445,0.994125938279235,0.994988223170367,0.999992080789137,0.986785545214891,0.986232938393445,3.83956675326171,2.20386096909074
6.41628023528207,1.95612169975713,1,1,1,1,53,53,53zm04,M-O,1,0.196,0.0082,0.991323606024896,0.995129038643292,0.999999998394658,0.975701551643633,0.97477459026549,0.991323606024896,0.995129038643292,0.999999998394658,0.975701551643633,0.97477459026549,6.41628023528207,1.95612169975713
-5.52507202170839,2.40463999007871,0,1,1,1,53,53,53zm04,M-O,1,0.2059,0.0083,0.997633866266951,0.998371980981067,0.999999989940937,0.992253173164034,0.991905797673861,0.997633866266951,0.998371980981067,0.999999989940937,0.992253173164034,0.991905797673861,5.52507202170839,2.40463999007871
-1.71715953780782,1.28098256082297,0,1,1,1,53,53,53zm04,M-O,1,0.2971,0.008,0.907194224708584,0.927341700564186,0.991411943681606,0.902679625557787,0.899900104207858,0.907194224708584,0.927341700564186,0.991411943681606,0.902679625557787,0.899900104207858,1.71715953780782,1.28098256082297
-3.14716806709661,0.708286587558268,0,1,1,1,53,53,53zm04,M-O,1,0.1137,0.0086,0.828025317681274,0.845720802111709,0.997070650851042,0.765551918506395,0.760616347743737,0.828025317681274,0.845720802111709,0.997070650851042,0.765551918506395,0.760616347743737,3.14716806709661,0.708286587558268
-1.75976157939537,0.94698977411983,0,1,1,1,53,53,53zm04,M-O,1,0.0971,0.0082,0.840224826129344,0.870149034446243,0.983348060280115,0.832221075165852,0.828178005139667,0.840224826129344,0.870149034446243,0.983348060280115,0.832221075165852,0.828178005139667,1.75976157939537,0.94698977411983
-1.93300988185141,0.704658463414947,0,1,1,1,53,53,53zm04,M-O,1,0.1794,0.0087,0.779389162580226,0.816034318585596,0.978363051022134,0.764436977875542,0.75948859692058,0.779389162580226,0.816034318585596,0.978363051022134,0.764436977875542,0.75948859692058,1.93300988185141,0.704658463414947
-1.03481683838055,0.944901891358107,0,1,1,1,53,53,53zm04,M-O,1,0.1825,0.0082,0.831050234830693,0.858241746505705,0.965633709278098,0.831696647600208,0.827645517073021,0.831050234830693,0.858241746505705,0.965633709278098,0.831696647600208,0.827645517073021,1.03481683838055,0.944901891358107
0.0501151540490742,1.81103096161052,0,1,1,1,53,53,53zm04,M-O,1,0.4275,0.0082,0.965035667119498,0.970569442728457,0.990213290274645,0.96615166472559,0.96493197045387,0.965035667119498,0.970569442728457,0.990213290274645,0.96615166472559,0.96493197045387,0.0501151540490742,1.81103096161052
5.90647580428438,2.08563888615646,1,1,1,1,53,53,53zm04,M-O,1,0.1491,0.0083,0.993928080340734,0.996127681860314,0.999999992083577,0.982207085893511,0.981494326930399,0.993928080340734,0.996127681860314,0.999999992083577,0.982207085893511,0.981494326930399,5.90647580428438,2.08563888615646
5.37466031846645,0.750626111759108,1,1,1,1,53,53,53zm04,M-O,1,0.2194,0.008,0.879112068779852,0.900025980162013,0.999992597040902,0.778344999007473,0.773561149036123,0.879112068779852,0.900025980162013,0.999992597040902,0.778344999007473,0.773561149036123,5.37466031846645,0.750626111759108
6.35379724095366,1.24391408490583,1,1,1,1,53,53,53zm04,M-O,1,0.2202,0.3912,0.95223577675831,0.969255815768882,0.99999996116544,0.89614795419253,0.893234407527034,0.95223577675831,0.969255815768882,0.99999996116544,0.89614795419253,0.893234407527034,6.35379724095366,1.24391408490583
6.41415013320269,1.38688271270446,1,1,1,1,53,53,53zm04,M-O,1,0.0746,0.0641,0.964846190505603,0.978216430383373,0.999999982683789,0.919672548043742,0.91726123497158,0.964846190505603,0.978216430383373,0.999999982683789,0.919672548043742,0.91726123497158,6.41415013320269,1.38688271270446
4.72355911620339,2.25852242434437,1,1,1,1,53,53,53zm04,M-O,1,0.0309,0.0457,0.996073765640371,0.996709418393093,0.999999628610221,0.988532391985,0.988043445927984,0.996073765640371,0.996709418393093,0.999999628610221,0.988532391985,0.988043445927984,4.72355911620339,2.25852242434437
-3.9161349177519,1.12452826403879,0,1,1,1,53,53,53zm04,M-O,1,0.0974,0.0091,0.928905194084855,0.934304846914371,0.999826146073209,0.872964702903738,0.869605506507218,0.928905194084855,0.934304846914371,0.999826146073209,0.872964702903738,0.869605506507218,3.9161349177519,1.12452826403879
-3.96796740168342,1.93466100317352,0,1,1,1,53,53,53zm04,M-O,1,0.1769,0.0082,0.988457470208242,0.989827153952157,0.999986762424243,0.974450691310598,0.973484045611659,0.988457470208242,0.989827153952157,0.999986762424243,0.974450691310598,0.973484045611659,3.96796740168342,1.93466100317352
-0.81896649433696,2.29086749335794,0,1,1,1,53,53,53zm04,M-O,1,0.2018,0.0863,0.989209605912433,0.991847788632963,0.998396014389644,0.989468607283437,0.989014460714506,0.989209605912433,0.991847788632963,0.998396014389644,0.989468607283437,0.989014460714506,0.81896649433696,2.29086749335794
7.9811952295981,1.122166560587,1,1,1,1,53,53,53zm04,M-O,1,0.162,0.008,0.938866477776011,0.971982032162142,0.999999999939079,0.872472369810734,0.869104186184971,0.938866477776011,0.971982032162142,0.999999999939079,0.872472369810734,0.869104186184971,7.9811952295981,1.122166560587
