s1,s2,r1,r2,acc1,acc2,id,seq,id_sess,task,dataset,rt1,rt2,p_r2_discrete,p_r2_bayesian,p_r2_optimal,p_r2_fixed,p_r2_naive,p_c2_discrete,p_c2_bayesian,p_c2_optimal,p_c2_fixed,p_c2_naive,abs1,abs2
0.158068258132219,0.250953372872603,1,1,1,1,44,44,44as03,M-O,1,0.3818,0.4153,0.764824884035596,0.686803393990396,0.82611648663199,0.764824880455115,0.59907492059255,0.764824884035596,0.686803393990396,0.82611648663199,0.764824880455115,0.59907492059255,0.158068258132219,0.250953372872603
0.757551798867534,1.91846798620673,1,1,1,1,44,44,44as03,M-O,1,0.1491,0.1273,0.991562591014098,0.986056305074579,0.995244910858994,0.991562590746589,0.972474151167883,0.991562591014098,0.986056305074579,0.995244910858994,0.991562590746589,0.972474151167883,0.757551798867534,1.91846798620673
-1.1059653838451,0.736260580492971,0,1,1,1,44,44,44as03,M-O,1,0.1509,0.605,0.886325616122868,0.862934039791922,0.952395826419379,0.886325613880823,0.769213934552778,0.886325616122868,0.862934039791922,0.952395826419379,0.886325613880823,0.769213934552778,1.1059653838451,0.736260580492971
-0.959769806472323,1.4259675160681,0,1,1,1,44,44,44as03,M-O,1,0.394,0.3399,0.971080979756464,0.959462872865819,0.986558605450797,0.971080978987788,0.923061140567856,0.971080979756464,0.959462872865819,0.986558605450797,0.971080978987788,0.923061140567856,0.959769806472323,1.4259675160681
-0.645054559837435,1.50839913102928,0,1,1,1,44,44,44as03,M-O,1,0.2851,0.1759,0.976111978678272,0.962566388481517,0.985854243924798,0.976111978023095,0.934273797352432,0.976111978678272,0.962566388481517,0.985854243924798,0.976111978023095,0.934273797352432,0.645054559837435,1.50839913102928
0.29936342509027,1.61698566007343,1,1,1,1,44,44,44as03,M-O,1,0.3304,0.1758,0.981598448734995,0.967704259680989,0.986325524799457,0.981598448209637,0.947059311835448,0.981598448734995,0.967704259680989,0.986325524799457,0.981598448209637,0.947059311835448,0.29936342509027,1.61698566007343
-0.681263147901829,0.355546583386393,0,1,1,1,44,44,44as03,M-O,1,0.212,0.2221,0.795740457886715,0.743627933461212,0.882763273950801,0.79574045458474,0.638909923480209,0.795740457886715,0.743627933461212,0.882763273950801,0.79574045458474,0.638909923480209,0.681263147901829,0.355546583386393
1.35458513439548,1.94052379848701,1,1,1,1,44,44,44as03,M-O,1,0.1676,0.2229,0.992056032812975,0.98963279441048,0.997431307659443,0.99205603255926,0.973841967595459,0.992056032812975,0.98963279441048,0.997431307659443,0.99205603255926,0.973841967595459,1.35458513439548,1.94052379848701
0.864271847899434,0.575046873465901,1,1,1,1,44,44,44as03,M-O,1,0.2214,0.2283,0.852220134508349,0.815058227273536,0.925243263590489,0.852220131819769,0.717370201784081,0.852220134508349,0.815058227273536,0.925243263590489,0.852220131819769,0.717370201784081,0.864271847899434,0.575046873465901
-0.268267447949299,-1.46416371300889,1,0,0,1,44,44,44as03,M-O,1,0.2278,0.3423,0.16030435684481,0.106238993948286,0.249441915823937,0.160304354007538,0.0715746111562339,0.83969564315519,0.893761006051714,0.750558084176063,0.839695645992462,0.928425388843766,0.268267447949299,1.46416371300889
1.58708238407212,1.42549149134263,1,1,1,1,44,44,44as03,M-O,1,0.1189,0.2072,0.971049547852017,0.968196968331522,0.992788676802403,0.971049547082647,0.922992411036614,0.971049547852017,0.968196968331522,0.992788676802403,0.971049547082647,0.922992411036614,1.58708238407212,1.42549149134263
0.928521673337006,0.48600380398425,1,0,1,0,44,44,44as03,M-O,1,0.2325,0.3744,0.830706214267066,0.793795009091722,0.917524005043153,0.830706211327718,0.686517765554281,0.830706214267066,0.793795009091722,0.917524005043153,0.830706211327718,0.686517765554281,0.928521673337006,0.48600380398425
-0.130511466290775,-1.42674288042305,1,0,0,1,44,44,44as03,M-O,1,0.2484,0.1687,0.169589945147138,0.115823163712647,0.273876074532583,0.169589942204491,0.0768270104071045,0.830410054852862,0.884176836287353,0.726123925467417,0.830410057795509,0.923172989592896,0.130511466290775,1.42674288042305
-1.69020320329015,1.86256152678167,0,1,1,1,44,44,44as03,M-O,1,0.2305,0.1502,0.990189498799837,0.989301620230349,0.997883116478748,0.990189498494572,0.968738009252539,0.990189498799837,0.989301620230349,0.997883116478748,0.990189498494572,0.968738009252539,1.69020320329015,1.86256152678167
-0.18142128559936,-0.46911336186051,1,1,0,0,44,44,44as03,M-O,1,0.1918,0.2854,0.500735084020432,0.398558821189512,0.583954606085743,0.500735079374128,0.319494304341717,0.499264915979568,0.601441178810488,0.416045393914257,0.499264920625872,0.680505695658283,0.18142128559936,0.46911336186051
0.412072864629063,0.048589972910146,1,1,1,1,44,44,44as03,M-O,1,0.3861,0.462,0.698309949668114,0.624479568791333,0.798284536097787,0.69830994560841,0.519376969507001,0.698309949668114,0.624479568791333,0.798284536097787,0.69830994560841,0.519376969507001,0.412072864629063,0.048589972910146
-1.4549835033831,-0.681288160331341,1,0,0,1,44,44,44as03,M-O,1,0.6366,0.2882,0.416704196821837,0.290716969112186,0.408623320191579,0.416704192277172,0.247844586705073,0.583295803178163,0.709283030887814,0.591376679808421,0.583295807722828,0.752155413294927,1.4549835033831,0.681288160331341
1.5835431987726,0.141970156557223,1,1,1,1,44,44,44as03,M-O,1,0.1384,0.1729,0.73003739829414,0.728166318395663,0.918243571724766,0.730037394443518,0.556448210752021,0.73003739829414,0.728166318395663,0.918243571724766,0.730037394443518,0.556448210752021,1.5835431987726,0.141970156557223
0.518248423614881,1.07545464321102,1,1,1,1,44,44,44as03,M-O,1,0.1671,0.2618,0.938997280724468,0.909834242147221,0.961693178751452,0.938997279318984,0.858914385703308,0.938997280724468,0.909834242147221,0.961693178751452,0.938997279318984,0.858914385703308,0.518248423614881,1.07545464321102
-2.11572217430254,1.2640662177709,0,1,1,1,44,44,44as03,M-O,1,0.3443,0.1448,0.958631560165077,0.965207887596545,0.994819368608783,0.958631559133671,0.896896869663,0.958631560165077,0.965207887596545,0.994819368608783,0.958631559133671,0.896896869663,2.11572217430254,1.2640662177709
-1.70517667955738,1.63377875455542,0,1,1,1,44,44,44as03,M-O,1,0.1728,0.1574,0.982342795915925,0.981309009772195,0.996237226567144,0.98234279540874,0.948847342555959,0.982342795915925,0.981309009772195,0.996237226567144,0.98234279540874,0.948847342555959,1.70517667955738,1.63377875455542
1.99245522337952,0.182961174584119,1,1,1,1,44,44,44as03,M-O,1,0.1505,0.2755,0.743417398200346,0.770264138064138,0.950027427897327,0.743417394448417,0.572585758735152,0.743417398200346,0.770264138064138,0.950027427897327,0.743417394448417,0.572585758735152,1.99245522337952,0.182961174584119
-0.544868391358508,1.38106251696509,0,1,1,1,44,44,44as03,M-O,1,0.4335,0.1125,0.96798841408707,0.949863811460803,0.97990808591073,0.96798841325089,0.916370130358139,0.96798841408707,0.949863811460803,0.97990808591073,0.96798841325089,0.916370130358139,0.544868391358508,1.38106251696509
-1.54999701642426,0.675223632360018,0,1,1,1,44,44,44as03,M-O,1,0.3299,0.3675,0.874139571908934,0.868216004351274,0.964621184658897,0.874139569499938,0.750233152828259,0.874139571908934,0.868216004351274,0.964621184658897,0.874139569499938,0.750233152828259,1.54999701642426,0.675223632360018
0.0056110452295054,2.07227686417088,1,1,1,1,44,44,44as03,M-O,1,0.5411,0.3609,0.994508398903811,0.988395189425981,0.994914167708211,0.994508398720751,0.980880185626179,0.994508398903811,0.988395189425981,0.994914167708211,0.994508398720751,0.980880185626179,0.0056110452295054,2.07227686417088
-2.20501854185985,0.352373085216569,0,1,1,1,44,44,44as03,M-O,1,0.1683,0.9033,0.794839545427732,0.830245865535534,0.971144876850207,0.794839542117102,0.637720757956392,0.794839545427732,0.830245865535534,0.971144876850207,0.794839542117102,0.637720757956392,2.20501854185985,0.352373085216569
1.23370834416547,1.03388181718632,1,1,1,1,44,44,44as03,M-O,1,0.1343,0.6249,0.933817103737152,0.920199683540518,0.975639495942536,0.933817102239639,0.849404291833495,0.933817103737152,0.920199683540518,0.975639495942536,0.933817102239639,0.849404291833495,1.23370834416547,1.03388181718632
-0.507298578178911,-0.334424810369554,1,0,0,1,44,44,44as03,M-O,1,0.3161,0.3409,0.554299293557395,0.439812994855138,0.600606216718154,0.554299288954186,0.36902951005839,0.445700706442605,0.560187005144862,0.399393783281846,0.445700711045814,0.63097048994161,0.507298578178911,0.334424810369554
-0.606668011588716,-0.908061050383362,1,0,0,1,44,44,44as03,M-O,1,0.7618,0.535,0.331017562571258,0.233800260716435,0.389109182497424,0.331017558348268,0.181922983725176,0.668982437428742,0.766199739283565,0.610890817502576,0.668982441651732,0.818077016274824,0.606668011588716,0.908061050383362
-1.12801723071139,0.225935628967156,0,0,1,0,44,44,44as03,M-O,1,0.1658,1.5671,0.757064674429307,0.725561053528404,0.894286083028902,0.757064670784713,0.589374256848109,0.757064674429307,0.725561053528404,0.894286083028902,0.757064670784713,0.589374256848109,1.12801723071139,0.225935628967156
-2.24258835503944,0.845032230263695,0,0,1,0,44,44,44as03,M-O,1,0.3082,0.9763,0.905910994278293,0.925096115279427,0.989286498764614,0.90591099232374,0.800953577928564,0.905910994278293,0.925096115279427,0.989286498764614,0.90591099232374,0.800953577928564,2.24258835503944,0.845032230263695
1.75723552347247,0.389450122167348,1,0,1,0,44,44,44as03,M-O,1,0.2269,1.7334,0.805217378806864,0.811977288230034,0.953420082200314,0.805217375597975,0.651528399687436,0.805217378806864,0.811977288230034,0.953420082200314,0.805217375597975,0.651528399687436,1.75723552347247,0.389450122167348
-0.467550804814989,-0.548503707742279,1,0,0,1,44,44,44as03,M-O,1,0.4109,0.4067,0.469093898349416,0.359392367675825,0.528448215651,0.469093893717053,0.291673042038562,0.530906101650584,0.640607632324175,0.471551784349,0.530906106282947,0.708326957961438,0.467550804814989,0.548503707742279
-0.271262143202745,-0.0470381052738902,1,0,0,1,44,44,44as03,M-O,1,0.3567,0.3191,0.664187133473525,0.560277231963374,0.714390468908103,0.664187129226492,0.481241428754943,0.335812866526475,0.439722768036626,0.285609531091897,0.335812870773508,0.518758571245057,0.271262143202745,0.0470381052738902
-1.48438596587148,0.450513516118382,0,0,1,0,44,44,44as03,M-O,1,0.236,1.0478,0.821597310969551,0.812245111599896,0.944429968503998,0.821597307930574,0.673829894721059,0.821597310969551,0.812245111599896,0.944429968503998,0.821597307930574,0.673829894721059,1.48438596587148,0.450513516118382
0.202444196887831,1.54759183342661,1,1,1,1,44,44,44as03,M-O,1,0.3617,0.4054,0.978232878289756,0.961616527204048,0.983065236977687,0.978232877683949,0.939139700570135,0.978232878289756,0.961616527204048,0.983065236977687,0.978232877683949,0.939139700570135,0.202444196887831,1.54759183342661
-1.98068864287443,2.01079033713054,0,1,1,1,44,44,44as03,M-O,1,0.1498,0.1902,0.993462983586589,0.99390962587663,0.999069042389571,0.993462983372948,0.97782619639403,0.993462983586589,0.99390962587663,0.999069042389571,0.993462983372948,0.97782619639403,1.98068864287443,2.01079033713054
-0.618919037625541,1.01280450017507,0,1,1,1,44,44,44as03,M-O,1,0.3027,0.1813,0.931063757952319,0.901644196086498,0.959382584368065,0.931063756406891,0.844423224611395,0.931063757952319,0.901644196086498,0.959382584368065,0.931063756406891,0.844423224611395,0.618919037625541,1.01280450017507
1.08941848195398,1.96773654529326,1,1,1,1,44,44,44as03,M-O,1,0.1758,0.1991,0.992629747092004,0.989135735805413,0.996868126897382,0.992629746854492,0.975450820693238,0.992629747092004,0.989135735805413,0.996868126897382,0.992629746854492,0.975450820693238,1.08941848195398,1.96773654529326
2.20616756646636,1.60735938229163,1,1,1,1,44,44,44as03,M-O,1,0.188,0.2299,0.981159837187658,0.984929183641182,0.998056889571654,0.981159836651659,0.946012222608448,0.981159837187658,0.984929183641182,0.998056889571654,0.981159836651659,0.946012222608448,2.20616756646636,1.60735938229163
2.00933441480803,1.34411770910472,1,1,1,1,44,44,44as03,M-O,1,0.1381,0.2065,0.965243704363106,0.969065523720527,0.994975024282187,0.965243703468322,0.910544836815936,0.965243704363106,0.969065523720527,0.994975024282187,0.965243703468322,0.910544836815936,2.00933441480803,1.34411770910472
-0.396494853801403,-0.366794491701761,1,1,0,0,44,44,44as03,M-O,1,0.2438,0.8597,0.54147938844742,0.430638092884459,0.598864083292454,0.541479383826245,0.35688615834905,0.45852061155258,0.569361907115541,0.401135916707546,0.458520616173755,0.64311384165095,0.396494853801403,0.366794491701761
-2.19875690632991,0.425839567847999,0,1,1,1,44,44,44as03,M-O,1,0.1325,0.3361,0.815085978684498,0.84720761227906,0.974448050240572,0.815085975576581,0.664887623659325,0.815085978684498,0.84720761227906,0.974448050240572,0.815085975576581,0.664887623659325,2.19875690632991,0.425839567847999
-2.37163249596067,0.389238555622693,0,1,1,1,44,44,44as03,M-O,1,0.2436,0.3646,0.805159082266026,0.849094351947247,0.978574524333202,0.805159079056554,0.651450157691249,0.805159082266026,0.849094351947247,0.978574524333202,0.805159079056554,0.651450157691249,2.37163249596067,0.389238555622693
-0.338506663893763,2.12339663052313,0,1,1,1,44,44,44as03,M-O,1,0.122,0.0887,0.995261537663874,0.990652969115359,0.99633356743494,0.995261537503342,0.983139685336897,0.995261537663874,0.990652969115359,0.99633356743494,0.995261537503342,0.983139685336897,0.338506663893763,2.12339663052313
1.6842738572976,0.130545563145856,1,0,1,0,44,44,44as03,M-O,1,0.1482,0.318,0.726246996303768,0.731739718629429,0.924522006524972,0.726246992426341,0.551932595817473,0.726246996303768,0.731739718629429,0.924522006524972,0.726246992426341,0.551932595817473,1.6842738572976,0.130545563145856
-0.355385855322278,2.46338406778363,0,1,1,1,44,44,44as03,M-O,1,0.2424,0.1985,0.998328710885626,0.996413893448485,0.998651606336745,0.998328710822908,0.993118380144933,0.998328710885626,0.996413893448485,0.998651606336745,0.998328710822908,0.993118380144933,0.355385855322278,2.46338406778363
1.78391553573045,0.174710079342577,1,1,1,1,44,44,44as03,M-O,1,0.1418,0.232,0.740752165869861,0.752750052111922,0.936204546218471,0.740752162097762,0.569346276289069,0.740752165869861,0.752750052111922,0.936204546218471,0.740752162097762,0.569346276289069,1.78391553573045,0.174710079342577
-1.85681715739097,0.442817783056559,0,1,1,1,44,44,44as03,M-O,1,0.0506,0.3663,0.819582123135946,0.831324417500955,0.961924083200373,0.819582120075432,0.67105123021817,0.819582123135946,0.831324417500955,0.961924083200373,0.819582120075432,0.67105123021817,1.85681715739097,0.442817783056559
-0.398945059008768,0.443849169961751,0,1,1,1,44,44,44as03,M-O,1,0.3211,0.1762,0.819853025525947,0.759322168788727,0.880358063951286,0.819853022468318,0.671424181884691,0.819853025525947,0.759322168788727,0.880358063951286,0.819853022468318,0.671424181884691,0.398945059008768,0.443849169961751
1.0150955906639,1.05048979094173,1,1,1,1,44,44,44as03,M-O,1,0.0758,0.2065,0.935925990562504,0.917069177912839,0.971558480016138,0.935925989102155,0.853253508862242,0.935925990562504,0.917069177912839,0.971558480016138,0.935925989102155,0.853253508862242,1.0150955906639,1.05048979094173
0.994949458958903,0.281445401120998,1,1,1,1,44,44,44as03,M-O,1,0.1428,0.3505,0.774095131425779,0.735850444974289,0.892764374593237,0.77409512792488,0.610815600143228,0.774095131425779,0.735850444974289,0.892764374593237,0.77409512792488,0.610815600143228,0.994949458958903,0.281445401120998
1.79643880679031,1.25243005781488,1,0,1,0,44,44,44as03,M-O,1,0.1399,0.5496,0.957590627815894,0.958243035618975,0.991712261336399,0.957590626763524,0.894793400306729,0.957590627815894,0.958243035618975,0.991712261336399,0.957590626763524,0.894793400306729,1.79643880679031,1.25243005781488
-0.0428485688717143,1.90447814844143,1,1,1,1,44,44,44as03,M-O,1,0.107,0.1274,0.991235838819547,0.982454064292449,0.992240184384097,0.991235838542971,0.971576030049704,0.991235838819547,0.982454064292449,0.992240184384097,0.991235838542971,0.971576030049704,0.0428485688717143,1.90447814844143
-1.63493746361291,1.06609282361003,0,1,1,1,44,44,44as03,M-O,1,0.0968,0.0543,0.937859316421066,0.93515780234929,0.984902838668162,0.93785931499515,0.856809158321183,0.937859316421066,0.93515780234929,0.984902838668162,0.93785931499515,0.856809158321183,1.63493746361291,1.06609282361003
0.518248423614881,-2.31489923488452,0,0,0,1,44,44,44as03,M-O,1,0.5141,0.1524,0.0325957026763885,0.0174707538722811,0.0703488480658589,0.0325957018276376,0.0103092236266896,0.967404297323612,0.982529246127719,0.929651151934141,0.967404298172362,0.98969077637331,0.518248423614881,2.31489923488452
-1.04961066407571,1.33843185821711,0,1,1,1,44,44,44as03,M-O,1,0.1396,0.2239,0.964804611684598,0.95282042519738,0.984856039967661,0.964804610780546,0.909622150256568,0.964804611684598,0.95282042519738,0.984856039967661,0.964804610780546,0.909622150256568,1.04961066407571,1.33843185821711
-1.20778502246227,0.391142654524588,0,1,1,1,44,44,44as03,M-O,1,0.1139,0.3669,0.805683369083113,0.780809906640499,0.922255757050931,0.805683365878899,0.652154103335186,0.805683369083113,0.780809906640499,0.922255757050931,0.805683365878899,0.652154103335186,1.20778502246227,0.391142654524588
-2.17561607937147,1.40520754887383,0,0,1,0,44,44,44as03,M-O,1,0.0401,0.2648,0.969683583413402,0.975315609076834,0.996617347230984,0.969683582614024,0.920020214975255,0.969683583413402,0.975315609076834,0.996617347230984,0.969683582614024,0.920020214975255,2.17561607937147,1.40520754887383
1.63826444840375,2.38751101570675,1,1,1,1,44,44,44as03,M-O,1,0.2463,0.2873,0.997871532819129,0.997456635653478,0.999502927312,0.997871532740996,0.991518552802694,0.997871532819129,0.997456635653478,0.999502927312,0.997871532740996,0.991518552802694,1.63826444840375,2.38751101570675
-0.315365836935316,0.615879216584306,0,1,1,1,44,44,44as03,M-O,1,0.2325,0.2306,0.861445167416635,0.806080201566205,0.904150936331894,0.861445164842616,0.731012880248626,0.861445167416635,0.806080201566205,0.904150936331894,0.861445164842616,0.731012880248626,0.315365836935316,0.615879216584306
-0.411468330068633,1.92198528001162,0,1,1,1,44,44,44as03,M-O,1,0.2767,0.1417,0.991643040863744,0.984640635667386,0.993987234616765,0.991643040598475,0.972696195011965,0.991643040863744,0.984640635667386,0.993987234616765,0.991643040598475,0.972696195011965,0.411468330068633,1.92198528001162
2.13293365526845,1.41874780773175,1,1,1,1,44,44,44as03,M-O,1,0.2449,0.1843,0.970601204054534,0.975485475030843,0.996502436418747,0.970601203275278,0.922013723094758,0.970601204054534,0.975485475030843,0.996502436418747,0.970601203275278,0.922013723094758,2.13293365526845,1.41874780773175
-0.0817796071665145,0.812979898748471,0,1,1,1,44,44,44as03,M-O,1,0.5759,0.1183,0.900417797871303,0.849213683879546,0.922799322131412,0.90041779583359,0.791885208441032,0.900417797871303,0.849213683879546,0.922799322131412,0.90041779583359,0.791885208441032,0.0817796071665145,0.812979898748471
1.09486338241479,-1.9447371191926,0,0,0,1,44,44,44as03,M-O,1,0.3428,0.32,0.070270259374277,0.0370519580424534,0.0946225625340294,0.0702702578058733,0.0259033127998734,0.929729740625723,0.962948041957547,0.905377437465971,0.929729742194127,0.974096687200127,1.09486338241479,1.9447371191926
1.64452608393368,1.2751470155472,1,1,1,1,44,44,44as03,M-O,1,0.106,0.23,0.959603468790297,0.957326294343641,0.990497404377426,0.959603467778593,0.898871394532315,0.959603468790297,0.957326294343641,0.990497404377426,0.959603467778593,0.898871394532315,1.64452608393368,1.2751470155472
-0.21572415850247,0.769291407277224,0,1,1,1,44,44,44as03,M-O,1,0.5542,0.1195,0.892558040622093,0.842229396662099,0.921745084569853,0.892558038468867,0.77913983144481,0.892558040622093,0.842229396662099,0.921745084569853,0.892558038468867,0.77913983144481,0.21572415850247,0.769291407277224
1.77329797983187,1.18613039188363,1,1,1,1,44,44,44as03,M-O,1,0.1094,0.2308,0.951248989488711,0.951672924385089,0.990111560955242,0.951248988311549,0.882214594983514,0.951248989488711,0.951672924385089,0.990111560955242,0.951248988311549,0.882214594983514,1.77329797983187,1.18613039188363
-2.22870385886438,1.04506839823495,0,0,1,0,44,44,44as03,M-O,1,0.1216,0.255,0.935243401492138,0.948455992375754,0.992849185731281,0.935243400019716,0.852004320774463,0.935243401492138,0.948455992375754,0.992849185731281,0.935243400019716,0.852004320774463,2.22870385886438,1.04506839823495
-0.853322002463463,2.34509192350344,0,1,1,1,44,44,44as03,M-O,1,0.2023,0.1007,0.99756907889818,0.995740341626318,0.998673691426211,0.997569078810055,0.990488805464355,0.99756907889818,0.995740341626318,0.998673691426211,0.997569078810055,0.990488805464355,0.853322002463463,2.34509192350344
1.68617957245889,1.43345168258527,1,1,1,1,44,44,44as03,M-O,1,0.2085,0.1532,0.971571441727365,0.970145943952625,0.993721514961137,0.971571440969546,0.92413560119365,0.971571441727365,0.970145943952625,0.993721514961137,0.971571440969546,0.92413560119365,1.68617957245889,1.43345168258527
1.59470524471726,1.56446426536284,1,1,1,1,44,44,44as03,M-O,1,0.2966,0.1439,0.979095695278839,0.976795482511952,0.99487420397854,0.9790956946934,0.941145710666878,0.979095695278839,0.976795482511952,0.99487420397854,0.9790956946934,0.941145710666878,1.59470524471726,1.56446426536284
0.485579020850014,-1.62804844766223,0,0,0,1,44,44,44as03,M-O,1,0.2902,0.2549,0.123617284789165,0.0766119553352353,0.189211800860075,0.123617282410255,0.0517573066820206,0.876382715210835,0.923388044664765,0.810788199139925,0.876382717589745,0.948242693317979,0.485579020850014,1.62804844766223
0.0861955720495114,0.759850250221997,1,1,1,1,44,44,44as03,M-O,1,0.5455,0.2161,0.890802321095336,0.836725064737709,0.91575280088905,0.890802318916846,0.776327948939214,0.890802321095336,0.836725064737709,0.91575280088905,0.890802318916846,0.776327948939214,0.0861955720495114,0.759850250221997
-0.881907729882722,2.04390050136904,0,1,1,1,44,44,44as03,M-O,1,0.2034,0.2089,0.99404595701147,0.990331457267474,0.996931612893598,0.99404595681479,0.979518311193208,0.99404595701147,0.990331457267474,0.996931612893598,0.99404595681479,0.979518311193208,0.881907729882722,2.04390050136904
-0.282424189147408,2.02552065780214,0,1,1,1,44,44,44as03,M-O,1,0.3736,0.0975,0.993728302840201,0.987753965857932,0.995047943897101,0.993728302634251,0.978593035279959,0.993728302840201,0.987753965857932,0.995047943897101,0.993728302634251,0.978593035279959,0.282424189147408,2.02552065780214
0.461349213799404,0.236223052201002,1,1,1,1,44,44,44as03,M-O,1,0.4908,0.3097,0.76027237569196,0.694213774308646,0.844686866367388,0.760272372073593,0.593370203721338,0.76027237569196,0.694213774308646,0.844686866367388,0.760272372073593,0.593370203721338,0.461349213799404,0.236223052201002
1.72374938563848,0.660651986596909,1,1,1,1,44,44,44as03,M-O,1,0.205,0.6067,0.871100348053411,0.873010761640394,0.969865466086623,0.871100345604103,0.745582239209485,0.871100348053411,0.873010761640394,0.969865466086623,0.871100345604103,0.745582239209485,1.72374938563848,0.660651986596909
2.27776800752602,1.2550217479869,1,1,1,1,44,44,44as03,M-O,1,0.149,0.2056,0.95782428705213,0.967477116459331,0.995884883775611,0.957824286004454,0.89526456741464,0.95782428705213,0.967477116459331,0.995884883775611,0.957824286004454,0.89526456741464,2.27776800752602,1.2550217479869
0.0690441355979561,-2.34925235257286,0,0,0,1,44,44,44as03,M-O,1,0.4829,0.1128,0.030170313888756,0.0180002121560163,0.0898359734603448,0.0301703130925719,0.0094055764432871,0.969829686111244,0.981999787843984,0.910164026539655,0.969829686907428,0.990594423556713,0.0690441355979561,2.34925235257286
-1.20533481725491,1.52836572368109,0,1,1,1,44,44,44as03,M-O,1,0.0667,0.3095,0.977213219452664,0.970236414341659,0.99148229974615,0.977213218823,0.93678911994623,0.977213219452664,0.970236414341659,0.99148229974615,0.977213218823,0.93678911994623,1.20533481725491,1.52836572368109
1.24105895978757,2.25922235219161,1,0,1,0,44,44,44as03,M-O,1,0.1735,0.1919,0.996834995995274,0.995402956788339,0.998820639402345,0.996834995883453,0.988065221451656,0.996834995995274,0.995402956788339,0.998820639402345,0.996834995883453,0.988065221451656,1.24105895978757,2.25922235219161
-0.0295085627427269,-0.148325588527446,0,1,0,0,44,44,44as03,M-O,1,0.2305,1.0562,0.626512399612492,0.529474565399879,0.703784437345827,0.626512395201813,0.441042910994117,0.373487600387508,0.470525434600121,0.296215562654173,0.373487604798187,0.558957089005883,0.0295085627427269,0.148325588527446
-1.58266641918913,1.79679077721206,0,1,1,1,44,44,44as03,M-O,1,0.1242,0.2559,0.988327675827737,0.986632555231159,0.997111633976271,0.988327675472605,0.963815579460799,0.988327675827737,0.986632555231159,0.997111633976271,0.988327675472605,0.963815579460799,1.58266641918913,1.79679077721206
-1.59382846513379,1.84021481050249,0,1,1,1,44,44,44as03,M-O,1,0.2179,0.0706,0.989588287501985,0.988084332034213,0.997459512476238,0.98958828718046,0.967131646779151,0.989588287501985,0.988084332034213,0.997459512476238,0.98958828718046,0.967131646779151,1.59382846513379,1.84021481050249
-0.198844967073956,1.91759527421003,0,1,1,1,44,44,44as03,M-O,1,0.3694,0.2846,0.991542524822298,0.9836029058685,0.993096767924903,0.99154252455423,0.972418825083538,0.991542524822298,0.9836029058685,0.993096767924903,0.99154252455423,0.972418825083538,0.198844967073956,1.91759527421003
-1.1032429336147,1.58384905001685,0,1,1,1,44,44,44as03,M-O,1,0.1785,0.1923,0.980051078229295,0.972669791402228,0.991782825831118,0.980051077666612,0.943385962931081,0.980051078229295,0.972669791402228,0.991782825831118,0.980051077666612,0.943385962931081,1.1032429336147,1.58384905001685
1.46675008388819,1.16785633158906,1,1,1,1,44,44,44as03,M-O,1,0.344,0.256,0.949373819222244,0.942994941842411,0.985325662807677,0.949373818009093,0.878567639427953,0.949373819222244,0.942994941842411,0.985325662807677,0.949373818009093,0.878567639427953,1.46675008388819,1.16785633158906
2.14709039646656,2.42678305555833,1,1,1,1,44,44,44as03,M-O,1,0.1329,0.2387,0.998120683820247,0.998399401987939,0.999797410641807,0.998120683750465,0.992383319003647,0.998120683820247,0.998399401987939,0.999797410641807,0.998120683750465,0.992383319003647,2.14709039646656,2.42678305555833
-0.180332305507197,1.07376211085378,0,1,1,1,44,44,44as03,M-O,1,0.3229,1.1012,0.938792762269049,0.903222390642069,0.953876978904118,0.938792760859885,0.858535342183721,0.938792762269049,0.903222390642069,0.953876978904118,0.938792760859885,0.858535342183721,0.180332305507197,1.07376211085378
0.959013115917549,2.18586165283251,1,1,1,1,44,44,44as03,M-O,1,0.2604,0.1757,0.996055894502599,0.99359897080039,0.998073853336328,0.996055894366349,0.985587135744675,0.996055894502599,0.99359897080039,0.998073853336328,0.996055894366349,0.985587135744675,0.959013115917549,2.18586165283251
-1.13890703163301,2.41990714285704,0,1,1,1,44,44,44as03,M-O,1,0.1615,0.1799,0.99807907274345,0.996980349919148,0.999191763119174,0.998079072672265,0.992237764588967,0.99807907274345,0.996980349919148,0.999191763119174,0.998079072672265,0.992237764588967,1.13890703163301,2.41990714285704
-1.59763989545636,0.246087342345539,0,1,1,1,44,44,44as03,M-O,1,0.1473,0.9173,0.763326306372623,0.761555865221407,0.931017375294493,0.763326302779584,0.597192689405168,0.763326306372623,0.761555865221407,0.931017375294493,0.763326302779584,0.597192689405168,1.59763989545636,0.246087342345539
-1.59763989545636,0.399261520675721,0,1,1,1,44,44,44as03,M-O,1,0.2734,0.9344,0.807909213639919,0.805097001784949,0.945876046879122,0.807909210458158,0.65514974157938,0.807909213639919,0.805097001784949,0.945876046879122,0.807909210458158,0.65514974157938,1.59763989545636,0.399261520675721
0.684590132692664,0.386831986177243,1,1,1,1,44,44,44as03,M-O,1,0.4121,1.0563,0.804495212500114,0.753553123471088,0.888197249625033,0.804495209284,0.650559702198102,0.804495212500114,0.753553123471088,0.888197249625033,0.804495209284,0.650559702198102,0.684590132692664,0.386831986177243
0.502730457301569,0.270126590981958,1,1,1,1,44,44,44as03,M-O,1,0.419,0.479,0.77067830116252,0.707623720843351,0.85460932319777,0.770678297631905,0.606468567189751,0.77067830116252,0.707623720843351,0.85460932319777,0.770678297631905,0.606468567189751,0.502730457301569,0.270126590981958
-0.0997477786871915,0.797350420262087,0,1,1,1,44,44,44as03,M-O,1,0.4411,0.5577,0.897655717636157,0.845997897927815,0.921344797257308,0.897655715557394,0.787376227387105,0.897655717636157,0.845997897927815,0.921344797257308,0.897655715557394,0.787376227387105,0.0997477786871915,0.797350420262087
1.84353719577633,1.41033803758171,1,1,1,1,44,44,44as03,M-O,1,0.1845,0.1995,0.970034030455633,0.970896647162581,0.994587713356005,0.970034029663922,0.92078005401668,0.970034030455633,0.970896647162581,0.994587713356005,0.970034029663922,0.92078005401668,1.84353719577633,1.41033803758171
-0.539151245874656,-0.2436363168945,1,1,0,0,44,44,44as03,M-O,1,0.2838,0.3191,0.589912394332833,0.474483843316101,0.629416267854026,0.589912389805031,0.403756249426629,0.410087605667167,0.525516156683899,0.370583732145974,0.410087610194969,0.596243750573371,0.539151245874656,0.2436363168945
0.473327994813189,-1.90062549463205,0,0,0,1,44,44,44as03,M-O,1,0.2731,0.5418,0.07640594191552,0.0449197001672502,0.133483588823342,0.0764059402433932,0.0286755418572732,0.92359405808448,0.95508029983275,0.866516411176658,0.923594059756607,0.971324458142727,0.473327994813189,1.90062549463205
-0.354841365276197,1.34258385165597,0,1,1,1,44,44,44as03,M-O,1,0.3819,0.3743,0.96512569684988,0.943355040216145,0.975527663087498,0.965125695952602,0.910296618929222,0.96512569684988,0.943355040216145,0.975527663087498,0.965125695952602,0.910296618929222,0.354841365276197,1.34258385165597
-0.450127123340393,0.461752988803176,0,1,1,1,44,44,44as03,M-O,1,0.3891,0.3739,0.82451486459646,0.766696201449723,0.886401538651995,0.824514861588985,0.677870766499977,0.82451486459646,0.766696201449723,0.886401538651995,0.824514861588985,0.677870766499977,0.450127123340393,0.461752988803176
-0.974471037716513,2.04527568390929,0,1,1,1,44,44,44as03,M-O,1,0.1498,0.2314,0.99406914009237,0.990703833176164,0.99718062673626,0.994069139896369,0.979586156705395,0.99406914009237,0.990703833176164,0.99718062673626,0.994069139896369,0.979586156705395,0.974471037716513,2.04527568390929
0.93015514347525,2.42342443666193,1,1,1,1,44,44,44as03,M-O,1,0.1417,0.3344,0.998100461859158,0.996718552841105,0.999022383331215,0.998100461788693,0.992312524257074,0.998100461859158,0.996718552841105,0.999022383331215,0.998100461788693,0.992312524257074,0.93015514347525,2.42342443666193
2.01668503043013,2.43802252824312,1,1,1,1,44,44,44as03,M-O,1,0.1841,1.4334,0.998186940865434,0.998301377819439,0.999757164932408,0.998186940797892,0.992616073185336,0.998186940865434,0.998301377819439,0.999757164932408,0.998186940797892,0.992616073185336,2.01668503043013,2.43802252824312
-1.04716045886834,-2.3106943498095,1,0,0,1,44,44,44as03,M-O,1,0.2735,0.2379,0.0329033261718331,0.0159587442363912,0.0524656770935384,0.0329033253164833,0.0104248717788745,0.967096673828167,0.984041255763609,0.947534322906462,0.967096674683517,0.989575128221126,1.04716045886834,2.3106943498095
0.560446402186168,1.45431743305186,1,1,1,1,44,44,44as03,M-O,1,0.1475,0.2081,0.972902416844765,0.957055252209863,0.983078339890294,0.972902416116628,0.927070840303116,0.972902416844765,0.957055252209863,0.983078339890294,0.972902416116628,0.927070840303116,0.560446402186168,1.45431743305186
-0.503487147856343,1.0401759218898,0,1,1,1,44,44,44as03,M-O,1,0.2274,0.1362,0.934622571501032,0.903751817217481,0.958640105364318,0.934622570017665,0.850870912058697,0.934622571501032,0.903751817217481,0.958640105364318,0.934622570017665,0.850870912058697,0.503487147856343,1.0401759218898
-0.221985794032403,1.27303135010065,0,1,1,1,44,44,44as03,M-O,1,0.282,0.0951,0.959419347399518,0.933309102506274,0.969578290009341,0.959419346384072,0.898496541275554,0.959419347399518,0.933309102506274,0.969578290009341,0.959419346384072,0.898496541275554,0.221985794032403,1.27303135010065
1.53698929983266,1.14045846405625,1,1,1,1,44,44,44as03,M-O,1,0.1385,0.2132,0.946455285667411,0.941516488855839,0.985585006910514,0.946455284399025,0.87295232611566,0.946455285667411,0.941516488855839,0.985585006910514,0.946455284399025,0.87295232611566,1.53698929983266,1.14045846405625
0.505180662508934,1.11647210705599,1,1,1,1,44,44,44as03,M-O,1,0.3859,0.1736,0.943792134977648,0.915970054968109,0.964366473404502,0.943792133659656,0.86788994837956,0.943792134977648,0.915970054968109,0.964366473404502,0.943792133659656,0.86788994837956,0.505180662508934,1.11647210705599
1.95788010545337,0.839795958283486,1,1,1,1,44,44,44as03,M-O,1,0.1508,0.2139,0.905029201631057,0.914192176803635,0.983889299525303,0.905029199663016,0.799488600005234,0.905029201631057,0.914192176803635,0.983889299525303,0.905029199663016,0.799488600005234,1.95788010545337,0.839795958283486
-0.244309885921729,1.91029622841944,0,1,1,1,44,44,44as03,M-O,1,0.572,0.1352,0.991373051974072,0.983489268290786,0.993144264718612,0.991373051701297,0.971952458439711,0.991373051974072,0.983489268290786,0.993144264718612,0.991373051701297,0.971952458439711,0.244309885921729,1.91029622841944
-1.80781305324367,0.443558265962851,0,1,1,1,44,44,44as03,M-O,1,0.1794,0.1381,0.819776643024714,0.828686275225735,0.959786570942871,0.819776639966272,0.671319007657527,0.819776643024714,0.828686275225735,0.959786570942871,0.819776639966272,0.671319007657527,1.80781305324367,0.443558265962851
-1.34172957379823,2.35974290672079,0,1,1,1,44,44,44as03,M-O,1,0.1211,0.0648,0.997677678525559,0.996736022001011,0.999219233718932,0.997677678441004,0.99085619801421,0.997677678525559,0.996736022001011,0.999219233718932,0.997677678441004,0.99085619801421,1.34172957379823,2.35974290672079
2.07984587577554,0.289061796728576,1,1,1,1,44,44,44as03,M-O,1,0.1671,0.4954,0.776378010127318,0.806012218355602,0.962194253260022,0.776378006646524,0.613732956004186,0.776378010127318,0.806012218355602,0.962194253260022,0.776378006646524,0.613732956004186,2.07984587577554,0.289061796728576
1.00638374992661,1.11615475723901,1,1,1,1,44,44,44as03,M-O,1,0.2203,0.2633,0.943756212826677,0.926256830159576,0.97488776229114,0.94375621150802,0.867822051619473,0.943756212826677,0.926256830159576,0.97488776229114,0.94375621150802,0.867822051619473,1.00638374992661,1.11615475723901
1.76458613909457,2.29825637968045,1,1,1,1,44,44,44as03,M-O,1,0.1897,0.1973,0.997190399866482,0.996926611201183,0.999450428798206,0.997190399766042,0.989226399234079,0.997190399866482,0.996926611201183,0.999450428798206,0.997190399766042,0.989226399234079,1.76458613909457,2.29825637968045
-1.91534983734469,2.33927384352543,0,1,1,1,44,44,44as03,M-O,1,0.1243,0.0621,0.997524693001858,0.997533412969146,0.999611757084833,0.997524692912278,0.990339367246435,0.997524693001858,0.997533412969146,0.999611757084833,0.997524692912278,0.990339367246435,1.91534983734469,2.33927384352543
0.0671384204366722,0.154161678692965,1,1,1,1,44,44,44as03,M-O,1,0.2744,0.3393,0.734053069133575,0.648733966528146,0.796426001419362,0.734053065311903,0.561258871550509,0.734053069133575,0.648733966528146,0.796426001419362,0.734053065311903,0.561258871550509,0.0671384204366722,0.154161678692965
0.378586726795074,0.891180182816556,1,1,1,1,44,44,44as03,M-O,1,0.4296,0.2717,0.913422535742982,0.873224962064735,0.941582249405141,0.913422533905555,0.813583742958832,0.913422535742982,0.873224962064735,0.941582249405141,0.913422533905555,0.813583742958832,0.378586726795074,0.891180182816556
1.66657793079997,-1.24574770147074,0,0,0,1,44,44,44as03,M-O,1,0.2461,0.2143,0.219231360680025,0.131057779521697,0.215938321377239,0.219231357238472,0.106428517584025,0.780768639319976,0.868942220478303,0.784061678622761,0.780768642761528,0.893571482415975,1.66657793079997,1.24574770147074
2.2380202341621,1.59053984199157,1,1,1,1,44,44,44as03,M-O,1,0.1597,0.2882,0.980372117519224,0.984598189733936,0.998073970395295,0.980372116964236,0.944143413836356,0.980372117519224,0.984598189733936,0.998073970395295,0.980372116964236,0.944143413836356,2.2380202341621,1.59053984199157
-2.31418879609911,0.821098764899605,0,1,1,1,44,44,44as03,M-O,1,0.1048,0.1523,0.901830900690242,0.924335435116851,0.989896108942805,0.901830898673726,0.794204993250226,0.901830900690242,0.924335435116851,0.989896108942805,0.901830898673726,0.794204993250226,2.31418879609911,0.821098764899605
-0.405478939561741,0.614477588225967,0,1,1,1,44,44,44as03,M-O,1,0.2189,0.4888,0.861135156496317,0.808587524645208,0.908123546233262,0.861135153918376,0.730550110727623,0.861135156496317,0.808587524645208,0.908123546233262,0.861135153918376,0.730550110727623,0.405478939561741,0.614477588225967
0.545200680895897,-2.05774009985643,0,0,0,1,44,44,44as03,M-O,1,0.16,0.4964,0.0562807693933911,0.0316131369200789,0.102913384317743,0.0562807680740507,0.0198075444170106,0.943719230606609,0.968386863079921,0.897086615682257,0.943719231925949,0.980192455582989,0.545200680895897,2.05774009985643
-2.38197780683621,1.3187561695642,0,1,1,1,44,44,44as03,M-O,1,0.238,0.1355,0.963249898099145,0.973337189976814,0.997021347513961,0.963249897162509,0.906374679134791,0.963249898099145,0.973337189976814,0.997021347513961,0.963249897162509,0.906374679134791,2.38197780683621,1.3187561695642
-0.590061065183241,1.05874088618327,0,1,1,1,44,44,44as03,M-O,1,0.2508,0.0713,0.936954105851044,0.908628251337033,0.962130892940353,0.936954104408962,0.855141099039488,0.936954105851044,0.908628251337033,0.962130892940353,0.936954104408962,0.855141099039488,0.590061065183241,1.05874088618327
2.0447262678033,0.80560151550363,1,1,1,1,44,44,44as03,M-O,1,0.1499,1.1611,0.899120735863381,0.912176189276614,0.984632626593968,0.899120733806328,0.789763674250198,0.899120735863381,0.912176189276614,0.984632626593968,0.899120733806328,0.789763674250198,2.0447262678033,0.80560151550363
2.27313984213434,0.397383867591909,1,1,1,1,44,44,44as03,M-O,1,0.1352,0.2078,0.807395833455606,0.845080844431538,0.975720099724438,0.807395830268648,0.654457794986187,0.807395833455606,0.845080844431538,0.975720099724438,0.807395830268648,0.654457794986187,2.27313984213434,0.397383867591909
0.387843057578453,-0.691178896293959,0,0,0,1,44,44,44as03,M-O,1,0.4581,1.1918,0.412848761523831,0.310440771004712,0.485358074751315,0.412848756988833,0.244726562167698,0.587151238476169,0.689559228995288,0.514641925248685,0.587151243011167,0.755273437832302,0.387843057578453,0.691178896293959
1.48771295066232,0.988738805720568,1,1,1,1,44,44,44as03,M-O,1,0.1211,0.3335,0.927813007427073,0.920763513070077,0.979212945997669,0.927813005825928,0.838604524356993,0.927813007427073,0.920763513070077,0.979212945997669,0.927813005825928,0.838604524356993,1.48771295066232,0.988738805720568
0.329310377624732,-0.324243170408035,0,0,0,1,44,44,44as03,M-O,1,0.3377,0.4143,0.558320632588716,0.449415733592355,0.619477156895542,0.558320627992141,0.372876970372018,0.441679367411284,0.550584266407645,0.380522843104458,0.441679372007859,0.627123029627982,0.329310377624732,0.324243170408035
1.72483836573065,0.913394670005325,1,1,1,1,44,44,44as03,M-O,1,0.1156,0.3327,0.916874438672557,0.917151363845784,0.981429140478359,0.916874436890336,0.819482496101586,0.916874438672557,0.917151363845784,0.981429140478359,0.916874436890336,0.819482496101586,1.72483836573065,0.913394670005325
0.252265036104253,1.3906623489288,1,1,1,1,44,44,44as03,M-O,1,0.4151,0.3831,0.96867154362,0.947385337624347,0.976641516982713,0.968671542798594,0.917836080003888,0.96867154362,0.947385337624347,0.976641516982713,0.968671542798594,0.917836080003888,0.252265036104253,1.3906623489288
-1.09643680803868,0.238365163465634,0,1,1,1,44,44,44as03,M-O,1,0.2146,0.4463,0.76093738397519,0.727732678364299,0.89374459824361,0.760937380362308,0.594201057842651,0.76093738397519,0.727732678364299,0.89374459824361,0.760937380362308,0.594201057842651,1.09643680803868,0.238365163465634
1.50295867195259,1.79189830086691,1,1,1,1,44,44,44as03,M-O,1,0.1957,0.1747,0.988177662174792,0.985923949412796,0.996780511910126,0.988177661815701,0.963425370894124,0.988177662174792,0.985923949412796,0.996780511910126,0.988177661815701,0.963425370894124,1.50295867195259,1.79189830086691
0.182298065182829,-0.471625714578288,0,1,0,0,44,44,44as03,M-O,1,0.4439,0.5026,0.499732800733956,0.39757076709235,0.583000290861343,0.499732796087644,0.318596984432832,0.500267199266044,0.60242923290765,0.416999709138657,0.500267203912356,0.681403015567168,0.182298065182829,0.471625714578288
0.380764686979398,0.501104366108997,1,1,1,1,44,44,44as03,M-O,1,0.5317,0.3025,0.834489727387486,0.775846862576569,0.889148353899252,0.834489724490638,0.691851162882925,0.834489727387486,0.775846862576569,0.889148353899252,0.834489724490638,0.691851162882925,0.380764686979398,0.501104366108997
1.5835431987726,1.21686043249477,1,1,1,1,44,44,44as03,M-O,1,0.2674,0.28,0.954276758651459,0.950663124898214,0.988394032588668,0.954276757533269,0.888171338870117,0.954276758651459,0.950663124898214,0.988394032588668,0.954276757533269,0.888171338870117,1.5835431987726,1.21686043249477
-1.93413474393449,2.32359147340288,0,1,1,1,44,44,44as03,M-O,1,0.2043,0.1187,0.997401379095444,0.99744636618972,0.999604066222906,0.997401379001839,0.98992630006918,0.997401379095444,0.99744636618972,0.999604066222906,0.997401379001839,0.98992630006918,1.93413474393449,2.32359147340288
0.725426886148748,2.21257192909519,1,1,1,1,44,44,44as03,M-O,1,0.1793,0.1431,0.996357504897198,0.993499849868147,0.99782683690922,0.996357504770327,0.986536413947827,0.996357504897198,0.993499849868147,0.99782683690922,0.996357504770327,0.986536413947827,0.725426886148748,2.21257192909519
-2.15683117278167,1.72575730984416,0,1,1,1,44,44,44as03,M-O,1,0.1648,0.1484,0.98597953420069,0.988428733321222,0.998455764373006,0.985979533784536,0.957804458536732,0.98597953420069,0.988428733321222,0.998455764373006,0.985979533784536,0.957804458536732,2.15683117278167,1.72575730984416
-0.843521181634003,1.66717982279282,0,1,1,1,44,44,44as03,M-O,1,0.1802,0.0849,0.983747137159001,0.975229137973172,0.991608290034978,0.983747136686511,0.952260673204988,0.983747137159001,0.975229137973172,0.991608290034978,0.983747136686511,0.952260673204988,0.843521181634003,1.66717982279282
-0.99243920923719,0.306383807572199,0,1,1,1,44,44,44as03,M-O,1,0.1176,0.0965,0.781520826383844,0.743619820345758,0.896400008424898,0.78152082294909,0.620343782183154,0.781520826383844,0.743619820345758,0.896400008424898,0.78152082294909,0.620343782183154,0.99243920923719,0.306383807572199
0.563713342462655,0.0832868862335574,1,1,1,1,44,44,44as03,M-O,1,1.0208,0.6274,0.710293665448663,0.644756834327166,0.819900580779389,0.710293661463886,0.533188286332697,0.710293665448663,0.644756834327166,0.819900580779389,0.710293661463886,0.533188286332697,0.563713342462655,0.0832868862335574
-1.26277851711647,0.974246497411705,0,1,1,1,44,44,44as03,M-O,1,0.1244,0.1995,0.925799484755754,0.912045508686417,0.973310112772705,0.925799483120548,0.835032918621519,0.925799484755754,0.912045508686417,0.973310112772705,0.925799483120548,0.835032918621519,1.26277851711647,0.974246497411705
-0.0175297817289422,-0.134811775487612,0,1,0,0,44,44,44as03,M-O,1,0.3481,0.1152,0.631618924179568,0.535246575188065,0.708989789468601,0.631618919788478,0.44638034767085,0.368381075820432,0.464753424811935,0.291010210531399,0.368381080211522,0.55361965232915,0.0175297817289422,0.134811775487612
-0.915393867716711,1.87604889400342,0,1,1,1,44,44,44as03,M-O,1,0.1073,0.0618,0.990537495509614,0.985335911368621,0.995327715075557,0.990537495213835,0.969675716832882,0.990537495509614,0.985335911368621,0.995327715075557,0.990537495213835,0.969675716832882,0.915393867716711,1.87604889400342
-1.46342309909736,1.14656744803316,0,1,1,1,44,44,44as03,M-O,1,0.1777,0.2797,0.947117324886803,0.940507838687031,0.98459303098784,0.947117323630865,0.874219781778189,0.947117324886803,0.940507838687031,0.98459303098784,0.947117323630865,0.874219781778189,1.46342309909736,1.14656744803316
0.693029728406921,2.34157462969855,1,1,1,1,44,44,44as03,M-O,1,0.1466,0.0795,0.997542332487365,0.995427340394424,0.998470896135042,0.997542332398362,0.990398706783216,0.997542332487365,0.995427340394424,0.998470896135042,0.997542332398362,0.990398706783216,0.693029728406921,2.34157462969855
-1.05314984937523,1.12162904158196,0,1,1,1,44,44,44as03,M-O,1,0.1362,0.1438,0.944373338151008,0.928040831259044,0.976102681638335,0.944373336843778,0.868989900851159,0.944373338151008,0.928040831259044,0.976102681638335,0.944373336843778,0.868989900851159,1.05314984937523,1.12162904158196
-1.09044741753179,1.28673028386706,0,1,1,1,44,44,44as03,M-O,1,0.0577,0.0791,0.9605995438818,0.948331941863104,0.98363711754841,0.960599542890419,0.900905843099184,0.9605995438818,0.948331941863104,0.98363711754841,0.960599542890419,0.900905843099184,1.09044741753179,1.28673028386706
-1.20615155232403,0.814460864561056,0,1,1,1,44,44,44as03,M-O,1,0.0464,0.1046,0.900676664924998,0.882470754390311,0.961975699844429,0.900676662891158,0.79230950843422,0.900676664924998,0.882470754390311,0.961975699844429,0.900676662891158,0.79230950843422,1.20615155232403,0.814460864561056
1.00828946508789,1.3362633011344,1,1,1,1,44,44,44as03,M-O,1,0.3651,0.1824,0.964635949403499,0.951959841501908,0.9842400420644,0.964635948495895,0.909268386394806,0.964635949403499,0.951959841501908,0.9842400420644,0.964635948495895,0.909268386394806,1.00828946508789,1.3362633011344
-1.68503054785238,1.36035544140698,0,1,1,1,44,44,44as03,M-O,1,0.1686,0.1825,0.966472960479471,0.964982204079435,0.992543717878061,0.966472959610788,0.913141264102899,0.966472960479471,0.964982204079435,0.992543717878061,0.966472959610788,0.913141264102899,1.68503054785238,1.36035544140698
-1.63520970863595,1.82056556766766,0,1,1,1,44,44,44as03,M-O,1,0.2716,0.0638,0.989033365455587,0.987741796736337,0.997458837465183,0.989033365119189,0.96566353956944,0.989033365455587,0.987741796736337,0.997458837465183,0.989033365119189,0.96566353956944,1.63520970863595,1.82056556766766
1.36765289550143,1.28413859369504,1,1,1,1,44,44,44as03,M-O,1,0.2856,0.1754,0.960378430860898,0.953017629598419,0.987347869108773,0.960378429864994,0.900453266821187,0.960378430860898,0.953017629598419,0.987347869108773,0.960378429864994,0.900453266821187,1.36765289550143,1.28413859369504
0.139555596565461,-0.291106560351454,0,1,0,0,44,44,44as03,M-O,1,0.119,0.0864,0.571364593947428,0.469106552971354,0.648123321683806,0.571364589375655,0.385484911337547,0.428635406052572,0.530893447028646,0.351876678316194,0.428635410624345,0.614515088662453,0.139555596565461,0.291106560351454
-1.24535483564187,1.71541699497415,0,1,1,1,44,44,44as03,M-O,1,0.09,0.0691,0.985605834164469,0.980954454658962,0.994812227423481,0.985605833738777,0.956865599145131,0.985605834164469,0.980954454658962,0.994812227423481,0.985605833738777,0.956865599145131,1.24535483564187,1.71541699497415
0.633952558407119,1.04866502949408,1,1,1,1,44,44,44as03,M-O,1,0.1363,0.2774,0.935696868393576,0.90793950869025,0.96244162890016,0.935696866929169,0.852833842653283,0.935696868393576,0.90793950869025,0.96244162890016,0.935696866929169,0.852833842653283,0.633952558407119,1.04866502949408
-0.474901420437084,1.02679433794038,0,1,1,1,44,44,44as03,M-O,1,0.817,0.0546,0.932900928879197,0.900881016739389,0.956859111717289,0.932900927365666,0.847741341956802,0.932900928879197,0.900881016739389,0.956859111717289,0.932900927365666,0.847741341956802,0.474901420437084,1.02679433794038
0.404994494030008,0.535721941978162,1,1,1,1,44,44,44as03,M-O,1,0.2808,0.2057,0.842955204087016,0.786749805628229,0.89607954635702,0.842955201287704,0.703924631650249,0.842955204087016,0.786749805628229,0.89607954635702,0.842955201287704,0.703924631650249,0.404994494030008,0.535721941978162
1.97448705185884,1.18129080717465,1,1,1,1,44,44,44as03,M-O,1,0.1712,0.2612,0.950757870387199,0.955577852402664,0.992336480423697,0.950757869200573,0.881256391022088,0.950757870387199,0.955577852402664,0.992336480423697,0.950757869200573,0.881256391022088,1.97448705185884,1.18129080717465
0.76517465951267,0.346422776148148,1,1,1,1,44,44,44as03,M-O,1,0.1912,0.1114,0.793143984009946,0.744680664228569,0.886898475462784,0.793143980683116,0.63548749466062,0.793143984009946,0.744680664228569,0.886898475462784,0.793143980683116,0.63548749466062,0.76517465951267,0.346422776148148
-0.370087086566468,-0.27336141641852,1,1,0,0,44,44,44as03,M-O,1,0.4049,0.1683,0.578318842132373,0.468022235571934,0.633175205815271,0.578318837575886,0.39228770442974,0.421681157867627,0.531977764428066,0.366824794184729,0.421681162424114,0.60771229557026,0.370087086566468,0.27336141641852
-0.318088287165721,1.92820004726086,0,1,1,1,44,44,44as03,M-O,1,0.0961,0.0227,0.991783543771143,0.98449456375293,0.993732441843311,0.991783543509795,0.973084875832148,0.991783543771143,0.98449456375293,0.993732441843311,0.991783543509795,0.973084875832148,0.318088287165721,1.92820004726086
1.81930738872572,0.438374885618805,1,1,1,1,44,44,44as03,M-O,1,0.1742,0.3199,0.81841223949911,0.828070020847489,0.959952743771752,0.818412236426177,0.669442725535736,0.81841223949911,0.828070020847489,0.959952743771752,0.818412236426177,0.669442725535736,1.81930738872572,0.438374885618805
0.398460613477034,0.31870755879835,1,0,1,0,44,44,44as03,M-O,1,1.6937,0.3985,0.785137844699875,0.719390620402687,0.856951021804771,0.785137841298126,0.625025858875621,0.785137844699875,0.719390620402687,0.856951021804771,0.785137841298126,0.625025858875621,0.398460613477034,0.31870755879835
-0.194216801682266,1.6727598904081,0,1,1,1,44,44,44as03,M-O,1,0.1924,0.0139,0.983972168715654,0.970785770874352,0.987293463151657,0.983972168248775,0.9528127130901,0.983972168715654,0.970785770874352,0.987293463151657,0.983972168248775,0.9528127130901,0.194216801682266,1.6727598904081
1.47165049430292,1.66540795298134,1,1,1,1,44,44,44as03,M-O,1,0.2258,0.3116,0.983675117856927,0.980583621800646,0.995387978590119,0.983675117382644,0.952084303092755,0.983675117856927,0.980583621800646,0.995387978590119,0.983675117382644,0.952084303092755,1.47165049430292,1.66540795298134
-1.05532780955956,-0.807223146037198,1,0,0,1,44,44,44as03,M-O,1,0.6274,0.5277,0.368334690631981,0.255919293407812,0.388729766216646,0.368334686241073,0.209768966408557,0.631665309368019,0.744080706592188,0.611270233783354,0.631665313758927,0.790231033591443,1.05532780955956,0.807223146037198
-2.1617315831964,0.150591493251913,0,1,1,1,44,44,44as03,M-O,1,0.2848,0.278,0.732880253996906,0.773247514914965,0.957129721450304,0.732880250166721,0.559851013868128,0.732880253996906,0.773247514914965,0.957129721450304,0.732880250166721,0.559851013868128,2.1617315831964,0.150591493251913
-1.48547494596365,1.82056556766766,0,1,1,1,44,44,44as03,M-O,1,0.0825,0.152,0.989033365455587,0.986782997490544,0.996951344309762,0.989033365119189,0.96566353956944,0.989033365455587,0.986782997490544,0.996951344309762,0.989033365119189,0.96566353956944,1.48547494596365,1.82056556766766
0.317603841633988,2.39235060041574,1,1,1,1,44,44,44as03,M-O,1,0.252,0.1666,0.997903776309136,0.995536662357125,0.998287380420666,0.997903776232078,0.991629578937626,0.997903776309136,0.995536662357125,0.998287380420666,0.997903776232078,0.991629578937626,0.317603841633988,2.39235060041574
2.26007208102839,1.88982716522407,1,1,1,1,44,44,44as03,M-O,1,0.1341,0.111,0.990881803660077,0.992943010942531,0.999168317547978,0.990881803373736,0.970609460421778,0.990881803660077,0.992943010942531,0.999168317547978,0.990881803373736,0.970609460421778,2.26007208102839,1.88982716522407
0.161879688454787,0.983000063196803,1,1,1,1,44,44,44as03,M-O,1,0.1724,0.1425,0.927020748468603,0.886620988426293,0.944862767821873,0.927020746854015,0.837196296223549,0.927020748468603,0.886620988426293,0.944862767821873,0.927020746854015,0.837196296223549,0.161879688454787,0.983000063196803
1.0613772445808,0.353219351395188,1,1,1,1,44,44,44as03,M-O,1,0.1903,0.2456,0.795080019333984,0.761755459725361,0.907924948140315,0.795080016025661,0.63803799929251,0.795080019333984,0.761755459725361,0.907924948140315,0.795080016025661,0.63803799929251,1.0613772445808,0.353219351395188
-0.337962173847682,-1.49732676888355,1,0,0,1,44,44,44as03,M-O,1,0.0009,0.3438,0.15235841262295,0.0992105137755593,0.234036775822955,0.152358409879118,0.0671541264164147,0.84764158737705,0.900789486224441,0.765963224177045,0.847641590120882,0.932845873583585,0.337962173847682,1.49732676888355
-0.837804036150151,1.13696761606944,0,1,1,1,44,44,44as03,M-O,1,0.2096,0.6797,0.946074039560961,0.925506772512301,0.972575215776973,0.946074038285427,0.872224088139238,0.946074039560961,0.925506772512301,0.972575215776973,0.946074038285427,0.872224088139238,0.837804036150151,1.13696761606944
1.38262637176866,1.51244534119581,1,1,1,1,44,44,44as03,M-O,1,0.1843,0.1981,0.976338688226388,0.971296513597419,0.99261155513239,0.976338687576442,0.934789696159479,0.976338688226388,0.971296513597419,0.99261155513239,0.976338687576442,0.934789696159479,1.38262637176866,1.51244534119581
-1.75254731356644,0.238629621646453,0,1,1,1,44,44,44as03,M-O,1,0.1609,0.2568,0.761019413773748,0.769747306784969,0.940292651755185,0.761019410161545,0.594303603085329,0.761019413773748,0.769747306784969,0.940292651755185,0.761019410161545,0.594303603085329,1.75254731356644,0.238629621646453
1.59062156937165,1.6342547792809,1,1,1,1,44,44,44as03,M-O,1,0.1712,0.2221,0.982363515435628,0.980240676240839,0.995664581023117,0.982363514928951,0.948897317705988,0.982363515435628,0.980240676240839,0.995664581023117,0.982363514928951,0.948897317705988,1.59062156937165,1.6342547792809
-1.94039637946442,0.0453106914679943,0,0,1,0,44,44,44as03,M-O,1,0.1933,0.4137,0.697165902630779,0.723824155064758,0.934410526830069,0.697165898564175,0.518070167183505,0.697165902630779,0.723824155064758,0.934410526830069,0.697165898564175,0.518070167183505,1.94039637946442,0.0453106914679943
-0.756130529237983,0.0880206876702118,0,1,1,1,44,44,44as03,M-O,1,0.1859,0.2537,0.711911166166956,0.656696265119057,0.838168431064304,0.711911162192665,0.535069883212495,0.711911166166956,0.656696265119057,0.838168431064304,0.711911162192665,0.535069883212495,0.756130529237983,0.0880206876702118
1.62492444227476,1.22024549720924,1,1,1,1,44,44,44as03,M-O,1,0.1466,0.2409,0.954600832195117,0.951850455049223,0.989017523464931,0.954600831083303,0.888814087900368,0.954600832195117,0.951850455049223,0.989017523464931,0.954600831083303,0.888814087900368,1.62492444227476,1.22024549720924
-1.83721551573205,1.85166584973194,0,1,1,1,44,44,44as03,M-O,1,0.1701,0.135,0.989900260588617,0.989859043409739,0.998214125077224,0.989900260275511,0.967963089605257,0.989900260588617,0.989859043409739,0.998214125077224,0.989900260275511,0.967963089605257,1.83721551573205,1.85166584973194
1.46375538863475,0.916409493266658,1,1,1,1,44,44,44as03,M-O,1,0.1508,0.4243,0.917334820897245,0.909081245731929,0.975413249481529,0.917334819122455,0.820273920994905,0.917334820897245,0.909081245731929,0.975413249481529,0.917334819122455,0.820273920994905,1.46375538863475,0.916409493266658
-1.47540188011114,2.37698558011017,0,1,1,1,44,44,44as03,M-O,1,0.105,0.1205,0.99779984955922,0.997114656042696,0.999367513426071,0.997799849478705,0.991272614767409,0.99779984955922,0.997114656042696,0.999367513426071,0.997799849478705,0.991272614767409,1.47540188011114,2.37698558011017
-2.06889603033957,1.5799879605769,0,1,1,1,44,44,44as03,M-O,1,0.1266,0.3345,0.979863795130489,0.982545445243332,0.997413201725183,0.979863794563327,0.942945188177397,0.979863795130489,0.982545445243332,0.997413201725183,0.979863794563327,0.942945188177397,2.06889603033957,1.5799879605769
1.22935242379683,1.58633495691655,1,1,1,1,44,44,44as03,M-O,1,0.2843,0.416,0.980170874018381,0.974113807311623,0.992755358660061,0.980170873458566,0.943668326741704,0.980170874018381,0.974113807311623,0.992755358660061,0.980170873458566,0.943668326741704,1.22935242379683,1.58633495691655
0.430585526195821,-0.995596708234347,0,0,0,1,44,44,44as03,M-O,1,0.7863,0.3515,0.299916472030962,0.212164466640477,0.375959880370462,0.299916467982043,0.159723067405247,0.700083527969038,0.787835533359523,0.624040119629538,0.700083532017957,0.840276932594753,0.430585526195821,0.995596708234347
1.31157042075507,1.34337722619842,1,1,1,1,44,44,44as03,M-O,1,0.1489,0.2072,0.965186776219723,0.957495353926313,0.988257896627887,0.965186775323736,0.910425071346836,0.965186776219723,0.957495353926313,0.988257896627887,0.965186775323736,0.910425071346836,1.31157042075507,1.34337722619842
-0.752591343938456,0.767228633466839,0,0,1,0,44,44,44as03,M-O,1,0.0734,0.2774,0.892176185863602,0.857317323989264,0.941702343818167,0.892176183704865,0.778527204283826,0.892176185863602,0.857317323989264,0.941702343818167,0.892176183704865,0.778527204283826,0.752591343938456,0.767228633466839
-1.62350317264521,0.180581050956751,0,0,1,0,44,44,44as03,M-O,1,0.2431,0.3284,0.742650048419713,0.743226326139784,0.92567942547519,0.742650044661951,0.571651784754915,0.742650048419713,0.743226326139784,0.92567942547519,0.742650044661951,0.571651784754915,1.62350317264521,0.180581050956751
0.550373336333667,-1.55704142611241,0,0,0,1,44,44,44as03,M-O,1,0.3301,0.4127,0.138720587669801,0.0863561074358305,0.201119305121092,0.138720585093685,0.0597303251280851,0.861279412330199,0.913643892564169,0.798880694878908,0.861279414906315,0.940269674871915,0.550373336333667,1.55704142611241
0.816084478821255,0.249710419422755,1,1,1,1,44,44,44as03,M-O,1,0.1718,0.3753,0.764442594219522,0.715952469619713,0.874135113562943,0.764442590635829,0.598594350054826,0.764442594219522,0.715952469619713,0.874135113562943,0.764442590635829,0.598594350054826,0.816084478821255,0.249710419422755
-0.203473132465645,0.981175301749154,0,1,1,1,44,44,44as03,M-O,1,0.7135,0.9107,0.926767442461336,0.887094053075644,0.945766161095817,0.926767440842461,0.836746849241742,0.926767442461336,0.887094053075644,0.945766161095817,0.926767440842461,0.836746849241742,0.203473132465645,0.981175301749154
1.21437894752959,2.45603213035687,1,1,1,1,44,44,44as03,M-O,1,0.1671,0.3422,0.998288689984729,0.997388660154569,0.999332098994283,0.998288689920644,0.992975970172599,0.998288689984729,0.997388660154569,0.999332098994283,0.998288689920644,0.992975970172599,1.21437894752959,2.45603213035687
-0.0379481584569843,1.4738080009782,1,1,1,1,44,44,44as03,M-O,1,0.2925,0.472,0.974098302379345,0.953649475762615,0.97828820801307,0.974098301678158,0.929733353262794,0.974098302379345,0.953649475762615,0.97828820801307,0.974098301678158,0.929733353262794,0.0379481584569843,1.4738080009782
0.0211290115428174,0.662873435315786,1,1,1,1,44,44,44as03,M-O,1,0.2136,0.2233,0.871566937893961,0.81032208878408,0.898695286900395,0.871566935450809,0.746294191745663,0.871566937893961,0.81032208878408,0.898695286900395,0.871566935450809,0.746294191745663,0.0211290115428174,0.662873435315786
1.8070563626889,0.766593933832874,1,1,1,1,44,44,44as03,M-O,1,0.1661,0.1666,0.892058495668448,0.896496961645405,0.977557121132972,0.892058493508015,0.778338508356188,0.892058495668448,0.896496961645405,0.977557121132972,0.892058493508015,0.778338508356188,1.8070563626889,0.766593933832874
0.257437691542024,-1.82945979817374,0,0,0,1,44,44,44as03,M-O,1,0.3435,0.1371,0.0871519304282727,0.0541629897567097,0.163115154130668,0.0871519285817439,0.0336653782593329,0.912848069571727,0.94583701024329,0.836884845869332,0.912848071418256,0.966334621740667,0.257437691542024,1.82945979817374
-0.618919037625541,0.279911543672249,0,1,1,1,44,44,44as03,M-O,1,0.234,0.1743,0.773633796026814,0.71622226756975,0.864925427922367,0.773633792521876,0.610227314731717,0.773633796026814,0.71622226756975,0.864925427922367,0.773633792521876,0.610227314731717,0.618919037625541,0.279911543672249
2.27804025254907,1.28807902058924,1,1,1,1,44,44,44as03,M-O,1,0.1492,0.1104,0.960714215127562,0.969737674204083,0.996194631828509,0.960714214138529,0.901140771271879,0.960714215127562,0.969737674204083,0.996194631828509,0.960714214138529,0.901140771271879,2.27804025254907,1.28807902058924
-0.746329708408523,0.56428342550658,0,1,1,1,44,44,44as03,M-O,1,0.1894,0.1508,0.849721431798369,0.807444034503213,0.917895627693587,0.849721429079507,0.713719370244939,0.849721431798369,0.807444034503213,0.917895627693587,0.849721429079507,0.713719370244939,0.746329708408523,0.56428342550658
0.652737464996918,0.306859832297673,1,1,1,1,44,44,44as03,M-O,1,0.1406,0.2209,0.781661187383073,0.726679779869277,0.872296958375817,0.78166118394959,0.620524967939864,0.781661187383073,0.726679779869277,0.872296958375817,0.78166118394959,0.620524967939864,0.652737464996918,0.306859832297673
-0.696508869192101,0.065277284119805,0,1,1,1,44,44,44as03,M-O,1,0.214,0.1432,0.704101314691391,0.645175465543826,0.827908688736244,0.704101310667293,0.52602338579591,0.704101314691391,0.645175465543826,0.827908688736244,0.704101310667293,0.52602338579591,0.696508869192101,0.065277284119805
-1.24998300103356,0.18565864802847,0,1,1,1,44,44,44as03,M-O,1,0.1451,0.2065,0.744285618492203,0.719910623044666,0.897877799358637,0.7442856147469,0.573643770735411,0.744285618492203,0.719910623044666,0.897877799358637,0.7442856147469,0.573643770735411,1.24998300103356,0.18565864802847
0.792399161816726,1.80832115389575,1,1,1,1,44,44,44as03,M-O,1,0.1961,0.1604,0.988674700763516,0.981930283331874,0.993848842816074,0.988674700417572,0.964721734307968,0.988674700763516,0.981930283331874,0.993848842816074,0.988674700417572,0.964721734307968,0.792399161816726,1.80832115389575
1.52256031361151,0.447234234676231,1,1,1,1,44,44,44as03,M-O,1,0.1803,0.191,0.820740345562017,0.813491835143001,0.946135761669842,0.820740342513859,0.672647027242897,0.820740345562017,0.813491835143001,0.946135761669842,0.820740342513859,0.672647027242897,1.52256031361151,0.447234234676231
0.142822536841948,0.304479708670305,1,1,1,1,44,44,44as03,M-O,1,0.2964,0.3816,0.780958863035074,0.704684324093976,0.837056287726226,0.780958859595238,0.61961877525661,0.780958863035074,0.704684324093976,0.837056287726226,0.780958859595238,0.61961877525661,0.142822536841948,0.304479708670305
1.331172062414,0.358296948466907,1,1,1,1,44,44,44as03,M-O,1,0.2442,0.1746,0.796519339883224,0.778201879086764,0.926101861432985,0.79651933658876,0.639939449249119,0.796519339883224,0.778201879086764,0.926101861432985,0.79651933658876,0.639939449249119,1.331172062414,0.358296948466907
-1.94121311453354,0.540508635050981,0,1,1,1,44,44,44as03,M-O,1,0.1555,0.1587,0.844102937323263,0.858470854636893,0.970993329104127,0.844102934537439,0.7055768462146,0.844102937323263,0.858470854636893,0.970993329104127,0.844102934537439,0.7055768462146,1.94121311453354,0.540508635050981
0.728421581402194,0.713808080941464,1,1,1,1,44,44,44as03,M-O,1,0.2182,0.3833,0.88194462017883,0.844354723082143,0.935090957394318,0.881944617875765,0.762327068962769,0.88194462017883,0.844354723082143,0.935090957394318,0.881944617875765,0.762327068962769,0.728421581402194,0.713808080941464
1.58653789402604,0.284936249107804,1,1,1,1,44,44,44as03,M-O,1,0.1547,0.2857,0.77514308287215,0.772362587763121,0.934339647273734,0.775143079380454,0.612153508090934,0.77514308287215,0.772362587763121,0.934339647273734,0.775143079380454,0.612153508090934,1.58653789402604,0.284936249107804
0.927977183290925,-1.66525771370342,0,0,0,1,44,44,44as03,M-O,1,0.0876,0.2316,0.116179973067675,0.0670053049374252,0.152061235831006,0.116179970790591,0.0479306755287996,0.883820026932325,0.932994695062575,0.847938764168994,0.883820029209409,0.9520693244712,0.927977183290925,1.66525771370342
2.23230308867825,2.13389562030164,1,1,1,1,44,44,44as03,M-O,1,0.213,0.2239,0.995404296503271,0.996361505666492,0.999568467024476,0.995404296347061,0.983574336958785,0.995404296503271,0.996361505666492,0.999568467024476,0.995404296347061,0.983574336958785,2.23230308867825,2.13389562030164
-1.59437295517987,1.69082238415801,0,1,1,1,44,44,44as03,M-O,1,0.1379,0.0146,0.984682366689836,0.982765367292899,0.996257317043644,0.984682366240763,0.954564634662087,0.984682366689836,0.982765367292899,0.996257317043644,0.984682366240763,0.954564634662087,1.59437295517987,1.69082238415801
2.20589532144332,1.33679221749604,1,1,1,1,44,44,44as03,M-O,1,0.126,0.0939,0.964677147544534,0.971707469917161,0.996197467105048,0.964677146637797,0.909354764874145,0.964677147544534,0.971707469917161,0.996197467105048,0.964677146637797,0.909354764874145,2.20589532144332,1.33679221749604
1.00747273001877,0.181427317135371,1,1,1,1,44,44,44as03,M-O,1,0.295,0.1354,0.742923020463594,0.703686840344129,0.877528837131158,0.742923016707904,0.571983910657828,0.742923020463594,0.703686840344129,0.877528837131158,0.742923016707904,0.571983910657828,1.00747273001877,0.181427317135371
0.756190573752331,-1.48376006420756,0,0,0,1,44,44,44as03,M-O,1,0.2988,0.2883,0.1555768664613,0.0956171700505745,0.204187172242124,0.155576863679251,0.0689362926385987,0.8444231335387,0.904382829949426,0.795812827757876,0.844423136320749,0.931063707361401,0.756190573752331,1.48376006420756
2.19827246079818,1.40658273141409,1,1,1,1,44,44,44as03,M-O,1,0.0175,0.166,0.969777849210896,0.975703857656998,0.996746734218177,0.969777848413579,0.920224421677886,0.969777849210896,0.975703857656998,0.996746734218177,0.969777848413579,0.920224421677886,2.19827246079818,1.40658273141409
1.20348914660797,0.244606376532955,1,0,1,0,44,44,44as03,M-O,1,0.192,0.3414,0.762869177065667,0.736088602939187,0.902762570621564,0.762869173468815,0.596619386865288,0.762869177065667,0.736088602939187,0.902762570621564,0.762869173468815,0.596619386865288,1.20348914660797,0.244606376532955
0.167324588915598,-1.33748824439674,0,0,0,1,44,44,44as03,M-O,1,0.0631,0.2785,0.193099160898126,0.133074206110182,0.295600718935841,0.193099157706167,0.0905316584923544,0.806900839101874,0.866925793889818,0.704399281064159,0.806900842293833,0.909468341507646,0.167324588915598,1.33748824439674
-2.18514465517789,2.41519978723847,0,1,1,1,44,44,44as03,M-O,1,0.28,0.1123,0.998050104315958,0.998386578170831,0.999803154564416,0.998050104243798,0.99213670956592,0.998050104315958,0.998386578170831,0.999803154564416,0.998050104243798,0.99213670956592,2.18514465517789,2.41519978723847
-2.15111402729782,1.96443081803302,0,1,1,1,44,44,44as03,M-O,1,0.2443,0.3132,0.992562060072864,0.993804059906703,0.999190137364389,0.992562059833431,0.975259924072958,0.992562060072864,0.993804059906703,0.999190137364389,0.992562059833431,0.975259924072958,2.15111402729782,1.96443081803302
-2.0536503090493,2.30111252803329,0,1,1,1,44,44,44as03,M-O,1,0.0871,0.1342,0.997214934086827,0.997482001001237,0.999648788226556,0.997214933987179,0.989307364309754,0.997214934086827,0.997482001001237,0.999648788226556,0.997214933987179,0.989307364309754,2.0536503090493,2.30111252803329
0.336388748223787,-1.52842705094783,0,0,0,1,44,44,44as03,M-O,1,0.3152,0.1736,0.145148317417302,0.0939871104286938,0.226103193726689,0.145148314760957,0.063203271384727,0.854851682582698,0.906012889571306,0.77389680627331,0.854851685239043,0.936796728615273,0.336388748223787,1.52842705094783
-1.92460616812807,0.748372765174466,0,1,1,1,44,44,44as03,M-O,1,0.0985,0.2051,0.888640272107112,0.89810627409502,0.979886598324288,0.888640269897774,0.772882327383623,0.888640272107112,0.89810627409502,0.979886598324288,0.888640269897774,0.772882327383623,1.92460616812807,0.748372765174466
-0.80295667320096,0.269677012074566,0,1,1,1,44,44,44as03,M-O,1,0.2232,0.152,0.770541990338903,0.721865235976193,0.876631207275161,0.770541986807112,0.606295626387734,0.770541990338903,0.721865235976193,0.876631207275161,0.770541986807112,0.606295626387734,0.80295667320096,0.269677012074566
1.42999700577772,0.052213049987362,1,0,1,0,44,44,44as03,M-O,1,0.139,0.3924,0.699571672300464,0.687251600999284,0.89352078508125,0.699571668248422,0.520820532634145,0.699571672300464,0.687251600999284,0.89352078508125,0.699571668248422,0.520820532634145,1.42999700577772,0.052213049987362
1.62138525697523,-0.580423810167095,0,0,0,1,44,44,44as03,M-O,1,0.0695,0.3448,0.456415704339798,0.323408096988894,0.436584681043976,0.456415699721241,0.280814426176223,0.543584295660202,0.676591903011106,0.563415318956024,0.543584300278759,0.719185573823777,1.62138525697523,0.580423810167095
-2.05746173937186,1.37006105664303,0,0,1,0,44,44,44as03,M-O,1,0.1051,0.2326,0.967190466391831,0.971512288039135,0.995594408054665,0.967190465538491,0.914666078481726,0.967190466391831,0.971512288039135,0.995594408054665,0.967190465538491,0.914666078481726,2.05746173937186,1.37006105664303
-0.445771202971744,1.52064354480119,0,1,1,1,44,44,44as03,M-O,1,0.1182,0.1583,0.976792490312125,0.961566463702144,0.984334114020527,0.976792489672684,0.93582534345864,0.976792490312125,0.961566463702144,0.984334114020527,0.976792489672684,0.93582534345864,0.445771202971744,1.52064354480119
-1.01231309591915,1.83915697777921,0,1,1,1,44,44,44as03,M-O,1,0.1088,0.0395,0.989559048417986,0.984506638722526,0.995275387480795,0.989559048095674,0.967053949753495,0.989559048417986,0.984506638722526,0.995275387480795,0.989559048095674,0.967053949753495,1.01231309591915,1.83915697777921
-2.21128017738978,-0.0246649431766295,0,1,1,1,44,44,44as03,M-O,1,0.1197,0.3663,0.689919043789642,0.739022672996944,0.950772621247605,0.689919039680337,0.509838891069729,0.689919043789642,0.739022672996944,0.950772621247605,0.689919039680337,0.509838891069729,2.21128017738978,0.0246649431766295
0.0352857527409266,2.17938242740245,1,1,1,1,44,44,44as03,M-O,1,0.1794,0.1193,0.995979440428509,0.991305932020806,0.996268019549562,0.995979440289896,0.985348364772945,0.995979440428509,0.991305932020806,0.996268019549562,0.995979440289896,0.985348364772945,0.0352857527409266,2.17938242740245
-1.16286459366058,0.547120089571448,0,1,1,1,44,44,44as03,M-O,1,0.2379,0.248,0.845679088341397,0.820931823508112,0.937198573285771,0.845679085574201,0.707851884388328,0.845679088341397,0.820931823508112,0.937198573285771,0.845679085574201,0.707851884388328,1.16286459366058,0.547120089571448
-1.99538987411862,2.4224459413929,0,1,1,1,44,44,44as03,M-O,1,0.1932,0.0466,0.998094533338205,0.998189956204631,0.99973596121024,0.99809453326754,0.992291790354876,0.998094533338205,0.998189956204631,0.99973596121024,0.99809453326754,0.992291790354876,1.99538987411862,2.4224459413929
1.44823742232144,2.36019248562818,1,1,1,1,44,44,44as03,M-O,1,0.2185,0.1738,0.997680940421415,0.996920739259039,0.999311752691465,0.997680940336967,0.990867272558031,0.997680940421415,0.996920739259039,0.999311752691465,0.997680940336967,0.990867272558031,1.44823742232144,2.36019248562818
0.71208688001976,0.235799919111693,1,1,1,1,44,44,44as03,M-O,1,0.1199,0.2889,0.760140896743592,0.705973130876914,0.863642595955502,0.760140893124142,0.593206034536562,0.760140896743592,0.705973130876914,0.863642595955502,0.760140893124142,0.593206034536562,0.71208688001976,0.235799919111693
-0.799145242878392,0.51488263732965,0,1,1,1,44,44,44as03,M-O,1,0.1498,0.0084,0.837893835359519,0.796136245243891,0.914127359330124,0.837893832501482,0.696682482780983,0.837893835359519,0.796136245243891,0.914127359330124,0.837893832501482,0.696682482780983,0.799145242878392,0.51488263732965
-0.281062964032205,-0.35658640592216,1,1,0,0,44,44,44as03,M-O,1,0.2221,0.5118,0.545527570207348,0.438427207382411,0.612847749181917,0.545527565591324,0.360700727917549,0.454472429792652,0.561572792617589,0.387152250818083,0.454472434408676,0.639299272082451,0.281062964032205,0.35658640592216
-1.14870785246247,1.87715961836286,0,1,1,1,44,44,44as03,M-O,1,0.1527,0.1674,0.990565666983636,0.986650097341747,0.996233972165445,0.990565666688627,0.969751889864692,0.990565666983636,0.986650097341747,0.996233972165445,0.990565666688627,0.969751889864692,1.14870785246247,1.87715961836286
-2.18841159545437,2.16563060199988,0,1,1,1,44,44,44as03,M-O,1,0.226,0.0945,0.995812758294286,0.996577646141788,0.99957665081047,0.995812758150542,0.984830287011453,0.995812758294286,0.996577646141788,0.99957665081047,0.995812758150542,0.984830287011453,2.18841159545437,2.16563060199988
0.877884099051462,0.888562046826451,1,1,1,1,44,44,44as03,M-O,1,0.2218,0.3261,0.913008747457327,0.886036550391371,0.956960705012773,0.913008745613341,0.812880752024354,0.913008747457327,0.886036550391371,0.956960705012773,0.913008745613341,0.812880752024354,0.877884099051462,0.888562046826451
1.23425283421156,-1.32685702552783,0,0,0,1,44,44,44as03,M-O,1,1.266,0.2796,0.196026248704339,0.11872970951143,0.215184701133819,0.196026245483021,0.0922779912099856,0.803973751295661,0.88127029048857,0.784815298866181,0.803973754516979,0.907722008790014,1.23425283421156,1.32685702552783
-0.665745181588517,-2.02230270362672,1,0,0,1,44,44,44as03,M-O,1,0.7776,0.1675,0.0604093035038561,0.0334324392529943,0.101979545909714,0.0604093021090778,0.0215725447502934,0.939590696496144,0.966567560747006,0.898020454090286,0.939590697890922,0.978427455249707,0.665745181588517,2.02230270362672
-2.04357724319679,0.494545803224693,0,0,1,0,44,44,44as03,M-O,1,0.3174,0.3647,0.832853219685917,0.853871611691714,0.972289561681779,0.832853216770604,0.689539616529421,0.832853219685917,0.853871611691714,0.972289561681779,0.832853216770604,0.689539616529421,2.04357724319679,0.494545803224693
-1.0871804772553,0.923761430693418,0,1,1,1,44,44,44as03,M-O,1,0.4257,0.3985,0.918449458517807,0.898591287199683,0.965714735171716,0.918449456761074,0.822194729831738,0.918449458517807,0.898591287199683,0.965714735171716,0.918449456761074,0.822194729831738,1.0871804772553,0.923761430693418
1.73981184199788,1.54584640943321,1,1,1,1,44,44,44as03,M-O,1,0.1681,0.3188,0.978141928435684,0.977431350064203,0.995523858632352,0.97814192782774,0.938929167150313,0.978141928435684,0.977431350064203,0.995523858632352,0.97814192782774,0.938929167150313,1.73981184199788,1.54584640943321
0.742578322600303,0.70539831079143,1,1,1,1,44,44,44as03,M-O,1,0.201,0.2231,0.880273328434242,0.842862763514421,0.934750998552128,0.880273326108197,0.759718802528932,0.880273328434242,0.842862763514421,0.934750998552128,0.880273326108197,0.759718802528932,0.742578322600303,0.70539831079143
-1.5979121404794,1.77486719402219,0,1,1,1,44,44,44as03,M-O,1,0.3579,0.3361,0.987642330721067,0.98599106689595,0.996998180933159,0.987642330347921,0.962040090883276,0.987642330721067,0.98599106689595,0.996998180933159,0.987642330347921,0.962040090883276,1.5979121404794,1.77486719402219
1.68944651273537,0.557936429166932,1,1,1,1,44,44,44as03,M-O,1,0.1287,0.2401,0.848234873952171,0.84934814910613,0.962388898474433,0.84823487121544,0.71155610271262,0.848234873952171,0.84934814910613,0.962388898474433,0.84823487121544,0.71155610271262,1.68944651273537,0.557936429166932
0.0886457772568765,-1.02299457576716,0,0,0,1,44,44,44as03,M-O,1,0.5261,0.1596,0.290460943283857,0.213567665650999,0.403628729729432,0.290460939294219,0.1531552052344,0.709539056716143,0.786432334349001,0.596371270270568,0.709539060705781,0.8468447947656,0.0886457772568765,1.02299457576716
-1.65236114508751,1.20704903398639,0,1,1,1,44,44,44as03,M-O,1,0.1549,0.1355,0.95332693651573,0.951131100387433,0.989054124675392,0.953326935378923,0.886293369572072,0.95332693651573,0.951131100387433,0.989054124675392,0.953326935378923,0.886293369572072,1.65236114508751,1.20704903398639
1.82148534891004,0.218557245722314,1,1,1,1,44,44,44as03,M-O,1,0.1297,0.2325,0.754749812465485,0.768581706530774,0.942743946899514,0.754749808802202,0.586502519733388,0.754749812465485,0.768581706530774,0.942743946899514,0.754749808802202,0.586502519733388,1.82148534891004,0.218557245722314
0.957924135825387,1.09875340894114,1,1,1,1,44,44,44as03,M-O,1,0.1793,0.1912,0.941758627996864,0.92274896658974,0.972964988730501,0.941758626641486,0.864062180265878,0.941758627996864,0.92274896658974,0.972964988730501,0.941758626641486,0.864062180265878,0.957924135825387,1.09875340894114
1.12399359988013,1.16901994758467,1,1,1,1,44,44,44as03,M-O,1,0.1614,0.4004,0.949494910273509,0.935668621638994,0.979598930483021,0.949494909062671,0.878802202688094,0.949494910273509,0.935668621638994,0.979598930483021,0.949494909062671,0.878802202688094,1.12399359988013,1.16901994758467
1.73110000126058,1.82524647746815,1,1,1,1,44,44,44as03,M-O,1,0.1638,0.1908,0.989167844954859,0.988488136272641,0.997783702283972,0.989167844622054,0.966018078506269,0.989167844954859,0.988488136272641,0.997783702283972,0.989167844622054,0.966018078506269,1.73110000126058,1.82524647746815
-2.20610752195201,1.73445798399309,0,1,1,1,44,44,44as03,M-O,1,0.1761,0.2779,0.986287469260293,0.989022929627438,0.998607644551766,0.986287468852034,0.958581572732039,0.986287469260293,0.989022929627438,0.998607644551766,0.986287468852034,0.958581572732039,2.20610752195201,1.73445798399309
0.705825244489828,-1.98408849649842,0,0,0,1,44,44,44as03,M-O,1,0.3755,0.3507,0.0651229963526699,0.0360910068887781,0.105861880406129,0.0651229948737844,0.0236229876497538,0.93487700364733,0.963908993111222,0.894138119593871,0.934877005126216,0.976377012350246,0.705825244489828,1.98408849649842
-1.86525675310523,0.961737625458981,0,1,1,1,44,44,44as03,M-O,1,0.1511,0.7177,0.924027286174272,0.92840325616823,0.985818660945237,0.924027284509367,0.831909291425616,0.924027286174272,0.92840325616823,0.985818660945237,0.924027284509367,0.831909291425616,1.86525675310523,0.961737625458981
-2.06290663983267,1.52336746406362,0,1,1,1,44,44,44as03,M-O,1,0.2414,0.1286,0.976941638706095,0.979973204400474,0.996990854444069,0.976941638070115,0.936166601367892,0.976941638706095,0.979973204400474,0.996990854444069,0.976941638070115,0.936166601367892,2.06290663983267,1.52336746406362
-0.187410676106252,1.27363960391654,0,1,1,1,44,44,44as03,M-O,1,0.2299,0.3811,0.959472351934231,0.932931946167014,0.969075315538349,0.959472350919862,0.898604415085016,0.959472351934231,0.932931946167014,0.969075315538349,0.959472350919862,0.898604415085016,0.187410676106252,1.27363960391654
-2.06290663983267,2.15134986023567,0,1,1,1,44,44,44as03,M-O,1,0.2585,0.1514,0.995633148749125,0.996111550525381,0.999455974866843,0.99563314859988,0.984275702226179,0.995633148749125,0.996111550525381,0.999455974866843,0.99563314859988,0.984275702226179,2.06290663983267,2.15134986023567
-0.13786208191287,0.410950572267907,0,1,1,1,44,44,44as03,M-O,1,0.2579,0.1447,0.811086318874752,0.739666675332574,0.859044707360318,0.811086315725407,0.65944561071973,0.811086318874752,0.739666675332574,0.859044707360318,0.811086315725407,0.65944561071973,0.13786208191287,0.410950572267907
-2.26572918199789,0.723672371086001,0,1,1,1,44,44,44as03,M-O,1,0.1797,0.1619,0.883883859591287,0.908030325270773,0.986761050072673,0.883883857315091,0.765366550428996,0.883883859591287,0.908030325270773,0.986761050072673,0.883883857315091,0.765366550428996,2.26572918199789,0.723672371086001
-0.737890112694266,1.51099082120131,0,1,1,1,44,44,44as03,M-O,1,0.3057,0.1443,0.976257400519202,0.963755045511622,0.986837214264775,0.976257399867379,0.934604605264974,0.976257400519202,0.963755045511622,0.986837214264775,0.976257399867379,0.934604605264974,0.737890112694266,1.51099082120131
1.26964468720683,0.431684093644092,1,1,1,1,44,44,44as03,M-O,1,0.1665,0.4402,0.816641515366465,0.795567032632966,0.930641081391996,0.816641512274847,0.667014485147212,0.816641515366465,0.795567032632966,0.930641081391996,0.816641512274847,0.667014485147212,1.26964468720683,0.431684093644092
1.32899410222967,0.49039380978584,1,1,1,1,44,44,44as03,M-O,1,0.203,0.3259,0.831811830694,0.814420483379172,0.94002959964489,0.831811827767003,0.688072371910234,0.831811830694,0.814420483379172,0.94002959964489,0.831811827767003,0.688072371910234,1.32899410222967,0.49039380978584
-1.21976380347606,0.340472467079728,0,1,1,1,44,44,44as03,M-O,1,0.1704,0.2651,0.791440155902185,0.766616794202723,0.916760243840411,0.791440152559194,0.6332496231545,0.791440155902185,0.766616794202723,0.916760243840411,0.791440152559194,0.6332496231545,1.21976380347606,0.340472467079728
1.1493123870229,2.01097545785711,1,1,1,1,44,44,44as03,M-O,1,0.1331,0.3843,0.993466378599764,0.990535168139534,0.99737277363021,0.993466378386221,0.977835975466555,0.993466378599764,0.990535168139534,0.99737277363021,0.993466378386221,0.977835975466555,1.1493123870229,2.01097545785711
0.0704053607131589,-1.86719798057657,0,0,0,1,44,44,44as03,M-O,1,0.6663,0.1564,0.0813208111834913,0.0522779487884047,0.171392698776991,0.0813208094304924,0.0309369727612576,0.918679188816509,0.947722051211595,0.828607301223009,0.918679190569508,0.969063027238742,0.0704053607131589,1.86719798057657
0.191282150943168,-1.88637119868592,0,0,0,1,44,44,44as03,M-O,1,0.1476,0.1771,0.0784733899684631,0.048955364610928,0.156958346644095,0.0784733882620839,0.029622475452716,0.921526610031537,0.951044635389072,0.843041653355905,0.921526611737916,0.970377524547284,0.191282150943168,1.88637119868592
1.20131118642365,0.846883437529426,1,1,1,1,44,44,44as03,M-O,1,0.2023,0.3399,0.906221289416111,0.888426110188413,0.964036902715926,0.906221287466318,0.801469952481083,0.906221289416111,0.888426110188413,0.964036902715926,0.906221287466318,0.801469952481083,1.20131118642365,0.846883437529426
0.799749777438821,0.0959544330947724,1,1,1,1,44,44,44as03,M-O,1,0.2079,0.5798,0.714612463671719,0.661982298052836,0.843727996655116,0.714612459715139,0.538221618687629,0.714612463671719,0.661982298052836,0.843727996655116,0.714612459715139,0.538221618687629,0.799749777438821,0.0959544330947724
-1.30388751559559,1.91508292149226,0,1,1,1,44,44,44as03,M-O,1,0.3004,0.5595,0.991484524485232,0.98866739665019,0.997093655867217,0.991484524215551,0.972259035262767,0.991484524485232,0.98866739665019,0.997093655867217,0.991484524215551,0.972259035262767,1.30388751559559,1.91508292149226
-0.516827153985331,0.205254999227135,0,0,1,0,44,44,44as03,M-O,1,0.3795,0.6628,0.750546637598413,0.686023305383958,0.842469838651187,0.750546633901703,0.581313549556549,0.750546637598413,0.686023305383958,0.842469838651187,0.750546633901703,0.581313549556549,0.516827153985331,0.205254999227135
-0.581349224445943,1.63750761490496,0,1,1,1,44,44,44as03,M-O,1,0.2428,0.1406,0.982504544218757,0.971298721762045,0.989070171410125,0.98250454371554,0.949237775428483,0.982504544218757,0.971298721762045,0.989070171410125,0.98250454371554,0.949237775428483,0.581349224445943,1.63750761490496
2.17240918360933,0.493382187229091,1,1,1,1,44,44,44as03,M-O,1,0.1684,0.2137,0.832561785591137,0.860657321796468,0.976562847862615,0.83256178267255,0.689128716937386,0.832561785591137,0.860657321796468,0.976562847862615,0.83256178267255,0.689128716937386,2.17240918360933,0.493382187229091
0.926615958175722,2.07156282708267,1,1,1,1,44,44,44as03,M-O,1,0.2348,0.1667,0.994497165544692,0.991164577377918,0.997264367964813,0.994497165361299,0.980846885189224,0.994497165544692,0.991164577377918,0.997264367964813,0.994497165361299,0.980846885189224,0.926615958175722,2.07156282708267
1.78119308550004,1.75519150536928,1,1,1,1,44,44,44as03,M-O,1,0.2185,0.1814,0.986997846760717,0.986635840669715,0.997506821164502,0.986997846370788,0.960386721792065,0.986997846760717,0.986635840669715,0.997506821164502,0.986997846370788,0.960386721792065,1.78119308550004,1.75519150536928
-2.17997199974012,2.32800792502255,0,1,1,1,44,44,44as03,M-O,1,0.2442,0.1665,0.997436656328329,0.997879121874293,0.99973850471141,0.997436656235873,0.990044158572621,0.997436656328329,0.997879121874293,0.99973850471141,0.997436656235873,0.990044158572621,2.17997199974012,2.32800792502255
-0.916755092831914,0.892952052628041,0,1,1,1,44,44,44as03,M-O,1,0.2429,0.1341,0.913701738338057,0.888001650591196,0.958503893740875,0.913701736505062,0.814058574988401,0.913701738338057,0.888001650591196,0.958503893740875,0.913701736505062,0.814058574988401,0.916755092831914,0.892952052628041
-1.39127816799161,0.161566507755888,0,1,1,1,44,44,44as03,M-O,1,0.0682,0.3159,0.736477229269153,0.721249153002806,0.905733439524584,0.736477225465235,0.564176383166237,0.736477229269153,0.721249153002806,0.905733439524584,0.736477225465235,0.564176383166237,1.39127816799161,0.161566507755888
-0.930911834030023,0.466407452785585,0,1,1,1,44,44,44as03,M-O,1,0.174,0.0938,0.825714169081174,0.788399295331143,0.915099150273022,0.825714166086759,0.679538061058918,0.825714169081174,0.788399295331143,0.915099150273022,0.825714166086759,0.679538061058918,0.930911834030023,0.466407452785585
-0.988355533891581,0.156938489591561,0,1,1,1,44,44,44as03,M-O,1,0.1508,0.0555,0.73496345155866,0.694235338737039,0.871719535017397,0.734963447743632,0.562353337305678,0.73496345155866,0.694235338737039,0.871719535017397,0.734963447743632,0.562353337305678,0.988355533891581,0.156938489591561
-0.690247233662168,0.463762870977398,0,1,1,1,44,44,44as03,M-O,1,0.1011,0.374,0.825033386372227,0.776951434846614,0.900657091073159,0.825033383370391,0.678591176333451,0.825033386372227,0.776951434846614,0.900657091073159,0.825033383370391,0.678591176333451,0.690247233662168,0.463762870977398
-0.330611558225587,-1.62500717858282,1,0,0,1,44,44,44as03,M-O,1,0.7457,0.1904,0.124239582487418,0.079076112355021,0.2026110716264,0.124239580100133,0.052080514625899,0.875760417512582,0.920923887644979,0.7973889283736,0.875760419899867,0.947919485374101,0.330611558225587,1.62500717858282
1.61212892619185,1.92061009747137,1,0,1,0,44,44,44as03,M-O,1,0.3857,1.7096,0.991611667323446,0.990402197182984,0.997999687872178,0.991611667057303,0.972609559393272,0.991611667323446,0.990402197182984,0.997999687872178,0.991611667057303,0.972609559393272,1.61212892619185,1.92061009747137
1.43571415126157,0.215648205733309,1,0,1,0,44,44,44as03,M-O,1,1.4517,0.3977,0.753833894027883,0.741526655866633,0.916163798745584,0.753833890357261,0.585369011493772,0.753833894027883,0.741526655866633,0.916163798745584,0.753833890357261,0.585369011493772,1.43571415126157,0.215648205733309
1.76050246374896,0.845614038261497,1,1,1,1,44,44,44as03,M-O,1,0.2588,0.7756,0.906008597125199,0.907938723465284,0.979641982513734,0.906008595172142,0.801115954208042,0.906008597125199,0.907938723465284,0.979641982513734,0.906008595172142,0.801115954208042,1.76050246374896,0.845614038261497
1.78064859545396,1.0282224121168,1,1,1,1,44,44,44as03,M-O,1,0.2101,0.3107,0.933086315965735,0.934439500018276,0.986262338774948,0.933086314455439,0.848077390904484,0.933086315965735,0.934439500018276,0.986262338774948,0.933086314455439,0.848077390904484,1.78064859545396,1.0282224121168
1.21982384799041,2.14140623263689,1,1,1,1,44,44,44as03,M-O,1,0.1428,0.2001,0.995504053029755,0.993540723017238,0.998301979635295,0.995504052876575,0.983879353617021,0.995504053029755,0.993540723017238,0.998301979635295,0.995504052876575,0.983879353617021,1.21982384799041,2.14140623263689
-1.64637175458062,0.693153897019525,0,0,1,0,44,44,44as03,M-O,1,0.3142,0.7503,0.877810249751546,0.876076247153837,0.96906993551561,0.877810247391932,0.755893511485531,0.877810249751546,0.876076247153837,0.96906993551561,0.877810247391932,0.755893511485531,1.64637175458062,0.693153897019525
-1.66352319103217,1.72779363783646,0,1,1,1,44,44,44as03,M-O,1,0.0302,0.0534,0.986052133400097,0.984783608891278,0.996876153543461,0.986052132985802,0.957987385781054,0.986052133400097,0.984783608891278,0.996876153543461,0.986052132985802,0.957987385781054,1.66352319103217,1.72779363783646
-0.618919037625541,2.18271460048076,0,1,1,1,44,44,44as03,M-O,1,0.2896,0.0563,0.996018923830398,0.99268117229461,0.997433076097382,0.996018923693005,0.985471582982013,0.996018923830398,0.99268117229461,0.997433076097382,0.996018923693005,0.985471582982013,0.618919037625541,2.18271460048076
2.30036434443839,0.690139073758192,1,1,1,1,44,44,44as03,M-O,1,0.1871,0.1205,0.877198369937036,0.904048269859977,0.986556620367171,0.877198367569137,0.754946633419708,0.877198369937036,0.904048269859977,0.986556620367171,0.877198367569137,0.754946633419708,2.30036434443839,0.690139073758192
-2.03266946431482,1.16101892301364,0,1,1,1,44,44,44as04,O-M,1,0.1636,0.0601,0.948657609712487,0.954996631047908,0.9926107928713,0.948657608485695,0.877182897951308,0.948657609712487,0.954996631047908,0.9926107928713,0.948657608485695,0.877182897951308,2.03266946431482,1.16101892301364
-0.725955147071616,1.52228806858847,0,1,1,1,44,44,44as04,O-M,1,0.1541,0.1004,0.976882633169208,0.964503271539969,0.987062958398563,0.976882632531858,0.936031541824137,0.976882633169208,0.964503271539969,0.987062958398563,0.976882632531858,0.936031541824137,0.725955147071616,1.52228806858847
-0.230492745307811,-0.0420318338025927,0,1,1,1,44,44,44as04,O-M,1,0.174,0.2815,0.696020065320739,0.613745663229915,0.780784839141664,0.696020061247267,0.516763339585751,0.696020065320739,0.613745663229915,0.780784839141664,0.696020061247267,0.516763339585751,0.230492745307811,0.0420318338025927
0.286232094193816,-1.55707538702331,0,0,0,1,44,44,44as04,O-M,1,0.3327,0.2593,0.138713075965539,0.0901043266148088,0.223359929876849,0.138713073389518,0.0597262939598848,0.861286924034461,0.909895673385191,0.776640070123151,0.861286926610482,0.940273706040115,0.286232094193816,1.55707538702331
-0.955478402204153,0.0586988247224148,0,0,1,0,44,44,44as04,O-M,1,0.1735,0.3291,0.701824343565689,0.657788675695318,0.850683687479666,0.701824339527458,0.523404002269309,0.701824343565689,0.657788675695318,0.850683687479666,0.701824339527458,0.523404002269309,0.955478402204153,0.0586988247224148
0.373027269138508,2.23039737351697,1,1,1,1,44,44,44as04,O-M,1,0.2099,0.1143,0.996547103305496,0.993066483516535,0.997344815262415,0.996547103184571,0.987139463103479,0.996547103305496,0.993066483516535,0.997344815262415,0.996547103184571,0.987139463103479,0.373027269138508,2.23039737351697
1.01661269797886,0.0192232963815335,1,0,1,0,44,44,44as04,O-M,1,0.2913,0.2273,0.687996465719157,0.647375697236699,0.848898204574849,0.687996461598815,0.507668513394865,0.687996465719157,0.647375697236699,0.848898204574849,0.687996461598815,0.507668513394865,1.01661269797886,0.0192232963815335
1.57186909442577,0.645114604351782,1,1,1,1,44,44,44as04,O-M,1,0.1909,0.4177,0.867804031428511,0.862863328777446,0.963490492750904,0.867804028936058,0.740573539837762,0.867804031428511,0.862863328777446,0.963490492750904,0.867804028936058,0.740573539837762,1.57186909442577,0.645114604351782
-0.239986793999202,-0.692152948823451,1,0,0,1,44,44,44as04,O-M,1,0.3396,0.4017,0.412469521157481,0.314693007974786,0.500096113661303,0.412469516623457,0.244420641502015,0.587530478842519,0.685306992025214,0.499903886338697,0.587530483376543,0.755579358497986,0.239986793999202,0.692152948823451
-0.745551498270281,-1.28346913886755,1,0,0,1,44,44,44as04,O-M,1,0.5418,1.2589,0.208248609567107,0.133934776118317,0.258685488466455,0.208248606227059,0.0996638824549745,0.791751390432893,0.866065223881683,0.741314511533545,0.791751393772941,0.900336117545026,0.745551498270281,1.28346913886755
0.856298148766571,1.09513562743783,1,1,1,1,44,44,44as04,O-M,1,0.4122,0.3367,0.941336409644471,0.919965775140462,0.970577027589494,0.941336408281383,0.863271388868998,0.941336409644471,0.919965775140462,0.970577027589494,0.941336408281383,0.863271388868998,0.856298148766571,1.09513562743783
0.929050594309791,0.787770996425036,1,1,1,1,44,44,44as04,O-M,1,0.7766,0.1792,0.895935511675329,0.867562458875789,0.950229077250501,0.895935509571252,0.784584665501814,0.895935511675329,0.867562458875789,0.950229077250501,0.895935509571252,0.784584665501814,0.929050594309791,0.787770996425036
-0.235940583832676,1.18143729974169,0,1,1,1,44,44,44as04,O-M,1,0.6359,0.1307,0.950772794160566,0.921028969749376,0.96363054983996,0.950772792974227,0.881285476111281,0.950772794160566,0.921028969749376,0.96363054983996,0.950772792974227,0.881285476111281,0.235940583832676,1.18143729974169
-0.48566844397976,-0.221985794032403,1,1,0,0,44,44,44as04,O-M,1,0.6967,0.3935,0.598308064814298,0.48461641675836,0.641006299160687,0.598308060309781,0.412162471087037,0.401691935185702,0.51538358324164,0.358993700839313,0.401691939690219,0.587837528912963,0.48566844397976,0.221985794032403
0.318786896252596,-1.00196778504361,0,0,0,1,44,44,44as04,O-M,1,1.5574,0.3858,0.297705287312377,0.213156640011905,0.385099074578112,0.297705283277051,0.15817957603531,0.702294712687623,0.786843359988095,0.614900925421888,0.702294716722949,0.84182042396469,0.318786896252596,1.00196778504361
2.36849647250589,-0.0066399808073197,1,0,1,0,44,44,44as04,O-M,1,0.4065,0.1921,0.683531084487647,0.746252098702973,0.958648409359917,0.683531080342141,0.502648949620004,0.683531084487647,0.746252098702973,0.958648409359917,0.683531080342141,0.502648949620004,2.36849647250589,0.0066399808073197
-1.82107647384179,1.27236713743723,0,1,1,1,44,44,44as04,O-M,1,0.0739,0.8948,0.959361402232359,0.960402240286137,0.992324946416069,0.959361401215736,0.898378647717136,0.959361402232359,0.960402240286137,0.992324946416069,0.959361401215736,0.898378647717136,1.82107647384179,1.27236713743723
-0.800082775155094,1.44034231665326,0,1,1,1,44,44,44as04,O-M,1,0.2139,0.1155,0.97201686884949,0.958650330235667,0.98524045561726,0.972016868101568,0.925114712633563,0.97201686884949,0.958650330235667,0.98524045561726,0.972016868101568,0.925114712633563,0.800082775155094,1.44034231665326
0.548733284474442,-2.09339808241322,0,0,0,1,44,44,44as04,O-M,1,1.014,0.1467,0.0523543565321526,0.029172093722598,0.0974196062812565,0.0523543552861823,0.0181568167327097,0.947645643467847,0.970827906277402,0.902580393718744,0.947645644713818,0.98184318326729,0.548733284474442,2.09339808241322
2.2630305499954,2.26960065683481,1,1,1,1,44,44,44as04,O-M,1,0.2527,0.228,0.996933239174868,0.997617503989835,0.999729014691641,0.996933239066178,0.988384088128324,0.996933239174868,0.997617503989835,0.999729014691641,0.996933239066178,0.988384088128324,2.2630305499954,2.26960065683481
0.170584531721805,-0.0605444953693508,0,0,0,1,44,44,44as04,O-M,1,0.5953,0.4796,0.659247925782102,0.558505652891817,0.718297969273361,0.659247921511072,0.47586098932248,0.340752074217898,0.441494347108183,0.281702030726639,0.340752078488928,0.52413901067752,0.170584531721805,0.0605444953693508
0.662053614955248,0.555818236794479,1,1,1,1,44,44,44as04,O-M,1,0.1637,0.3394,0.847736595429663,0.801851907429052,0.912416819066354,0.847736592686967,0.710832441383652,0.847736595429663,0.801851907429052,0.912416819066354,0.847736592686967,0.710832441383652,0.662053614955248,0.555818236794479
-0.162738559382065,1.58408768881868,0,1,1,1,44,44,44as04,O-M,1,0.3566,0.1232,0.980062604808736,0.964218663821714,0.98409498826701,0.980062604246328,0.943413117211499,0.980062604808736,0.964218663821714,0.98409498826701,0.980062604246328,0.943413117211499,0.162738559382065,1.58408768881868
-1.05070979311696,1.42945251573164,0,1,1,1,44,44,44as04,O-M,1,0.2648,0.1552,0.971310231288877,0.960971342740483,0.987654631229942,0.97131023052527,0.923562893220353,0.971310231288877,0.960971342740483,0.987654631229942,0.97131023052527,0.923562893220353,1.05070979311696,1.42945251573164
0.0133112515889335,-2.2409548849012,0,1,0,0,44,44,44as04,O-M,1,0.1997,0.037,0.0383636586863643,0.0236297470475389,0.108883638401739,0.0383636577162819,0.012514498748606,0.961636341313636,0.976370252952461,0.891116361598261,0.961636342283718,0.987485501251394,0.0133112515889335,2.2409548849012
2.4269681762849,0.801111002554024,1,1,1,1,44,44,44as04,O-M,1,0.8545,0.5135,0.898325333256025,0.925625868362051,0.991169612140875,0.898325331187167,0.788466306418195,0.898325333256025,0.925625868362051,0.991169612140875,0.898325331187167,0.788466306418195,2.4269681762849,0.801111002554024
-2.48325331279369,0.502458212278529,0,1,1,1,44,44,44as04,O-M,1,0.0935,0.1451,0.834826247337505,0.879062124239054,0.985325061990858,0.83482624444447,0.692327380064368,0.834826247337505,0.879062124239054,0.985325061990858,0.83482624444447,0.692327380064368,2.48325331279369,0.502458212278529
-0.367085395700662,0.999577624350593,0,1,1,1,44,44,44as04,O-M,1,0.4499,0.154,0.929291349642646,0.893828652348597,0.951780118860718,0.929291348066726,0.841242521942705,0.929291349642646,0.893828652348597,0.951780118860718,0.929291348066726,0.841242521942705,0.367085395700662,0.999577624350593
0.558306670620078,-2.16826546374937,0,0,0,1,44,44,44as04,O-M,1,0.3934,0.2329,0.0448190793157265,0.0245435128722317,0.0865032452561177,0.0448190782153591,0.0150692472620091,0.955180920684274,0.975456487127768,0.913496754743882,0.955180921784641,0.984930752737991,0.558306670620078,2.16826546374937
2.3021174691204,1.90860375628302,1,1,1,1,44,44,44as04,O-M,1,0.1638,0.1455,0.991333332509802,0.993479111116835,0.999266456799162,0.991333332235926,0.97184338649719,0.991333332509802,0.993479111116835,0.999266456799162,0.991333332235926,0.97184338649719,2.3021174691204,1.90860375628302
1.52484842987621,1.69325794305794,1,1,1,1,44,44,44as04,O-M,1,0.3477,0.3629,0.984776031056888,0.982279201492989,0.995957211590234,0.984776030610174,0.954796810151707,0.984776031056888,0.982279201492989,0.995957211590234,0.984776030610174,0.954796810151707,1.52484842987621,1.69325794305794
2.09724171644017,0.334210788039462,1,1,1,1,44,44,44as04,O-M,1,0.2404,0.9389,0.7896382646954,0.818890104824479,0.965734895773793,0.789638261335446,0.630889748043387,0.7896382646954,0.818890104824479,0.965734895773793,0.789638261335446,0.630889748043387,2.09724171644017,0.334210788039462
2.19234087826256,1.66603344075389,1,1,1,1,44,44,44as04,O-M,1,0.1803,0.2096,0.983700572540839,0.986847738401185,0.998293542596731,0.98370057206719,0.952146622977813,0.983700572540839,0.986847738401185,0.998293542596731,0.98370057206719,0.952146622977813,2.19234087826256,1.66603344075389
2.18393110811253,2.06895607485391,1,1,1,1,44,44,44as04,O-M,1,0.0848,0.122,0.994455982133445,0.995468328458571,0.999432326159818,0.994455981948834,0.98072489560466,0.994455982133445,0.995468328458571,0.999432326159818,0.994455981948834,0.98072489560466,2.18393110811253,2.06895607485391
-1.52485686550678,0.75564608370625,0,1,1,1,44,44,44as04,O-M,1,0.2498,0.5305,0.890013896883786,0.883174902851388,0.968653762209618,0.890013894694013,0.775069290941675,0.890013896883786,0.883174902851388,0.968653762209618,0.890013894694013,0.775069290941675,1.52485686550678,0.75564608370625
1.51212799137883,0.951118010249373,1,1,1,1,44,44,44as04,O-M,1,0.1762,0.3134,0.922497608687065,0.915974957575135,0.978161207368108,0.92249760699673,0.829227763473702,0.922497608687065,0.915974957575135,0.978161207368108,0.92249760699673,0.829227763473702,1.51212799137883,0.951118010249373
-0.700699390803432,-0.713388060620615,1,0,0,1,44,44,44as04,O-M,1,0.1252,0.2404,0.40422267600566,0.294407683384397,0.449046620690278,0.404222671493901,0.237802829547193,0.59577732399434,0.705592316615603,0.550953379309722,0.595777328506099,0.762197170452807,0.700699390803432,0.713388060620615
2.12955850613621,0.960102096009711,1,1,1,1,44,44,44as04,O-M,1,0.5422,0.3148,0.923793209372313,0.936235865771305,0.990055792988409,0.923793207703504,0.831498083157193,0.923793209372313,0.936235865771305,0.990055792988409,0.923793207703504,0.831498083157193,2.12955850613621,0.960102096009711
2.38251275608928,1.88709639946282,1,0,1,0,44,44,44as04,O-M,1,0.1265,0.2039,0.990814448856258,0.993457031164548,0.999324517956896,0.990814448568067,0.970426319547781,0.990814448856258,0.993457031164548,0.999324517956896,0.990814448568067,0.970426319547781,2.38251275608928,1.88709639946282
-0.762106580389531,1.47001702416468,0,1,1,1,44,44,44as04,O-M,1,0.1194,0.1448,0.973869221940006,0.960719266288058,0.985801191030951,0.973869221233635,0.929221428358849,0.973869221940006,0.960719266288058,0.985801191030951,0.973869221233635,0.929221428358849,0.762106580389531,1.47001702416468
1.15833583707959,1.69788610844963,1,1,1,1,44,44,44as04,O-M,1,0.4476,0.2169,0.984952661359731,0.979429269601536,0.994094264599323,0.984952660917474,0.955235370189089,0.984952661359731,0.979429269601536,0.994094264599323,0.984952660917474,0.955235370189089,1.15833583707959,1.69788610844963
1.42784516915191,0.0491702489159952,1,0,1,0,44,44,44as04,O-M,1,0.2616,0.4268,0.698512188747,0.686048430819688,0.892879099065794,0.698512184688522,0.519608189748495,0.698512188747,0.686048430819688,0.892879099065794,0.698512184688522,0.519608189748495,1.42784516915191,0.0491702489159952
-0.996786770048031,0.223679308684995,0,1,1,1,44,44,44as04,O-M,1,0.086,0.2165,0.756358043458489,0.717182293077623,0.883704302813125,0.756358039808169,0.588496576343051,0.756358043458489,0.717182293077623,0.883704302813125,0.756358039808169,0.588496576343051,0.996786770048031,0.223679308684995
-1.06366824397708,0.320598536887434,0,1,1,1,44,44,44as04,O-M,1,0.3069,1.8118,0.785689751726776,0.751909734743619,0.903494781564559,0.785689748330109,0.625742676736718,0.785689751726776,0.751909734743619,0.903494781564559,0.785689748330109,0.625742676736718,1.06366824397708,0.320598536887434
-1.82057400329823,1.69107998287362,0,1,1,1,44,44,44as04,O-M,1,0.303,0.6105,0.984692296518946,0.984675616589489,0.997209328133856,0.984692296070122,0.954589236140215,0.984692296518946,0.984675616589489,0.997209328133856,0.984692296070122,0.954589236140215,1.82057400329823,1.69107998287362
2.30132409457794,2.00525073946242,1,1,1,1,44,44,44as04,O-M,1,0.1959,0.674,0.993360665854037,0.995000994863461,0.999442410230856,0.993360665637442,0.977531875909609,0.993360665854037,0.995000994863461,0.999442410230856,0.993360665637442,0.977531875909609,2.30132409457794,2.00525073946242
-1.1992823991009,0.669344411402392,0,1,1,1,44,44,44as04,O-M,1,0.4618,0.2994,0.872919405365307,0.851906396035502,0.950432169191244,0.872919402940065,0.748362098586978,0.872919405365307,0.851906396035502,0.950432169191244,0.872919402940065,0.748362098586978,1.1992823991009,0.669344411402392
-2.20099709640591,0.349728754352774,0,1,1,1,44,44,44as04,O-M,1,0.2486,0.3133,0.794087055915024,0.829346946068641,0.970855091098598,0.79408705259719,0.636728864034548,0.794087055915024,0.829346946068641,0.970855091098598,0.79408705259719,0.636728864034548,2.20099709640591,0.349728754352774
-2.45741574852771,1.56503053720584,0,0,1,0,44,44,44as04,O-M,1,0.2886,0.7054,0.979124143672639,0.985699105184914,0.998590059092388,0.979124143087875,0.941212125373825,0.979124143672639,0.985699105184914,0.998590059092388,0.979124143087875,0.941212125373825,2.45741574852771,1.56503053720584
-0.389405666161759,1.46566110379603,0,1,1,1,44,44,44as04,O-M,1,0.0373,0.1552,0.973603913836064,0.956241921090444,0.981655355683895,0.973603913123702,0.928629682160629,0.973603913836064,0.956241921090444,0.981655355683895,0.973603913123702,0.928629682160629,0.389405666161759,1.46566110379603
-2.19340714661641,1.3828986167917,0,1,1,1,44,44,44as04,O-M,1,0.1981,0.2508,0.968120014991447,0.974297307755963,0.996528056325704,0.968120014158108,0.916652022745353,0.968120014991447,0.974297307755963,0.996528056325704,0.968120014158108,0.916652022745353,2.19340714661641,1.3828986167917
0.239052754735762,-1.55353620172379,0,0,0,1,44,44,44as04,O-M,1,0.3459,0.2271,0.139497387337186,0.0914242017340608,0.228690823685512,0.139497384751259,0.0601475437521927,0.860502612662814,0.908575798265939,0.771309176314488,0.860502615248741,0.939852456247807,0.239052754735762,1.55353620172379
2.30677193310281,1.81685718351836,1,1,1,1,44,44,44as04,O-M,1,0.2407,0.128,0.988925797026027,0.991690805467393,0.999060797480431,0.988925796686761,0.96538050790589,0.988925797026027,0.991690805467393,0.999060797480431,0.988925796686761,0.96538050790589,2.30677193310281,1.81685718351836
2.34712825149574,0.788043241448077,1,1,1,1,44,44,44as04,O-M,1,0.348,0.1413,0.895984687190582,0.920905509521207,0.989717818918302,0.895984685087226,0.784664293449466,0.895984687190582,0.920905509521207,0.989717818918302,0.895984685087226,0.784664293449466,2.34712825149574,0.788043241448077
-0.879129325401798,0.212789507763372,0,1,1,1,44,44,44as04,O-M,1,0.4701,0.1238,0.752932041892986,0.706985420537062,0.872554552829907,0.752932038215167,0.584254426036562,0.752932041892986,0.706985420537062,0.872554552829907,0.752932038215167,0.584254426036562,0.879129325401798,0.212789507763372
-1.38649234530244,0.279489538408309,0,0,1,0,44,44,44as04,O-M,1,0.1204,0.3533,0.773506777028148,0.758122086633029,0.920477881016105,0.773506773522099,0.610065417291224,0.773506777028148,0.758122086633029,0.920477881016105,0.773506773522099,0.610065417291224,1.38649234530244,0.279489538408309
0.0704606644638512,1.41148434421096,1,1,1,1,44,44,44as04,O-M,1,0.1069,0.2111,0.970111870038038,0.947677867465375,0.975507225283634,0.970111869248034,0.920949075656502,0.970111870038038,0.947677867465375,0.975507225283634,0.970111869248034,0.920949075656502,0.0704606644638512,1.41148434421096
-0.314511109353907,-1.1133159994672,1,0,0,1,44,44,44as04,O-M,1,0.671,0.1485,0.260319714935366,0.182726055999927,0.349068819143607,0.260319711155228,0.132786368663204,0.739680285064634,0.817273944000073,0.650931180856393,0.739680288844772,0.867213631336796,0.314511109353907,1.1133159994672
0.245214630348838,0.771436295042603,1,0,1,0,44,44,44as04,O-M,1,0.1736,0.2257,0.89295406139159,0.843497808213325,0.923103104382784,0.892954059244089,0.779775815608671,0.89295406139159,0.843497808213325,0.923103104382784,0.892954059244089,0.779775815608671,0.245214630348838,0.771436295042603
1.52667319132385,0.728693826425235,1,1,1,1,44,44,44as04,O-M,1,0.168,0.5687,0.884862306037998,0.87802705630326,0.967119681586611,0.884862303775445,0.76690551498438,0.884862306037998,0.87802705630326,0.967119681586611,0.884862303775445,0.76690551498438,1.52667319132385,0.728693826425235
1.9176481658462,0.333666297993381,1,1,1,1,44,44,44as04,O-M,1,0.2335,0.3173,0.789481148825944,0.807253638670128,0.957331506983337,0.789481145464518,0.630684308121161,0.789481148825944,0.807253638670128,0.957331506983337,0.789481145464518,0.630684308121161,1.9176481658462,0.333666297993381
-1.45866298284786,2.25299371042933,0,1,1,1,44,44,44as04,O-M,1,0.1118,0.1314,0.996774683067117,0.995811586914982,0.999061145174664,0.996774682953381,0.987870227229892,0.996774683067117,0.995811586914982,0.999061145174664,0.996774682953381,0.987870227229892,1.45866298284786,2.25299371042933
-2.46193798341971,0.559629667117046,0,1,1,1,44,44,44as04,O-M,1,0.1702,0.0165,0.848632407051091,0.888760896683661,0.98641616309141,0.848632404319128,0.712133967586331,0.848632407051091,0.888760896683661,0.98641616309141,0.848632404319128,0.712133967586331,2.46193798341971,0.559629667117046
-1.71489651424309,0.232118904399252,0,1,1,1,44,44,44as04,O-M,1,0.1797,0.4839,0.758995447624661,0.765255214731868,0.937281299976909,0.758995443995807,0.591777168881615,0.758995447624661,0.765255214731868,0.937281299976909,0.758995443995807,0.591777168881615,1.71489651424309,0.232118904399252
2.19437720625487,0.892857575318693,1,1,1,1,44,44,44as04,O-M,1,0.1361,0.3623,0.913686868080592,0.929840342445549,0.989580635844479,0.913686866247361,0.814033275563703,0.913686868080592,0.929840342445549,0.989580635844479,0.913686866247361,0.814033275563703,2.19437720625487,0.892857575318693
-1.90588821243034,0.222862573615873,0,1,1,1,44,44,44as04,O-M,1,0.1733,0.2003,0.756101986289238,0.775733308656059,0.948199495074248,0.756101982636847,0.588178767126979,0.756101986289238,0.775733308656059,0.948199495074248,0.756101982636847,0.588178767126979,1.90588821243034,0.222862573615873
0.157467405953198,0.504091682416772,1,1,1,1,44,44,44as04,O-M,1,0.8858,0.8103,0.835231682309249,0.769184417392831,0.877851455697239,0.835231679420814,0.692901524214541,0.835231682309249,0.769184417392831,0.877851455697239,0.835231679420814,0.692901524214541,0.157467405953198,0.504091682416772
-0.220178876255883,-0.83698730108103,1,1,0,0,44,44,44as04,O-M,1,0.7044,0.5783,0.357170839098933,0.26642420561438,0.451771136234972,0.357170834753679,0.201299853068268,0.642829160901067,0.73357579438562,0.548228863765029,0.642829165246321,0.798700146931732,0.220178876255883,0.83698730108103
-1.22638936263481,1.90343110084525,0,1,1,1,44,44,44as04,O-M,1,0.0591,0.0406,0.991210943215575,0.987914375666445,0.996748988072854,0.991210942938311,0.971507841977869,0.991210943215575,0.987914375666445,0.996748988072854,0.991210942938311,0.971507841977869,1.22638936263481,1.90343110084525
1.05924335672683,0.0263016669805881,1,1,1,1,44,44,44as04,O-M,1,0.1815,1.1569,0.690496300608203,0.652675522624969,0.854404311772394,0.690496296502236,0.510491637342883,0.690496300608203,0.652675522624969,0.854404311772394,0.690496296502236,0.510491637342883,1.05924335672683,0.0263016669805881
-0.469060470224347,-1.30116506536519,1,1,0,0,44,44,44as04,O-M,1,0.1232,0.2412,0.20321027986817,0.13479396454892,0.2764385260922,0.203210276576318,0.0966009801408402,0.79678972013183,0.86520603545108,0.7235614739078,0.796789723423682,0.90339901985916,0.469060470224347,1.30116506536519
-0.28100425784418,-1.51514965347507,1,0,0,1,44,44,44as04,O-M,1,0.0422,0.2501,0.148197888677144,0.0970965850118323,0.234654787413062,0.148197885983477,0.0648672548222775,0.851802111322856,0.902903414988168,0.765345212586938,0.851802114016524,0.935132745177722,0.28100425784418,1.51514965347507
0.130016646784219,1.21546792762176,1,1,1,1,44,44,44as04,O-M,1,0.3733,0.2009,0.954142906756319,0.924344022098831,0.964187179259593,0.954142905635498,0.887906162985772,0.954142906756319,0.924344022098831,0.964187179259593,0.954142905635498,0.887906162985772,0.130016646784219,1.21546792762176
0.379321373841993,-1.67032931660819,0,0,0,1,44,44,44as04,O-M,1,0.2703,0.1796,0.115191398527316,0.072070881996615,0.187876661993281,0.115191396264012,0.0474271129596304,0.884808601472684,0.927929118003385,0.812123338006719,0.884808603735988,0.95257288704037,0.379321373841993,1.67032931660819
1.60090660267966,1.14087279130864,1,1,1,1,44,44,44as04,O-M,1,0.1747,0.1456,0.946500393484404,0.943059321415117,0.986593580263103,0.946500392216864,0.873038568224339,0.946500393484404,0.943059321415117,0.986593580263103,0.946500392216864,0.873038568224339,1.60090660267966,1.14087279130864
-0.875321127598009,0.869444503337205,0,1,1,1,44,44,44as04,O-M,1,0.2478,0.2993,0.909942405021115,0.882308495537141,0.955340647211736,0.90994240312892,0.807697974850909,0.909942405021115,0.882308495537141,0.955340647211736,0.90994240312892,0.807697974850909,0.875321127598009,0.869444503337205
-0.442482423052069,0.673428086748001,0,1,1,1,44,44,44as04,O-M,1,0.4754,0.1686,0.873767796281863,0.825144446913027,0.91803809016434,0.873767793867908,0.749662507469921,0.873767796281863,0.825144446913027,0.91803809016434,0.873767793867908,0.749662507469921,0.442482423052069,0.673428086748001
-2.25378294929732,0.232935639468374,0,1,1,1,44,44,44as04,O-M,1,0.1204,0.0504,0.759249853748728,0.802889959843687,0.966797048659449,0.759249850121959,0.592094308382791,0.759249853748728,0.802889959843687,0.966797048659449,0.759249850121959,0.592094308382791,2.25378294929732,0.232935639468374
-1.1511510101919,2.18112102434663,0,1,1,1,44,44,44as04,O-M,1,0.1797,0.0896,0.996000084844717,0.994027097352912,0.99837429651929,0.996000084706742,0.985412766912693,0.996000084844717,0.994027097352912,0.99837429651929,0.996000084706742,0.985412766912693,1.1511510101919,2.18112102434663
-2.0882585739229,1.01700130582519,0,1,1,1,44,44,44as04,O-M,1,0.1295,0.0669,0.931618916114494,0.941686330667695,0.990650946356084,0.931618914578672,0.845423595894299,0.931618916114494,0.941686330667695,0.990650946356084,0.931618914578672,0.845423595894299,2.0882585739229,1.01700130582519
1.65570233774529,0.577597838637723,1,1,1,1,44,44,44as04,O-M,1,0.3917,0.4213,0.852808231942258,0.852089101724018,0.962321642854465,0.852808229260852,0.718232166745613,0.852808231942258,0.852089101724018,0.962321642854465,0.852808229260852,0.718232166745613,1.65570233774529,0.577597838637723
0.647746427372957,-0.834537095873665,0,1,0,0,44,44,44as04,O-M,1,0.2763,0.0901,0.358085402237339,0.255691801496511,0.410857935787159,0.358085397888199,0.201989196242837,0.641914597762661,0.744308198503489,0.589142064212841,0.641914602111801,0.798010803757163,0.647746427372957,0.834537095873665
2.13230887121672,0.336116503200746,1,0,1,0,44,44,44as04,O-M,1,0.3385,0.2811,0.790187627816831,0.821613983652647,0.967345074942416,0.790187624462035,0.631608493037703,0.790187627816831,0.821613983652647,0.967345074942416,0.790187624462035,0.631608493037703,2.13230887121672,0.336116503200746
-1.29900957908762,2.16723652817156,0,1,1,1,44,44,44as04,O-M,1,0.3147,0.1161,0.995832537008411,0.9942077454236,0.998551016095677,0.995832536865274,0.984891588283313,0.995832537008411,0.9942077454236,0.998551016095677,0.995832536865274,0.984891588283313,1.29900957908762,2.16723652817156
-0.657592707329987,-1.25706137163261,1,0,0,1,44,44,44as04,O-M,1,0.3255,0.0584,0.215902862771829,0.141094014210085,0.273233500488629,0.215902859360531,0.104365706674613,0.784097137228171,0.858905985789915,0.726766499511371,0.784097140639469,0.895634293325387,0.657592707329987,1.25706137163261
0.396484709777125,2.0983585373423,1,1,1,1,44,44,44as04,O-M,1,0.2031,0.1067,0.994905003188256,0.990174537018222,0.996212890838996,0.994905003017003,0.982063257461378,0.994905003188256,0.990174537018222,0.996212890838996,0.994905003017003,0.982063257461378,0.396484709777125,2.0983585373423
1.83910408614305,1.82366330909437,1,1,1,1,44,44,44as04,O-M,1,0.1466,0.0724,0.989122523076964,0.989113591424096,0.998079620771203,0.989122522742947,0.965898505478097,0.989122523076964,0.989113591424096,0.998079620771203,0.989122522742947,0.965898505478097,1.83910408614305,1.82366330909437
1.66482614498353,0.0970853729711338,1,1,1,1,44,44,44as04,O-M,1,0.235,0.0913,0.714996543849246,0.719502643902286,0.919185632716482,0.714996539895204,0.538670701668433,0.714996543849246,0.719502643902286,0.919185632716482,0.714996539895204,0.538670701668433,1.66482614498353,0.0970853729711338
0.547172981207611,0.506541887624137,1,1,1,1,44,44,44as04,O-M,1,0.1699,0.0454,0.835838624950562,0.783597798257985,0.899086079352042,0.835838622069028,0.693761854021375,0.835838624950562,0.783597798257985,0.899086079352042,0.835838622069028,0.693761854021375,0.547172981207611,0.506541887624137
-2.03330416394878,0.6922129933378,0,1,1,1,44,44,44as04,O-M,1,0.2063,0.18,0.877619516866556,0.89286216051599,0.980530377070005,0.877619514504358,0.755598209932771,0.877619516866556,0.89286216051599,0.980530377070005,0.877619514504358,0.755598209932771,2.03330416394878,0.6922129933378
-2.00217743606642,-0.0041897755999547,0,1,1,1,44,44,44as04,O-M,1,0.4484,0.1063,0.682658443919421,0.715401924248825,0.934893027849431,0.682658439769073,0.501671473741979,0.682658443919421,0.715401924248825,0.934893027849431,0.682658439769073,0.501671473741979,2.00217743606642,0.0041897755999547
0.750276864076361,1.95134622490039,1,1,1,1,44,44,44as04,O-M,1,0.2364,0.1222,0.992288739760095,0.987133273828576,0.995615628759343,0.992288739512931,0.974492063118856,0.992288739760095,0.987133273828576,0.995615628759343,0.992288739512931,0.974492063118856,0.750276864076361,1.95134622490039
0.65076125063429,0.491568411356906,1,1,1,1,44,44,44as04,O-M,1,0.2004,0.1869,0.832106862832183,0.783382204521116,0.902566739924709,0.832106859908491,0.68848776051467,0.832106862832183,0.783382204521116,0.902566739924709,0.832106859908491,0.68848776051467,0.65076125063429,0.491568411356906
0.688076299947806,1.37037534573184,1,1,1,1,44,44,44as04,O-M,1,0.0657,0.0664,0.967213487547046,0.950659518064902,0.981308780876316,0.9672134866942,0.914715117964195,0.967213487547046,0.950659518064902,0.981308780876316,0.9672134866942,0.914715117964195,0.688076299947806,1.37037534573184
-2.28173617900985,-2.11708339941775,1,0,0,1,44,44,44as04,O-M,1,0.1323,0.1211,0.0498687605925697,0.0221772673033494,0.046456436661871,0.0498687593939076,0.0171263851592129,0.95013123940743,0.977822732696651,0.953543563338129,0.950131240606092,0.982873614840787,2.28173617900985,2.11708339941775
-0.313902855538024,1.63499750812726,0,1,1,1,44,44,44as04,O-M,1,0.2008,0.2506,0.982395802110832,0.969074207540473,0.987001449640003,0.982395801604947,0.948975215000668,0.982395802110832,0.969074207540473,0.987001449640003,0.982395801604947,0.948975215000668,0.313902855538024,1.63499750812726
0.778653226878206,-2.30928838568438,0,0,0,1,44,44,44as04,O-M,1,0.5475,0.1353,0.0330067168264339,0.0167914059185675,0.0608505289334913,0.0330067159688697,0.0104637918591884,0.966993283173566,0.983208594081432,0.939149471066509,0.96699328403113,0.989536208140812,0.778653226878206,2.30928838568438
1.47433691733984,0.21170052767121,1,1,1,1,44,44,44as04,O-M,1,0.4917,0.3568,0.752588029905386,0.742829893202463,0.918504965397058,0.75258802622483,0.583829661795642,0.752588029905386,0.742829893202463,0.918504965397058,0.75258802622483,0.583829661795642,1.47433691733984,0.21170052767121
1.80205349501035,0.923076772876195,1,1,1,1,44,44,44as04,O-M,1,0.4744,0.1773,0.918346137607801,0.92108865300112,0.983397759887225,0.918346135849391,0.822016400998862,0.918346137607801,0.92108865300112,0.983397759887225,0.918346135849391,0.822016400998862,1.80205349501035,0.923076772876195
2.32977979483403,1.65949956020091,1,1,1,1,44,44,44as04,O-M,1,0.1993,0.192,0.983432987249977,0.987729254808196,0.998621203773581,0.983432986769678,0.951492415399177,0.983432987249977,0.987729254808196,0.998621203773581,0.983432986769678,0.951492415399177,2.32977979483403,1.65949956020091
0.066282225206916,-0.568553708363037,0,0,0,1,44,44,44as04,O-M,1,0.7194,0.2965,0.461125850419369,0.365419104814967,0.56197168148009,0.461125845795132,0.284829523758325,0.538874149580632,0.634580895185033,0.43802831851991,0.538874154204868,0.715170476241675,0.066282225206916,0.568553708363037
1.35086139271559,0.942406169512075,1,1,1,1,44,44,44as04,O-M,1,0.1514,0.2344,0.921225360512736,0.909662507282023,0.973857843234465,0.921225358801394,0.827007635108792,0.921225360512736,0.909662507282023,0.973857843234465,0.921225358801394,0.827007635108792,1.35086139271559,0.942406169512075
-2.46688335140101,1.61730158162962,0,1,1,1,44,44,44as04,O-M,1,0.1607,0.1241,0.981612694725863,0.987511989335891,0.998791108942528,0.981612694200852,0.947093400969061,0.981612694725863,0.987511989335891,0.998791108942528,0.981612694200852,0.947093400969061,2.46688335140101,1.61730158162962
1.74075208869658,1.43544190623853,1,1,1,1,44,44,44as04,O-M,1,0.1216,0.0879,0.971700696365881,0.971042433246527,0.994165972641291,0.97170069561093,0.924419394204764,0.971700696365881,0.971042433246527,0.994165972641291,0.97170069561093,0.924419394204764,1.74075208869658,1.43544190623853
-0.6025854057197,1.58027625849611,0,1,1,1,44,44,44as04,O-M,1,0.1406,0.0414,0.979877830418924,0.967595310838707,0.98766717900131,0.979877829852098,0.942978192783062,0.979877830418924,0.967595310838707,0.98766717900131,0.979877829852098,0.942978192783062,0.6025854057197,1.58027625849611
2.37479057720937,0.639397458867931,1,0,1,0,44,44,44as04,O-M,1,0.1448,0.2412,0.866576615633699,0.89879376806989,0.986713388617382,0.866576613125333,0.738717799164506,0.866576615633699,0.89879376806989,0.986713388617382,0.866576613125333,0.738717799164506,2.37479057720937,0.639397458867931
1.984450302321,0.977525777484307,1,1,1,1,44,44,44as04,O-M,1,0.0345,0.2909,0.926258813024882,0.934033385712916,0.988260864810867,0.926258811397416,0.835845538751892,0.926258813024882,0.934033385712916,0.988260864810867,0.926258811397416,0.835845538751892,1.984450302321,0.977525777484307
-1.95322622679688,0.738766892277735,0,1,1,1,44,44,44as04,O-M,1,0.1514,0.0197,0.886807368212347,0.897628452868257,0.980243310193807,0.886807365977084,0.769975720521107,0.886807368212347,0.897628452868257,0.980243310193807,0.886807365977084,0.769975720521107,1.95322622679688,0.738766892277735
0.514697516603077,2.08066261084466,1,1,1,1,44,44,44as04,O-M,1,0.3683,0.1605,0.99463880813849,0.990058307103762,0.996324672923925,0.994638807959299,0.981267600678076,0.99463880813849,0.990058307103762,0.996324672923925,0.994638807959299,0.981267600678076,0.514697516603077,2.08066261084466
0.153632762331327,-0.858222412878193,0,1,0,0,44,44,44as04,O-M,1,0.3784,0.2924,0.349279473727428,0.261661413540344,0.451859615241675,0.349279469416789,0.195384831119337,0.650720526272572,0.738338586459656,0.548140384758325,0.650720530583211,0.804615168880663,0.153632762331327,0.858222412878193
-1.24135769566915,2.28511862314812,0,1,1,1,44,44,44as04,O-M,1,0.1346,0.0897,0.997075017066324,0.995732408009772,0.998908123885383,0.997075016962171,0.988847063451073,0.997075017066324,0.995732408009772,0.998908123885383,0.997075016962171,0.988847063451073,1.24135769566915,2.28511862314812
1.90199224154173,2.11932140411642,1,1,1,1,44,44,44as04,O-M,1,0.6121,0.3351,0.995205068282068,0.995269266055435,0.99923291933176,0.99520506811983,0.98296834301588,0.995205068282068,0.995269266055435,0.99923291933176,0.99520506811983,0.98296834301588,1.90199224154173,2.11932140411642
0.915351660543384,1.2963246994648,1,1,1,1,44,44,44as04,O-M,1,0.1936,0.1278,0.961409380168908,0.946385086851736,0.98146083385355,0.96140937919415,0.902568178728139,0.961409380168908,0.946385086851736,0.98146083385355,0.96140937919415,0.902568178728139,0.915351660543384,1.2963246994648
-0.31794906570455,-1.04117106836145,1,1,0,0,44,44,44as04,O-M,1,0.1663,0.1698,0.284265900056639,0.202102502483544,0.372191305023299,0.284265896107485,0.148898080310789,0.715734099943361,0.797897497516456,0.627808694976701,0.715734103892515,0.851101919689211,0.31794906570455,1.04117106836145
2.26400904526443,1.24133120481061,1,0,1,0,44,44,44as04,O-M,1,0.1452,0.1254,0.956578118218916,0.966251119915351,0.995656598204397,0.95657811714629,0.89275828917095,0.956578118218916,0.966251119915351,0.995656598204397,0.95657811714629,0.89275828917095,2.26400904526443,1.24133120481061
-0.553211063360852,1.33634471785177,0,1,1,1,44,44,44as04,O-M,1,0.7561,0.0727,0.964642293646707,0.945265290348318,0.977987926038922,0.964642292739237,0.909281686712066,0.964642293646707,0.945265290348318,0.977987926038922,0.964642292739237,0.909281686712066,0.553211063360852,1.33634471785177
-1.17569272937187,2.10897609324088,0,1,1,1,44,44,44as04,O-M,1,0.1992,0.0584,0.995059011960812,0.992798849399752,0.998051838465683,0.995059011794177,0.982526677380908,0.995059011960812,0.992798849399752,0.998051838465683,0.995059011794177,0.982526677380908,1.17569272937187,2.10897609324088
-0.955637077112644,1.05429887398175,0,1,1,1,44,44,44as04,O-M,1,0.2433,0.0628,0.93640222392814,0.916197276051122,0.970409977733343,0.93640222247624,0.854126947941213,0.93640222392814,0.916197276051122,0.970409977733343,0.93640222247624,0.854126947941213,0.955637077112644,1.05429887398175
-1.71071807498615,2.0997197624575,0,1,1,1,44,44,44as04,O-M,1,0.2029,0.0961,0.994924983850102,0.994389672815171,0.99893473134937,0.994924983679447,0.98212324995491,0.994924983850102,0.994389672815171,0.99893473134937,0.994924983679447,0.98212324995491,1.71071807498615,2.0997197624575
2.32650051339188,0.843853471171392,1,0,1,0,44,44,44as04,O-M,1,0.2288,0.3608,0.905713019020899,0.927840622819569,0.990542149871778,0.905713017063313,0.800624354335684,0.905713019020899,0.927840622819569,0.990542149871778,0.905713017063313,0.800624354335684,2.32650051339188,0.843853471171392
0.958299669108338,1.67175058623774,1,1,1,1,44,44,44as04,O-M,1,0.1129,0.2415,0.983931664706417,0.976431257616396,0.99245000662203,0.983931664238527,0.952713242782438,0.983931664706417,0.976431257616396,0.99245000662203,0.983931664238527,0.952713242782438,0.958299669108338,1.67175058623774
0.689187024307245,1.39188270255204,1,1,1,1,44,44,44as04,O-M,1,0.2326,0.1448,0.968757514628728,0.952792315482707,0.982183223682816,0.968757513809187,0.918021039683865,0.968757514628728,0.952792315482707,0.982183223682816,0.968757513809187,0.918021039683865,0.689187024307245,1.39188270255204
1.32446846626989,0.904836356332477,1,1,1,1,44,44,44as04,O-M,1,0.1797,0.1875,0.915557027230965,0.902706424796434,0.971170172960808,0.915557025427569,0.817223956074012,0.915557027230965,0.902706424796434,0.971170172960808,0.915557025427569,0.817223956074012,1.32446846626989,0.904836356332477
1.3178834575675,1.39487739780549,1,1,1,1,44,44,44as04,O-M,1,0.1001,0.1561,0.968967657112232,0.961944704293664,0.989612661362252,0.968967656297253,0.918473593003705,0.968967657112232,0.961944704293664,0.989612661362252,0.968967656297253,0.918473593003705,1.3178834575675,1.39487739780549
1.11041601471525,1.3453288036121,1,1,1,1,44,44,44as04,O-M,1,0.1187,0.1622,0.965336648246512,0.954435274693839,0.985858461418371,0.965336647353692,0.910740462093349,0.965336648246512,0.954435274693839,0.985858461418371,0.965336647353692,0.910740462093349,1.11041601471525,1.3453288036121
2.16629174745192,2.1762206139319,1,1,1,1,44,44,44as04,O-M,1,0.251,0.2921,0.995941651848492,0.99662985458992,0.999574155398929,0.995941651708714,0.985230615881404,0.995941651848492,0.99662985458992,0.999574155398929,0.995941651708714,0.985230615881404,2.16629174745192,2.1762206139319
-2.44850350783412,2.29682515913886,0,1,1,1,44,44,44as04,O-M,1,0.1857,0.1174,0.99717803254177,0.998095746949327,0.999823449587025,0.997178032440931,0.989185627138186,0.99717803254177,0.998095746949327,0.999823449587025,0.997178032440931,0.989185627138186,2.44850350783412,2.29682515913886
0.400345799217078,0.0426363683630217,1,1,1,1,44,44,44as04,O-M,1,0.1479,0.2505,0.696231472695902,0.621699315285981,0.79578277918624,0.696231468623694,0.517004297961511,0.696231472695902,0.621699315285981,0.79578277918624,0.696231468623694,0.517004297961511,0.400345799217078,0.0426363683630217
-1.86323110786429,2.26742269665048,0,1,1,1,44,44,44as04,O-M,1,0.1339,0.0686,0.996912852829158,0.996837545950052,0.999476801657099,0.996912852719817,0.988317791854425,0.996912852829158,0.996837545950052,0.999476801657099,0.996912852719817,0.988317791854425,1.86323110786429,2.26742269665048
-1.8546097711696,1.16020218794452,0,1,1,1,44,44,44as04,O-M,1,0.1743,0.3306,0.948571521572134,0.950935881218711,0.990567056735549,0.948571520343706,0.87701675180256,0.948571521572134,0.950935881218711,0.990567056735549,0.948571520343706,0.87701675180256,1.8546097711696,1.16020218794452
2.2265617668605,1.52038235342718,1,1,1,1,44,44,44as04,O-M,1,0.2944,0.2346,0.976778146183995,0.981646123755715,0.997654041958747,0.976778145544221,0.93579254652486,0.976778146183995,0.981646123755715,0.997654041958747,0.976778145544221,0.93579254652486,2.2265617668605,1.52038235342718
-1.05885510508618,1.75669103342639,0,1,1,1,44,44,44as04,O-M,1,0.2195,0.1307,0.987047967352852,0.981404273141188,0.99440683148053,0.987047966964224,0.960514756643051,0.987047967352852,0.981404273141188,0.99440683148053,0.987047966964224,0.960514756643051,1.05885510508618,1.75669103342639
1.50654792376355,1.8198518787718,1,1,1,1,44,44,44as04,O-M,1,0.2405,0.2262,0.989012734535302,0.986894849070123,0.997020302308144,0.989012734198354,0.965609217598572,0.989012734535302,0.986894849070123,0.997020302308144,0.989012734198354,0.965609217598572,1.50654792376355,1.8198518787718
-0.653916738616607,-1.56360926757629,1,0,0,1,44,44,44as04,O-M,1,0.5648,0.1704,0.137273020707445,0.0840592458285076,0.191895538595865,0.137273018149694,0.0589546785587981,0.862726979292555,0.915940754171492,0.808104461404135,0.862726981850306,0.941045321441202,0.653916738616607,1.56360926757629
1.34475240873868,0.767624864720035,1,1,1,1,44,44,44as04,O-M,1,0.2409,0.1849,0.892249610801768,0.878448902871125,0.963421941580043,0.89224960864409,0.77864495709068,0.892249610801768,0.878448902871125,0.963421941580043,0.89224960864409,0.77864495709068,1.34475240873868,0.767624864720035
-1.78608865651948,0.008333495459911,0,1,1,1,44,44,44as04,O-M,1,0.1947,0.3447,0.684133633492831,0.699357349021594,0.918480073128656,0.684133629350682,0.503324545202418,0.684133633492831,0.699357349021594,0.918480073128656,0.684133629350682,0.503324545202418,1.78608865651948,0.008333495459911
1.09571213986173,1.64289261379544,1,1,1,1,44,44,44as04,O-M,1,0.3372,0.1558,0.982735898003171,0.976042276517478,0.992826560309155,0.982735897505643,0.949797423244015,0.982735898003171,0.976042276517478,0.992826560309155,0.982735897505643,0.949797423244015,1.09571213986173,1.64289261379544
2.42948052900268,0.677239517070569,1,1,1,1,44,44,44as04,O-M,1,0.1765,0.2515,0.87455605895432,0.907431691479509,0.988671855943375,0.874556056550888,0.750873000569609,0.87455605895432,0.907431691479509,0.988671855943375,0.874556056550888,0.750873000569609,2.42948052900268,0.677239517070569
-0.70987608967784,-0.627358633339798,1,1,0,0,44,44,44as04,O-M,1,0.5683,0.2338,0.437857809247795,0.324189067707471,0.479117387497194,0.437857804657966,0.265212088586932,0.562142190752205,0.675810932292529,0.520882612502806,0.562142195342034,0.734787911413068,0.70987608967784,0.627358633339798
-2.05729052094904,1.48852968573144,0,1,1,1,44,44,44as04,O-M,1,0.1398,0.026,0.974972029486546,0.978212715798908,0.996691899386834,0.974972028805223,0.93169437030237,0.974972029486546,0.978212715798908,0.996691899386834,0.974972028805223,0.93169437030237,2.05729052094904,1.48852968573144
-1.82768792836226,0.184203780344113,0,1,1,1,44,44,44as04,O-M,1,0.1817,0.1644,0.743817539218213,0.758767623558738,0.939992113278448,0.743817535469334,0.573073203028897,0.743817539218213,0.758767623558738,0.939992113278448,0.743817535469334,0.573073203028897,1.82768792836226,0.184203780344113
1.71303687134678,-0.0022840604386708,1,0,1,0,44,44,44as04,O-M,1,0.1306,0.1716,0.68197902048799,0.691526156399857,0.911600061161383,0.68197901633389,0.500911207487693,0.68197902048799,0.691526156399857,0.911600061161383,0.68197901633389,0.500911207487693,1.71303687134678,0.0022840604386708
-0.207590666848913,1.04585927826749,0,1,1,1,44,44,44as04,O-M,1,0.4099,0.1695,0.935343328831091,0.898918984241129,0.952014677777287,0.935343327360433,0.852186996107608,0.935343328831091,0.898918984241129,0.952014677777287,0.935343327360433,0.852186996107608,0.207590666848913,1.04585927826749
2.46235268087844,1.7104093795095,1,1,1,1,44,44,44as04,O-M,1,0.1019,0.2056,0.985421796886142,0.990111132902417,0.999049196970243,0.985421796455769,0.956404901104138,0.985421796886142,0.990111132902417,0.999049196970243,0.985421796455769,0.956404901104138,2.46235268087844,1.7104093795095
1.60577263320672,1.33743369794393,1,1,1,1,44,44,44as04,O-M,1,0.5221,0.1649,0.964727060651431,0.961891476118892,0.991356227096894,0.964727059745745,0.909459444515789,0.964727060651431,0.961891476118892,0.991356227096894,0.964727059745745,0.909459444515789,1.60577263320672,1.33743369794393
1.56695017226254,0.0687718905749155,1,1,1,1,44,44,44as04,O-M,1,0.1763,0.3449,0.705307629796739,0.702882434027369,0.907711077540704,0.7053076257802,0.527414403415441,0.705307629796739,0.702882434027369,0.907711077540704,0.7053076257802,0.527414403415441,1.56695017226254,0.0687718905749155
1.15751601671905,0.890951860157409,1,0,1,0,44,44,44as04,O-M,1,0.8257,0.2997,0.913386508718031,0.894992156813101,0.965610714524717,0.913386506880032,0.813522501650213,0.913386508718031,0.894992156813101,0.965610714524717,0.913386506880032,0.813522501650213,1.15751601671905,0.890951860157409
1.59929340777666,0.0423641233399811,1,1,1,1,44,44,44as04,O-M,1,0.0429,0.3149,0.696136275992296,0.696384337549277,0.906986334071583,0.696136271919519,0.516895785956831,0.696136275992296,0.696384337549277,0.906986334071583,0.696136271919519,0.516895785956831,1.59929340777666,0.0423641233399811
-1.13660581024687,2.0507156583102,0,1,1,1,44,44,44as04,O-M,1,0.1904,0.0663,0.994160065463159,0.991431921112129,0.997615620650328,0.994160065269826,0.979852677403013,0.994160065463159,0.991431921112129,0.997615620650328,0.994160065269826,0.979852677403013,1.13660581024687,2.0507156583102
1.24338558803088,1.05811030430431,1,1,1,1,44,44,44as04,O-M,1,0.3161,0.1156,0.936875989409703,0.923896720114727,0.977001409595853,0.93687598796623,0.854997421409555,0.936875989409703,0.923896720114727,0.977001409595853,0.93687598796623,0.854997421409555,1.24338558803088,1.05811030430431
0.394897960692213,-1.33628467333742,0,1,0,0,44,44,44as04,O-M,1,0.105,0.0109,0.193429193658665,0.128755420227634,0.273075228576021,0.193429190463378,0.0907281220804311,0.806570806341335,0.871244579772366,0.726924771423979,0.806570809536622,0.909271877919569,0.394897960692213,1.33628467333742
1.62439048913636,1.88709639946282,1,1,1,1,44,44,44as04,O-M,1,0.2186,0.0834,0.990814448856258,0.989597951066604,0.997843284120835,0.990814448568067,0.970426319547781,0.990814448856258,0.989597951066604,0.997843284120835,0.990814448568067,0.970426319547781,1.62439048913636,1.88709639946282
1.30320602853207,0.120226199929581,1,0,1,0,44,44,44as04,O-M,1,0.123,0.4269,0.722800807676124,0.701611619352536,0.892574414484128,0.722800803774762,0.547848018119887,0.722800807676124,0.701611619352536,0.892574414484128,0.722800803774762,0.547848018119887,1.30320602853207,0.120226199929581
-0.715905736200506,0.534855370020355,0,1,1,1,44,44,44as04,O-M,1,0.2453,0.0495,0.842746828424962,0.798222462627289,0.912350767259831,0.842746825623208,0.703625064193993,0.842746828424962,0.798222462627289,0.912350767259831,0.842746825623208,0.703625064193993,0.715905736200506,0.534855370020355
-0.433966869629707,0.889046144996125,0,0,1,0,44,44,44as04,O-M,1,0.2076,0.314,0.913085368788001,0.874139071113212,0.943084082997973,0.913085366945229,0.813010859757055,0.913085368788001,0.874139071113212,0.943084082997973,0.913085366945229,0.813010859757055,0.433966869629707,0.889046144996125
1.95403761152685,1.07471725070979,1,1,1,1,44,44,44as04,O-M,1,0.2213,0.1147,0.938908243098103,0.944489092942891,0.990047158746486,0.938908241691016,0.858749331010557,0.938908243098103,0.944489092942891,0.990047158746486,0.938908241691016,0.858749331010557,1.95403761152685,1.07471725070979
-1.20354017581208,1.22309078826689,0,1,1,1,44,44,44as04,O-M,1,0.189,0.0318,0.954871798530775,0.94360720862049,0.983054313924954,0.954871797424302,0.889352296250839,0.954871798530775,0.94360720862049,0.983054313924954,0.954871797424302,0.889352296250839,1.20354017581208,1.22309078826689
-1.20740126525203,0.846031431355716,0,1,1,1,44,44,44as04,O-M,1,0.1218,0.113,0.906078572044048,0.88847383782341,0.96417042819393,0.906078570092064,0.801232394877136,0.906078572044048,0.88847383782341,0.96417042819393,0.906078570092064,0.801232394877136,1.20740126525203,0.846031431355716
-0.51425637332626,-0.946702045366376,1,0,0,1,44,44,44as04,O-M,1,0.3896,0.0814,0.317127636859685,0.224388444611923,0.384389712068005,0.317127632710522,0.171895313955799,0.682872363140315,0.775611555388076,0.615610287931995,0.682872367289478,0.828104686044201,0.51425637332626,0.946702045366376
1.56018004283358,1.69815835347267,1,1,1,1,44,44,44as04,O-M,1,0.0836,0.0471,0.984962996303936,0.982782030106093,0.996171270971127,0.98496299586194,0.955261060764394,0.984962996303936,0.982782030106093,0.996171270971127,0.98496299586194,0.955261060764394,1.56018004283358,1.69815835347267
0.870314432349962,1.31946552642325,1,1,1,1,44,44,44as04,O-M,1,0.1902,0.1631,0.963306909466657,0.948106052273909,0.981732897639848,0.96330690853121,0.906493236091788,0.963306909466657,0.948106052273909,0.981732897639848,0.96330690853121,0.906493236091788,0.870314432349962,1.31946552642325
-0.821503887801407,1.9265719278037,0,1,1,1,44,44,44as04,O-M,1,0.1778,0.0893,0.991746937451301,0.986634716085476,0.995575988393939,0.99174693718893,0.972983500041192,0.991746937451301,0.986634716085476,0.995575988393939,0.99174693718893,0.972983500041192,0.821503887801407,1.9265719278037
0.801132172247794,1.6943469231501,1,1,1,1,44,44,44as04,O-M,1,0.1301,0.1212,0.984817750574703,0.976408536981935,0.991880412111027,0.984817750129041,0.954900310508489,0.984817750574703,0.976408536981935,0.991880412111027,0.984817750129041,0.954900310508489,0.801132172247794,1.6943469231501
-0.788790410834136,-1.40162347886715,1,0,0,1,44,44,44as04,O-M,1,0.1801,0.2889,0.17601278443156,0.109727588908367,0.222994207938203,0.17601278141836,0.0805138559988689,0.82398721556844,0.890272411091633,0.777005792061797,0.82398721858164,0.919486144001131,0.788790410834136,1.40162347886715
1.69936438339846,1.45776599812786,1,1,1,1,44,44,44as04,O-M,1,0.1924,0.2032,0.973117304707265,0.971889379610832,0.994169742430441,0.97311730398395,0.927547473295408,0.973117304707265,0.971889379610832,0.994169742430441,0.97311730398395,0.927547473295408,1.69936438339846,1.45776599812786
1.15415739782266,1.01863477596343,1,1,1,1,44,44,44as04,O-M,1,0.1361,0.3522,0.931834058391136,0.915838662642513,0.973042577990905,0.931834056859044,0.845811805975169,0.931834058391136,0.915838662642513,0.973042577990905,0.931834056859044,0.845811805975169,1.15415739782266,1.01863477596343
0.628811221626339,0.635858273568403,1,1,1,1,44,44,44as04,O-M,1,0.1444,0.2174,0.865812870307455,0.821793906738546,0.921450152875425,0.865812867789228,0.737565599268024,0.865812870307455,0.821793906738546,0.921450152875425,0.865812867789228,0.737565599268024,0.628811221626339,0.635858273568403
-0.883360656294897,1.12018216955756,0,1,1,1,44,44,44as04,O-M,1,0.4552,0.1066,0.944210751794911,0.924129418314734,0.972576244186625,0.944210750484667,0.868681929709841,0.944210751794911,0.924129418314734,0.972576244186625,0.944210750484667,0.868681929709841,0.883360656294897,1.12018216955756
-1.93500505813848,0.100896803293702,0,0,1,0,44,44,44as04,O-M,1,0.2193,0.515,0.716289131033518,0.741093520026977,0.939345183932319,0.716289127088056,0.540183809619236,0.716289131033518,0.741093520026977,0.939345183932319,0.716289127088056,0.540183809619236,1.93500505813848,0.100896803293702
-1.75699825662942,0.278672803339188,0,1,1,1,44,44,44as04,O-M,1,0.0837,0.0356,0.773260834376273,0.781659504491218,0.944213688943613,0.773260830868076,0.609752032105057,0.773260834376273,0.781659504491218,0.944213688943613,0.773260830868076,0.609752032105057,1.75699825662942,0.278672803339188
2.24758619223559,0.341561403661557,1,1,1,1,44,44,44as04,O-M,1,0.1247,0.2967,0.791752582125683,0.830284002057167,0.972234065013296,0.791752578785647,0.633659506269641,0.791752582125683,0.830284002057167,0.972234065013296,0.791752578785647,0.633659506269641,2.24758619223559,0.341561403661557
-1.18603304424188,0.627690922877187,0,1,1,1,44,44,44as04,O-M,1,0.1468,0.251,0.864038936935915,0.841742439272227,0.946157880645245,0.864038934394906,0.734896783587221,0.864038936935915,0.841742439272227,0.946157880645245,0.864038934394906,0.734896783587221,1.18603304424188,0.627690922877187
-1.87436479727675,2.08828547148979,0,1,1,1,44,44,44as04,O-M,1,0.3294,0.1632,0.994754956765631,0.994748688075984,0.999125656112281,0.994754956589897,0.981613954390273,0.994754956765631,0.994748688075984,0.999125656112281,0.994754956589897,0.981613954390273,1.87436479727675,2.08828547148979
0.267111767720625,-1.13645682642565,0,0,0,1,44,44,44as04,O-M,1,0.2564,0.2829,0.252865090079621,0.177877131876547,0.346611467030176,0.252865086356255,0.127882712293937,0.747134909920379,0.822122868123453,0.653388532969824,0.747134913643745,0.872117287706063,0.267111767720625,1.13645682642565
2.15896625584325,2.17159244854021,1,0,1,0,44,44,44as04,O-M,1,0.2177,0.0662,0.995885764731824,0.99656652008159,0.999562832712375,0.995885764590324,0.985056791443255,0.995885764731824,0.99656652008159,0.999562832712375,0.995885764590324,0.985056791443255,2.15896625584325,2.17159244854021
2.2458143224241,-2.06290663983267,0,0,0,1,44,44,44as04,O-M,1,0.0085,0.1753,0.0556978917721389,0.0252539086068019,0.0520680885311993,0.055697890463588,0.0195607495793062,0.944302108227861,0.974746091393198,0.947931911468801,0.944302109536412,0.980439250420694,2.2458143224241,2.06290663983267
-1.66176686571661,1.59960565513199,0,1,1,1,44,44,44as04,O-M,1,0.2543,0.1381,0.980800108104399,0.979295131025416,0.995670303741811,0.98080010755971,0.945156953437512,0.980800108104399,0.979295131025416,0.995670303741811,0.98080010755971,0.945156953437512,1.66176686571661,1.59960565513199
2.09097405755476,0.446103492509133,1,1,1,1,44,44,44as04,O-M,1,0.1397,0.3554,0.820444252650716,0.845602437075314,0.971575027746993,0.820444249599395,0.672238754936892,0.820444252650716,0.845602437075314,0.971575027746993,0.820444249599395,0.672238754936892,2.09097405755476,0.446103492509133
0.888429817736042,-1.32975079278444,0,0,0,1,44,44,44as04,O-M,1,0.3695,0.2769,0.195226855384316,0.122292667385851,0.235448125060861,0.19522685217098,0.0918001967800055,0.804773144615684,0.877707332614149,0.764551874939139,0.80477314782902,0.908199803219994,0.888429817736042,1.32975079278444
-2.24910203949683,1.1318887055483,0,1,1,1,44,44,44as04,O-M,1,0.1738,0.0904,0.945515521949673,0.957187753375732,0.994285982389437,0.945515520663696,0.871159386165202,0.945515521949673,0.957187753375732,0.994285982389437,0.945515520663696,0.871159386165202,2.24910203949683,1.1318887055483
1.30836296305803,0.60046642057313,1,1,1,1,44,44,44as04,O-M,1,0.155,0.1549,0.858010219631054,0.840757167124528,0.9492005681967,0.858010217013865,0.725902283308864,0.858010219631054,0.840757167124528,0.9492005681967,0.858010217013865,0.725902283308864,1.30836296305803,0.60046642057313
-0.787441674111961,-0.513287968685803,1,1,0,0,44,44,44as04,O-M,1,0.1634,0.4103,0.483117008591534,0.363828591024035,0.514179120539319,0.483117003949383,0.303874949365894,0.516882991408466,0.636171408975965,0.485820879460681,0.516882996050617,0.696125050634106,0.787441674111961,0.513287968685803
-1.41870335172616,1.62356321715956,0,1,1,1,44,44,44as04,O-M,1,0.0612,0.0806,0.98189312106116,0.978059331025597,0.994569936080392,0.98189312054298,0.947765469448353,0.98189312106116,0.978059331025597,0.994569936080392,0.98189312054298,0.947765469448353,1.41870335172616,1.62356321715956
-0.659417468777636,0.208978077440804,0,1,1,1,44,44,44as04,O-M,1,0.1956,0.0979,0.751726881143321,0.694198493711766,0.854401743021248,0.751726877455932,0.582767323778912,0.751726881143321,0.694198493711766,0.854401743021248,0.751726877455932,0.582767323778912,0.659417468777636,0.208978077440804
-0.979306084295916,1.15557402255283,0,1,1,1,44,44,44as04,O-M,1,0.6091,0.0586,0.948081518188442,0.930931316193054,0.976316159492128,0.948081516950718,0.876072280631422,0.948081518188442,0.930931316193054,0.976316159492128,0.948081516950718,0.876072280631422,0.979306084295916,1.15557402255283
-1.49053019363651,0.217145428132021,0,1,1,1,44,44,44as04,O-M,1,0.1163,0.0931,0.754305527170883,0.745602950474071,0.920333080330206,0.754305523504036,0.58595249403056,0.754305527170883,0.745602950474071,0.920333080330206,0.754305523504036,0.58595249403056,1.49053019363651,0.217145428132021
0.944653626978094,0.914637177161938,1,1,1,1,44,44,44as04,O-M,1,0.1392,1.5228,0.917064410256897,0.892795985111257,0.960967923168321,0.91706440847774,0.819808932594049,0.917064410256897,0.892795985111257,0.960967923168321,0.91706440847774,0.819808932594049,0.944653626978094,0.914637177161938
0.938861992818165,1.55386849126117,1,1,1,1,44,44,44as04,O-M,1,0.3959,0.1627,0.978557302549035,0.969023889265907,0.989815149940148,0.978557301950866,0.939892105523165,0.978557302549035,0.969023889265907,0.989815149940148,0.978557301950866,0.939892105523165,0.938861992818165,1.55386849126117
1.80662862153851,0.141189066703705,1,0,1,0,44,44,44as04,O-M,1,0.1582,0.3806,0.729779090534923,0.744048534810451,0.934436982626123,0.729779086682458,0.556139708469771,0.729779090534923,0.744048534810451,0.934436982626123,0.729779086682458,0.556139708469771,1.80662862153851,0.141189066703705
1.93938662830949,-2.34685819886398,0,0,0,1,44,44,44as04,O-M,1,2.6515,0.2443,0.0303343515775735,0.012973526383913,0.0329244482753903,0.0303343507778032,0.0094662292460105,0.969665648422427,0.987026473616087,0.96707555172461,0.969665649222197,0.990533770753989,1.93938662830949,2.34685819886398
-2.46045701760712,2.07603444545297,0,1,1,1,44,44,44as04,O-M,1,0.1443,0.0811,0.994567178742353,0.996353987818899,0.999661464181648,0.994567178561035,0.981054617336925,0.994567178742353,0.996353987818899,0.999661464181648,0.994567178561035,0.981054617336925,2.46045701760712,2.07603444545297
1.11612831142093,1.5198378633811,1,1,1,1,44,44,44as04,O-M,1,0.1388,0.2678,0.976748219840385,0.968631490834371,0.990548417978351,0.976748219199917,0.935724134830957,0.976748219840385,0.968631490834371,0.990548417978351,0.976748219199917,0.935724134830957,1.11612831142093,1.5198378633811
-2.01756890219007,1.25929937633129,0,1,1,1,44,44,44as04,O-M,1,0.2157,0.0175,0.958207665900087,0.963031271365804,0.993953412718234,0.958207664860127,0.896038890786678,0.958207665900087,0.963031271365804,0.993953412718234,0.958207664860127,0.896038890786678,2.01756890219007,1.25929937633129
-2.26195470708462,0.447464717624335,0,1,1,1,44,44,44as04,O-M,1,0.1463,0.0654,0.820800661472523,0.855679340962919,0.977472431696456,0.820800658425011,0.672730221437581,0.820800661472523,0.855679340962919,0.977472431696456,0.820800658425011,0.672730221437581,2.26195470708462,0.447464717624335
1.78124063617992,1.935283768541,1,1,1,1,44,44,44as04,O-M,1,0.178,0.1452,0.991941157551482,0.991585852234777,0.998462986513708,0.991941157294545,0.973522258478025,0.991941157551482,0.991585852234777,0.998462986513708,0.991941157294545,0.973522258478025,1.78124063617992,1.935283768541
0.711375065677932,0.0736723009896456,1,0,1,0,44,44,44as04,O-M,1,0.3378,0.474,0.706995388108938,0.649042290006344,0.831078183746095,0.706995384103055,0.529364430257308,0.706995388108938,0.649042290006344,0.831078183746095,0.706995384103055,0.529364430257308,0.711375065677932,0.0736723009896456
0.632328515431228,-0.915121622693671,0,0,0,1,44,44,44as04,O-M,1,0.0367,0.1279,0.328461402574912,0.231082723585642,0.384441541088058,0.328461398365039,0.180063892378011,0.671538597425088,0.768917276414358,0.615558458911942,0.67153860163496,0.819936107621989,0.632328515431228,0.915121622693671
1.4421523567342,1.16564708840533,1,1,1,1,44,44,44as04,O-M,1,0.1623,0.2349,0.949143279330906,0.942199185307979,0.984868035459133,0.949143278113357,0.878121419452495,0.949143279330906,0.942199185307979,0.984868035459133,0.949143278113357,0.878121419452495,1.4421523567342,1.16564708840533
0.526809701284573,0.945673109788561,1,1,1,1,44,44,44as04,O-M,1,0.2515,0.129,0.92170429546558,0.887475835526072,0.951285726203753,0.921704293762131,0.827842329056851,0.92170429546558,0.887475835526072,0.951285726203753,0.921704293762131,0.827842329056851,0.526809701284573,0.945673109788561
0.726211169621861,2.23230308867825,1,1,1,1,44,44,44as04,O-M,1,0.3298,0.1539,0.996566839331857,0.993847277680798,0.99794805928582,0.996566839211553,0.987202531056964,0.996566839331857,0.993847277680798,0.99794805928582,0.996566839211553,0.987202531056964,0.726211169621861,2.23230308867825
1.65795023228225,1.73218898135274,1,1,1,1,44,44,44as04,O-M,1,0.069,0.0816,0.986207732234318,0.984903667653417,0.996889452134808,0.986207731824011,0.95838003988163,0.986207732234318,0.984903667653417,0.996889452134808,0.986207731824011,0.95838003988163,1.65795023228225,1.73218898135274
0.325451242409227,1.18660995517946,1,1,1,1,44,44,44as04,O-M,1,0.1782,0.0573,0.951297441431719,0.92316531357461,0.965662593714263,0.951297440255492,0.882309246345362,0.951297441431719,0.92316531357461,0.965662593714263,0.951297440255492,0.882309246345362,0.325451242409227,1.18660995517946
-1.54045989817508,0.0246681968423447,0,1,1,1,44,44,44as04,O-M,1,0.4293,0.0813,0.689920191791482,0.685905907338842,0.899437284055654,0.689920187682184,0.509840188699724,0.689920191791482,0.685905907338842,0.899437284055654,0.689920187682184,0.509840188699724,1.54045989817508,0.0246681968423447
1.86145080242223,0.206527872233439,1,1,1,1,44,44,44as04,O-M,1,0.1178,0.1061,0.750950482975941,0.767832634722324,0.944140876266222,0.750950479282414,0.581810702441651,0.750950482975941,0.767832634722324,0.944140876266222,0.750950479282414,0.581810702441651,1.86145080242223,0.206527872233439
-2.22699333558039,0.952479235364575,0,1,1,1,44,44,44as04,O-M,1,0.2324,0.0859,0.922694979973688,0.938241958210706,0.991244204997583,0.922694978286624,0.829573004066213,0.922694979973688,0.938241958210706,0.991244204997583,0.922694978286624,0.829573004066213,2.22699333558039,0.952479235364575
1.89453452084264,-0.0101791661068471,1,1,1,1,44,44,44as04,O-M,1,0.1245,0.325,0.684789762500239,0.70865071563839,0.927370755836903,0.684789758361759,0.5040608296117,0.684789762500239,0.70865071563839,0.927370755836903,0.684789758361759,0.5040608296117,1.89453452084264,0.0101791661068471
0.140674311471212,0.274044637947498,1,1,1,1,44,44,44as04,O-M,1,0.5266,0.3802,0.77186431635118,0.69417038026316,0.830161058938832,0.771864312830828,0.607974840946565,0.77186431635118,0.69417038026316,0.830161058938832,0.771864312830828,0.607974840946565,0.140674311471212,0.274044637947498
2.00219544625393,1.2358863043498,1,1,1,1,44,44,44as04,O-M,1,0.1289,0.072,0.956074311417226,0.960861826616086,0.993480537065871,0.956074310334569,0.891749585735856,0.956074311417226,0.960861826616086,0.993480537065871,0.956074310334569,0.891749585735856,2.00219544625393,1.2358863043498
-1.33198751423571,2.01341809015364,0,1,1,1,44,44,44as04,O-M,1,0.1684,0.0209,0.993511029326535,0.991343189334866,0.997842532480404,0.993511029114283,0.977964667967212,0.993511029326535,0.991343189334866,0.997842532480404,0.993511029114283,0.977964667967212,1.33198751423571,2.01341809015364
-1.71114120807546,0.783142831033347,0,1,1,1,44,44,44as04,O-M,1,0.2838,0.0117,0.895096947451646,0.895590759613853,0.97567582497706,0.895096945335298,0.783228379084892,0.895096947451646,0.895590759613853,0.97567582497706,0.895096945335298,0.783228379084892,1.71114120807546,0.783142831033347
-1.27978346934211,0.0488980038929546,0,1,1,1,44,44,44as04,O-M,1,0.2371,0.0429,0.698417312905238,0.67548520753094,0.879327898581034,0.698417308846184,0.519499710188104,0.698417312905238,0.67548520753094,0.879327898581034,0.698417308846184,0.519499710188104,1.27978346934211,0.0488980038929546
-0.353598028478909,1.59171054946381,0,1,1,1,44,44,44as04,O-M,1,0.5361,0.0985,0.980427837335889,0.966294087753057,0.985942127162747,0.98042783678224,0.944275121577047,0.980427837335889,0.966294087753057,0.985942127162747,0.98042783678224,0.944275121577047,0.353598028478909,1.59171054946381
-0.587907976684263,0.384848362325006,0,1,1,1,44,44,44as04,O-M,1,0.6825,0.1864,0.803946983925341,0.748686610482065,0.881651470175766,0.803946980703756,0.649825117218242,0.803946983925341,0.748686610482065,0.881651470175766,0.803946980703756,0.649825117218242,0.587907976684263,0.384848362325006
0.418434738785076,-0.450399368363434,0,1,0,0,44,44,44as04,O-M,1,0.4619,0.0624,0.508200310135378,0.39775201964232,0.567678664525917,0.508200305490047,0.326211250166013,0.491799689864622,0.60224798035768,0.432321335474083,0.491799694509953,0.673788749833987,0.418434738785076,0.450399368363434
0.456410933550639,-1.30198180043431,0,0,0,1,44,44,44as04,O-M,1,0.3702,0.2351,0.202979511719221,0.134851006958479,0.277343617040407,0.202979508429602,0.0964613035681473,0.797020488280779,0.865148993041521,0.722656382959593,0.797020491570398,0.903538696431853,0.456410933550639,1.30198180043431
1.71139723062571,0.713175860111923,1,1,1,1,44,44,44as04,O-M,1,0.1423,0.1702,0.881819554155087,0.882779645829904,0.972261446785571,0.881819551850296,0.762131528992591,0.881819554155087,0.882779645829904,0.972261446785571,0.881819551850296,0.762131528992591,1.71139723062571,0.713175860111923
2.19387473571131,1.72129918043112,1,1,1,1,44,44,44as04,O-M,1,0.1615,0.1134,0.985819454993353,0.9885626341828,0.998528680898038,0.985819454573108,0.957401725929673,0.985819454993353,0.9885626341828,0.998528680898038,0.985819454573108,0.957401725929673,2.19387473571131,1.72129918043112
-0.0560825750578892,-2.25892305642188,1,0,0,1,44,44,44as04,O-M,1,0.3485,0.2277,0.0368906570787069,0.0223935199643243,0.103174578833764,0.0368906561391429,0.0119440857551118,0.963109342921293,0.977606480035676,0.896825421166236,0.963109343860857,0.988055914244888,0.0560825750578892,2.25892305642188
-2.16770181144084,1.67692324167551,0,1,1,1,44,44,44as04,O-M,1,0.2284,0.0865,0.984138322905589,0.987005596179382,0.998274003703424,0.984138322442862,0.95322125367356,0.984138322905589,0.987005596179382,0.998274003703424,0.984138322442862,0.95322125367356,2.16770181144084,1.67692324167551
1.10806233690596,0.671794616609757,1,1,1,1,44,44,44as04,O-M,1,0.5245,0.3855,0.873428914822211,0.848731886425564,0.946816538081562,0.873428912403742,0.749142771807544,0.873428914822211,0.848731886425564,0.946816538081562,0.873428912403742,0.749142771807544,1.10806233690596,0.671794616609757
1.38159143332672,1.12671605011053,1,1,1,1,44,44,44as04,O-M,1,0.2132,0.2835,0.944942002805971,0.936250459589794,0.982518187582244,0.944942001509306,0.870068722885739,0.944942002805971,0.936250459589794,0.982518187582244,0.944942001509306,0.870068722885739,1.38159143332672,1.12671605011053
-0.503254913004202,0.424868380711969,0,1,1,1,44,44,44as04,O-M,1,0.3168,0.331,0.814826702226484,0.757565528581418,0.883252498434003,0.814826699115861,0.664533687127771,0.814826702226484,0.757565528581418,0.883252498434003,0.814826699115861,0.664533687127771,0.503254913004202,0.424868380711969
0.844847109537122,0.379403461864195,1,1,1,1,44,44,44as04,O-M,1,0.2547,0.1852,0.802437351373354,0.758727881058285,0.897423689416763,0.802437348136771,0.647805859897294,0.802437351373354,0.758727881058285,0.897423689416763,0.802437348136771,0.647805859897294,0.844847109537122,0.379403461864195
-0.231074553305613,-2.35066962918655,1,0,0,1,44,44,44as04,O-M,1,0.1672,0.2345,0.0300735548134273,0.0171593675987043,0.0801426054311745,0.0300735540193606,0.009369831959864,0.969926445186573,0.982840632401296,0.919857394568826,0.969926445980639,0.990630168040136,0.231074553305613,2.35066962918655
-0.361875569538534,-2.26082877158316,1,0,0,1,44,44,44as04,O-M,1,0.3136,0.1702,0.0367371790989516,0.0206192075107637,0.084355123926703,0.0367371781625853,0.0118849311084382,0.963262820901048,0.979380792489236,0.915644876073297,0.963262821837415,0.988115068891562,0.361875569538534,2.26082877158316
-1.69871167357698,1.95760786043033,0,1,1,1,44,44,44as04,O-M,1,0.3962,0.1144,0.99242062122826,0.991691644868211,0.998384170795558,0.992420620984821,0.974861977847251,0.99242062122826,0.991691644868211,0.998384170795558,0.992420620984821,0.974861977847251,1.69871167357698,1.95760786043033
-2.36361243179132,0.526415774306098,0,1,1,1,44,44,44as04,O-M,1,0.25,0.2734,0.84070794340697,0.877557921607949,0.983194167647144,0.840707940581432,0.700700320982905,0.84070794340697,0.877557921607949,0.983194167647144,0.840707940581432,0.700700320982905,2.36361243179132,0.526415774306098
0.470744566951012,0.939683719281669,1,1,1,1,44,44,44as04,O-M,1,0.8336,0.2523,0.920824555085277,0.885010081271816,0.949127162412014,0.920824553367345,0.826310090678113,0.920824555085277,0.885010081271816,0.949127162412014,0.920824553367345,0.826310090678113,0.470744566951012,0.939683719281669
1.27157683010615,2.2078010366046,1,1,1,1,44,44,44as04,O-M,1,0.4077,0.204,0.996305199809406,0.994759698486533,0.998672800475431,0.996305199680902,0.986370927107327,0.996305199809406,0.994759698486533,0.998672800475431,0.996305199680902,0.986370927107327,1.27157683010615,2.2078010366046
0.26208706228507,0.479589630343122,1,1,1,1,44,44,44as04,O-M,1,0.6873,0.1534,0.829082446202035,0.765270721807451,0.878989279587022,0.82908244324465,0.684240389355717,0.829082446202035,0.765270721807451,0.878989279587022,0.82908244324465,0.684240389355717,0.26208706228507,0.479589630343122
0.422692515496257,-1.46451207918952,0,0,0,1,44,44,44as04,O-M,1,0.008,0.2115,0.16021950457125,0.103596568003001,0.235114108481846,0.160219501734959,0.0715270425550137,0.83978049542875,0.896403431996999,0.764885891518154,0.839780498265041,0.928472957444986,0.422692515496257,1.46451207918952
-2.47071799502289,1.63036934273557,0,1,1,1,44,44,44as04,O-M,1,0.1709,0.034,0.982193789313669,0.987944385786009,0.99884022585581,0.982193788802835,0.948488269993829,0.982193789313669,0.987944385786009,0.99884022585581,0.982193788802835,0.948488269993829,2.47071799502289,1.63036934273557
-0.318954006791661,-2.05963969955619,1,0,0,1,44,44,44as04,O-M,1,0.3402,0.1074,0.0560659042483239,0.0329822887682354,0.116116983274093,0.0560659029329568,0.0197164990099538,0.943934095751676,0.967017711231765,0.883883016725907,0.943934097067043,0.980283500990046,0.318954006791661,2.05963969955619
-1.09685774566982,0.100896803293702,0,0,1,0,44,44,44as04,O-M,1,0.6576,0.1313,0.716289131033518,0.681518903252374,0.871404117086734,0.716289127088056,0.540183809619236,0.716289131033518,0.681518903252374,0.871404117086734,0.716289127088056,0.540183809619236,1.09685774566982,0.100896803293702
-2.32301810103565,0.766808129650913,0,1,1,1,44,44,44as04,O-M,1,0.2593,0.1141,0.892098223607936,0.916919744784906,0.988858486663969,0.892098221448075,0.778402198948494,0.892098223607936,0.916919744784906,0.988858486663969,0.892098221448075,0.778402198948494,2.32301810103565,0.766808129650913
-0.148087576164709,-1.3656871358258,1,0,0,1,44,44,44as04,O-M,1,0.2641,0.1758,0.185465400560462,0.127601461577253,0.28944186950981,0.185465397446792,0.0860185918724156,0.814534599439538,0.872398538422747,0.71055813049019,0.814534602553208,0.913981408127584,0.148087576164709,1.3656871358258
1.2162257328608,0.616256631909483,1,1,1,1,44,44,44as04,O-M,1,0.3124,0.2495,0.86152856315929,0.840357210146077,0.94646312219533,0.861528560586327,0.731137421607289,0.86152856315929,0.840357210146077,0.94646312219533,0.861528560586327,0.731137421607289,1.2162257328608,0.616256631909483
0.509461244622867,-0.0031007955077924,1,1,1,1,44,44,44as04,O-M,1,0.3823,0.2042,0.682270277134123,0.612259556889672,0.796137516860238,0.68227027298163,0.5012370364486,0.682270277134123,0.612259556889672,0.796137516860238,0.68227027298163,0.5012370364486,0.509461244622867,0.0031007955077924
0.462810821526451,1.10956461365898,1,1,1,1,44,44,44as04,O-M,1,1.1617,0.1807,0.943006148752422,0.914117694305335,0.962965936992801,0.94300614741993,0.86640665654827,0.943006148752422,0.914117694305335,0.962965936992801,0.94300614741993,0.86640665654827,0.462810821526451,1.10956461365898
2.08735098047755,1.29169653407311,1,1,1,1,44,44,44as04,O-M,1,0.0084,0.1534,0.961020439932937,0.966720807281064,0.9949315133689,0.961020438950185,0.90176887088631,0.961020439932937,0.966720807281064,0.9949315133689,0.961020438950185,0.90176887088631,2.08735098047755,1.29169653407311
0.989849530080007,-0.101381248825435,0,0,0,1,44,44,44as04,O-M,1,0.0286,0.0842,0.64415029622172,0.519091312869528,0.647424683126107,0.644150291882124,0.459623910521858,0.35584970377828,0.480908687130472,0.352575316873893,0.355849708117876,0.540376089478142,0.989849530080007,0.101381248825435
1.98910476630341,0.506541887624137,1,1,1,1,44,44,44as04,O-M,1,0.2526,0.2924,0.835838624950562,0.853564518153976,0.970947043959276,0.835838622069028,0.693761854021375,0.835838624950562,0.853564518153976,0.970947043959276,0.835838622069028,0.693761854021375,1.98910476630341,0.506541887624137
0.233710699483225,2.0923691468354,1,1,1,1,44,44,44as04,O-M,1,0.2557,0.1126,0.994816253836447,0.989569806460751,0.995747007858631,0.994816253662542,0.981797246729485,0.994816253836447,0.989569806460751,0.995747007858631,0.994816253662542,0.981797246729485,0.233710699483225,2.0923691468354
0.0681334324726468,0.261521366887633,1,1,1,1,44,44,44as04,O-M,1,0.174,0.2286,0.768061357228463,0.687168554514906,0.822461699801838,0.768061353675392,0.603154762848567,0.768061357228463,0.687168554514906,0.822461699801838,0.768061353675392,0.603154762848567,0.0681334324726468,0.261521366887633
0.606411613710997,2.1601581575725,1,1,1,1,44,44,44as04,O-M,1,0.6351,0.107,0.995744727137908,0.992186725658607,0.997238842736772,0.995744726992077,0.984619785952913,0.995744727137908,0.992186725658607,0.997238842736772,0.995744726992077,0.984619785952913,0.606411613710997,2.1601581575725
1.00918142309785,1.38888800729859,1,1,1,1,44,44,44as04,O-M,1,0.2974,0.1681,0.968546196562063,0.956901686156328,0.985983091638568,0.968546195737941,0.917566596066598,0.968546196562063,0.956901686156328,0.985983091638568,0.968546195737941,0.917566596066598,1.00918142309785,1.38888800729859
-2.04044453483089,0.334483033062503,0,1,1,1,44,44,44as04,O-M,1,0.1335,0.0208,0.789716796806653,0.815324191863772,0.963226316528581,0.789716793447436,0.630992453989851,0.789716796806653,0.815324191863772,0.963226316528581,0.789716793447436,0.630992453989851,2.04044453483089,0.334483033062503
-0.59465166029514,1.78527676084565,0,1,1,1,44,44,44as04,O-M,1,0.1759,0.018,0.987971969361093,0.979681637686995,0.992453123677796,0.987971968996589,0.962891781797989,0.987971969361093,0.979681637686995,0.992453123677796,0.987971968996589,0.962891781797989,0.59465166029514,1.78527676084565
-2.39902338220294,1.17326994905047,0,1,1,1,44,44,44as04,O-M,1,0.3191,0.0575,0.949935224964468,0.963758401614519,0.995918703792461,0.94993522376205,0.87965621542516,0.949935224964468,0.963758401614519,0.995918703792461,0.94993522376205,0.87965621542516,2.39902338220294,1.17326994905047
0.35890520228279,1.32681614204535,1,1,1,1,44,44,44as04,O-M,1,0.1692,0.3312,0.963893433814838,0.941616918486525,0.974752566538525,0.963893432891646,0.907715245293874,0.963893433814838,0.941616918486525,0.974752566538525,0.963893432891646,0.907715245293874,0.35890520228279,1.32681614204535
-0.891823318081095,0.659271345549892,0,1,1,1,44,44,44as04,O-M,1,0.2172,0.1611,0.870809768507129,0.837291015191593,0.936164642066772,0.870809766053994,0.745139230283524,0.870809768507129,0.837291015191593,0.936164642066772,0.870809766053994,0.745139230283524,0.891823318081095,0.659271345549892
0.723751708540247,1.08724052176965,1,1,1,1,44,44,44as04,O-M,1,0.195,0.1153,0.94040665888576,0.915922437488356,0.967168537404304,0.940406657505757,0.861534736582419,0.94040665888576,0.915922437488356,0.967168537404304,0.940406657505757,0.861534736582419,0.723751708540247,1.08724052176965
0.790580290833128,0.327404662463448,1,1,1,1,44,44,44as04,O-M,1,0.1322,0.0923,0.787669371977918,0.739896842571505,0.885513673365798,0.787669368599579,0.628319079756209,0.787669371977918,0.739896842571505,0.885513673365798,0.787669368599579,0.628319079756209,0.790580290833128,0.327404662463448
-0.678908036703973,0.287112399053445,0,1,1,1,44,44,44as04,O-M,1,0.2921,0.1527,0.775794965373398,0.721449478630803,0.870605451106601,0.77579496188745,0.612986870692192,0.775794965373398,0.721449478630803,0.870605451106601,0.77579496188745,0.612986870692192,0.678908036703973,0.287112399053445
-1.87129708237926,1.76839756941714,0,1,1,1,44,44,44as04,O-M,1,0.136,0.0098,0.987433538279401,0.987699915661672,0.997874409595388,0.987433537900803,0.961502768683791,0.987433538279401,0.987699915661672,0.997874409595388,0.987433537900803,0.961502768683791,1.87129708237926,1.76839756941714
1.61566336916934,2.03546993701993,1,1,1,1,44,44,44as04,O-M,1,0.166,0.1781,0.993902068807348,0.992940612656606,0.998550813059237,0.993902068606461,0.979098194748066,0.993902068807348,0.992940612656606,0.998550813059237,0.993902068606461,0.979098194748066,1.61566336916934,2.03546993701993
-0.666663622932067,1.81821840863356,0,1,1,1,44,44,44as04,O-M,1,0.1367,0.0328,0.988965387969227,0.981626898644476,0.993402241817249,0.988965387631016,0.965484621256755,0.988965387969227,0.981626898644476,0.993402241817249,0.988965387631016,0.965484621256755,0.666663622932067,1.81821840863356
2.39097541787548,1.06437193983425,1,1,1,1,44,44,44as04,O-M,1,0.1586,0.0728,0.937648346069956,0.954383489981748,0.994699752158074,0.937648344640265,0.856419879935982,0.937648346069956,0.954383489981748,0.994699752158074,0.937648344640265,0.856419879935982,2.39097541787548,1.06437193983425
-0.301208862858728,-1.32131119707019,1,1,0,0,44,44,44as04,O-M,1,0.3203,0.1442,0.197563803408606,0.13371107914554,0.286457780909575,0.197563800172011,0.0931988110097836,0.802436196591394,0.86628892085446,0.713542219090425,0.802436199827989,0.906801188990216,0.301208862858728,1.32131119707019
-1.31024905177242,0.796210592139294,0,1,1,1,44,44,44as04,O-M,1,0.0155,0.0075,0.897452125959093,0.882706536264457,0.964165388248043,0.897452123877323,0.787045178976581,0.897452125959093,0.882706536264457,0.964165388248043,0.897452123877323,0.787045178976581,1.31024905177242,0.796210592139294
-1.88986204667273,1.19259934568635,0,1,1,1,44,44,44as04,O-M,1,0.1846,0.0489,0.951899333584941,0.954798399388772,0.991616297088008,0.951899332420355,0.883486838880994,0.951899333584941,0.954798399388772,0.991616297088008,0.951899332420355,0.883486838880994,1.88986204667273,1.19259934568635
0.327937149308922,-0.0825963422356362,0,0,0,1,44,44,44as04,O-M,1,0.6645,0.33,0.651125032598412,0.544499463503342,0.698961967883289,0.6511250282896,0.467086254905839,0.348874967401588,0.455500536496658,0.301038032116711,0.3488749717104,0.532913745094161,0.327937149308922,0.0825963422356362
0.811710499480541,1.21002302716095,1,1,1,1,44,44,44as04,O-M,1,0.1278,0.0594,0.953616500509318,0.934601739983823,0.975928921016411,0.953616499378175,0.886864971489136,0.953616500509318,0.934601739983823,0.975928921016411,0.953616499378175,0.886864971489136,0.811710499480541,1.21002302716095
1.71520542842949,1.0989470577604,1,1,1,1,44,44,44as04,O-M,1,0.1817,0.2092,0.941781160572281,0.941112490870315,0.98718003042588,0.941781159217316,0.864104420444077,0.941781160572281,0.941112490870315,0.98718003042588,0.941781159217316,0.864104420444077,1.71520542842949,1.0989470577604
-0.526976811823638,2.0795736307525,0,1,1,1,44,44,44as04,O-M,1,0.6489,0.0825,0.994622030127901,0.990067149326165,0.996344770911934,0.994622029948212,0.981217671139909,0.994622030127901,0.990067149326165,0.996344770911934,0.994622029948212,0.981217671139909,0.526976811823638,2.0795736307525
1.84830723083554,0.87216695356761,1,1,1,1,44,44,44as04,O-M,1,0.0799,0.0901,0.910383909026924,0.915184515654577,0.982633641615833,0.910383907141629,0.80844134764277,0.910383909026924,0.915184515654577,0.982633641615833,0.910383907141629,0.80844134764277,1.84830723083554,0.87216695356761
-1.56037359919073,2.07521771038385,0,1,1,1,44,44,44as04,O-M,1,0.4443,0.057,0.994554450333813,0.993471196808678,0.998611027533543,0.994554450152118,0.98101681902209,0.994554450333813,0.993471196808678,0.998611027533543,0.994554450152118,0.98101681902209,1.56037359919073,2.07521771038385
0.12649935297933,0.858826947438623,1,1,1,1,44,44,44as04,O-M,1,0.1323,0.075,0.908205092996112,0.860534212228176,0.93004347478573,0.908205091076904,0.804782000992753,0.908205092996112,0.860534212228176,0.93004347478573,0.908205091076904,0.804782000992753,0.12649935297933,0.858826947438623
-2.13498833447357,0.340472423569395,0,1,1,1,44,44,44as04,O-M,1,0.3704,0.1456,0.791440143413139,0.822880109432238,0.967700921439526,0.791440140070148,0.633249606773876,0.791440143413139,0.822880109432238,0.967700921439526,0.791440140070148,0.633249606773876,2.13498833447357,0.340472423569395
-1.04269671023815,1.780920840477,0,1,1,1,44,44,44as04,O-M,1,0.1364,0.149,0.98783497024182,0.982348464217467,0.994662195044808,0.98783496987372,0.962537308249637,0.98783497024182,0.982348464217467,0.994662195044808,0.98783496987372,0.962537308249637,1.04269671023815,1.780920840477
-1.61659740843278,0.960646586055792,0,1,1,1,44,44,44as04,O-M,1,0.1849,0.1231,0.923871197604573,0.920595710535283,0.980872554995436,0.923871195937063,0.831635051755448,0.923871197604573,0.920595710535283,0.980872554995436,0.923871195937063,0.831635051755448,1.61659740843278,0.960646586055792
2.2364789486412,1.0513041787283,1,1,1,1,44,44,44as04,O-M,1,0.2195,0.2418,0.936028042306786,0.949288122615645,0.993029653422577,0.936028040848246,0.853440545754491,0.936028042306786,0.949288122615645,0.993029653422577,0.936028040848246,0.853440545754491,2.2364789486412,1.0513041787283
0.283666849839874,-2.07842460614599,0,1,0,0,44,44,44as04,O-M,1,0.4386,0.099,0.0539757993897973,0.0318933521950112,0.115393795524996,0.0539757981133303,0.018835134165955,0.946024200610203,0.968106647804989,0.884606204475004,0.94602420188667,0.981164865834045,0.283666849839874,2.07842460614599
-2.37672955755992,1.25031529057095,0,1,1,1,44,44,44as04,O-M,1,0.1117,0.1528,0.957399191742643,0.968900763590524,0.996462058816785,0.957399190686433,0.894407802520093,0.957399191742643,0.968900763590524,0.996462058816785,0.957399190686433,0.894407802520093,2.37672955755992,1.25031529057095
-2.27901225974742,0.827791014811999,0,0,1,0,44,44,44as04,O-M,1,0.1465,0.7081,0.902984608799271,0.924008506751792,0.989488175780191,0.902984606800161,0.796105567939114,0.902984608799271,0.924008506751792,0.989488175780191,0.902984606800161,0.796105567939114,2.27901225974742,0.827791014811999
-0.197699930886295,1.5835431987726,0,1,1,1,44,44,44as04,O-M,1,0.4225,0.1135,0.980036296930757,0.964444394542475,0.984366419337292,0.98003629636772,0.943351145657903,0.980036296930757,0.964444394542475,0.984366419337292,0.98003629636772,0.943351145657903,0.197699930886295,1.5835431987726
1.071249758136,2.02022421572965,1,1,1,1,44,44,44as04,O-M,1,0.2833,0.1,0.993634022929146,0.990452058022295,0.997237586252893,0.993634022720459,0.978319932228947,0.993634022929146,0.990452058022295,0.997237586252893,0.993634022720459,0.978319932228947,1.071249758136,2.02022421572965
1.12720910919723,1.69271345301186,1,1,1,1,44,44,44as04,O-M,1,0.1891,0.1135,0.984755134394418,0.978920498370517,0.99383801777816,0.984755133947177,0.954744988354082,0.984755134394418,0.978920498370517,0.99383801777816,0.984755133947177,0.954744988354082,1.12720910919723,1.69271345301186
-0.693373899194755,0.572152938176912,0,1,1,1,44,44,44as04,O-M,1,0.344,0.1546,0.851551066586721,0.807482508783917,0.916239940829926,0.851551063890002,0.716390816265438,0.851551066586721,0.807482508783917,0.916239940829926,0.851551063890002,0.716390816265438,0.693373899194755,0.572152938176912
-2.39748952475419,1.64833751425625,0,1,1,1,44,44,44as04,O-M,1,0.211,0.0972,0.982967162971231,0.987915688873433,0.998738519668497,0.982967162479404,0.950358284669496,0.982967162971231,0.987915688873433,0.998738519668497,0.982967162479404,0.950358284669496,2.39748952475419,1.64833751425625
-2.35726543545167,-0.0439375489638766,0,1,1,1,44,44,44as04,O-M,1,0.3045,0.3146,0.696686276360116,0.756735020050346,0.960468592071365,0.696686272290632,0.517522907778034,0.696686276360116,0.756735020050346,0.960468592071365,0.696686272290632,0.517522907778034,2.35726543545167,0.0439375489638766
2.04091212392579,0.0513482091003197,1,0,1,0,44,44,44as04,O-M,1,0.1311,0.3392,0.699270711439822,0.733737778613941,0.941999065007404,0.699270707385947,0.520475973281033,0.699270711439822,0.733737778613941,0.941999065007404,0.699270707385947,0.520475973281033,2.04091212392579,0.0513482091003197
-0.717862726738565,-0.519277359192696,1,1,0,0,44,44,44as04,O-M,1,0.4846,0.1475,0.480730044331153,0.363341936950848,0.517488258303717,0.480730039690262,0.301783669758136,0.519269955668847,0.636658063049152,0.482511741696283,0.519269960309738,0.698216330241864,0.717862726738565,0.519277359192696
-1.30831850705244,2.28049045775643,0,1,1,1,44,44,44as04,O-M,1,0.2826,0.1402,0.997033363592899,0.995815820819983,0.998970836889262,0.99703336348741,0.988710691952999,0.997033363592899,0.995815820819983,0.998970836889262,0.99703336348741,0.988710691952999,1.30831850705244,2.28049045775643
-1.12761423209903,1.87647884356424,0,1,1,1,44,44,44as04,O-M,1,0.6342,0.0513,0.990548409101508,0.986510047887612,0.996149346144563,0.990548408806027,0.969705221437353,0.990548409101508,0.986510047887612,0.996149346144563,0.990548408806027,0.969705221437353,1.12761423209903,1.87647884356424
2.38383504699337,-0.0235191722358345,1,0,1,0,44,44,44as04,O-M,1,0.2347,0.2842,0.689514662522685,0.752680390846231,0.960573017168417,0.689514658411049,0.509381927259147,0.689514662522685,0.752680390846231,0.960573017168417,0.689514658411049,0.509381927259147,2.38383504699337,0.0235191722358345
-1.33050654842313,0.160790708362625,0,1,1,1,44,44,44as04,O-M,1,0.2708,0.058,0.736223781344146,0.716952427340181,0.900758606992055,0.736223777538362,0.563870878166739,0.736223781344146,0.716952427340181,0.900758606992055,0.736223777538362,0.563870878166739,1.33050654842313,0.160790708362625
1.50006869833349,2.25925534595927,1,1,1,1,44,44,44as04,O-M,1,0.1523,0.1215,0.996835312758199,0.995977961869748,0.999123680431649,0.996835312646388,0.988066247074482,0.996835312758199,0.995977961869748,0.999123680431649,0.996835312646388,0.988066247074482,1.50006869833349,2.25925534595927
-0.520735598756317,1.61975178683699,0,1,1,1,44,44,44as04,O-M,1,0.2319,0.0278,0.981722864275271,0.969635056314605,0.988130787781255,0.98172286375294,0.947357196583689,0.981722864275271,0.969635056314605,0.988130787781255,0.98172286375294,0.947357196583689,0.520735598756317,1.61975178683699
1.65755354501102,1.03061355697722,1,1,1,1,44,44,44as04,O-M,1,0.1289,0.0834,0.933395837711778,0.931309553903339,0.98416738773542,0.933395836206891,0.848638961975068,0.933395837711778,0.931309553903339,0.98416738773542,0.933395836206891,0.848638961975068,1.65755354501102,1.03061355697722
-1.40286230669512,2.20725654655852,0,1,1,1,44,44,44as04,O-M,1,0.1675,0.0665,0.996299187728305,0.995085452200733,0.998852426177899,0.996299187599613,0.986351929377426,0.996299187728305,0.995085452200733,0.998852426177899,0.996299187599613,0.986351929377426,1.40286230669512,2.20725654655852
-1.85146271881785,-0.277523778732678,1,1,0,0,44,44,44as04,O-M,1,0.5599,0.3367,0.576689737082276,0.434210165979131,0.539300707111177,0.576689732522079,0.390688974908689,0.423310262917724,0.565789834020869,0.460699292888823,0.423310267477921,0.609311025091311,1.85146271881785,0.277523778732678
-0.462634136430453,2.15607448222689,0,1,1,1,44,44,44as04,O-M,1,0.0684,0.0495,0.995693318419913,0.991735085690647,0.996910601749663,0.995693318272508,0.984461075155002,0.995693318419913,0.991735085690647,0.996910601749663,0.995693318272508,0.984461075155002,0.462634136430453,2.15607448222689
-1.90575598333993,1.64125914365719,0,1,1,1,44,44,44as04,O-M,1,0.1438,0.2356,0.98266599755524,0.983489733469141,0.997184895717651,0.982665997055992,0.949628183382143,0.98266599755524,0.983489733469141,0.997184895717651,0.982665997055992,0.949628183382143,1.90575598333993,1.64125914365719
2.07132481471993,-0.043665303940836,1,1,1,1,44,44,44as04,O-M,1,0.4365,0.277,0.696591143316646,0.733726080084819,0.943361185661806,0.696591139246592,0.517414401865811,0.696591143316646,0.733726080084819,0.943361185661806,0.696591139246592,0.517414401865811,2.07132481471993,0.043665303940836
-0.32162503441793,1.44714844222927,0,1,1,1,44,44,44as04,O-M,1,0.5263,0.1075,0.972451111871914,0.953812711019651,0.980124515101657,0.972451111133676,0.926072323503276,0.972451111871914,0.953812711019651,0.980124515101657,0.972451111133676,0.926072323503276,0.32162503441793,1.44714844222927
1.89556590774784,1.38371535186082,1,1,1,1,44,44,44as04,O-M,1,0.1785,0.1313,0.968178410022292,0.969933737437491,0.994628721937781,0.968178409190214,0.916777184527195,0.968178410022292,0.969933737437491,0.994628721937781,0.968178409190214,0.916777184527195,1.89556590774784,1.38371535186082
-0.733492205224949,0.592571314904954,0,1,1,1,44,44,44as04,O-M,1,0.4997,0.1127,0.856228545184055,0.814442672125105,0.920910000337653,0.856228542544715,0.723265959511324,0.856228545184055,0.814442672125105,0.920910000337653,0.856228542544715,0.723265959511324,0.733492205224949,0.592571314904954
-1.6902225659727,0.101713538362823,0,1,1,1,44,44,44as04,O-M,1,0.2093,0.2667,0.716565748295509,0.722891290924565,0.921695813168317,0.716565744351891,0.540507972088981,0.716565748295509,0.722891290924565,0.921695813168317,0.716565744351891,0.540507972088981,1.6902225659727,0.101713538362823
1.11710680668996,-2.11354421411822,0,0,0,1,44,44,44as04,O-M,1,0.3863,0.2722,0.0502340747928786,0.0253150303068052,0.0712544070659323,0.0502340735872203,0.0172771074286333,0.949765925207121,0.974684969693195,0.928745592934068,0.94976592641278,0.982722892571367,1.11710680668996,2.11354421411822
