s1,s2,r1,r2,acc1,acc2,id,seq,id_sess,task,dataset,rt1,rt2,p_r2_discrete,p_r2_bayesian,p_r2_optimal,p_r2_fixed,p_r2_naive,p_c2_discrete,p_c2_bayesian,p_c2_optimal,p_c2_fixed,p_c2_naive,abs1,abs2
1.50454930208794,0.500816047089041,1,0,1,0,31,1,31zt03,O-M,1,0.761,0.9408,0.959296924655872,0.966992941838685,0.949859046357387,0.94202985701607,0.691749704522198,0.959296924655872,0.966992941838685,0.949859046357387,0.94202985701607,0.691749704522198,1.50454930208794,0.500816047089041
-2.1406297973197,0.35560407273532,0,1,1,1,31,1,31zt03,O-M,1,0.2147,0.5212,0.963796223552697,0.98205326880409,0.968763780920777,0.923185879301459,0.638931453414391,0.963796223552697,0.98205326880409,0.968763780920777,0.923185879301459,0.638931453414391,2.1406297973197,0.35560407273532
1.04454348621735,1.17615695390222,1,1,1,1,31,1,31zt03,O-M,1,0.3625,0.7612,0.981784074832237,0.984906829750773,0.978483734956112,0.987692289066246,0.880233918839165,0.981784074832237,0.984906829750773,0.978483734956112,0.987692289066246,0.880233918839165,1.04454348621735,1.17615695390222
-1.49779083113669,-1.83141453231377,1,0,0,1,31,1,31zt03,O-M,1,0.7324,0.4323,0.189054194321739,0.136773896755181,0.0977629736033084,0.223571611989176,0.0335193469265949,0.810945805678261,0.863226103244819,0.902237026396692,0.776428388010824,0.966480653073405,1.49779083113669,1.83141453231377
0.910529930822795,1.75027038294128,1,1,1,1,31,1,31zt03,O-M,1,0.637,0.5443,0.99362985274334,0.995408402201049,0.993528758253424,0.997610007695048,0.959964165532963,0.99362985274334,0.995408402201049,0.993528758253424,0.997610007695048,0.959964165532963,0.910529930822795,1.75027038294128
1.66319349930374,1.78730995900831,1,1,1,1,31,1,31zt03,O-M,1,0.2587,1.1032,0.997500619584256,0.998265786649113,0.997323073873082,0.997872010530764,0.963056297355818,0.997500619584256,0.998265786649113,0.997323073873082,0.997872010530764,0.963056297355818,1.66319349930374,1.78730995900831
-0.625169801380708,-0.0280501725499457,0,1,1,1,31,1,31zt03,O-M,1,0.6315,0.9608,0.859036438563281,0.858563495719188,0.812964658900166,0.864176672334992,0.511188932518761,0.859036438563281,0.858563495719188,0.812964658900166,0.864176672334992,0.511188932518761,0.625169801380708,0.0280501725499457
-0.727199896773186,0.157568612058724,0,0,1,0,31,1,31zt03,O-M,1,0.89,0.8009,0.886481197560147,0.888281842242564,0.849775672311761,0.890426004711167,0.56260163075346,0.886481197560147,0.888281842242564,0.849775672311761,0.890426004711167,0.56260163075346,0.727199896773186,0.157568612058724
-2.06660796340751,0.564793496659376,0,1,1,1,31,1,31zt03,O-M,1,0.2963,0.5942,0.975352205621557,0.986094590443436,0.976326018952463,0.949082478516577,0.713892884516643,0.975352205621557,0.986094590443436,0.976326018952463,0.949082478516577,0.713892884516643,2.06660796340751,0.564793496659376
0.463592904863693,0.167038958212227,1,1,1,1,31,1,31zt03,O-M,1,0.5962,1.0647,0.870241917771522,0.869817720313792,0.830087290531726,0.892191494715202,0.566330302343345,0.870241917771522,0.869817720313792,0.830087290531726,0.892191494715202,0.566330302343345,0.463592904863693,0.167038958212227
-1.66339812118804,0.417687453074954,0,1,1,1,31,1,31zt03,O-M,1,0.2643,0.2985,0.957878635742015,0.968604625927587,0.950893494963313,0.931745211737457,0.661912176492449,0.957878635742015,0.968604625927587,0.950893494963313,0.931745211737457,0.661912176492449,1.66339812118804,0.417687453074954
1.00858482769349,0.968861599208861,1,1,1,1,31,1,31zt03,O-M,1,0.2298,0.3223,0.972636423065826,0.976336218674554,0.966479179814107,0.97932930959843,0.833692876334108,0.972636423065826,0.976336218674554,0.966479179814107,0.97932930959843,0.833692876334108,1.00858482769349,0.968861599208861
-1.45596031074405,-0.287537657155943,0,1,1,1,31,1,31zt03,O-M,1,0.2313,0.6579,0.93994945739983,0.950859207977134,0.926116497728175,0.912889604897789,0.613149663766015,0.93994945739983,0.950859207977134,0.926116497728175,0.912889604897789,0.613149663766015,1.45596031074405,0.287537657155943
-1.12955234323305,1.18604820432921,0,1,1,1,31,1,31zt03,O-M,1,0.1846,0.3298,0.983482101574458,0.986401346328632,0.980407606520728,0.988004596139209,0.882198368228242,0.983482101574458,0.986401346328632,0.980407606520728,0.988004596139209,0.882198368228242,1.12955234323305,1.18604820432921
-1.96774763415659,-0.176839833228324,0,1,1,1,31,1,31zt03,O-M,1,0.1468,0.3438,0.945139661140766,0.968934054386512,0.948071036663765,0.893996931343466,0.570182900142912,0.945139661140766,0.968934054386512,0.948071036663765,0.893996931343466,0.570182900142912,1.96774763415659,0.176839833228324
-1.2826364588563,-0.0322592152848362,0,1,1,1,31,1,31zt03,O-M,1,0.0944,0.2649,0.901881776753578,0.915218224514254,0.876865383967649,0.865092226921681,0.512867333124344,0.901881776753578,0.915218224514254,0.876865383967649,0.865092226921681,0.512867333124344,1.2826364588563,0.0322592152848362
-1.27091871680842,0.710847279560075,0,1,1,1,31,1,31zt03,O-M,1,0.1996,0.1374,0.96585930873203,0.970416594025527,0.956674894797268,0.962631539500194,0.761410560617819,0.96585930873203,0.970416594025527,0.956674894797268,0.962631539500194,0.761410560617819,1.27091871680842,0.710847279560075
0.639852687685839,-2.09300653828721,0,0,0,1,31,1,31zt03,O-M,1,0.071,0.7782,0.177787277985589,0.145442482697245,0.0928761304761647,0.153442916111853,0.0181742854509377,0.822212722014411,0.854557517302756,0.907123869523835,0.846557083888148,0.981825714549062,0.639852687685839,2.09300653828721
0.155424083511471,0.836908109470045,1,1,1,1,31,1,31zt03,O-M,1,0.8695,0.4191,0.93782454329698,0.944605503689341,0.928284336005048,0.971813200692689,0.79867788916293,0.93782454329698,0.944605503689341,0.928284336005048,0.971813200692689,0.79867788916293,0.155424083511471,0.836908109470045
-0.883687613745147,1.33673193423829,0,1,1,1,31,1,31zt03,O-M,1,0.1659,0.3373,0.984495492741205,0.987573494856864,0.982586491102647,0.99197903405959,0.90934492296748,0.984495492741205,0.987573494856864,0.982586491102647,0.99197903405959,0.90934492296748,0.883687613745147,1.33673193423829
0.936849382473567,1.4975173667111,1,1,1,1,31,1,31zt03,O-M,1,0.2824,1.1523,0.98929509521085,0.991756167564981,0.988366080632126,0.994896631915035,0.932870654915822,0.98929509521085,0.991756167564981,0.988366080632126,0.994896631915035,0.932870654915822,0.936849382473567,1.4975173667111
1.25364412480116,-0.0878185793853903,1,1,1,1,31,1,31zt03,O-M,1,0.2161,1.0102,0.907960398691345,0.919313211807375,0.8832348210809,0.876781444754484,0.534989564698768,0.907960398691345,0.919313211807375,0.8832348210809,0.876781444754484,0.534989564698768,1.25364412480116,0.0878185793853903
-0.696151777599768,-0.592061899025268,1,1,0,0,31,1,31zt03,O-M,1,0.5898,0.4671,0.590964022720405,0.558482044716902,0.492967090595898,0.684089843263708,0.276904569717777,0.409035977279595,0.441517955283098,0.507032909404102,0.315910156736292,0.723095430282223,0.696151777599768,0.592061899025268
0.10353864921079,1.74227320174498,1,1,1,1,31,1,31zt03,O-M,1,0.6781,0.5832,0.987904601388667,0.991426726185524,0.988723346096723,0.997549741507368,0.959269674847739,0.987904601388667,0.991426726185524,0.988723346096723,0.997549741507368,0.959269674847739,0.10353864921079,1.74227320174498
0.99039764491408,0.634453153921813,1,1,1,1,31,1,31zt03,O-M,1,0.3865,0.5054,0.951670030787976,0.955912906283036,0.93798285415024,0.955966290047547,0.737107435009344,0.951670030787976,0.955912906283036,0.93798285415024,0.955966290047547,0.737107435009344,0.99039764491408,0.634453153921813
-0.845858273563979,0.74178374366152,0,0,1,0,31,1,31zt03,O-M,1,0.2528,0.9215,0.954480527007901,0.958646810306764,0.942762678721566,0.965085011737707,0.770890814254171,0.954480527007901,0.958646810306764,0.942762678721566,0.965085011737707,0.770890814254171,0.845858273563979,0.74178374366152
0.562115472148713,0.68033171973212,1,1,1,1,31,1,31zt03,O-M,1,0.3714,0.5066,0.93882670102743,0.943330175700367,0.924108206071351,0.960075246736651,0.751852777815268,0.93882670102743,0.943330175700367,0.924108206071351,0.960075246736651,0.751852777815268,0.562115472148713,0.68033171973212
0.81704781133664,0.0161447761664042,1,1,1,1,31,1,31zt03,O-M,1,0.4167,0.383,0.870759692411453,0.873507329718909,0.828750125229001,0.861563999266664,0.506440554026703,0.870759692411453,0.873507329718909,0.828750125229001,0.861563999266664,0.506440554026703,0.81704781133664,0.0161447761664042
-0.756065554013074,1.27401719748842,0,1,1,1,31,1,31zt03,O-M,1,0.5703,0.3221,0.980500844396812,0.984135991241912,0.978084019169046,0.990492720395617,0.898671339274852,0.980500844396812,0.984135991241912,0.978084019169046,0.990492720395617,0.898671339274852,0.756065554013074,1.27401719748842
0.547825542822036,0.672124086399083,1,1,1,1,31,1,31zt03,O-M,1,0.4283,0.5522,0.937487574979949,0.941992588340494,0.922447913876892,0.959363952855715,0.749247648095187,0.937487574979949,0.941992588340494,0.922447913876892,0.959363952855715,0.749247648095187,0.547825542822036,0.672124086399083
-1.60862871933234,0.82554369408584,0,1,1,1,31,1,31zt03,O-M,1,0.376,0.3127,0.979221997302646,0.983742312965598,0.974850202084675,0.971070975998929,0.79546850660299,0.979221997302646,0.983742312965598,0.974850202084675,0.971070975998929,0.79546850660299,1.60862871933234,0.82554369408584
-1.35403414211032,1.0134774521987,0,1,1,1,31,1,31zt03,O-M,1,0.2765,0.1759,0.981547162685244,0.984746294681417,0.977352871981743,0.981451987146017,0.844583919616196,0.981547162685244,0.984746294681417,0.977352871981743,0.981451987146017,0.844583919616196,1.35403414211032,1.0134774521987
-0.85942071557948,0.727683450499637,0,1,1,1,31,1,31zt03,O-M,1,0.3677,0.1459,0.953926510218581,0.958078031236072,0.941895954050963,0.963983672693827,0.766596308327957,0.953926510218581,0.958078031236072,0.941895954050963,0.963983672693827,0.766596308327957,0.85942071557948,0.727683450499637
0.66916003365037,-1.22825870840396,0,0,0,1,31,1,31zt03,O-M,1,0.0609,0.3794,0.40541194151077,0.35255799127446,0.280811902117779,0.437610408920055,0.10967493311545,0.59458805848923,0.64744200872554,0.719188097882221,0.562389591079945,0.89032506688455,0.66916003365037,1.22825870840396
-1.50950857318457,0.432629554783816,0,1,1,1,31,1,31zt03,O-M,1,0.245,0.6245,0.954426770702762,0.963241585087528,0.944131663369069,0.933691004007483,0.667358042637263,0.954426770702762,0.963241585087528,0.944131663369069,0.933691004007483,0.667358042637263,1.50950857318457,0.432629554783816
-1.48012328215098,0.826595954769563,0,1,1,1,31,1,31zt03,O-M,1,0.1596,0.235,0.976761162800787,0.981019374074521,0.971266546443479,0.97114037606488,0.795766944522256,0.976761162800787,0.981019374074521,0.971266546443479,0.97114037606488,0.795766944522256,1.48012328215098,0.826595954769563
1.68803199464248,0.0517111872762286,1,1,1,1,31,1,31zt03,O-M,1,0.313,0.4234,0.922688775985354,0.946214676752999,0.915605217857044,0.869268384705533,0.520620588494866,0.922688775985354,0.946214676752999,0.915605217857044,0.869268384705533,0.520620588494866,1.68803199464248,0.0517111872762286
-0.101197065505972,-0.308582870830395,0,1,0,0,31,1,31zt03,O-M,1,0.22,0.3314,0.725765272678713,0.708310549587856,0.646083259014118,0.777162533505533,0.378819426229958,0.274234727321287,0.291689450412144,0.353916740985882,0.222837466494467,0.621180573770042,0.101197065505972,0.308582870830395
0.890446084696392,1.65704008636345,1,1,1,1,31,1,31zt03,O-M,1,0.3442,0.2003,0.992025193735452,0.994108696623424,0.99171825539241,0.996816610027067,0.951244314572365,0.992025193735452,0.994108696623424,0.99171825539241,0.996816610027067,0.951244314572365,0.890446084696392,1.65704008636345
-1.50366269300547,0.0430826496697031,0,1,1,1,31,1,31zt03,O-M,1,0.1831,0.3947,0.914122062021556,0.933029610778691,0.89875416151006,0.867427076711782,0.517182174992678,0.914122062021556,0.933029610778691,0.89875416151006,0.867427076711782,0.517182174992678,1.50366269300547,0.0430826496697031
-1.18452959860624,-0.057934375967668,0,1,1,1,31,1,31zt03,O-M,1,0.2155,0.1697,0.900142378010644,0.910483975354924,0.871999054308175,0.870585374797839,0.523099549483095,0.900142378010644,0.910483975354924,0.871999054308175,0.870585374797839,0.523099549483095,1.18452959860624,0.057934375967668
0.94412425558533,0.443783518031275,1,1,1,1,31,1,31zt03,O-M,1,0.3831,0.3934,0.933207964967598,0.937448693559485,0.912863897450648,0.935115283887484,0.671400447092444,0.933207964967598,0.937448693559485,0.912863897450648,0.935115283887484,0.671400447092444,0.94412425558533,0.443783518031275
-0.457406031085514,0.965494365020948,0,1,1,1,31,1,31zt03,O-M,1,0.2237,0.1924,0.957979301732451,0.963361036973962,0.951120989183608,0.979161074901355,0.8328513714797,0.957979301732451,0.963361036973962,0.951120989183608,0.979161074901355,0.8328513714797,0.457406031085514,0.965494365020948
0.485807249544255,-1.70577460667728,0,0,0,1,31,1,31zt03,O-M,1,0.1129,0.2361,0.283043546388652,0.241270949932606,0.171671357702306,0.262862151275968,0.0440250263658836,0.716956453611348,0.758729050067394,0.828328642297694,0.737137848724032,0.955974973634116,0.485807249544255,1.70577460667728
0.190629273034468,0.993905403481459,1,1,1,1,31,1,31zt03,O-M,1,0.363,0.2656,0.952454593719757,0.959113124589183,0.946693033836322,0.980544820473687,0.839865538267946,0.952454593719757,0.959113124589183,0.946693033836322,0.980544820473687,0.839865538267946,0.190629273034468,0.993905403481459
-2.15564721395755,-0.0421504657118288,0,1,1,1,31,1,31zt03,O-M,1,0.2135,0.3159,0.934711518589118,0.970766340135444,0.948688218362585,0.867227086873048,0.516810624964642,0.934711518589118,0.970766340135444,0.948688218362585,0.867227086873048,0.516810624964642,2.15564721395755,0.0421504657118288
1.24642121506877,0.142626510349863,1,1,1,1,31,1,31zt03,O-M,1,0.3994,0.194,0.914657074878655,0.924795140972418,0.89116819950524,0.887598398313227,0.556707420352576,0.914657074878655,0.924795140972418,0.89116819950524,0.887598398313227,0.556707420352576,1.24642121506877,0.142626510349863
-0.13902640568714,-0.12317453835847,1,1,1,1,31,1,31zt03,O-M,1,0.1557,0.1802,0.839426298103475,0.836870537950484,0.794065712644875,0.883839770305456,0.549015556270562,0.839426298103475,0.836870537950484,0.794065712644875,0.883839770305456,0.549015556270562,0.13902640568714,0.12317453835847
-0.316403401165735,-2.37837963571278,1,0,0,1,31,1,31zt03,O-M,1,0.2689,0.2867,0.133392230865397,0.12621517961403,0.0724820924082609,0.0955806456295809,0.0086944564531895,0.866607769134603,0.873784820385969,0.927517907591739,0.904419354370419,0.99130554354681,0.316403401165735,2.37837963571278
-2.23322853935657,1.40702294791096,0,1,1,1,31,1,31zt03,O-M,1,0.1775,0.2885,0.996869621841607,0.99821429954917,0.996926371657221,0.993398591585408,0.920289707898939,0.996869621841607,0.99821429954917,0.996926371657221,0.993398591585408,0.920289707898939,2.23322853935657,1.40702294791096
0.428907349134394,0.678648102638163,1,1,1,1,31,1,31zt03,O-M,1,0.3688,0.4251,0.933167421571034,0.938054677078365,0.91815333729555,0.959930171204541,0.751319571771265,0.933167421571034,0.938054677078365,0.91815333729555,0.959930171204541,0.751319571771265,0.428907349134394,0.678648102638163
1.46017257610618,1.04083622997549,1,0,1,0,31,1,31zt03,O-M,1,0.1691,0.5527,0.984190778773458,0.987236202883827,0.980745286714631,0.982659539051271,0.851024218920252,0.984190778773458,0.987236202883827,0.980745286714631,0.982659539051271,0.851024218920252,1.46017257610618,1.04083622997549
0.48775587627062,0.0826476513776735,1,1,1,1,31,1,31zt03,O-M,1,0.15,0.3362,0.858187072288071,0.856709048971297,0.81306444331647,0.875724468114223,0.532934144733335,0.858187072288071,0.856709048971297,0.81306444331647,0.875724468114223,0.532934144733335,0.48775587627062,0.0826476513776735
0.722604369332144,0.845115742803081,1,1,1,1,31,1,31zt03,O-M,1,0.1783,0.1699,0.957679550627918,0.962108818305785,0.948190394346275,0.972339335588075,0.800976890277985,0.957679550627918,0.962108818305785,0.948190394346275,0.972339335588075,0.800976890277985,0.722604369332144,0.845115742803081
1.45861367472509,0.480823094098311,1,1,1,1,31,1,31zt03,O-M,1,0.099,0.3466,0.956449840989229,0.964053958697592,0.945836455501096,0.939675026719308,0.684678882376113,0.956449840989229,0.964053958697592,0.945836455501096,0.939675026719308,0.684678882376113,1.45861367472509,0.480823094098311
0.611272829032484,1.36282799919461,1,1,1,1,31,1,31zt03,O-M,1,0.1971,0.1209,0.98150666705438,0.98531640450048,0.979980768529538,0.992534661999719,0.913531637657612,0.98150666705438,0.98531640450048,0.979980768529538,0.992534661999719,0.913531637657612,0.611272829032484,1.36282799919461
-0.617037532509345,-1.12997756054427,1,1,0,0,31,1,31zt03,O-M,1,0.3407,0.2084,0.439592971524688,0.388711973190036,0.315254405319981,0.476575878510959,0.129242839969068,0.560407028475312,0.611288026809964,0.684745594680019,0.523424121489041,0.870757160030932,0.617037532509345,1.12997756054427
-0.606670838325082,-1.27413727421427,1,0,0,1,31,1,31zt03,O-M,1,0.4377,0.2414,0.397512389791528,0.34550966101134,0.272412302529741,0.419603057605284,0.101307385229183,0.602487610208472,0.65449033898866,0.727587697470259,0.580396942394716,0.898692614770817,0.606670838325082,1.27413727421427
-0.036476676500965,1.67976891713186,1,1,1,1,31,1,31zt03,O-M,1,0.6273,0.2825,0.985585181019473,0.989634387229669,0.986445538957403,0.99702929184776,0.953498857506463,0.985585181019473,0.989634387229669,0.986445538957403,0.99702929184776,0.953498857506463,0.036476676500965,1.67976891713186
-0.404195530610904,1.11386312142584,0,0,1,0,31,1,31zt03,O-M,1,0.2448,0.8451,0.966084238275339,0.97148388017821,0.962025438004754,0.985558924911613,0.867331043716635,0.966084238275339,0.97148388017821,0.962025438004754,0.985558924911613,0.867331043716635,0.404195530610904,1.11386312142584
-2.01776238679996,0.313303193249671,0,1,1,1,31,1,31zt03,O-M,1,0.2019,0.1387,0.958386726090808,0.976810148453798,0.960815221137166,0.916902101475645,0.622974837841829,0.958386726090808,0.976810148453798,0.960815221137166,0.916902101475645,0.622974837841829,2.01776238679996,0.313303193249671
1.7973629448364,0.706217332551696,1,1,1,1,31,1,31zt03,O-M,1,0.1406,0.115,0.977656753124119,0.98412796315973,0.974549836039608,0.962252518980932,0.75997350339059,0.977656753124119,0.98412796315973,0.974549836039608,0.962252518980932,0.75997350339059,1.7973629448364,0.706217332551696
-2.0704012901015,1.05998737441924,0,1,1,1,31,1,31zt03,O-M,1,0.2067,0.1136,0.991582331412524,0.994806375420954,0.991257473497175,0.983464307456886,0.855424828380658,0.991582331412524,0.994806375420954,0.991257473497175,0.983464307456886,0.855424828380658,2.0704012901015,1.05998737441924
-0.58546977954223,-1.62517143830413,1,0,0,1,31,1,31zt03,O-M,1,0.2667,0.216,0.297959627087529,0.250617529611042,0.182420033221224,0.28980885226292,0.0520630172192213,0.702040372912471,0.749382470388958,0.817579966778776,0.71019114773708,0.947936982780779,0.58546977954223,1.62517143830413
0.790624432927129,0.471984104355041,1,1,1,1,31,1,31zt03,O-M,1,0.2769,0.3434,0.928831942492857,0.932492216536746,0.907709892932879,0.93861036567924,0.68153093270356,0.928831942492857,0.932492216536746,0.907709892932879,0.93861036567924,0.68153093270356,0.790624432927129,0.471984104355041
1.43754252439066,-0.0238411298150552,1,1,1,1,31,1,31zt03,O-M,1,0.1482,0.1451,0.9085056624065,0.926290261646493,0.889981726917652,0.863256871750806,0.509510333742453,0.9085056624065,0.926290261646493,0.889981726917652,0.863256871750806,0.509510333742453,1.43754252439066,0.0238411298150552
-0.816966634634405,-0.907740104142053,1,0,0,1,31,1,31zt03,O-M,1,0.1018,0.1292,0.486550350217312,0.439914774704636,0.371631095810326,0.564932934252308,0.182007775061661,0.513449649782688,0.560085225295364,0.628368904189674,0.435067065747692,0.817992224938339,0.816966634634405,0.907740104142053
1.34980235832486,0.0933807103516442,1,1,1,1,31,1,31zt03,O-M,1,0.0113,0.4352,0.913531550208676,0.92697002080498,0.892559914598835,0.8779113358237,0.537199442770054,0.913531550208676,0.92697002080498,0.892559914598835,0.8779113358237,0.537199442770054,1.34980235832486,0.0933807103516442
0.324564883359963,0.899201941946424,1,1,1,1,31,1,31zt03,O-M,1,0.096,0.1133,0.94900110234354,0.954984795808215,0.940767757988696,0.975605454037222,0.81572744691995,0.94900110234354,0.954984795808215,0.940767757988696,0.975605454037222,0.81572744691995,0.324564883359963,0.899201941946424
-1.64588646234044,1.10649729663978,0,1,1,1,31,1,31zt03,O-M,1,0.2198,0.5152,0.988477130364699,0.991184668922975,0.986305683977896,0.985286760888168,0.865744333264599,0.988477130364699,0.991184668922975,0.986305683977896,0.985286760888168,0.865744333264599,1.64588646234044,1.10649729663978
0.116841274329442,1.78141729917947,1,1,1,1,31,1,31zt03,O-M,1,0.1106,0.0332,0.988994997199033,0.992276171583046,0.989824226083506,0.997832152170381,0.962577847885717,0.988994997199033,0.992276171583046,0.989824226083506,0.997832152170381,0.962577847885717,0.116841274329442,1.78141729917947
-1.64684778485878,0.894151090664555,0,1,1,1,31,1,31zt03,O-M,1,0.2409,0.0008,0.982410461527095,0.986443508522106,0.978897465426478,0.975314823718081,0.81437947164434,0.982410461527095,0.986443508522106,0.978897465426478,0.975314823718081,0.81437947164434,1.64684778485878,0.894151090664555
1.81154894740434,1.6955528273877,1,1,1,1,31,1,31zt03,O-M,1,0.0957,0.0758,0.997429973612662,0.998233396405827,0.997207014366908,0.997169361799439,0.955014701120141,0.997429973612662,0.998233396405827,0.997207014366908,0.997169361799439,0.955014701120141,1.81154894740434,1.6955528273877
-0.164410516509256,-1.10914279900656,0,0,0,1,31,1,31zt03,O-M,1,0.4199,0.2253,0.49032806970351,0.451687742778993,0.366607111931131,0.484877893477947,0.133684292064384,0.50967193029649,0.548312257221007,0.633392888068869,0.515122106522053,0.866315707935616,0.164410516509256,1.10914279900656
-1.23218001748828,-0.402444523818453,1,1,0,0,31,1,31zt03,O-M,1,0.3474,0.2175,0.596540238899326,0.578724513426834,0.524383259316429,0.748183264959357,0.343678454146731,0.403459761100674,0.421275486573166,0.475616740683571,0.251816735040643,0.656321545853269,1.23218001748828,0.402444523818453
-0.641642192640915,1.02863000604431,0,1,1,1,31,1,31zt03,O-M,1,0.3779,0.3051,0.966848873230687,0.971443074859332,0.961156672234756,0.982129342665406,0.848173213894599,0.966848873230687,0.971443074859332,0.961156672234756,0.982129342665406,0.848173213894599,0.641642192640915,1.02863000604431
0.0832469495669076,-0.795569115257222,0,0,0,1,31,1,31zt03,O-M,1,0.2347,0.3205,0.594500450906493,0.562172484774496,0.481541885041248,0.608595044660447,0.213141261919359,0.405499549093507,0.437827515225504,0.518458114958752,0.391404955339553,0.786858738080641,0.0832469495669076,0.795569115257222
-0.65938768669568,1.70333955644725,0,1,1,1,31,1,31zt03,O-M,1,0.1999,0.1643,0.991164465828117,0.9935787013555,0.991169847219499,0.997236244219568,0.955747728986696,0.991164465828117,0.9935787013555,0.991169847219499,0.997236244219568,0.955747728986696,0.65938768669568,1.70333955644725
-2.05928112691638,-0.026577007592734,0,1,1,1,31,1,31zt03,O-M,1,0.2139,0.2981,0.930726964092849,0.965546396708971,0.94103840478151,0.863855225285575,0.510601443967993,0.930726964092849,0.965546396708971,0.94103840478151,0.863855225285575,0.510601443967993,2.05928112691638,0.026577007592734
-0.342852761264931,1.28159347441122,0,1,1,1,31,1,31zt03,O-M,1,0.0439,0.0575,0.973812379459331,0.978921399670852,0.971987484777997,0.990684217012426,0.900007354738676,0.973812379459331,0.978921399670852,0.971987484777997,0.990684217012426,0.900007354738676,0.342852761264931,1.28159347441122
1.6785486779075,-2.27336401947726,0,0,0,1,31,1,31zt03,O-M,1,0.2362,0.0868,0.103382039749408,0.0658968842718025,0.0421133455291638,0.114655458585488,0.011502126260773,0.896617960250592,0.934103115728197,0.957886654470836,0.885344541414512,0.988497873739227,1.6785486779075,2.27336401947726
-1.41571467342219,0.936872874423693,0,1,1,1,31,1,31zt03,O-M,1,0.4256,0.2203,0.979910040872549,0.983451145427904,0.975202304223037,0.977683724858904,0.825588023106086,0.979910040872549,0.983451145427904,0.975202304223037,0.977683724858904,0.825588023106086,1.41571467342219,0.936872874423693
0.267379184363568,0.314145001796649,1,1,1,1,31,1,31zt03,O-M,1,0.5389,0.3206,0.879868669237953,0.881285679756232,0.847274502136655,0.917030812226601,0.623294544104471,0.879868669237953,0.881285679756232,0.847274502136655,0.917030812226601,0.623294544104471,0.267379184363568,0.314145001796649
-1.47193904990025,1.49520239320691,0,1,1,1,31,1,31zt03,O-M,1,0.2508,0.132,0.993841033412409,0.995367885216053,0.993017223152333,0.994862440933279,0.932569185425078,0.993841033412409,0.995367885216053,0.993017223152333,0.994862440933279,0.932569185425078,1.47193904990025,1.49520239320691
-0.569361131937611,-0.553338705864276,1,0,0,1,31,1,31zt03,O-M,1,0.7064,0.4986,0.614487994570792,0.583940580980326,0.517636973110949,0.697732319835594,0.290015750874152,0.385512005429208,0.416059419019674,0.482363026889051,0.302267680164406,0.709984249125848,0.569361131937611,0.553338705864276
0.0177730915610398,1.51372218124043,1,1,1,1,31,1,31zt03,O-M,1,0.3293,0.2582,0.979458397537099,0.984589408432053,0.979940082160414,0.995130349634889,0.934951841631808,0.979458397537099,0.984589408432053,0.979940082160414,0.995130349634889,0.934951841631808,0.0177730915610398,1.51372218124043
-0.896054898035144,-0.188835605022761,0,1,1,1,31,1,31zt03,O-M,1,0.3299,0.3454,0.901310134315804,0.905247495707341,0.869675432447044,0.896176830137766,0.574889167463701,0.901310134315804,0.905247495707341,0.869675432447044,0.896176830137766,0.574889167463701,0.896054898035144,0.188835605022761
-1.43039432809414,0.946132768440452,0,1,1,1,31,1,31zt03,O-M,1,0.2435,0.2093,0.980523644907686,0.984022822439854,0.976004671941502,0.978171072218277,0.827959563935664,0.980523644907686,0.984022822439854,0.976004671941502,0.978171072218277,0.827959563935664,1.43039432809414,0.946132768440452
0.455096892336741,-2.32408298443269,0,0,0,1,31,1,31zt03,O-M,1,0.2386,0.2033,0.138545479300227,0.12275215172459,0.0721139381390567,0.105129283011253,0.0100605234147659,0.861454520699773,0.87724784827541,0.927886061860943,0.894870716988747,0.989939476585234,0.455096892336741,2.32408298443269
-0.363923911599359,-1.08620351610141,1,0,0,1,31,1,31zt03,O-M,1,0.1566,0.7023,0.477535165156719,0.432511356037443,0.352780812872318,0.494025943471106,0.138694481018767,0.522464834843281,0.567488643962557,0.647219187127682,0.505974056528894,0.861305518981233,0.363923911599359,1.08620351610141
0.864776175287743,0.963179391516759,1,1,1,1,31,1,31zt03,O-M,1,0.2004,0.2638,0.968849842092632,0.972854673875546,0.962208040159667,0.979044742332672,0.8322712473108,0.968849842092632,0.972854673875546,0.962208040159667,0.979044742332672,0.8322712473108,0.864776175287743,0.963179391516759
-1.78616160494904,0.804077576137899,0,1,1,1,31,1,31zt03,O-M,1,0.254,0.2587,0.981415602873027,0.986604640833568,0.978591057752883,0.969624666603004,0.789323912970016,0.981415602873027,0.986604640833568,0.978591057752883,0.969624666603004,0.789323912970016,1.78616160494904,0.804077576137899
0.383465373875559,-0.576488440906173,0,1,0,0,31,1,31zt03,O-M,1,0.0837,0.4509,0.626587556424723,0.595884761824941,0.526388310560293,0.689608089974365,0.282142540335188,0.373412443575277,0.404115238175059,0.473611689439707,0.310391910025635,0.717857459664812,0.383465373875559,0.576488440906173
-0.71639151386428,0.189767788980636,0,1,1,1,31,1,31zt03,O-M,1,0.1364,0.2834,0.890417305475178,0.892290753663799,0.855210092926862,0.896344856994895,0.575254451064563,0.890417305475178,0.892290753663799,0.855210092926862,0.896344856994895,0.575254451064563,0.71639151386428,0.189767788980636
-1.47762903994123,1.18752136928642,0,1,1,1,31,1,31zt03,O-M,1,0.0678,0.2966,0.988362457771763,0.990800184158142,0.986092722333361,0.988050516971254,0.882488983655133,0.988362457771763,0.990800184158142,0.986092722333361,0.988050516971254,0.882488983655133,1.47762903994123,1.18752136928642
0.452602650126994,0.261742419747263,1,1,1,1,31,1,31zt03,O-M,1,0.0712,0.3462,0.883904857631334,0.884777465191318,0.849293109860701,0.908729280058571,0.603239982980641,0.883904857631334,0.884777465191318,0.849293109860701,0.908729280058571,0.603239982980641,0.452602650126994,0.261742419747263
-1.8410089518738,0.60498985477758,0,1,1,1,31,1,31zt03,O-M,1,0.2307,0.1853,0.973650152177587,0.982010713302975,0.97086932104243,0.953152257217744,0.727407131171414,0.973650152177587,0.982010713302975,0.97086932104243,0.953152257217744,0.727407131171414,1.8410089518738,0.60498985477758
1.35107546111942,0.74872866417409,1,1,1,1,31,1,31zt03,O-M,1,0.2674,0.0188,0.970099605150956,0.974618751916625,0.962363390053678,0.965617214246035,0.772989618339718,0.970099605150956,0.974618751916625,0.962363390053678,0.965617214246035,0.772989618339718,1.35107546111942,0.74872866417409
-0.376343159268726,-0.162529087929696,0,1,1,1,31,1,31zt03,O-M,1,0.2385,0.3526,0.86343477253464,0.86245679174157,0.82212647452161,0.891353323448923,0.564555388032584,0.86343477253464,0.86245679174157,0.82212647452161,0.891353323448923,0.564555388032584,0.376343159268726,0.162529087929696
1.67844475114876,1.25318243595071,1,1,1,1,31,1,31zt03,O-M,1,0.3372,0.1712,0.991797612766403,0.993854273412218,0.990417497001594,0.989948252434135,0.894930339745028,0.991797612766403,0.993854273412218,0.990417497001594,0.989948252434135,0.894930339745028,1.67844475114876,1.25318243595071
1.06026240847669,1.6629327461923,1,1,1,1,31,1,31zt03,O-M,1,0.2214,0.1608,0.993322470197824,0.995071856321248,0.992945431427489,0.996873026821255,0.9518370506958,0.993322470197824,0.995071856321248,0.992945431427489,0.996873026821255,0.9518370506958,1.06026240847669,1.6629327461923
-1.18829694361054,1.64988471371414,0,1,1,1,31,1,31zt03,O-M,1,0.4411,0.0584,0.993983147463794,0.995552265139258,0.993539275836918,0.996746873484526,0.950516741101644,0.993983147463794,0.995552265139258,0.993539275836918,0.996746873484526,0.950516741101644,1.18829694361054,1.64988471371414
0.707457044245866,-1.65000479043999,0,0,0,1,31,1,31zt03,O-M,1,0.4873,0.3618,0.282168517748405,0.232262341411917,0.168500796074317,0.281369970216593,0.0494709781416,0.717831482251595,0.767737658588083,0.831499203925683,0.718630029783407,0.9505290218584,0.707457044245866,1.65000479043999
-2.11545354001506,-0.0657211050272154,0,1,1,1,31,1,31zt03,O-M,1,0.2793,0.3211,0.936621254305708,0.970084843587027,0.948063184381837,0.87222026420963,0.526200065322235,0.936621254305708,0.970084843587027,0.948063184381837,0.87222026420963,0.526200065322235,2.11545354001506,0.0657211050272154
-1.4211968099457,-0.061932966565814,0,1,1,1,31,1,31zt03,O-M,1,0.4118,0.2804,0.912847706040994,0.928931020438761,0.894166923756941,0.871426714303554,0.524691892821636,0.912847706040994,0.928931020438761,0.894166923756941,0.871426714303554,0.524691892821636,1.4211968099457,0.061932966565814
-0.818707407843291,0.971176572713051,0,1,1,1,31,1,31zt03,O-M,1,0.1888,0.1286,0.968113331323147,0.972223727208769,0.961528290012225,0.979444302502,0.834269821057107,0.968113331323147,0.972223727208769,0.961528290012225,0.979444302502,0.834269821057107,0.818707407843291,0.971176572713051
-0.082204450346333,-1.20805530327649,0,0,0,1,31,1,31zt03,O-M,1,0.2179,0.1799,0.467345809002774,0.432756376881436,0.344534787863083,0.445583736773147,0.11351299534634,0.532654190997226,0.567243623118564,0.655465212136917,0.554416263226853,0.88648700465366,0.082204450346333,1.20805530327649
1.10923789353267,-1.16554397165409,0,0,0,1,31,1,31zt03,O-M,1,0.3029,0.2519,0.384309664492145,0.329706362384672,0.268048265910801,0.462429167801644,0.12189943602974,0.615690335507855,0.670293637615328,0.731951734089199,0.537570832198356,0.87810056397026,1.10923789353267,1.16554397165409
-1.77478162486707,0.0161447761664042,0,1,1,1,31,1,31zt03,O-M,1,0.1098,0.3544,0.921233739519147,0.948991149613773,0.918466997095623,0.861563999266664,0.506440554026703,0.921233739519147,0.948991149613773,0.918466997095623,0.861563999266664,0.506440554026703,1.77478162486707,0.0161447761664042
1.23200137729367,1.17321062398779,1,1,1,1,31,1,31zt03,O-M,1,0.337,0.1125,0.984660735678646,0.987437978914471,0.981659566244471,0.987597910109028,0.879644323650682,0.984660735678646,0.987437978914471,0.981659566244471,0.987597910109028,0.879644323650682,1.23200137729367,1.17321062398779
0.196657025041357,-0.78988690756512,0,1,0,0,31,1,31zt03,O-M,1,0.2369,0.4509,0.584339924990848,0.549138039801263,0.470666287264948,0.610775685679183,0.214796909057238,0.415660075009152,0.450861960198737,0.529333712735052,0.389224314320817,0.785203090942762,0.196657025041357,0.78988690756512
0.462008021792916,1.25654967013862,1,1,1,1,31,1,31zt03,O-M,1,0.2263,0.8318,0.974748455200539,0.979475172692821,0.972449182164488,0.990038049584681,0.89554162535907,0.974748455200539,0.979475172692821,0.972449182164488,0.990038049584681,0.89554162535907,0.462008021792916,1.25654967013862
-0.794518454746679,1.30284914022242,0,1,1,1,31,1,31zt03,O-M,1,0.1841,0.1998,0.982122200689236,0.985553895503412,0.979955625750307,0.991203567895774,0.903686864803354,0.982122200689236,0.985553895503412,0.979955625750307,0.991203567895774,0.903686864803354,0.794518454746679,1.30284914022242
-0.0364247131215953,-1.09125436738328,0,0,0,1,31,1,31zt03,O-M,1,0.1885,0.3705,0.508751865853398,0.475578186269118,0.387394330218284,0.492011256032136,0.137580485510692,0.491248134146602,0.524421813730882,0.612605669781715,0.507988743967864,0.862419514489308,0.0364247131215953,1.09125436738328
0.336412533856263,1.71954437097658,1,1,1,1,31,1,31zt03,O-M,1,0.3845,0.0469,0.989088674998455,0.992169772224299,0.989522495638731,0.99737087987049,0.957242352233948,0.989088674998455,0.992169772224299,0.989522495638731,0.99737087987049,0.957242352233948,0.336412533856263,1.71954437097658
-1.65485014528172,-0.291746699890833,0,1,1,1,31,1,31zt03,O-M,1,0.1464,0.3626,0.947271515186371,0.961099025439418,0.939274779337496,0.91355479209486,0.614759849826307,0.947271515186371,0.961099025439418,0.939274779337496,0.91355479209486,0.614759849826307,1.65485014528172,0.291746699890833
1.43671111032075,0.487978466747625,1,1,1,1,31,1,31zt03,O-M,1,0.1982,0.1301,0.956279867924336,0.963607671398536,0.945366891984673,0.9405262653315,0.687217453238393,0.956279867924336,0.963607671398536,0.945366891984673,0.9405262653315,0.687217453238393,1.43671111032075,0.487978466747625
1.81061360657568,1.4804707436348,1,1,1,1,31,1,31zt03,O-M,1,0.2717,0.0409,0.995734061428217,0.996987832024833,0.995217710876123,0.99464004509651,0.93062616860821,0.995734061428217,0.996987832024833,0.995217710876123,0.99464004509651,0.93062616860821,1.81061360657568,1.4804707436348
-1.67454426606285,1.41817691115842,0,1,1,1,31,1,31zt03,O-M,1,0.1822,0.0846,0.994234645859971,0.995753365542758,0.99339743201346,0.993602146800186,0.921930439481629,0.994234645859971,0.995753365542758,0.99339743201346,0.993602146800186,0.921930439481629,1.67454426606285,1.41817691115842
-1.81219525801328,1.52403433594091,0,1,1,1,31,1,31zt03,O-M,1,0.1568,0.1611,0.996149336052502,0.997294563546333,0.995707292250188,0.995274065692206,0.936249932916678,0.996149336052502,0.997294563546333,0.995707292250188,0.995274065692206,0.936249932916678,1.81219525801328,1.52403433594091
-2.04829087217968,1.18331232655153,0,1,1,1,31,1,31zt03,O-M,1,0.0882,0.1417,0.993517585897398,0.995883035151248,0.993125100621532,0.987918908480758,0.881657305331192,0.993517585897398,0.995883035151248,0.993125100621532,0.987918908480758,0.881657305331192,2.04829087217968,1.18331232655153
-2.18433099936965,1.3495695145797,0,1,1,1,31,1,31zt03,O-M,1,0.0083,0.1039,0.996198808242504,0.997765781815667,0.996184890644894,0.992256754195961,0.911422945814503,0.996198808242504,0.997765781815667,0.996184890644894,0.992256754195961,0.911422945814503,2.18433099936965,1.3495695145797
-0.298242200076012,0.791450447933228,0,1,1,1,31,1,31zt03,O-M,1,0.2602,0.1065,0.938754196595836,0.944660728745807,0.927554119092853,0.968746255365759,0.785659409403812,0.938754196595836,0.944660728745807,0.927554119092853,0.968746255365759,0.785659409403812,0.298242200076012,0.791450447933228
-0.768121058026853,1.48446933423294,0,1,1,1,31,1,31zt03,O-M,1,0.0576,0.0976,0.987215426960201,0.990134395231821,0.986321456640341,0.994701240677477,0.931157773635708,0.987215426960201,0.990134395231821,0.986321456640341,0.994701240677477,0.931157773635708,0.768121058026853,1.48446933423294
-0.790283439328046,-0.123595442631959,0,1,1,1,31,1,31zt03,O-M,1,0.0772,0.265,0.885592926871674,0.888046949196653,0.848429494238626,0.883922032903093,0.549182199464011,0.885592926871674,0.888046949196653,0.848429494238626,0.883922032903093,0.549182199464011,0.790283439328046,0.123595442631959
0.686723655877341,1.65177878294484,1,1,1,1,31,1,31zt03,O-M,1,0.2389,0.0988,0.990342867756679,0.992879663034327,0.990188818384893,0.996765465645189,0.950710172287343,0.990342867756679,0.992879663034327,0.990188818384893,0.996765465645189,0.950710172287343,0.686723655877341,1.65177878294484
0.729775315685167,1.18373323082502,1,1,1,1,31,1,31zt03,O-M,1,0.5675,0.1756,0.976451820208021,0.980423763380198,0.973061958539917,0.987932125639613,0.881740659932711,0.976451820208021,0.980423763380198,0.973061958539917,0.987932125639613,0.881740659932711,0.729775315685167,1.18373323082502
0.378736706352913,0.608567541102237,1,1,1,1,31,1,31zt03,O-M,1,0.4074,0.1558,0.923743594622747,0.928373140255259,0.906000442780399,0.953501469649378,0.728594437615453,0.923743594622747,0.928373140255259,0.906000442780399,0.953501469649378,0.728594437615453,0.378736706352913,0.608567541102237
0.756640382819321,1.17952418809013,1,1,1,1,31,1,31zt03,O-M,1,0.147,0.1561,0.976779845883116,0.980675354317129,0.973334755265,0.987799388227633,0.880905244539776,0.976779845883116,0.980675354317129,0.973334755265,0.987799388227633,0.880905244539776,0.756640382819321,1.17952418809013
0.816658085991367,1.145851846211,1,1,1,1,31,1,31zt03,O-M,1,0.1547,0.0793,0.976501648058577,0.980293471946257,0.97264426009851,0.986691189557368,0.874071770704397,0.976501648058577,0.980293471946257,0.97264426009851,0.986691189557368,0.874071770704397,0.816658085991367,1.145851846211
1.47939902647298,0.760093079558294,1,1,1,1,31,1,31zt03,O-M,1,0.0927,0.0586,0.973740087888153,0.978489552572279,0.967441089555185,0.966473699647948,0.776400525489938,0.973740087888153,0.978489552572279,0.967441089555185,0.966473699647948,0.776400525489938,1.47939902647298,0.760093079558294
0.792547077963809,0.207024864193687,1,1,1,1,31,1,31zt03,O-M,1,0.1286,0.2019,0.897540842444047,0.90028065278507,0.864608365099111,0.899419897382398,0.582004779846416,0.897540842444047,0.90028065278507,0.864608365099111,0.899419897382398,0.582004779846416,0.792547077963809,0.207024864193687
1.23285877305327,0.178403373596432,1,1,1,1,31,1,31zt03,O-M,1,0.1432,0.117,0.918363416068061,0.927640077191914,0.895438086528355,0.894282921268194,0.570796899970151,0.918363416068061,0.927640077191914,0.895438086528355,0.894282921268194,0.570796899970151,1.23285877305327,0.178403373596432
-1.60584867853606,0.250167552226314,0,1,1,1,31,1,31zt03,O-M,1,0.1798,0.168,0.941759363191216,0.956000977014967,0.931991930179055,0.906815282065948,0.598771111429552,0.941759363191216,0.956000977014967,0.931991930179055,0.906815282065948,0.598771111429552,1.60584867853606,0.250167552226314
0.686749637567026,1.11407357356258,1,1,1,1,31,1,31zt03,O-M,1,0.1752,0.1704,0.972392383471674,0.976675207969466,0.968079990730842,0.985566636912779,0.867376187698367,0.972392383471674,0.976675207969466,0.968079990730842,0.985566636912779,0.867376187698367,0.686749637567026,1.11407357356258
-1.36068545466964,0.550903655634238,0,1,1,1,31,1,31zt03,O-M,1,0.1049,0.1295,0.958360565811018,0.964446224477112,0.94726914420839,0.947612442541305,0.70915013931649,0.958360565811018,0.964446224477112,0.94726914420839,0.947612442541305,0.70915013931649,1.36068545466964,0.550903655634238
-1.33197568756786,0.782190553916469,0,1,1,1,31,1,31zt03,O-M,1,0.1686,0.1797,0.971342132613928,0.975627911210751,0.963959400406724,0.968088820568934,0.782948702478642,0.971342132613928,0.975627911210751,0.963959400406724,0.968088820568934,0.782948702478642,1.33197568756786,0.782190553916469
1.6411090630716,0.542275118027712,1,1,1,1,31,1,31zt03,O-M,1,0.2079,0.0837,0.96576482603407,0.97386828307594,0.959301326359157,0.946682400399571,0.706185503051646,0.96576482603407,0.97386828307594,0.959301326359157,0.946682400399571,0.706185503051646,1.6411090630716,0.542275118027712
-0.744217903516774,1.0862938915123,0,1,1,1,31,1,31zt03,O-M,1,0.1605,0.0681,0.972283805641829,0.976431037202396,0.967564747648644,0.984517496811045,0.861325505651617,0.972283805641829,0.976431037202396,0.967564747648644,0.984517496811045,0.861325505651617,0.744217903516774,1.0862938915123
-0.55099207733041,-0.0909753614365581,0,1,1,1,31,1,31zt03,O-M,1,0.0268,0.3361,0.864146755406237,0.863416385742973,0.820510556392602,0.877423609348055,0.536243915709914,0.864146755406237,0.863416385742973,0.820510556392602,0.877423609348055,0.536243915709914,0.55099207733041,0.0909753614365581
0.859475910592029,-1.58834231437384,0,1,0,0,31,1,31zt03,O-M,1,0.2448,0.3444,0.287513942195794,0.233455216117933,0.17266771321894,0.302538256742336,0.0561044770067933,0.712486057804206,0.766544783882067,0.82733228678106,0.697461743257664,0.943895522993207,0.859475910592029,1.58834231437384
-0.172334931863141,1.56970244961447,1,1,1,1,31,1,31zt03,O-M,1,0.2462,0.2675,0.983295041526122,0.987588549194426,0.983642194622215,0.995866068142318,0.941757824463153,0.983295041526122,0.987588549194426,0.983642194622215,0.995866068142318,0.941757824463153,0.172334931863141,1.56970244961447
-0.0480385284107313,1.06335460860715,1,0,1,0,31,1,31zt03,O-M,1,0.2596,0.2975,0.953950865509135,0.961254101307227,0.94996861537505,0.983602449243443,0.856189415404826,0.953950865509135,0.961254101307227,0.94996861537505,0.983602449243443,0.856189415404826,0.0480385284107313,1.06335460860715
-2.03171455416073,-1.26992823147938,1,0,0,1,31,1,31zt03,O-M,1,0.7646,0.3683,0.286136359986233,0.23849626371901,0.195417042245627,0.421248706498857,0.102055097906398,0.713863640013767,0.76150373628099,0.804582957754373,0.578751293501143,0.897944902093602,2.03171455416073,1.26992823147938
-1.55149498371531,0.632559084691113,0,1,1,1,31,1,31zt03,O-M,1,0.2728,0.1797,0.968850802820561,0.975118775456048,0.96187622347127,0.955789584460423,0.736489193482388,0.968850802820561,0.975118775456048,0.96187622347127,0.955789584460423,0.736489193482388,1.55149498371531,0.632559084691113
-1.05295832204206,-0.0053213417815371,0,1,1,1,31,1,31zt03,O-M,1,0.4056,0.1927,0.884620493455478,0.892633500315902,0.849791773214827,0.85915922549866,0.502122898206213,0.884620493455478,0.892633500315902,0.849791773214827,0.85915922549866,0.502122898206213,1.05295832204206,0.0053213417815371
-1.97767263961621,1.09008202997371,0,1,1,1,31,1,31zt03,O-M,1,0.1866,0.1423,0.991428097840201,0.994351328052033,0.990676494952349,0.984664309059362,0.862161494324852,0.991428097840201,0.994351328052033,0.990676494952349,0.984664309059362,0.862161494324852,1.97767263961621,1.09008202997371
-0.469721351996142,-0.350883750316044,1,0,0,1,31,1,31zt03,O-M,1,0.4878,0.6022,0.679727544457663,0.659007746241067,0.598031814956377,0.764343533690708,0.362837781374004,0.320272455542337,0.340992253758933,0.401968185043623,0.235656466309292,0.637162218625996,0.469721351996142,0.350883750316044
-0.321677684171763,1.47394672739572,0,1,1,1,31,1,31zt03,O-M,1,0.181,0.0832,0.981620804224895,0.985932909859579,0.981272932318958,0.99453884990789,0.929752032414124,0.981620804224895,0.985932909859579,0.981272932318958,0.99453884990789,0.929752032414124,0.321677684171763,1.47394672739572
0.504020414013348,-0.855127069955922,0,0,0,1,31,1,31zt03,O-M,1,0.4178,0.2192,0.533258916796135,0.490674368855674,0.416690174186776,0.585545547336537,0.196240402504135,0.466741083203865,0.509325631144326,0.583309825813224,0.414454452663463,0.803759597495865,0.504020414013348,0.855127069955922
1.43814010325341,1.01368790433544,1,1,1,1,31,1,31zt03,O-M,1,0.224,0.0555,0.982984759311899,0.986158161491168,0.979188309515509,0.981461542498683,0.84463415124039,0.982984759311899,0.986158161491168,0.979188309515509,0.981461542498683,0.84463415124039,1.43814010325341,1.01368790433544
-2.05527994670491,1.38639863851,0,1,1,1,31,1,31zt03,O-M,1,0.0453,0.065,0.996005312873906,0.997442718794482,0.995748994547967,0.993007079675912,0.917187394019533,0.996005312873906,0.997442718794482,0.995748994547967,0.993007079675912,0.917187394019533,2.05527994670491,1.38639863851
1.23223521250083,0.629612754776689,1,1,1,1,31,1,31zt03,O-M,1,0.0083,0.0008,0.95962706538616,0.964517236658291,0.94837411348598,0.95551357337747,0.735526011750701,0.95962706538616,0.964517236658291,0.94837411348598,0.95551357337747,0.735526011750701,1.23223521250083,0.629612754776689
1.32530162495203,0.321931730856196,1,1,1,1,31,1,31zt03,O-M,1,0.7378,0.258,0.938103677032704,0.946593981371211,0.921454466326429,0.918214285868263,0.626247792976109,0.938103677032704,0.946593981371211,0.921454466326429,0.918214285868263,0.626247792976109,1.32530162495203,0.321931730856196
-0.188001890743116,1.03262859664245,1,1,1,1,31,1,31zt03,O-M,1,0.2258,0.0754,0.955317408156888,0.961933708353629,0.95033394399141,0.982304530450581,0.849111129861422,0.955317408156888,0.961933708353629,0.95033394399141,0.982304530450581,0.849111129861422,0.188001890743116,1.03262859664245
-1.22067012895789,0.442941709484297,0,1,1,1,31,1,31zt03,O-M,1,0.1969,0.1543,0.944971537205541,0.951045095386598,0.929065823436973,0.935008626530866,0.67109605128615,0.944971537205541,0.951045095386598,0.929065823436973,0.935008626530866,0.67109605128615,1.22067012895789,0.442941709484297
1.71921002226432,0.76598573938714,1,1,1,1,31,1,31zt03,O-M,1,0.145,0.2327,0.978816408308547,0.984228000348682,0.975100420032593,0.966910841952989,0.778157606247952,0.978816408308547,0.984228000348682,0.975100420032593,0.966910841952989,0.778157606247952,1.71921002226432,0.76598573938714
1.57358265158063,0.452201603501056,1,1,1,1,31,1,31zt03,O-M,1,0.2276,0.072,0.957858202584551,0.966958237252767,0.949187501893898,0.936174396994168,0.674438123437541,0.957858202584551,0.966958237252767,0.949187501893898,0.936174396994168,0.674438123437541,1.57358265158063,0.452201603501056
-1.56804532004457,1.55454989576887,0,1,1,1,31,1,31zt03,O-M,1,0.3755,0.0229,0.995170083507462,0.996450767913524,0.994579010688964,0.995677442384464,0.939973347697942,0.995170083507462,0.996450767913524,0.994579010688964,0.995677442384464,0.939973347697942,1.56804532004457,1.55454989576887
-1.730430880575,0.411584341109363,0,1,1,1,31,1,31zt03,O-M,1,0.1473,0.1129,0.959231513438392,0.970844134070556,0.953785563860673,0.930937890755534,0.659677944553719,0.959231513438392,0.970844134070556,0.953785563860673,0.930937890755534,0.659677944553719,1.730430880575,0.411584341109363
0.114113196912531,-2.30366912716848,0,0,0,1,31,1,31zt03,O-M,1,0.4156,0.304,0.156080417306505,0.158077149623192,0.0930499569390359,0.108892213495462,0.0106206120740399,0.843919582693495,0.841922850376808,0.906950043060964,0.891107786504538,0.98937938792596,0.114113196912531,2.30366912716848
1.74324308522282,0.154411830007556,1,1,1,1,31,1,31zt03,O-M,1,0.072,0.211,0.936539082717547,0.956800116003992,0.931365157900588,0.889832919799577,0.561357486735535,0.936539082717547,0.956800116003992,0.931365157900588,0.889832919799577,0.561357486735535,1.74324308522282,0.154411830007556
0.881560346824167,1.21067110432832,1,1,1,1,31,1,31zt03,O-M,1,0.1678,0.0743,0.98025375864988,0.983694234544817,0.977184713329968,0.988752357547081,0.886989259462618,0.98025375864988,0.983694234544817,0.977184713329968,0.988752357547081,0.886989259462618,0.881560346824167,1.21067110432832
-1.39277284143045,1.68503022055047,0,1,1,1,31,1,31zt03,O-M,1,0.2585,0.1093,0.995572477345172,0.996780932242117,0.995205114351757,0.997076660948813,0.954008629470641,0.995572477345172,0.996780932242117,0.995205114351757,0.997076660948813,0.954008629470641,1.39277284143045,1.68503022055047
-0.122190270771345,-0.616684799024377,0,1,0,0,31,1,31zt03,O-M,1,0.1951,0.1691,0.642082340836504,0.61345751643875,0.539154551849849,0.675281125544348,0.268721324777336,0.357917659163496,0.38654248356125,0.460845448150151,0.324718874455652,0.731278675222664,0.122190270771345,0.616684799024377
-1.43798098148212,0.517441765891859,0,1,1,1,31,1,31zt03,O-M,1,0.3784,0.1609,0.958442821265467,0.96540666155292,0.948045708425397,0.943932540436344,0.697576094740837,0.958442821265467,0.96540666155292,0.948045708425397,0.943932540436344,0.697576094740837,1.43798098148212,0.517441765891859
0.456084196544766,0.848693429127738,1,1,1,1,31,1,31zt03,O-M,1,0.4471,0.3376,0.949264310070046,0.954593624751355,0.939591694663913,0.972566101387091,0.80197404826476,0.949264310070046,0.954593624751355,0.939591694663913,0.972566101387091,0.80197404826476,0.456084196544766,0.848693429127738
0.182808784439322,1.27801578808657,1,1,1,1,31,1,31zt03,O-M,1,0.4948,0.2575,0.970774111219456,0.976577573223148,0.969281863804518,0.990594212685502,0.899378070243288,0.970774111219456,0.976577573223148,0.969281863804518,0.990594212685502,0.899378070243288,0.182808784439322,1.27801578808657
1.6237792760518,0.800499889813242,1,1,1,1,31,1,31zt03,O-M,1,0.1547,0.1709,0.97849505014281,0.983273330968062,0.974052659461772,0.969377885550533,0.788289386314253,0.97849505014281,0.983273330968062,0.974052659461772,0.969377885550533,0.788289386314253,1.6237792760518,0.800499889813242
-1.8511418108509,-0.0175275657127195,0,1,1,1,31,1,31zt03,O-M,1,0.2012,0.0259,0.923907776350509,0.953743928130494,0.924769832084474,0.86186920240221,0.506992129018347,0.923907776350509,0.953743928130494,0.924769832084474,0.86186920240221,0.506992129018347,1.8511418108509,0.0175275657127195
-0.189976499159166,1.40828566073143,1,1,1,1,31,1,31zt03,O-M,1,0.1844,0.0007,0.977222371324548,0.982340917099969,0.976765486642236,0.993421919489581,0.920476750037127,0.977222371324548,0.982340917099969,0.976765486642236,0.993421919489581,0.920476750037127,0.189976499159166,1.40828566073143
-0.0921554374956375,0.867002765024512,1,1,1,1,31,1,31zt03,O-M,1,0.1497,0.0074,0.938469047596641,0.945669938596563,0.929967601569521,0.973702475796663,0.807029752650191,0.938469047596641,0.945669938596563,0.929967601569521,0.973702475796663,0.807029752650191,0.0921554374956375,0.867002765024512
-1.09720513957539,0.590889561615697,0,1,1,1,31,1,31zt03,O-M,1,0.2501,0.0416,0.952262284533186,0.956862606868852,0.938478445680037,0.951755419274895,0.722702789764295,0.952262284533186,0.956862606868852,0.938478445680037,0.951755419274895,0.722702789764295,1.09720513957539,0.590889561615697
-2.23333246611531,0.0363481812938784,0,1,1,1,31,1,31zt03,O-M,1,0.1212,0.1547,0.935514058127737,0.973785142570522,0.952988005774039,0.865977599563736,0.514497633908045,0.935514058127737,0.973785142570522,0.952988005774039,0.865977599563736,0.514497633908045,2.23333246611531,0.0363481812938784
-0.6583224374186,0.510707297516034,0,1,1,1,31,1,31zt03,O-M,1,0.2826,0.0921,0.926504204262098,0.930098735914921,0.905811539491363,0.943167853838156,0.695221984976502,0.926504204262098,0.930098735914921,0.905811539491363,0.943167853838156,0.695221984976502,0.6583224374186,0.510707297516034
-1.65521388893731,1.0517797410862,0,1,1,1,31,1,31zt03,O-M,1,0.1252,0.0361,0.987242238264439,0.990239682655023,0.984805586343089,0.983123407517123,0.853549692060176,0.987242238264439,0.990239682655023,0.984805586343089,0.983123407517123,0.853549692060176,1.65521388893731,1.0517797410862
1.15766776310526,-1.26129969387285,0,0,0,1,31,1,31zt03,O-M,1,0.0967,0.099,0.353214538319922,0.296852391030962,0.237391447306709,0.424626560540646,0.103600445737539,0.646785461680078,0.703147608969038,0.762608552693291,0.575373439459354,0.896399554262461,1.15766776310526,1.26129969387285
-0.94700499150717,1.43480262996124,0,1,1,1,31,1,31zt03,O-M,1,0.1279,0.0437,0.987946982129848,0.990571409689286,0.986684990162225,0.993895251630209,0.924328325862148,0.987946982129848,0.990571409689286,0.986684990162225,0.993895251630209,0.924328325862148,0.94700499150717,1.43480262996124
-0.499574313444056,1.51056539918926,0,1,1,1,31,1,31zt03,O-M,1,0.1783,0.0835,0.984958318647267,0.988538220776934,0.984499790652049,0.99508558283426,0.934550392419966,0.984958318647267,0.988538220776934,0.984499790652049,0.99508558283426,0.934550392419966,0.499574313444056,1.51056539918926
-0.0843349489004922,-1.82047102120305,0,1,0,0,31,1,31zt03,O-M,1,0.174,0.0448,0.278893999738195,0.262303949262641,0.180090600165734,0.22685543722718,0.0343436527192739,0.721106000261805,0.737696050737359,0.819909399834266,0.77314456277282,0.965656347280726,0.0843349489004922,1.82047102120305
0.784804534437718,0.132103903512636,1,1,1,1,31,1,31zt03,O-M,1,0.3959,0.3782,0.886488623371246,0.888892620477264,0.849639096917716,0.885576088086719,0.552548945791002,0.886488623371246,0.888892620477264,0.849639096917716,0.885576088086719,0.552548945791002,0.784804534437718,0.132103903512636
0.440235365836996,0.086856694112564,1,1,1,1,31,1,31zt03,O-M,1,0.5433,0.2644,0.855414730243993,0.853574765444241,0.809916648330739,0.876585306606943,0.534607288767245,0.855414730243993,0.853574765444241,0.809916648330739,0.876585306606943,0.534607288767245,0.440235365836996,0.086856694112564
-1.51111943794503,0.401272186408882,0,1,1,1,31,1,31zt03,O-M,1,0.6341,0.2631,0.951997869804029,0.961382966605123,0.941301509169867,0.929557100975407,0.655890130565534,0.951997869804029,0.961382966605123,0.941301509169867,0.929557100975407,0.655890130565534,1.51111943794503,0.401272186408882
-1.35338459986819,1.59411489747684,0,1,1,1,31,1,31zt03,O-M,1,0.2517,0.1393,0.994323639783408,0.995776182111942,0.993737230397058,0.99615450960979,0.944544848598024,0.994323639783408,0.995776182111942,0.993737230397058,0.99615450960979,0.944544848598024,1.35338459986819,1.59411489747684
0.697584002165616,1.00169213254101,1,1,1,1,31,1,31zt03,O-M,1,0.4292,0.2322,0.966727579984059,0.971162926150035,0.960565036735574,0.980910153589474,0.841753846186734,0.966727579984059,0.971162926150035,0.960565036735574,0.980910153589474,0.841753846186734,0.697584002165616,1.00169213254101
-1.38482244438688,0.73062978041406,0,1,1,1,31,1,31zt03,O-M,1,0.1923,0.0825,0.970002539051184,0.974722206923954,0.962321668947806,0.964216125003045,0.767497341605075,0.970002539051184,0.974722206923954,0.962321668947806,0.964216125003045,0.767497341605075,1.38482244438688,0.73062978041406
-0.18044121904482,0.948868646218131,1,1,1,1,31,1,31zt03,O-M,1,0.1602,0.153,0.948555471698112,0.955300406336908,0.941837420256289,0.978313329433807,0.828656288559931,0.948555471698112,0.955300406336908,0.941837420256289,0.978313329433807,0.828656288559931,0.18044121904482,0.948868646218131
-1.78184864446135,0.0430826496697031,0,1,1,1,31,1,31zt03,O-M,1,0.282,0.1557,0.924894458399123,0.951379498159805,0.922147592779737,0.867427076711782,0.517182174992678,0.924894458399123,0.951379498159805,0.922147592779737,0.867427076711782,0.517182174992678,1.78184864446135,0.0430826496697031
-1.9623954060815,1.43059358722634,0,1,1,1,31,1,31zt03,O-M,1,0.1068,0.1551,0.996000244351654,0.99731848042617,0.995624290943174,0.993822195185639,0.923726636783905,0.996000244351654,0.99731848042617,0.995624290943174,0.993822195185639,0.923726636783905,1.9623954060815,1.43059358722634
-0.541664650733542,1.13027838809191,0,1,1,1,31,1,31zt03,O-M,1,0.1904,0.0413,0.970076995612245,0.974862226877293,0.966082805634994,0.986149910205388,0.870820530883548,0.970076995612245,0.974862226877293,0.966082805634994,0.986149910205388,0.870820530883548,0.541664650733542,1.13027838809191
1.50415957674266,0.912460426561329,1,1,1,1,31,1,31zt03,O-M,1,0.2483,0.0408,0.980629475753752,0.984361207673611,0.976235860280683,0.976354719847634,0.819236803748155,0.980629475753752,0.984361207673611,0.976235860280683,0.976354719847634,0.819236803748155,1.50415957674266,0.912460426561329
1.30519179713594,1.60758383422849,1,1,1,1,31,1,31zt03,O-M,1,0.1117,0.1477,0.994184413335916,0.995674551762043,0.993626190211521,0.996305807383083,0.946036822464195,0.994184413335916,0.995674551762043,0.993626190211521,0.996305807383083,0.946036822464195,1.30519179713594,1.60758383422849
-0.416458888142162,1.67555987439697,0,1,1,1,31,1,31zt03,O-M,1,0.1664,0.0007,0.9886647574763,0.991751487462291,0.9888981067762,0.996990899754675,0.953087783025992,0.9886647574763,0.991751487462291,0.9888981067762,0.996990899754675,0.953087783025992,0.416458888142162,1.67555987439697
1.16541030663135,1.1094436265542,1,1,1,1,31,1,31zt03,O-M,1,0.25,0.1211,0.981554950479683,0.984628559259906,0.977760044309394,0.985396151487781,0.866380574539994,0.981554950479683,0.984628559259906,0.977760044309394,0.985396151487781,0.866380574539994,1.16541030663135,1.1094436265542
1.84584477778837,1.65577737354298,1,1,1,1,31,1,31zt03,O-M,1,0.1272,0.059,0.997294796179283,0.998145564757999,0.997049577606692,0.996804402192124,0.951116544241783,0.997294796179283,0.998145564757999,0.997049577606692,0.996804402192124,0.951116544241783,1.84584477778837,1.65577737354298
0.950281916040644,-2.23169449640185,0,0,0,1,31,1,31zt03,O-M,1,0.2844,0.1637,0.136305310962968,0.102248312733834,0.0632483378581582,0.122929507653988,0.0128175806236208,0.863694689037032,0.897751687266166,0.936751662141842,0.877070492346012,0.987182419376379,0.950281916040644,2.23169449640185
-0.416121126176259,-0.415071652023124,1,1,0,0,31,1,31zt03,O-M,1,0.2177,0.4336,0.667757201576,0.644076188087334,0.580291315188508,0.744138303856727,0.339044725451599,0.332242798424,0.355923811912666,0.419708684811492,0.255861696143273,0.660955274548401,0.416121126176259,0.415071652023124
1.73186310514085,0.659707410331156,1,1,1,1,31,1,31zt03,O-M,1,0.1719,0.1924,0.9742814733741,0.981113770810239,0.970088099465728,0.95826837684472,0.745279194830647,0.9742814733741,0.981113770810239,0.970088099465728,0.95826837684472,0.745279194830647,1.73186310514085,0.659707410331156
-1.24558656936568,1.21403833851623,0,1,1,1,31,1,31zt03,O-M,1,0.2155,0.0082,0.986012583732353,0.988645338966845,0.983390727916123,0.988851398646475,0.887633457811658,0.986012583732353,0.988645338966845,0.983390727916123,0.988851398646475,0.887633457811658,1.24558656936568,1.21403833851623
-0.471072399859755,-1.8972860511148,1,0,0,1,31,1,31zt03,O-M,1,0.1578,0.1469,0.233306030038517,0.199005379477186,0.134243286511626,0.204385642780708,0.0288950974838703,0.766693969961483,0.800994620522814,0.865756713488374,0.795614357219292,0.97110490251613,0.471072399859755,1.8972860511148
-0.630937736490749,1.39881531457792,0,1,1,1,31,1,31zt03,O-M,1,0.2091,0.0881,0.983019515792644,0.986635907363382,0.981736440991598,0.993245169448787,0.919065813682986,0.983019515792644,0.986635907363382,0.981736440991598,0.993245169448787,0.919065813682986,0.630937736490749,1.39881531457792
0.841366672881676,0.340030614616225,1,1,1,1,31,1,31zt03,O-M,1,0.2322,0.1524,0.917021563672876,0.920556021235579,0.891065599325393,0.920915845729297,0.633083263516735,0.917021563672876,0.920556021235579,0.891065599325393,0.920915845729297,0.633083263516735,0.841366672881676,0.340030614616225
1.51400663713323,1.59201037610939,1,1,1,1,31,1,31zt03,O-M,1,0.1737,0.0417,0.995264278186046,0.996521810249735,0.994730213826233,0.996130374127407,0.944308813430325,0.995264278186046,0.996521810249735,0.994730213826233,0.996130374127407,0.944308813430325,1.51400663713323,1.59201037610939
0.725072629852206,0.412005245382852,1,1,1,1,31,1,31zt03,O-M,1,0.133,0.0976,0.919119980126504,0.922326533996663,0.894803061403424,0.930993803272912,0.6598322107124,0.919119980126504,0.922326533996663,0.894803061403424,0.930993803272912,0.6598322107124,0.725072629852206,0.412005245382852
-0.26909074424959,-0.581749744324786,1,1,0,0,31,1,31zt03,O-M,1,0.0804,0.3228,0.636759881287086,0.607014846087529,0.535826090149254,0.6877485043289,0.280367629775443,0.363240118712914,0.392985153912471,0.464173909850746,0.3122514956711,0.719632370224557,0.26909074424959,0.581749744324786
-0.989511035831615,0.492818865892749,0,1,1,1,31,1,31zt03,O-M,1,0.2782,0.0517,0.939855476331019,0.94427119148502,0.921818074147218,0.94109674416881,0.688929710412069,0.939855476331019,0.94427119148502,0.921818074147218,0.94109674416881,0.688929710412069,0.989511035831615,0.492818865892749
-0.34888051327182,1.38576728209976,0,1,1,1,31,1,31zt03,O-M,1,0.1807,0.0417,0.978565628468347,0.98319949635477,0.97761826145749,0.992994777908113,0.917091012060925,0.978565628468347,0.98319949635477,0.97761826145749,0.992994777908113,0.917091012060925,0.34888051327182,1.38576728209976
-0.529765036857872,-1.64369122633765,1,0,0,1,31,1,31zt03,O-M,1,0.6815,0.2587,0.296994584451767,0.25186230159725,0.182262581098816,0.283504169717605,0.0501199995864489,0.703005415548233,0.74813769840275,0.817737418901184,0.716495830282395,0.949880000413551,0.529765036857872,1.64369122633765
0.311574038517529,1.60568976499779,1,1,1,1,31,1,31zt03,O-M,1,0.2361,0.1772,0.985848820052946,0.98954101672843,0.986057033627977,0.996284858932405,0.945828954388721,0.985848820052946,0.98954101672843,0.986057033627977,0.996284858932405,0.945828954388721,0.311574038517529,1.60568976499779
0.94513754148304,0.165565793255016,1,1,1,1,31,1,31zt03,O-M,1,0.1638,0.2003,0.901098030750062,0.905762237380085,0.869599137479087,0.891918216896723,0.565750665638565,0.901098030750062,0.905762237380085,0.869599137479087,0.891918216896723,0.565750665638565,0.94513754148304,0.165565793255016
-2.15782967589108,1.57306968380239,0,1,1,1,31,1,31zt03,O-M,1,0.2436,0.1151,0.99776052678042,0.998639391926639,0.997707381803385,0.995906971253857,0.942148658122661,0.99776052678042,0.998639391926639,0.997707381803385,0.995906971253857,0.942148658122661,2.15782967589108,1.57306968380239
-1.7546458153613,1.00484891459217,0,1,1,1,31,1,31zt03,O-M,1,0.1611,0.0169,0.98726208812626,0.990608036883073,0.985114513548514,0.981056591098055,0.842515196852141,0.98726208812626,0.990608036883073,0.985114513548514,0.981056591098055,0.842515196852141,1.7546458153613,1.00484891459217
0.238539508813365,-0.0381518751136828,1,1,1,1,31,1,31zt03,O-M,1,0.1811,0.4176,0.831352246745793,0.82710269785213,0.780469867878478,0.866366876672006,0.515216704484723,0.831352246745793,0.82710269785213,0.780469867878478,0.866366876672006,0.515216704484723,0.238539508813365,0.0381518751136828
0.62283468094225,-0.219561616987462,1,1,1,1,31,1,31zt03,O-M,1,0.091,0.3479,0.888706102157468,0.889998875428714,0.853617190783854,0.901611718128222,0.586893706428624,0.888706102157468,0.889998875428714,0.853617190783854,0.901611718128222,0.586893706428624,0.62283468094225,0.219561616987462
-0.978858543060819,-0.332363962282526,1,1,0,0,31,1,31zt03,O-M,1,0.0802,0.211,0.638296111629938,0.621477044279335,0.566156739804414,0.770005285239438,0.369807223610069,0.361703888370062,0.378522955720665,0.433843260195586,0.229994714760562,0.630192776389931,0.978858543060819,0.332363962282526
-0.930636527005703,1.10691820091327,0,1,1,1,31,1,31zt03,O-M,1,0.2435,0.1544,0.977103691132817,0.980670521691927,0.972833046894833,0.985302431144071,0.865835352046233,0.977103691132817,0.980670521691927,0.972833046894833,0.985302431144071,0.865835352046233,0.930636527005703,1.10691820091327
0.920221101075251,0.0639174112074109,1,1,1,1,31,1,31zt03,O-M,1,0.1115,0.1159,0.885110992431533,0.889735633760387,0.848396108243649,0.871842846885355,0.525482005755976,0.885110992431533,0.889735633760387,0.848396108243649,0.871842846885355,0.525482005755976,0.920221101075251,0.0639174112074109
0.854955096586862,-0.0602493494718577,1,1,1,1,31,1,31zt03,O-M,1,0.1571,0.2884,0.880296485283322,0.8837230794716,0.84155927407184,0.871072929897123,0.524021479061381,0.880296485283322,0.8837230794716,0.84155927407184,0.871072929897123,0.524021479061381,0.854955096586862,0.0602493494718577
-0.064848681636841,-0.291325795617344,1,1,1,1,31,1,31zt03,O-M,1,0.0102,0.1351,0.86328280754431,0.864611191403126,0.829084833429005,0.91348844477219,0.614598919712164,0.86328280754431,0.864611191403126,0.829084833429005,0.91348844477219,0.614598919712164,0.064848681636841,0.291325795617344
-2.20127106104418,-1.72008535197591,1,0,0,1,31,1,31zt03,O-M,1,0.0534,0.011,0.175791235114056,0.127397956647969,0.0967357317322101,0.25821536179783,0.0427084639774798,0.824208764885944,0.872602043352031,0.90326426826779,0.74178463820217,0.95729153602252,2.20127106104418,1.72008535197591
-0.957787392726391,0.948658194081387,0,1,1,1,31,1,31zt03,O-M,1,0.1809,0.0008,0.970417025005655,0.974246869917601,0.963755393740524,0.978302414448836,0.828602758481944,0.970417025005655,0.974246869917601,0.963755393740524,0.978302414448836,0.828602758481944,0.957787392726391,0.948658194081387
1.35120536956784,-1.03548455114598,0,0,0,1,31,1,31zt03,O-M,1,0.2481,0.178,0.40068291479117,0.351392395144194,0.293620910430822,0.514256623921233,0.150221338769178,0.59931708520883,0.648607604855806,0.706379089569178,0.485743376078767,0.849778661230822,1.35120536956784,1.03548455114598
-1.63842971740088,-1.99472539042752,1,0,0,1,31,1,31zt03,O-M,1,0.0319,0.1776,0.150279333915181,0.102959102730742,0.0710880322667606,0.177874086458958,0.0230364192919789,0.849720666084819,0.897040897269258,0.928911967733239,0.822125913541042,0.976963580708021,1.63842971740088,1.99472539042752
-1.50426027186822,0.291205718891496,0,1,1,1,31,1,31zt03,O-M,1,0.1492,0.0007,0.942102825913975,0.95365384089655,0.929703532090416,0.91346951004843,0.614553005508551,0.942102825913975,0.95365384089655,0.929703532090416,0.91346951004843,0.614553005508551,1.50426027186822,0.291205718891496
-1.23230992593671,-2.3354473998169,1,0,0,1,31,1,31zt03,O-M,1,0.2103,0.041,0.108670950406563,0.0752309985546764,0.0456911986910692,0.103075683799949,0.0097600303534162,0.891329049593437,0.924769001445324,0.954308801308931,0.896924316200051,0.990239969646584,1.23230992593671,2.3354473998169
0.0256715252252397,1.00253394108798,1,1,1,1,31,1,31zt03,O-M,1,0.1771,0.1125,0.9484696762419,0.956035876805843,0.943417220884731,0.98094929739538,0.841957108800558,0.9484696762419,0.956035876805843,0.943417220884731,0.98094929739538,0.841957108800558,0.0256715252252397,1.00253394108798
0.875792411714127,1.69092288037932,1,1,1,1,31,1,31zt03,O-M,1,0.2015,0.1225,0.992492394289455,0.994504350423947,0.992284383419212,0.997128905119453,0.954574233638471,0.992492394289455,0.994504350423947,0.992284383419212,0.997128905119453,0.954574233638471,0.875792411714127,1.69092288037932
0.316458596178284,1.751322643625,1,1,1,1,31,1,31zt03,O-M,1,0.0976,0.0316,0.989680431181017,0.992660713509335,0.990190247975539,0.99761783678407,0.960054825284728,0.989680431181017,0.992660713509335,0.990190247975539,0.99761783678407,0.960054825284728,0.316458596178284,1.751322643625
1.23119594491344,1.78141729917947,1,1,1,1,31,1,31zt03,O-M,1,0.1435,0.2682,0.995732349779303,0.996951033546967,0.995549698787586,0.997832152170381,0.962577847885717,0.995732349779303,0.996951033546967,0.995549698787586,0.997832152170381,0.962577847885717,1.23119594491344,1.78141729917947
0.731879832549642,1.05893511373552,1,1,1,1,31,1,31zt03,O-M,1,0.1663,0.0894,0.970639093886824,0.974877103251603,0.965486305093466,0.983420934375664,0.855185334331546,0.970639093886824,0.974877103251603,0.965486305093466,0.983420934375664,0.855185334331546,0.731879832549642,1.05893511373552
0.89486297194282,0.752516802635491,1,1,1,1,31,1,31zt03,O-M,1,0.0601,0.0009,0.956891440438094,0.961019114172741,0.94571580519295,0.965904685369846,0.774129835446831,0.956891440438094,0.961019114172741,0.94571580519295,0.965904685369846,0.774129835446831,0.89486297194282,0.752516802635491
0.0305301011963101,1.0787176145895,1,1,1,1,31,1,31zt03,O-M,1,0.1406,0.1301,0.954677534169341,0.962032982183718,0.951020777604146,0.984220250136494,0.859643184575392,0.954677534169341,0.962032982183718,0.951020777604146,0.984220250136494,0.859643184575392,0.0305301011963101,1.0787176145895
-1.83750142376634,1.73806415901009,0,1,1,1,31,1,31zt03,O-M,1,0.1309,0.0008,0.997759189431008,0.99847821572596,0.9975864043952,0.997517473352496,0.95890024533149,0.997759189431008,0.99847821572596,0.9975864043952,0.997517473352496,0.95890024533149,1.83750142376634,1.73806415901009
-0.819668730361631,1.73659099405288,0,1,1,1,31,1,31zt03,O-M,1,0.1972,0.0007,0.992854881540411,0.994837334977189,0.992790108249397,0.997506089024603,0.958770304852375,0.992854881540411,0.994837334977189,0.992790108249397,0.997506089024603,0.958770304852375,0.819668730361631,1.73659099405288
0.87010242167314,-2.00040759811962,0,0,0,1,31,1,31zt03,O-M,1,0.1057,0.1303,0.18627966370755,0.144299656895015,0.0956266010444946,0.176398065671552,0.0227281342997795,0.81372033629245,0.855700343104985,0.904373398955505,0.823601934328448,0.977271865700221,0.87010242167314,2.00040759811962
0.564271952392557,1.37713874449324,1,1,1,1,31,1,31zt03,O-M,1,0.137,0.1377,0.981346499383744,0.985258902049661,0.979986931632551,0.992824729231107,0.915765322023365,0.981346499383744,0.985258902049661,0.979986931632551,0.992824729231107,0.915765322023365,0.564271952392557,1.37713874449324
-1.5207846265078,-0.16968446057901,0,1,1,1,31,1,31zt03,O-M,1,0.152,0.0007,0.930220049883465,0.945264234338846,0.916831706753816,0.892680995608541,0.567370852249013,0.930220049883465,0.945264234338846,0.916831706753816,0.892680995608541,0.567370852249013,1.5207846265078,0.16968446057901
-0.257321038822345,0.85900558382822,0,1,1,1,31,1,31zt03,O-M,1,0.0378,0.0007,0.943390585368563,0.949663750218427,0.93422561079796,0.973211062407366,0.804831282321772,0.943390585368563,0.949663750218427,0.93422561079796,0.973211062407366,0.804831282321772,0.257321038822345,0.85900558382822
0.0652936019946637,1.49604420175389,1,1,1,1,31,1,31zt03,O-M,1,0.0484,0.2683,0.979303718962705,0.984378649074547,0.97960331393711,0.994874897536875,0.932678931533069,0.979303718962705,0.984378649074547,0.97960331393711,0.994874897536875,0.932678931533069,0.0652936019946637,1.49604420175389
0.783921156988433,1.29106382056473,1,1,1,1,31,1,31zt03,O-M,1,0.1565,0.1201,0.981552510306467,0.98505135107146,0.979284227907678,0.990918835808499,0.901659225891918,0.981552510306467,0.98505135107146,0.979284227907678,0.990918835808499,0.901659225891918,0.783921156988433,1.29106382056473
-0.547692402740431,0.708111401782397,0,1,1,1,31,1,31zt03,O-M,1,0.229,0.0009,0.940753183812027,0.945398462373361,0.92693780390117,0.962407950388186,0.760561960178617,0.940753183812027,0.945398462373361,0.92693780390117,0.962407950388186,0.760561960178617,0.547692402740431,0.708111401782397
-0.98841980486485,-1.33748336737437,1,1,0,0,31,1,31zt03,O-M,1,0.032,0.0467,0.34598715342628,0.289103482817602,0.226783918819034,0.395021355902886,0.0905324539498925,0.65401284657372,0.710896517182398,0.773216081180966,0.604978644097114,0.909467546050107,0.98841980486485,1.33748336737437
-0.328510868558883,1.55391853935864,0,1,1,1,31,1,31zt03,O-M,1,0.2122,0.0008,0.984431535989544,0.988329355674806,0.984433632729343,0.995669418636796,0.939898075561992,0.984431535989544,0.988329355674806,0.984433632729343,0.995669418636796,0.939898075561992,0.328510868558883,1.55391853935864
1.5942380948801,-0.252602602456352,1,0,1,0,31,1,31zt03,O-M,1,0.1452,0.1778,0.941595839585686,0.955570590095554,0.931480340750322,0.907220381013367,0.59971234062,0.941595839585686,0.955570590095554,0.931480340750322,0.907220381013367,0.59971234062,1.5942380948801,0.252602602456352
-1.9555362400047,0.95812854023489,0,1,1,1,31,1,31zt03,O-M,1,0.4075,0.0186,0.988325062858412,0.992291328978511,0.987294500824944,0.978789016918557,0.831001027247733,0.988325062858412,0.992291328978511,0.987294500824944,0.978789016918557,0.831001027247733,1.9555362400047,0.95812854023489
-1.82664107747807,0.282366729148226,0,1,1,1,31,1,31zt03,O-M,1,0.1353,0.0008,0.951403752615047,0.968204768706579,0.948559901583125,0.91206717997532,0.611168838145274,0.951403752615047,0.968204768706579,0.948559901583125,0.91206717997532,0.611168838145274,1.82664107747807,0.282366729148226
-1.1320465854428,1.31168812996569,0,1,1,1,31,1,31zt03,O-M,1,0.3616,0.1638,0.987081022553521,0.98964230889343,0.985063902030229,0.991411951546536,0.905187308287004,0.987081022553521,0.98964230889343,0.985063902030229,0.991411951546536,0.905187308287004,1.1320465854428,1.31168812996569
0.453148265610376,0.215863853936957,1,1,1,1,31,1,31zt03,O-M,1,0.2255,0.0008,0.877103292904292,0.877333992414681,0.839799736558198,0.900968900672993,0.585453063398871,0.877103292904292,0.877333992414681,0.839799736558198,0.900968900672993,0.585453063398871,0.453148265610376,0.215863853936957
0.639566889099305,0.922983033398555,1,1,1,1,31,1,31zt03,O-M,1,0.3467,0.0329,0.960367033285743,0.965053424168845,0.952568893478453,0.976935513428498,0.821991976448575,0.960367033285743,0.965053424168845,0.952568893478453,0.976935513428498,0.821991976448575,0.639566889099305,0.922983033398555
-0.0603018859419891,0.57657881631707,1,1,1,1,31,1,31zt03,O-M,1,0.2247,0.2007,0.904771808130029,0.910534372305901,0.88597465580831,0.950303862386791,0.717887993584334,0.904771808130029,0.910534372305901,0.88597465580831,0.950303862386791,0.717887993584334,0.0603018859419891,0.57657881631707
-1.54967626543737,0.986118674421912,0,1,1,1,31,1,31zt03,O-M,1,0.2079,0.0007,0.983888130654794,0.98721809860668,0.980438378281408,0.980173565109838,0.837962559597274,0.983888130654794,0.98721809860668,0.980438378281408,0.980173565109838,0.837962559597274,1.54967626543737,0.986118674421912
1.66753244148111,1.40807520859468,1,1,1,1,31,1,31zt03,O-M,1,0.2047,0.0012,0.994056949220826,0.995609847693505,0.993180859163319,0.993418036574843,0.920445599432703,0.994056949220826,0.995609847693505,0.993180859163319,0.993418036574843,0.920445599432703,1.66753244148111,1.40807520859468
-0.342073310574385,-2.32576660152665,1,1,0,0,31,1,31zt03,O-M,1,0.1799,0.0007,0.142572891360017,0.13206247436906,0.0773326859019606,0.104823191604398,0.0100155026361306,0.857427108639983,0.86793752563094,0.922667314098039,0.895176808395602,0.989984497363869,0.342073310574385,2.32576660152665
-0.156538064534741,-0.37719026740911,0,1,0,0,31,1,31zt03,O-M,1,0.1021,0.0824,0.703094389283671,0.682532870348485,0.617792726949745,0.756170795072894,0.353016106272837,0.296905610716329,0.317467129651515,0.382207273050255,0.243829204927106,0.646983893727163,0.156538064534741,0.37719026740911
0.787324758337151,0.740100126567564,1,1,1,1,31,1,31zt03,O-M,1,0.1917,0.1638,0.95232278583291,0.956552866026416,0.94027871417772,0.964954979656854,0.770380379037421,0.95232278583291,0.956552866026416,0.94027871417772,0.964954979656854,0.770380379037421,0.787324758337151,0.740100126567564
-1.46718440068792,-0.431276466552452,1,1,0,0,31,1,31zt03,O-M,1,0.3378,0.4759,0.568687417992954,0.552495582653764,0.500230291676113,0.73889801608137,0.333133679866546,0.431312582007046,0.447504417346236,0.499769708323887,0.26110198391863,0.666866320133454,1.46718440068792,0.431276466552452
-2.22847389014424,-0.191992387073929,0,1,1,1,31,1,31zt03,O-M,1,0.2258,0.0643,0.951805343716733,0.979417807383167,0.963228783912186,0.896745044999346,0.576125915634625,0.951805343716733,0.979417807383167,0.963228783912186,0.896745044999346,0.576125915634625,2.22847389014424,0.191992387073929
-0.169243110790641,0.768721617164819,1,1,1,1,31,1,31zt03,O-M,1,0.2171,0.08,0.931648911344849,0.93814309090407,0.919977312829714,0.967112198685077,0.778970705440877,0.931648911344849,0.93814309090407,0.919977312829714,0.967112198685077,0.778970705440877,0.169243110790641,0.768721617164819
0.508593191397885,0.241959918893278,1,1,1,1,31,1,31zt03,O-M,1,0.1358,0.2647,0.884615158816732,0.885457827026788,0.849390614864751,0.905440219680325,0.595594389693572,0.884615158816732,0.885457827026788,0.849390614864751,0.905440219680325,0.595594389693572,0.508593191397885,0.241959918893278
1.82316276269348,-0.153479646049682,1,1,1,1,31,1,31zt03,O-M,1,0.2472,0.2423,0.938894310370112,0.960892753770291,0.936774482252806,0.889657344843948,0.560989979884328,0.938894310370112,0.960892753770291,0.936774482252806,0.889657344843948,0.560989979884328,1.82316276269348,0.153479646049682
-0.71644347724365,1.13385607441657,0,1,1,1,31,1,31zt03,O-M,1,0.335,0.0486,0.973959765899518,0.978097639130022,0.969924874608333,0.986275909927054,0.871572537484194,0.973959765899518,0.978097639130022,0.969924874608333,0.986275909927054,0.871572537484194,0.71644347724365,1.13385607441657
-1.06914491471574,-0.0918171699835363,0,1,1,1,31,1,31zt03,O-M,1,0.2493,0.1149,0.89828985120332,0.905620228886478,0.867318827210702,0.877594455976154,0.536578348993437,0.89828985120332,0.905620228886478,0.867318827210702,0.877594455976154,0.536578348993437,1.06914491471574,0.0918171699835363
0.164050004486848,-1.34421783575019,0,0,0,1,31,1,31zt03,O-M,1,0.1052,0.0746,0.416725807579156,0.37997412926925,0.293978579667678,0.392430597968566,0.0894389778778582,0.583274192420844,0.62002587073075,0.706021420332322,0.607569402031434,0.910561022122142,0.164050004486848,1.34421783575019
0.787584575233999,0.0102521163375575,1,1,1,1,31,1,31zt03,O-M,1,0.2105,0.1927,0.867741177087777,0.869918856813307,0.824602633024385,0.860258247937093,0.504089931024547,0.867741177087777,0.869918856813307,0.824602633024385,0.860258247937093,0.504089931024547,0.787584575233999,0.0102521163375575
-0.698931818396049,0.199448587270884,0,1,1,1,31,1,31zt03,O-M,1,0.1351,0.1776,0.890682346920561,0.892449226981954,0.855684009043567,0.898078174633098,0.57904407164062,0.890682346920561,0.892449226981954,0.855684009043567,0.898078174633098,0.57904407164062,0.698931818396049,0.199448587270884
0.657935943706507,-1.31180820669154,0,0,0,1,31,1,31zt03,O-M,1,0.0593,0.0007,0.381775126384494,0.328729295336057,0.25739798897332,0.404940330468998,0.0947924276147863,0.618224873615506,0.671270704663943,0.74260201102668,0.595059669531002,0.905207572385214,0.657935943706507,1.31180820669154
0.545409245681343,1.15321767099706,1,1,1,1,31,1,31zt03,O-M,1,0.1589,0.0095,0.971344919650046,0.976058891444732,0.967672482297105,0.986940770321619,0.875589473910867,0.971344919650046,0.976058891444732,0.967672482297105,0.986940770321619,0.875589473910867,0.545409245681343,1.15321767099706
-1.91461507875103,-2.19591763315528,1,0,0,1,31,1,31zt03,O-M,1,0.0812,0.0548,0.106904609871217,0.0673092774190009,0.0447616859382309,0.130360334178379,0.0140489196920448,0.893095390128783,0.932690722580999,0.955238314061769,0.869639665821621,0.985951080307955,1.91461507875103,2.19591763315528
-2.07312936751841,1.21130246073855,0,1,1,1,31,1,31zt03,O-M,1,0.2498,0.1553,0.994072335643705,0.996287045623093,0.99377373661811,0.988770985800344,0.887110246996903,0.994072335643705,0.996287045623093,0.99377373661811,0.988770985800344,0.887110246996903,2.07312936751841,1.21130246073855
1.26434858095133,-1.67631130753305,0,0,0,1,31,1,31zt03,O-M,1,0.448,0.1141,0.237416866006557,0.181751874013312,0.133512717682496,0.272561894645268,0.0468386156004447,0.762583133993443,0.818248125986688,0.866487282317504,0.727438105354732,0.953161384399555,1.26434858095133,1.67631130753305
0.93825239371655,1.80225206071717,1,1,1,1,31,1,31zt03,O-M,1,0.1608,0.0562,0.994485718953375,0.996079200447772,0.994457272131528,0.997970117877635,0.964247121397949,0.994485718953375,0.996079200447772,0.994457272131528,0.997970117877635,0.964247121397949,0.93825239371655,1.80225206071717
1.38022691694584,0.824280981265374,1,1,1,1,31,1,31zt03,O-M,1,0.0778,0.143,0.974504377423821,0.978623239927474,0.968148403908393,0.970987512879187,0.795110038751573,0.974504377423821,0.978623239927474,0.968148403908393,0.970987512879187,0.795110038751573,1.38022691694584,0.824280981265374
1.62824812667759,-0.16968446057901,1,1,1,1,31,1,31zt03,O-M,1,0.0914,0.1684,0.934279470915927,0.951533296584518,0.924800488049319,0.892680995608541,0.567370852249013,0.934279470915927,0.951533296584518,0.924800488049319,0.892680995608541,0.567370852249013,1.62824812667759,0.16968446057901
1.49316932200596,1.11701990347701,1,1,1,1,31,1,31zt03,O-M,1,0.139,0.1385,0.986818556679145,0.989520574498571,0.984115366162192,0.985674233191081,0.868007092429455,0.986818556679145,0.989520574498571,0.984115366162192,0.985674233191081,0.868007092429455,1.49316932200596,1.11701990347701
1.78673643375529,0.81481063511187,1,1,1,1,31,1,31zt03,O-M,1,0.196,0.3065,0.981817870707445,0.986889099940741,0.979046031186939,0.970355140378841,0.792409643820488,0.981817870707445,0.986889099940741,0.979046031186939,0.970355140378841,0.792409643820488,1.78673643375529,0.81481063511187
0.3449345280729,0.228280530004884,1,1,1,1,31,1,31zt03,O-M,1,0.1011,0.1524,0.871783766793917,0.871825352868604,0.834369038178934,0.903115303262366,0.590285920106997,0.871783766793917,0.871825352868604,0.834369038178934,0.903115303262366,0.590285920106997,0.3449345280729,0.228280530004884
1.14672947174793,0.51470588811418,1,1,1,1,31,1,31zt03,O-M,1,0.2432,0.0256,0.948121843761686,0.953245229374439,0.93292490944282,0.943622870918768,0.696620720875054,0.948121843761686,0.953245229374439,0.93292490944282,0.943622870918768,0.696620720875054,1.14672947174793,0.51470588811418
1.35668750609135,1.75742575559059,1,1,1,1,31,1,31zt03,O-M,1,0.1425,0.0007,0.996088451103625,0.997199409706901,0.995849354987701,0.997662789531226,0.960577366757188,0.996088451103625,0.997199409706901,0.995849354987701,0.997662789531226,0.960577366757188,1.35668750609135,1.75742575559059
-0.549303267500893,1.51582670260788,0,1,1,1,31,1,31zt03,O-M,1,0.285,0.0009,0.98566953893925,0.989081014024364,0.985167126310056,0.995159991892961,0.935218410930419,0.98566953893925,0.989081014024364,0.985167126310056,0.995159991892961,0.935218410930419,0.549303267500893,1.51582670260788
-2.03114295698767,0.498501073584851,0,1,1,1,31,1,31zt03,O-M,1,0.3484,0.1702,0.971220850888028,0.983464771201938,0.972045857517957,0.941760948110433,0.69093454365081,0.971220850888028,0.983464771201938,0.972045857517957,0.941760948110433,0.69093454365081,2.03114295698767,0.498501073584851
-1.58592072254776,0.0216165317217618,0,1,1,1,31,1,31zt03,O-M,1,0.1484,0.1215,0.914804911305981,0.936878078477744,0.903051784272491,0.862769014891458,0.508623076896977,0.914804911305981,0.936878078477744,0.903051784272491,0.862769014891458,0.508623076896977,1.58592072254776,0.0216165317217618
-2.2029598708737,1.5055145479074,0,1,1,1,31,1,31zt03,O-M,1,0.1705,0.113,0.997478239161111,0.998515567641908,0.997470244072608,0.995013192893232,0.933904080252121,0.997478239161111,0.998515567641908,0.997470244072608,0.995013192893232,0.933904080252121,2.2029598708737,1.5055145479074
-0.521295006020605,1.19741261971341,0,1,1,1,31,1,31zt03,O-M,1,0.0115,0.0508,0.973054017416361,0.977740250266473,0.969988015236174,0.988354911947939,0.884427116370308,0.973054017416361,0.977740250266473,0.969988015236174,0.988354911947939,0.884427116370308,0.521295006020605,1.19741261971341
1.00832501079664,0.844484386392848,1,1,1,1,31,1,31zt03,O-M,1,0.3672,0.0008,0.966131021026123,0.970072669986332,0.957671369756947,0.972299156371572,0.800800607671747,0.966131021026123,0.970072669986332,0.957671369756947,0.972299156371572,0.800800607671747,1.00832501079664,0.844484386392848
-1.29360073190331,1.40113028808211,0,1,1,1,31,1,31zt03,O-M,1,0.1879,0.0089,0.990851389589325,0.992871848405157,0.989506484311939,0.993288758190127,0.919412442071663,0.990851389589325,0.992871848405157,0.989506484311939,0.993288758190127,0.919412442071663,1.29360073190331,1.40113028808211
-0.945550016884818,1.27843669236005,0,1,1,1,31,1,31zt03,O-M,1,0.1985,0.0007,0.983580604015086,0.986663781692682,0.981192578235495,0.990604840757528,0.899452253297174,0.983580604015086,0.986663781692682,0.981192578235495,0.990604840757528,0.899452253297174,0.945550016884818,1.27843669236005
-1.19513012799766,1.58338183850287,0,1,1,1,31,1,31zt03,O-M,1,0.0859,0.0333,0.993092384578052,0.994810662015793,0.992455652775965,0.996029993289734,0.943332770047575,0.993092384578052,0.994810662015793,0.992455652775965,0.996029993289734,0.943332770047575,1.19513012799766,1.58338183850287
-0.767263662267252,0.749780924857812,0,1,1,1,31,1,31zt03,O-M,1,0.1197,0.0088,0.952343313384948,0.956611627686899,0.940485794704608,0.965697266415149,0.773306670477808,0.952343313384948,0.956611627686899,0.940485794704608,0.965697266415149,0.773306670477808,0.767263662267252,0.749780924857812
-0.896808367036005,-0.282065901600585,0,1,1,1,31,1,31zt03,O-M,1,0.2666,0.0008,0.913171006476409,0.917087933068943,0.885661721110224,0.912019156373846,0.61105351067975,0.913171006476409,0.917087933068943,0.885661721110224,0.912019156373846,0.61105351067975,0.896808367036005,0.282065901600585
-0.270026085078245,0.471563200081552,0,1,1,1,31,1,31zt03,O-M,1,0.1135,0.0428,0.902014107173008,0.905678731503957,0.877984700836438,0.938559303733341,0.681380700563148,0.902014107173008,0.905678731503957,0.877984700836438,0.938559303733341,0.681380700563148,0.270026085078245,0.471563200081552
1.15987620672848,1.04209894279595,1,1,1,1,31,1,31zt03,O-M,1,0.2199,0.0011,0.979005819492331,0.982284572783565,0.974397277832456,0.982713612194531,0.851317095655966,0.979005819492331,0.982284572783565,0.974397277832456,0.982713612194531,0.851317095655966,1.15987620672848,1.04209894279595
-0.924582793309129,-1.47638177762575,1,0,0,1,31,1,31zt03,O-M,1,0.0398,0.0007,0.312750846964512,0.256480821472893,0.195013672401764,0.342682319272195,0.0699207158742602,0.687249153035488,0.743519178527107,0.804986327598237,0.657317680727805,0.93007928412574,0.924582793309129,1.47638177762575
1.45822394937982,0.810391140240235,1,1,1,1,31,1,31zt03,O-M,1,0.1675,0.1454,0.975592101073695,0.979922947895354,0.969714570443236,0.970056141991861,0.79114229586109,0.975592101073695,0.979922947895354,0.969714570443236,0.970056141991861,0.79114229586109,1.45822394937982,0.810391140240235
-2.17110631932005,0.998535350489839,0,1,1,1,31,1,31zt03,O-M,1,0.1751,0.0988,0.991103113631003,0.994996262308383,0.991375818313858,0.980762754687978,0.840990084227916,0.991103113631003,0.994996262308383,0.991375818313858,0.980762754687978,0.840990084227916,2.17110631932005,0.998535350489839
1.22586969852804,0.760093079558294,1,1,1,1,31,1,31zt03,O-M,1,0.2142,0.1471,0.967410422829128,0.971646118208806,0.958732672460687,0.966473699647948,0.776400525489938,0.967410422829128,0.971646118208806,0.958732672460687,0.966473699647948,0.776400525489938,1.22586969852804,0.760093079558294
1.01541801208061,0.731892493234528,1,1,1,1,31,1,31zt03,O-M,1,0.1699,0.0496,0.95943611382478,0.963566054441992,0.948501475025999,0.964315370385867,0.767882905809809,0.95943611382478,0.963566054441992,0.948501475025999,0.964315370385867,0.767882905809809,1.01541801208061,0.731892493234528
0.928976930499052,0.965073460747459,1,1,1,1,31,1,31zt03,O-M,1,0.0083,0.0007,0.970544001236086,0.974402137945714,0.964091309540776,0.979139964284327,0.832745990687849,0.970544001236086,0.974402137945714,0.964091309540776,0.979139964284327,0.832745990687849,0.928976930499052,0.965073460747459
1.62694904219335,0.0620233419767103,1,1,1,1,31,1,31zt03,O-M,1,0.1513,0.1061,0.921673950850183,0.943111721612237,0.911851414133643,0.871445686135567,0.524727878212533,0.921673950850183,0.943111721612237,0.911851414133643,0.871445686135567,0.524727878212533,1.62694904219335,0.0620233419767103
-0.938327107152425,0.423369660767057,0,1,1,1,31,1,31zt03,O-M,1,0.266,0.0418,0.930904667744657,0.935121682905647,0.909731846238334,0.932490289872994,0.663987211575857,0.930904667744657,0.935121682905647,0.909731846238334,0.932490289872994,0.663987211575857,0.938327107152425,0.423369660767057
-0.89987420641882,0.83017364109422,0,1,1,1,31,1,31zt03,O-M,1,0.2508,0.0274,0.962146128058358,0.966226902625003,0.952879645267145,0.971375301847694,0.79677969201376,0.962146128058358,0.966226902625003,0.952879645267145,0.971375301847694,0.79677969201376,0.89987420641882,0.83017364109422
-0.103812941777974,0.0272044449166469,1,1,1,1,31,1,31zt04,M-O,1,0.3361,0.6039,0.818585434582488,0.813444761560973,0.766146041444841,0.863992196754317,0.510851664755622,0.818585434582488,0.813444761560973,0.766146041444841,0.863992196754317,0.510851664755622,0.103812941777974,0.0272044449166469
0.431787746236838,1.39810231944903,1,1,1,1,31,1,31zt04,M-O,1,0.3016,0.1921,0.980247200162777,0.98452867586638,0.979237753763156,0.993231694138554,0.918958828265057,0.980247200162777,0.98452867586638,0.979237753763156,0.993231694138554,0.918958828265057,0.431787746236838,1.39810231944903
-1.23352001182257,0.426179271717483,0,1,1,1,31,1,31zt04,M-O,1,0.1277,0.0092,0.944018454377334,0.950337864851438,0.927916420258327,0.932856369606295,0.665011389786799,0.944018454377334,0.950337864851438,0.927916420258327,0.932856369606295,0.665011389786799,1.23352001182257,0.426179271717483
-1.10261878276748,0.993203667400046,0,1,1,1,31,1,31zt04,M-O,1,0.1128,0.0095,0.97585091063328,0.979346458174167,0.970384744957697,0.980511607020627,0.839694644257904,0.97585091063328,0.979346458174167,0.970384744957697,0.980511607020627,0.839694644257904,1.10261878276748,0.993203667400046
-0.821665180213543,1.06096391409818,0,1,1,1,31,1,31zt04,M-O,1,0.1551,0.0108,0.972770391616666,0.976729172477124,0.967715533711203,0.983504472470721,0.855646849510994,0.972770391616666,0.976729172477124,0.967715533711203,0.983504472470721,0.855646849510994,0.821665180213543,1.06096391409818
0.0222478881319954,1.15026298154507,1,1,1,1,31,1,31zt04,M-O,1,0.1753,0.1035,0.959686926133316,0.966829413353122,0.957158601953294,0.986841144920891,0.874982213611801,0.959686926133316,0.966829413353122,0.957158601953294,0.986841144920891,0.874982213611801,0.0222478881319954,1.15026298154507
-0.854074809272199,-0.516722228636068,1,0,0,1,31,1,31zt04,M-O,1,0.1156,0.0107,0.597404977036454,0.569416013888473,0.50786166752495,0.710383695870063,0.302675038304586,0.402595022963546,0.430583986111527,0.49213833247505,0.289616304129937,0.697324961695414,0.854074809272199,0.516722228636068
0.965073460747459,1.41623753884907,1,1,1,1,31,1,31zt04,M-O,1,0.1151,0.2199,0.987695511760193,0.990331703659685,0.986320857460143,0.993567158054678,0.921647015735653,0.987695511760193,0.990331703659685,0.986320857460143,0.993567158054678,0.921647015735653,0.965073460747459,1.41623753884907
0.526912112045362,0.29364667263497,1,1,1,1,31,1,31zt04,M-O,1,0.3602,0.0092,0.893090573245432,0.894624856044661,0.860934538592711,0.913853812209645,0.615486046206264,0.893090573245432,0.894624856044661,0.860934538592711,0.913853812209645,0.615486046206264,0.526912112045362,0.29364667263497
-0.484941761422306,0.979329445108326,0,1,1,1,31,1,31zt04,M-O,1,0.2772,0.0236,0.959692689595235,0.964949151872986,0.953103052794324,0.979844978524498,0.836291386983169,0.959692689595235,0.964949151872986,0.953103052794324,0.979844978524498,0.836291386983169,0.484941761422306,0.979329445108326
1.17300017185105,0.992813942054773,1,1,1,1,31,1,31zt04,M-O,1,0.1319,0.0083,0.977313820663678,0.980723289882344,0.972100937307807,0.980493140368942,0.839599682859948,0.977313820663678,0.980723289882344,0.972100937307807,0.980493140368942,0.839599682859948,1.17300017185105,0.992813942054773
0.584365545376617,0.220430271103012,1,1,1,1,31,1,31zt04,M-O,1,0.0812,0.0938,0.886368939155398,0.887399579794139,0.850808638731765,0.901762280373781,0.587231963898053,0.886368939155398,0.887399579794139,0.850808638731765,0.901762280373781,0.587231963898053,0.584365545376617,0.220430271103012
-0.36182726142676,-1.35208551538395,1,0,0,1,31,1,31zt04,M-O,1,0.3382,0.1984,0.396299794628226,0.351330865940235,0.271656711281696,0.389409927045601,0.0881739801990937,0.603700205371774,0.648669134059765,0.728343288718304,0.610590072954399,0.911826019800906,0.36182726142676,1.35208551538395
-1.75544131094899,1.3521407103965,0,1,1,1,31,1,31zt04,M-O,1,0.1829,0.0083,0.993924694580094,0.995587178741769,0.993041610774493,0.992311349362119,0.911834846923803,0.993924694580094,0.995587178741769,0.993041610774493,0.992311349362119,0.911834846923803,1.75544131094899,1.3521407103965
-0.407284922963577,-0.564788354553075,1,0,0,1,31,1,31zt04,M-O,1,0.224,0.1511,0.627467081949809,0.597084981408965,0.528265486994312,0.693726051768966,0.286108864458272,0.372532918050191,0.402915018591035,0.471734513005688,0.306273948231034,0.713891135541728,0.407284922963577,0.564788354553075
0.123054461632622,-0.139182295825249,1,1,1,1,31,1,31zt04,M-O,1,0.1198,0.1187,0.841139447349143,0.838955687942569,0.796858258472657,0.886939295123926,0.555346950893159,0.841139447349143,0.838955687942569,0.796858258472657,0.886939295123926,0.555346950893159,0.123054461632622,0.139182295825249
-1.54519962634121,0.335711028234772,0,1,1,1,31,1,31zt04,M-O,1,0.1534,0.1011,0.947603272544844,0.958730814333089,0.936905982493779,0.920277297559948,0.631455605658428,0.947603272544844,0.958730814333089,0.936905982493779,0.920277297559948,0.631455605658428,1.54519962634121,0.335711028234772
1.16963293766314,-0.0624064028064634,1,0,1,0,31,1,31zt04,M-O,1,0.1314,0.2138,0.899935401383226,0.909850091963162,0.871384361813684,0.871526077651762,0.524880401900745,0.899935401383226,0.909850091963162,0.871384361813684,0.871526077651762,0.524880401900745,1.16963293766314,0.0624064028064634
0.217757923167657,0.705040747105173,1,0,1,0,31,1,31zt04,M-O,1,0.3867,0.3416,0.92700355962784,0.932936629480812,0.913037565208685,0.962155701983882,0.759607560567487,0.92700355962784,0.932936629480812,0.913037565208685,0.962155701983882,0.759607560567487,0.217757923167657,0.705040747105173
-2.1355178699096,0.860099471144466,0,1,1,1,31,1,31zt04,M-O,1,0.2002,0.0726,0.98748282863581,0.992931265470243,0.987862101790086,0.97327872932752,0.805132893638004,0.98748282863581,0.992931265470243,0.987862101790086,0.97327872932752,0.805132893638004,2.1355178699096,0.860099471144466
-1.7686997955639,1.16405925876774,0,1,1,1,31,1,31zt04,M-O,1,0.1669,0.0088,0.990997838270084,0.993415937615466,0.989562691063997,0.987300759131821,0.877800001148915,0.990997838270084,0.993415937615466,0.989562691063997,0.987300759131821,0.877800001148915,1.7686997955639,1.16405925876774
1.53497784705163,-0.0287081512851894,1,1,1,1,31,1,31zt04,M-O,1,0.0608,0.1275,0.913586955251773,0.933917965034738,0.899513565715953,0.864320076344747,0.511451322368493,0.913586955251773,0.933917965034738,0.899513565715953,0.864320076344747,0.511451322368493,1.53497784705163,0.0287081512851894
-0.732012569960376,0.956309668047533,0,1,1,1,31,1,31zt04,M-O,1,0.3852,0.0085,0.96500827446716,0.969380651300452,0.958005789457123,0.978696282978011,0.830542096574795,0.96500827446716,0.969380651300452,0.958005789457123,0.978696282978011,0.830542096574795,0.732012569960376,0.956309668047533
-1.63001183744926,0.375982647246317,0,1,1,1,31,1,31zt04,M-O,1,0.0829,0.0695,0.953687097812324,0.964982308768232,0.945585488085554,0.92608106272563,0.646535101682165,0.953687097812324,0.964982308768232,0.945585488085554,0.92608106272563,0.646535101682165,1.63001183744926,0.375982647246317
-0.240185926388425,-1.92809957569748,0,1,0,0,31,1,31zt04,M-O,1,0.0582,0.032,0.23941706143861,0.217611124932899,0.144924749895863,0.195757991701596,0.026921370880545,0.76058293856139,0.782388875067101,0.855075250104137,0.804242008298404,0.973078629119455,0.240185926388425,1.92809957569748
-2.21527922973578,0.110553705425704,0,1,1,1,31,1,31zt04,M-O,1,0.1367,0.0556,0.943496925797143,0.976024321653176,0.957263124986276,0.881353878797644,0.544014869960559,0.943496925797143,0.976024321653176,0.957263124986276,0.881353878797644,0.544014869960559,2.21527922973578,0.110553705425704
0.857111514597519,0.670874825169571,1,1,1,1,31,1,31zt04,M-O,1,0.1507,0.1831,0.949552095059739,0.953677034036299,0.93588230594921,0.959254792345806,0.748849862437887,0.949552095059739,0.953677034036299,0.93588230594921,0.959254792345806,0.748849862437887,0.857111514597519,0.670874825169571
-0.698340228081252,0.0505100205639737,0,1,1,1,31,1,31zt04,M-O,1,0.4688,0.0704,0.868031030138695,0.868824583546597,0.824861062757777,0.869013123363475,0.520142017828273,0.868031030138695,0.868824583546597,0.824861062757777,0.869013123363475,0.520142017828273,0.698340228081252,0.0505100205639737
-0.787361481924185,0.522129651723701,0,1,1,1,31,1,31zt04,M-O,1,0.2052,0.0086,0.933675685486532,0.93748030581349,0.914460889042753,0.944460034277637,0.699209968779385,0.933675685486532,0.93748030581349,0.914460889042753,0.944460034277637,0.699209968779385,0.787361481924185,0.522129651723701
-1.25309206053982,0.0066269466862313,0,1,1,1,31,1,31zt04,M-O,1,0.1666,0.1276,0.896603544037947,0.90979299898062,0.869717204369862,0.859450801516996,0.502643749872417,0.896603544037947,0.90979299898062,0.869717204369862,0.859450801516996,0.502643749872417,1.25309206053982,0.0066269466862313
-2.2489515716149,0.515608247612799,0,1,1,1,31,1,31zt04,M-O,1,0.106,0.0155,0.975198479082517,0.98864620179249,0.979760213307328,0.943725156158613,0.696935975623583,0.975198479082517,0.98864620179249,0.979760213307328,0.943725156158613,0.696935975623583,2.2489515716149,0.515608247612799
1.32494661458059,0.141056209115739,1,1,1,1,31,1,31zt04,M-O,1,0.1277,0.0765,0.918316859908507,0.930074427742809,0.897473912531242,0.887298238403645,0.556087231129949,0.918316859908507,0.930074427742809,0.897473912531242,0.887298238403645,0.556087231129949,1.32494661458059,0.141056209115739
-0.662984269108172,0.226509986489271,0,1,1,1,31,1,31zt04,M-O,1,0.124,0.0083,0.892220434035084,0.89387769214863,0.858086988262114,0.902811344530995,0.589597603517949,0.892220434035084,0.89387769214863,0.858086988262114,0.902811344530995,0.589597603517949,0.662984269108172,0.226509986489271
-0.487677639199984,-0.185741483740533,0,1,1,1,31,1,31zt04,M-O,1,0.2207,0.0083,0.874807912830984,0.874880020342286,0.836060052927938,0.895617696388702,0.573676252488322,0.874807912830984,0.874880020342286,0.836060052927938,0.895617696388702,0.573676252488322,0.487677639199984,0.185741483740533
-1.57150614343428,0.191252833586905,0,1,1,1,31,1,31zt04,M-O,1,0.0652,0.0083,0.934523602231091,0.949919185031369,0.92314447894093,0.896612129712805,0.575836243868616,0.934523602231091,0.949919185031369,0.92314447894093,0.896612129712805,0.575836243868616,1.57150614343428,0.191252833586905
-0.0642479400700037,1.0932071909971,1,1,1,1,31,1,31zt04,M-O,1,0.3036,0.0088,0.956599482832392,0.963726603221251,0.953067583441888,0.984784525599419,0.862848579767619,0.956599482832392,0.963726603221251,0.953067583441888,0.984784525599419,0.862848579767619,0.0642479400700037,1.0932071909971
-2.01492879555499,1.47399483501853,0,1,1,1,31,1,31zt04,M-O,1,0.0253,0.0082,0.996608266836188,0.997781545467939,0.996349399173197,0.99453960228556,0.929758509088583,0.996608266836188,0.997781545467939,0.996349399173197,0.99453960228556,0.929758509088583,2.01492879555499,1.47399483501853
-0.798304993034901,-1.05706342901227,1,1,0,0,31,1,31zt04,M-O,1,0.3989,0.0783,0.44407016126956,0.392771495008699,0.323596990450163,0.505650744012147,0.145241320138023,0.55592983873044,0.607228504991301,0.676403009549837,0.494349255987853,0.854758679861977,0.798304993034901,1.05706342901227
0.728314806909871,1.43860777366774,1,1,1,1,31,1,31zt04,M-O,1,0.1431,0.0637,0.985498271155961,0.988682916997408,0.984378845833032,0.99396063766353,0.924869158691313,0.985498271155961,0.988682916997408,0.984378845833032,0.99396063766353,0.924869158691313,0.728314806909871,1.43860777366774
1.72606838721566,1.14233856619119,1,1,1,1,31,1,31zt04,M-O,1,0.1377,0.1174,0.990147713094518,0.992674348642845,0.988469083087142,0.986570702793964,0.873343341774619,0.990147713094518,0.992674348642845,0.988469083087142,0.986570702793964,0.873343341774619,1.72606838721566,1.14233856619119
1.55013040089723,0.925911091116237,1,1,1,1,31,1,31zt04,M-O,1,0.0333,0.0237,0.981910203968368,0.985600444381985,0.977954811441809,0.977094974082534,0.822753906546603,0.981910203968368,0.985600444381985,0.977954811441809,0.977094974082534,0.822753906546603,1.55013040089723,0.925911091116237
-0.599427723811326,0.0771412524909635,0,1,1,1,31,1,31zt04,M-O,1,0.3683,0.0095,0.865345013424912,0.865005883413015,0.821705391744567,0.874591964208084,0.530744411993656,0.865345013424912,0.865005883413015,0.821705391744567,0.874591964208084,0.530744411993656,0.599427723811326,0.0771412524909635
-2.20959702204367,0.170961133943023,0,1,1,1,31,1,31zt04,M-O,1,0.1997,0.0085,0.949501705763327,0.978056472946959,0.960983183875489,0.892916646180857,0.567872836884526,0.949501705763327,0.978056472946959,0.960983183875489,0.892916646180857,0.567872836884526,2.20959702204367,0.170961133943023
-2.3642793425509,0.140874337287945,0,1,1,1,31,1,31zt04,M-O,1,0.0792,0.009,0.948912767992674,0.982037566953373,0.966613573060408,0.887263437020406,0.556015392090198,0.948912767992674,0.982037566953373,0.966613573060408,0.887263437020406,0.556015392090198,2.3642793425509,0.140874337287945
-0.547656498172174,-1.97011196791791,1,1,0,0,31,1,31zt04,M-O,1,0.3897,0.0628,0.210802642160267,0.176493462869731,0.116737953176878,0.184357292048944,0.0244127698018812,0.789197357839733,0.823506537130269,0.883262046823122,0.815642707951056,0.975587230198119,0.547656498172174,1.97011196791791
1.25949600005305,-0.0718117744723857,1,1,1,1,31,1,31zt04,M-O,1,0.11,0.1288,0.9061192978732,0.917949256483426,0.881188068572898,0.873489006416864,0.528624148829502,0.9061192978732,0.917949256483426,0.881188068572898,0.873489006416864,0.528624148829502,1.25949600005305,0.0718117744723857
-0.562598599881035,1.84610459468521,0,1,1,1,31,1,31zt04,M-O,1,0.2394,0.0235,0.993054973962883,0.995154348380502,0.993383786803243,0.998234805724618,0.967561490078343,0.993054973962883,0.995154348380502,0.993383786803243,0.998234805724618,0.967561490078343,0.562598599881035,1.84610459468521
1.34872770603273,-0.03548937229294,1,1,1,1,31,1,31zt04,M-O,1,0.0898,0.1332,0.905758426977088,0.920749728201623,0.883567459321045,0.865791975997201,0.514155239639994,0.905758426977088,0.920749728201623,0.883567459321045,0.865791975997201,0.514155239639994,1.34872770603273,0.03548937229294
-1.90423097162737,0.184939282993482,0,1,1,1,31,1,31zt04,M-O,1,0.1374,0.0085,0.944358338378403,0.966535148506795,0.944892804309276,0.895472376412628,0.573361670481036,0.944358338378403,0.966535148506795,0.944892804309276,0.895472376412628,0.573361670481036,1.90423097162737,0.184939282993482
-0.601532245178771,-0.58931506961559,1,1,0,0,31,1,31zt04,M-O,1,0.3726,0.1997,0.601071635395769,0.568750480460186,0.50194026457738,0.685066177117333,0.277824968838583,0.398928364604231,0.431249519539814,0.49805973542262,0.314933822882667,0.722175031161417,0.601532245178771,0.58931506961559
0.661811931698601,0.684515212254127,1,1,1,1,31,1,31zt04,M-O,1,0.0789,0.1038,0.943182880802164,0.947495435662033,0.928925834536192,0.960433886189815,0.753175056616817,0.943182880802164,0.947495435662033,0.928925834536192,0.960433886189815,0.753175056616817,0.661811931698601,0.684515212254127
0.643713047938572,0.0522507937728599,1,1,1,1,31,1,31zt04,M-O,1,0.0654,0.0944,0.864427161925051,0.864432122938797,0.820174873843123,0.86938294510287,0.520835569700142,0.864427161925051,0.864432122938797,0.820174873843123,0.86938294510287,0.520835569700142,0.643713047938572,0.0522507937728599
1.36009212141693,0.850538209340435,1,1,1,1,31,1,31zt04,M-O,1,0.0956,0.0083,0.97524312067875,0.979194557193182,0.969092825612037,0.97268242270749,0.802487036714954,0.97524312067875,0.979194557193182,0.969092825612037,0.97268242270749,0.802487036714954,1.36009212141693,0.850538209340435
-0.283539066557797,1.38661841260832,1,1,1,1,31,1,31zt04,M-O,1,0.422,0.0084,0.977641501708694,0.982515067969105,0.976831867774497,0.99301135742399,0.917220924628291,0.977641501708694,0.982515067969105,0.976831867774497,0.99301135742399,0.917220924628291,0.283539066557797,1.38661841260832
-1.70598505881403,0.697350166958452,0,1,1,1,31,1,31zt04,M-O,1,0.1759,0.0084,0.975567902347599,0.981760689113316,0.971261832992524,0.961517869678389,0.757208160097469,0.975567902347599,0.981760689113316,0.971261832992524,0.961517869678389,0.757208160097469,1.70598505881403,0.697350166958452
0.217757923167657,1.67873054973529,1,1,1,1,31,1,31zt04,M-O,1,0.155,0.0082,0.987089802356425,0.99066591865238,0.987632347798897,0.997019861789918,0.95339771538584,0.987089802356425,0.99066591865238,0.987632347798897,0.997019861789918,0.95339771538584,0.217757923167657,1.67873054973529
-1.18301149900389,0.921234386972961,0,1,1,1,31,1,31zt04,M-O,1,0.2148,0.0239,0.974447226888469,0.978072257566179,0.968236788270567,0.97683983784895,0.821535965642136,0.974447226888469,0.978072257566179,0.968236788270567,0.97683983784895,0.821535965642136,1.18301149900389,0.921234386972961
-1.32422488275946,0.142433238669037,0,1,1,1,31,1,31zt04,M-O,1,0.176,0.215,0.918450653063171,0.930163170694147,0.897613983756611,0.887561485675196,0.556631095320838,0.918450653063171,0.930163170694147,0.897613983756611,0.887561485675196,0.556631095320838,1.32422488275946,0.142433238669037
-2.18918316477945,0.976133697277088,0,1,1,1,31,1,31zt04,M-O,1,0.9435,0.8622,0.990762424471773,0.994913582057835,0.991191121285274,0.979688718550127,0.835500892768691,0.990762424471773,0.994913582057835,0.991191121285274,0.979688718550127,0.835500892768691,2.18918316477945,0.976133697277088
1.21866828552461,1.78372255775185,1,1,1,1,31,1,31zt04,M-O,1,0.1303,0.6541,0.995695800935887,0.996926026578035,0.995519775667136,0.997847825009913,0.962765620606988,0.995695800935887,0.996926026578035,0.995519775667136,0.997847825009913,0.962765620606988,1.21866828552461,1.78372255775185
-0.52703218877121,0.327189034018135,0,1,1,1,31,1,31zt04,M-O,1,0.8632,0.2068,0.897649730804645,0.899554314745408,0.867296924919781,0.919006097178281,0.628237542779642,0.897649730804645,0.899554314745408,0.867296924919781,0.919006097178281,0.628237542779642,0.52703218877121,0.327189034018135
-0.612686208426231,-1.80453065955624,1,0,0,1,31,1,31zt04,M-O,1,0.3805,0.5272,0.248058531325783,0.205288635201125,0.142649794058274,0.231686992929388,0.0355740786233012,0.751941468674217,0.794711364798875,0.857350205941726,0.768313007070612,0.964425921376699,0.612686208426231,1.80453065955624
1.66040732055136,0.987279842151896,1,1,1,1,31,1,31zt04,M-O,1,0.1061,1.0167,0.985549806567118,0.98893824415927,0.982753656930947,0.980229305796585,0.838247265063398,0.985549806567118,0.98893824415927,0.982753656930947,0.980229305796585,0.838247265063398,1.66040732055136,0.987279842151896
-0.318263669120643,-0.892781205134851,1,0,0,1,31,1,31zt04,M-O,1,0.811,0.1667,0.541001619179567,0.500484031618498,0.422096294737219,0.570814034350684,0.185987176639057,0.458998380820433,0.499515968381502,0.577903705262781,0.429185965649316,0.814012823360943,0.318263669120643,0.892781205134851
0.73294475391825,1.37440701845643,1,1,1,1,31,1,31zt04,M-O,1,0.4157,0.3764,0.983603764735003,0.986992423989504,0.982050494446931,0.992770139555956,0.915342320758195,0.983603764735003,0.986992423989504,0.982050494446931,0.992770139555956,0.915342320758195,0.73294475391825,1.37440701845643
1.22414004107997,0.869219044223855,1,1,1,1,31,1,31zt04,M-O,1,0.2025,0.6136,0.972988800200291,0.97678473235726,0.966191185005526,0.973837321198306,0.807636333592432,0.972988800200291,0.97678473235726,0.966191185005526,0.973837321198306,0.807636333592432,1.22414004107997,0.869219044223855
-0.438010934928277,0.45333013743817,0,1,1,1,31,1,31zt04,M-O,1,0.3326,0.5734,0.908773844434356,0.911928370487774,0.884270583411159,0.936315354323488,0.67484448268993,0.908773844434356,0.911928370487774,0.884270583411159,0.936315354323488,0.67484448268993,0.438010934928277,0.45333013743817
1.33925735987922,0.796028624381581,1,0,1,0,31,1,31zt04,M-O,1,0.3975,0.5046,0.972208684674157,0.976429026042972,0.965103007895644,0.969067135394984,0.78699230095577,0.972208684674157,0.976429026042972,0.965103007895644,0.969067135394984,0.78699230095577,1.33925735987922,0.796028624381581
-2.23653489554697,0.68004636162833,0,1,1,1,31,1,31zt04,M-O,1,0.3043,0.5288,0.982516320123415,0.991485428363026,0.984943504196286,0.960050687815777,0.751762447077781,0.982516320123415,0.991485428363026,0.984943504196286,0.960050687815777,0.751762447077781,2.23653489554697,0.68004636162833
-1.0077048690957,1.74882914850507,0,1,1,1,31,1,31zt04,M-O,1,0.232,0.1676,0.994185404049953,0.995804069915508,0.994026405613456,0.997599246752734,0.959839721668484,0.994185404049953,0.995804069915508,0.994026405613456,0.997599246752734,0.959839721668484,1.0077048690957,1.74882914850507
1.261179617147,0.99936132785536,1,1,1,1,31,1,31zt04,M-O,1,0.186,0.4884,0.979326714914655,0.982634607584479,0.97455993765823,0.980801414996076,0.841190156756793,0.979326714914655,0.982634607584479,0.97455993765823,0.980801414996076,0.841190156756793,1.261179617147,0.99936132785536
1.17973464022687,1.10705543159914,1,1,1,1,31,1,31zt04,M-O,1,0.2312,0.3034,0.981720389006312,0.984778177272262,0.977935326083864,0.985307537134537,0.865865018440812,0.981720389006312,0.984778177272262,0.977935326083864,0.985307537134537,0.865865018440812,1.17973464022687,1.10705543159914
0.188715528296913,1.11404450612437,1,1,1,1,31,1,31zt04,M-O,1,0.3524,0.4869,0.961063248804724,0.967480032797899,0.957485655273464,0.985565571949994,0.867369953086786,0.961063248804724,0.967480032797899,0.957485655273464,0.985565571949994,0.867369953086786,0.188715528296913,1.11404450612437
-0.168211295621798,0.445561612222394,1,1,1,1,31,1,31zt04,M-O,1,0.2027,0.3042,0.892906662867633,0.896561872714135,0.867526797345839,0.935340122178479,0.672043027467671,0.892906662867633,0.896561872714135,0.867526797345839,0.935340122178479,0.672043027467671,0.168211295621798,0.445561612222394
-1.03338002977853,1.50122364580827,0,1,1,1,31,1,31zt04,M-O,1,0.3027,0.466,0.990309853502832,0.99254834574569,0.989370862747477,0.99495095012293,0.933351136997724,0.990309853502832,0.99254834574569,0.989370862747477,0.99495095012293,0.933351136997724,1.03338002977853,1.50122364580827
-0.497568889626977,1.48612828410137,0,1,1,1,31,1,31zt04,M-O,1,0.2485,0.4381,0.984174558514817,0.987863929137276,0.983596658095501,0.994726446800816,0.931377403874733,0.984174558514817,0.987863929137276,0.983596658095501,0.994726446800816,0.931377403874733,0.497568889626977,1.48612828410137
0.167038958212227,0.0150969775234984,1,0,1,0,31,1,31zt04,M-O,1,0.148,0.6642,0.821280255416433,0.816074838783614,0.768242311089795,0.861332427991536,0.506022593862534,0.821280255416433,0.816074838783614,0.768242311089795,0.861332427991536,0.506022593862534,0.167038958212227,0.0150969775234984
1.29506241116287,0.364005088301593,1,0,1,0,31,1,31zt04,M-O,1,0.3542,0.4059,0.940866978216472,0.948433813192832,0.92448896289342,0.924389687117799,0.642072895124825,0.940866978216472,0.948433813192832,0.92448896289342,0.924389687117799,0.642072895124825,1.29506241116287,0.364005088301593
1.79004583678599,0.852668707894594,1,1,1,1,31,1,31zt04,M-O,1,0.1158,0.5358,0.983194306556895,0.98787427951386,0.980617299597651,0.972816247636271,0.803078475675509,0.983194306556895,0.98787427951386,0.980617299597651,0.972816247636271,0.803078475675509,1.79004583678599,0.852668707894594
-0.183574301604148,1.70697264642274,1,1,1,1,31,1,31zt04,M-O,1,0.3183,0.2394,0.987579342300784,0.991094929863113,0.988225482656013,0.997266959154353,0.95608643165872,0.987579342300784,0.991094929863113,0.988225482656013,0.997266959154353,0.95608643165872,0.183574301604148,1.70697264642274
-1.32212036139202,1.0774103236687,0,1,1,1,31,1,31zt04,M-O,1,0.2342,0.1753,0.983133153004464,0.986110641827218,0.979471956152755,0.984168467983734,0.859351502976342,0.983133153004464,0.986110641827218,0.979471956152755,0.984168467983734,0.859351502976342,1.32212036139202,1.0774103236687
0.863635530836599,1.67826287932097,1,1,1,1,31,1,31zt04,M-O,1,0.0609,0.2458,0.992194199714486,0.994267663744455,0.991962607672594,0.997015605781496,0.953352104351065,0.992194199714486,0.994267663744455,0.991962607672594,0.997015605781496,0.953352104351065,0.863635530836599,1.67826287932097
-0.271543294763359,-0.10247016830053,1,1,1,1,31,1,31zt04,M-O,1,0.6345,0.5441,0.84560620471739,0.842972612019391,0.799477346602369,0.879742071450987,0.540808254784721,0.84560620471739,0.842972612019391,0.799477346602369,0.879742071450987,0.540808254784721,0.271543294763359,0.10247016830053
-1.65926468445675,1.29807281416229,0,1,1,1,31,1,31zt04,M-O,1,0.154,0.4167,0.992386866077882,0.994291619203191,0.991132116153408,0.99108912934912,0.902868842443917,0.992386866077882,0.994291619203191,0.991132116153408,0.99108912934912,0.902868842443917,1.65926468445675,1.29807281416229
-1.66915593488374,1.3337716557893,0,1,1,1,31,1,31zt04,M-O,1,0.1474,0.1592,0.993026379895321,0.994804331929332,0.991919509388837,0.991913764301609,0.908860648567529,0.993026379895321,0.994804331929332,0.991919509388837,0.991913764301609,0.908860648567529,1.66915593488374,1.3337716557893
-0.422858381082671,1.39740081382754,0,1,1,1,31,1,31zt04,M-O,1,0.7362,0.232,0.980094102470665,0.984409949403824,0.979094914294142,0.993218412800483,0.91885346272077,0.980094102470665,0.984409949403824,0.979094914294142,0.993218412800483,0.91885346272077,0.422858381082671,1.39740081382754
-1.23099458618164,1.12300818906565,0,1,1,1,31,1,31zt04,M-O,1,0.1323,0.6452,0.983104785508164,0.986037556343814,0.97962076603359,0.985890790724568,0.869282991743017,0.983104785508164,0.986037556343814,0.97962076603359,0.985890790724568,0.869282991743017,1.23099458618164,1.12300818906565
1.0654591299746,0.781011207743727,1,0,1,0,31,1,31zt04,M-O,1,0.4071,0.4951,0.964062131609463,0.968108942878072,0.954594692258,0.968004275119982,0.782602048553363,0.964062131609463,0.968108942878072,0.954594692258,0.968004275119982,0.782602048553363,1.0654591299746,0.781011207743727
1.67324490089278,1.81601779803014,1,1,1,1,31,1,31zt04,M-O,1,0.3471,0.5347,0.997698521011326,0.998414354508352,0.997549993536568,0.998056848856237,0.965316179003839,0.997698521011326,0.998414354508352,0.997549993536568,0.998056848856237,0.965316179003839,1.67324490089278,1.81601779803014
-0.406443114416598,0.70363773586219,0,1,1,1,31,1,31zt04,M-O,1,0.4279,0.2175,0.934667999093219,0.93975819348949,0.920524354314038,0.962039988422786,0.759170797601713,0.934667999093219,0.93975819348949,0.920524354314038,0.962039988422786,0.759170797601713,0.406443114416598,0.70363773586219
0.61151387101666,1.6179333958727,1,1,1,1,31,1,31zt04,M-O,1,0.5537,0.3965,0.988959380890701,0.991799668086908,0.988782941884895,0.996418413488969,0.947161523891452,0.988959380890701,0.991799668086908,0.988782941884895,0.996418413488969,0.947161523891452,0.61151387101666,1.6179333958727
-1.26277285883006,1.81035378967884,0,1,1,1,31,1,31zt04,M-O,1,0.2654,0.1446,0.99614783181644,0.997269940848108,0.996000730772971,0.99802157873199,0.964879529739966,0.99614783181644,0.997269940848108,0.996000730772971,0.99802157873199,0.964879529739966,1.26277285883006,1.81035378967884
-1.67273362120839,0.0232032647051772,0,1,1,1,31,1,31zt04,M-O,1,0.1523,0.4242,0.918467583852672,0.942944976947829,0.91078943708299,0.863117108619641,0.509255932774212,0.918467583852672,0.942944976947829,0.91078943708299,0.863117108619641,0.509255932774212,1.67273362120839,0.0232032647051772
-1.67273362120839,0.149110532918048,0,1,1,1,31,1,31zt04,M-O,1,0.0782,0.2617,0.933603632775619,0.952562881585948,0.925741919843975,0.888831757087256,0.559266792629145,0.933603632775619,0.952562881585948,0.925741919843975,0.888831757087256,0.559266792629145,1.67273362120839,0.149110532918048
0.366337131709291,0.138899728871895,1,1,1,1,31,1,31zt04,M-O,1,0.4869,0.3095,0.85881980783228,0.857372559359294,0.815898875302057,0.886885099444512,0.555235307389971,0.85881980783228,0.857372559359294,0.815898875302057,0.886885099444512,0.555235307389971,0.366337131709291,0.138899728871895
0.203868082142519,-0.44649372141787,0,1,0,0,31,1,31zt04,M-O,1,0.0924,0.4315,0.680291899935662,0.656560773626715,0.589474786717985,0.733927335662323,0.327620323456981,0.319708100064338,0.343439226373285,0.410525213282015,0.266072664337677,0.672379676543019,0.203868082142519,0.44649372141787
-0.334468483649972,-0.879946250430526,1,1,0,0,31,1,31zt04,M-O,1,0.2923,0.318,0.543190507465162,0.502644933335025,0.424823189052764,0.57584765573844,0.189444213942894,0.456809492534838,0.497355066664975,0.575176810947236,0.42415234426156,0.810555786057106,0.334468483649972,0.879946250430526
1.40197209662909,0.980368712695721,1,1,1,1,31,1,31zt04,M-O,1,0.2594,0.3375,0.981239037339103,0.984568957685316,0.976925684839859,0.979895574603064,0.8365479260236,0.981239037339103,0.984568957685316,0.976925684839859,0.979895574603064,0.8365479260236,1.40197209662909,0.980368712695721
-0.726751266541763,-0.0241353739006526,0,1,1,1,31,1,31zt04,M-O,1,0.1735,0.1747,0.865724202494613,0.866840334529931,0.821749609618737,0.86332131091296,0.509627686379196,0.865724202494613,0.866840334529931,0.821749609618737,0.86332131091296,0.509627686379196,0.726751266541763,0.0241353739006526
0.177772017186198,1.33813657965636,1,1,1,1,31,1,31zt04,M-O,1,0.3643,0.3586,0.973773075235899,0.979304688004996,0.972835031121148,0.992009842065315,0.909574040820744,0.973773075235899,0.979304688004996,0.972835031121148,0.992009842065315,0.909574040820744,0.177772017186198,1.33813657965636
-0.56238814774429,-1.32820834256356,1,1,0,0,31,1,31zt04,M-O,1,0.4599,0.637,0.385448621287834,0.334411396057689,0.260543580359485,0.398597057890613,0.0920546445733255,0.614551378712166,0.665588603942311,0.739456419640515,0.601402942109387,0.907945355426674,0.56238814774429,1.32820834256356
-0.647410810989077,-0.60404668766691,1,0,0,1,31,1,31zt04,M-O,1,0.4094,0.289,0.592312789696525,0.559233130836008,0.492722987253198,0.6798149964305,0.272906301242688,0.407687210303475,0.440766869163992,0.507277012746802,0.3201850035695,0.727093698757312,0.647410810989077,0.60404668766691
-1.11587726738239,1.50236684015441,0,1,1,1,31,1,31zt04,M-O,1,0.3004,0.1263,0.991091925899184,0.993161224312846,0.990151728812925,0.994967600262351,0.933498802373615,0.991091925899184,0.993161224312846,0.990151728812925,0.994967600262351,0.933498802373615,1.11587726738239,1.50236684015441
0.585838710333829,1.81323775723386,1,1,1,1,31,1,31zt04,M-O,1,0.327,0.414,0.992652796226367,0.994825155531409,0.992922543281805,0.998039609372896,0.965102420668887,0.992652796226367,0.994825155531409,0.992922543281805,0.998039609372896,0.965102420668887,0.585838710333829,1.81323775723386
1.55665441713631,1.82526727955795,1,1,1,1,31,1,31zt04,M-O,1,0.2167,0.2871,0.997385083064562,0.998180116551333,0.99723359817489,0.998113219710459,0.966019647341705,0.997385083064562,0.998180116551333,0.99723359817489,0.998113219710459,0.966019647341705,1.55665441713631,1.82526727955795
-1.18090697763644,1.67527498500721,0,1,1,1,31,1,31zt04,M-O,1,0.2214,0.1337,0.99426725047168,0.995788440153449,0.993887751232161,0.996988285101833,0.95305985444173,0.99426725047168,0.995788440153449,0.993887751232161,0.996988285101833,0.95305985444173,1.18090697763644,1.67527498500721
0.255428855644927,-1.42005361559957,0,0,0,1,31,1,31zt04,M-O,1,0.2667,0.1428,0.385019660888716,0.345361493709505,0.262815346103196,0.36361019731701,0.0777960363155296,0.614980339111284,0.654638506290495,0.737184653896804,0.63638980268299,0.92220396368447,0.255428855644927,1.42005361559957
-0.69497299389334,-1.07958955396905,1,0,0,1,31,1,31zt04,M-O,1,0.4275,0.3587,0.447206969547214,0.396240994951644,0.324669632347452,0.496664348182983,0.140162497589182,0.552793030452786,0.603759005048356,0.675330367652548,0.503335651817017,0.859837502410818,0.69497299389334,1.07958955396905
-0.443482690483635,-1.27102264356716,1,0,0,1,31,1,31zt04,M-O,1,0.4418,0.2127,0.413445255040552,0.36535686070434,0.287629351220108,0.420820680352458,0.10186029658575,0.586554744959448,0.63464313929566,0.712370648779892,0.579179319647542,0.89813970341425,0.443482690483635,1.27102264356716
1.12817386672446,0.758485082786947,1,0,1,0,31,1,31zt04,M-O,1,0.2524,0.1612,0.964556062532518,0.968691734402102,0.955057320564004,0.966353589481932,0.775919680039966,0.964556062532518,0.968691734402102,0.955057320564004,0.966353589481932,0.775919680039966,1.12817386672446,0.758485082786947
0.206183055646709,0.738764980316132,1,1,1,1,31,1,31zt04,M-O,1,0.5564,0.2555,0.930048171789962,0.936213991441699,0.917290870359834,0.964851578976799,0.769975139922923,0.930048171789962,0.936213991441699,0.917290870359834,0.964851578976799,0.769975139922923,0.206183055646709,0.738764980316132
1.50425183508693,0.511295287125111,1,1,1,1,31,1,31zt04,M-O,1,0.2217,0.4724,0.960016817376855,0.967559889769594,0.950720482151211,0.943234944552823,0.695427847703297,0.960016817376855,0.967559889769594,0.950720482151211,0.943234944552823,0.695427847703297,1.50425183508693,0.511295287125111
-0.463475643474364,-1.79491743437284,1,0,0,1,31,1,31zt04,M-O,1,0.3264,0.3056,0.260451154063332,0.222562750232649,0.154531256107979,0.234628277299603,0.0363334278746656,0.739548845936668,0.777437249767351,0.845468743892021,0.765371722700397,0.963666572125334,0.463475643474364,1.79491743437284
-1.86045692718451,0.185536861856234,0,1,1,1,31,1,31zt04,M-O,1,0.2291,0.1721,0.943252273966296,0.964552928993837,0.942209941945949,0.895580642716606,0.573596014720616,0.943252273966296,0.964552928993837,0.942209941945949,0.895580642716606,0.573596014720616,1.86045692718451,0.185536861856234
-1.44418260070384,1.76088465251885,0,1,1,1,31,1,31zt04,M-O,1,0.2087,0.231,0.996501211948665,0.997508442704273,0.996266094257429,0.997687923865631,0.960871035969392,0.996501211948665,0.997508442704273,0.996266094257429,0.997687923865631,0.960871035969392,1.44418260070384,1.76088465251885
1.61305558978385,0.0585123809869131,1,1,1,1,31,1,31zt04,M-O,1,0.2888,0.3049,0.920688573249823,0.941910658792736,0.910247977677807,0.870707227574748,0.523329749604683,0.920688573249823,0.941910658792736,0.910247977677807,0.870707227574748,0.523329749604683,1.61305558978385,0.0585123809869131
0.654025202639054,0.738505163419283,1,1,1,1,31,1,31zt04,M-O,1,0.166,0.3414,0.947393351479036,0.951858499394978,0.93480858653191,0.964831428336785,0.76989623467645,0.947393351479036,0.951858499394978,0.93480858653191,0.964831428336785,0.76989623467645,0.654025202639054,0.738505163419283
1.33147063081967,1.71035026608178,1,1,1,1,31,1,31zt04,M-O,1,0.1193,0.3268,0.995513967339401,0.996747749094064,0.995193877750095,0.997295237543074,0.956399439076954,0.995513967339401,0.996747749094064,0.995193877750095,0.997295237543074,0.956399439076954,1.33147063081967,1.71035026608178
-1.95663355367676,1.74407449929274,0,1,1,1,31,1,31zt04,M-O,1,0.2317,0.1999,0.998115685755291,0.998760784631951,0.997996523445878,0.997563434653791,0.95942694998684,0.998115685755291,0.998760784631951,0.997996523445878,0.997563434653791,0.95942694998684,1.95663355367676,1.74407449929274
-0.185257918698105,-0.0523774705881043,1,1,1,1,31,1,31zt04,M-O,1,0.1337,0.4712,0.82985751329887,0.825684687871151,0.779645340538383,0.869409828982656,0.520886037331275,0.82985751329887,0.825684687871151,0.779645340538383,0.869409828982656,0.520886037331275,0.185257918698105,0.0523774705881043
0.0929598060781551,0.553541514552707,1,1,1,1,31,1,31zt04,M-O,1,0.3654,0.6718,0.90341283033061,0.908754280398531,0.883478146884735,0.947894183634033,0.710053669236263,0.90341283033061,0.908754280398531,0.883478146884735,0.947894183634033,0.710053669236263,0.0929598060781551,0.553541514552707
1.24371208979721,0.799769987696202,1,1,1,1,31,1,31zt04,M-O,1,0.3259,8.5484,0.970019108999978,0.974103739880492,0.962199976578967,0.969327335096355,0.788077962664844,0.970019108999978,0.974103739880492,0.962199976578967,0.969327335096355,0.788077962664844,1.24371208979721,0.799769987696202
1.75447942567617,1.12849032558915,1,1,1,1,31,1,31zt04,M-O,1,0.5745,1.2781,0.990149543883613,0.992748225954189,0.988526650311783,0.986086564821348,0.870443549840428,0.990149543883613,0.992748225954189,0.988526650311783,0.986086564821348,0.870443549840428,1.75447942567617,1.12849032558915
-2.31292902118523,0.495940108521354,0,1,1,1,31,1,31zt04,M-O,1,0.2779,0.6383,0.974863973534047,0.98943495743035,0.980835033541074,0.941462324044485,0.690031666455925,0.974863973534047,0.98943495743035,0.980835033541074,0.941462324044485,0.690031666455925,2.31292902118523,0.495940108521354
-0.607424905007618,0.326045839672001,0,1,1,1,31,1,31zt04,M-O,1,0.4737,0.6139,0.902236644060025,0.904408445145527,0.87259225642832,0.91883441294043,0.627805163301588,0.902236644060025,0.904408445145527,0.87259225642832,0.91883441294043,0.627805163301588,0.607424905007618,0.326045839672001
0.241959918893278,-1.87086191332171,0,0,0,1,31,1,31zt04,M-O,1,0.5582,0.4792,0.254572714599395,0.230247727578818,0.155945668361999,0.211961529323587,0.0306821116436004,0.745427285400605,0.769752272421182,0.844054331638,0.788038470676413,0.9693178883564,0.241959918893278,1.87086191332171
-2.37332878443091,0.905047794299288,0,1,1,1,31,1,31zt04,M-O,1,0.2792,0.9183,0.990383649299413,0.995742549927738,0.992273890806685,0.975938237520115,0.817279966230545,0.990383649299413,0.995742549927738,0.992273890806685,0.975938237520115,0.817279966230545,2.37332878443091,0.905047794299288
-0.772419380215324,0.691296433261878,0,1,1,1,31,1,31zt04,M-O,1,0.2139,0.5349,0.947999585366515,0.95218486957906,0.93445209732695,0.961009652374427,0.755310363599913,0.947999585366515,0.95218486957906,0.93445209732695,0.961009652374427,0.755310363599913,0.772419380215324,0.691296433261878
1.58169822140891,0.483183098886083,1,0,1,0,31,1,31zt04,M-O,1,0.3428,0.5178,0.960303406695739,0.968928696103371,0.952141930543981,0.939956832176323,0.685517132659037,0.960303406695739,0.968928696103371,0.952141930543981,0.939956832176323,0.685517132659037,1.58169822140891,0.483183098886083
1.7858367940511,0.147577613226641,1,1,1,1,31,1,31zt04,M-O,1,0.3635,0.7689,0.937143055249436,0.958612520481319,0.933638118066593,0.888541051008056,0.558661938161363,0.937143055249436,0.958612520481319,0.933638118066593,0.888541051008056,0.558661938161363,1.7858367940511,0.147577613226641
0.101377891547936,0.343817315416451,1,1,1,1,31,1,31zt04,M-O,1,0.4226,0.9601,0.873993011452398,0.876234469234752,0.842968843059823,0.921472426852957,0.634508161298404,0.873993011452398,0.876234469234752,0.842968843059823,0.921472426852957,0.634508161298404,0.101377891547936,0.343817315416451
1.08397891800811,0.633746990609895,1,1,1,1,31,1,31zt04,M-O,1,0.3458,0.6466,0.954960823527099,0.959394357088929,0.942158369887339,0.955900475839063,0.736877023579961,0.954960823527099,0.959394357088929,0.942158369887339,0.955900475839063,0.736877023579961,1.08397891800811,0.633746990609895
0.0489753094985498,0.0421439164854461,1,1,1,1,31,1,31zt04,M-O,1,0.5898,0.6129,0.817158580243325,0.81229948052046,0.765686243251933,0.867225681073801,0.516808014520941,0.817158580243325,0.81229948052046,0.765686243251933,0.867225681073801,0.516808014520941,0.0489753094985498,0.0421439164854461
1.29590421970985,0.571806642401169,1,1,1,1,31,1,31zt04,M-O,1,0.2693,0.9846,0.957732931993333,0.963277595250221,0.946082478102449,0.949812139525073,0.71627351162958,0.957732931993333,0.963277595250221,0.946082478102449,0.949812139525073,0.71627351162958,1.29590421970985,0.571806642401169
-0.0198425392169093,0.964182120022048,1,1,1,1,31,1,31zt04,M-O,1,0.8036,0.7833,0.945013203820246,0.952665105779786,0.939168681898882,0.979095198975141,0.832522686516366,0.945013203820246,0.952665105779786,0.939168681898882,0.979095198975141,0.832522686516366,0.0198425392169093,0.964182120022048
-1.22489147421605,0.0168377507323845,0,1,1,1,31,1,31zt04,M-O,1,0.2509,1.1932,0.89652590328373,0.908715848473995,0.868745543684943,0.861717006918655,0.506716973284494,0.89652590328373,0.908715848473995,0.868745543684943,0.861717006918655,0.506716973284494,1.22489147421605,0.0168377507323845
1.09765830689651,1.29404565226113,1,1,1,1,31,1,31zt04,M-O,1,0.3993,0.9436,0.986171912997426,0.988854119697823,0.9839961546755,0.990991628917481,0.902175173845813,0.986171912997426,0.988854119697823,0.9839961546755,0.990991628917481,0.902175173845813,1.09765830689651,1.29404565226113
-0.0823468238300327,0.163322517175671,1,1,1,1,31,1,31zt04,M-O,1,0.6066,0.655,0.842506055514578,0.840903139132896,0.799838335439702,0.89150112311911,0.564867747105774,0.842506055514578,0.840903139132896,0.799838335439702,0.89150112311911,0.564867747105774,0.0823468238300327,0.163322517175671
0.0948538753088559,0.232849518772379,1,1,1,1,31,1,31zt04,M-O,1,0.3835,0.8167,0.855530660304753,0.855541612002123,0.817568036164346,0.903896460479561,0.592060870424049,0.855530660304753,0.855541612002123,0.817568036164346,0.903896460479561,0.592060870424049,0.0948538753088559,0.232849518772379
1.16984338979988,0.821282826755273,1,1,1,1,31,1,31zt04,M-O,1,0.4294,0.8882,0.969229529724068,0.973185495314411,0.961260675761558,0.970788538218991,0.794257406330199,0.969229529724068,0.973185495314411,0.961260675761558,0.970788538218991,0.794257406330199,1.16984338979988,0.821282826755273
-1.97346972461632,1.73116159951936,0,1,1,1,31,1,31zt04,M-O,1,0.3118,0.7434,0.998097053331254,0.998753423783993,0.997978217558197,0.997463722982893,0.958288526900299,0.998097053331254,0.998753423783993,0.997978217558197,0.997463722982893,0.958288526900299,1.97346972461632,1.73116159951936
0.402955803502838,1.6399139053461,1,1,1,1,31,1,31zt04,M-O,1,0.3231,0.8238,0.987648950755378,0.990929994986879,0.987812245196871,0.996647406034784,0.949488465399473,0.987648950755378,0.990929994986879,0.987812245196871,0.996647406034784,0.949488465399473,0.402955803502838,1.6399139053461
-2.17234699383989,1.23966597575071,0,1,1,1,31,1,31zt04,M-O,1,0.1519,0.5359,0.994971217544374,0.997057783521092,0.994968827329214,0.989580650055294,0.892450516595364,0.994971217544374,0.997057783521092,0.994968827329214,0.989580650055294,0.892450516595364,2.17234699383989,1.23966597575071
-0.999076331489176,1.19149592307496,0,1,1,1,31,1,31zt04,M-O,1,0.2131,0.5909,0.981552635912874,0.984739277816377,0.97836060298475,0.988173650129338,0.883270521907921,0.981552635912874,0.984739277816377,0.97836060298475,0.988173650129338,0.883270521907921,0.999076331489176,1.19149592307496
-1.13208208191171,0.0727503469342208,0,1,1,1,31,1,31zt04,M-O,1,0.1765,0.5959,0.899258171126497,0.908159659375082,0.869709108166063,0.873683736577155,0.528997608199825,0.899258171126497,0.908159659375082,0.869709108166063,0.873683736577155,0.528997608199825,1.13208208191171,0.0727503469342208
0.25837518555935,-0.110654400551264,1,1,1,1,31,1,31zt04,M-O,1,0.2976,0.9909,0.846072502996291,0.843558628708867,0.800414430685474,0.881373860062999,0.544054796539105,0.846072502996291,0.843558628708867,0.800414430685474,0.881373860062999,0.544054796539105,0.25837518555935,0.110654400551264
-1.37326023062094,0.621847376734225,0,1,1,1,31,1,31zt04,M-O,1,0.1898,0.1734,0.963430070238515,0.968943211736578,0.953820566897071,0.954779460425712,0.732978884842568,0.963430070238515,0.968943211736578,0.953820566897071,0.954779460425712,0.732978884842568,1.37326023062094,0.621847376734225
-0.260810235789388,-0.113590331485654,1,1,1,1,31,1,31zt04,M-O,1,0.27,0.7851,0.846771456345844,0.8443308165397,0.801330664489057,0.881955401468867,0.545218723950991,0.846771456345844,0.8443308165397,0.801330664489057,0.881955401468867,0.545218723950991,0.260810235789388,0.113590331485654
-1.06305378105951,1.36323489189194,0,1,1,1,31,1,31zt04,M-O,1,0.5827,0.5848,0.987529965693705,0.990093274516422,0.985829476192599,0.992543049990008,0.913595752995742,0.987529965693705,0.990093274516422,0.985829476192599,0.992543049990008,0.913595752995742,1.06305378105951,1.36323489189194
-1.55277590326402,0.763499548896126,0,1,1,1,31,1,31zt04,M-O,1,0.16,0.4227,0.975493998797237,0.980415847524754,0.969988784556041,0.966726981976632,0.777417234369343,0.975493998797237,0.980415847524754,0.969988784556041,0.966726981976632,0.777417234369343,1.55277590326402,0.763499548896126
0.374123860768838,1.74594518095005,1,1,1,1,31,1,31zt04,M-O,1,0.2195,0.4957,0.989972316220621,0.992846971560393,0.990396221803421,0.997577581931892,0.959589761026097,0.989972316220621,0.992846971560393,0.990396221803421,0.997577581931892,0.959589761026097,0.374123860768838,1.74594518095005
-1.18616828105506,0.742999995734765,0,1,1,1,31,1,31zt04,M-O,1,0.1708,0.5601,0.96532186845896,0.969573902844937,0.955975208168397,0.965178700854769,0.771259158493231,0.96532186845896,0.969573902844937,0.955975208168397,0.965178700854769,0.771259158493231,1.18616828105506,0.742999995734765
-1.21941971866069,0.878754324338202,0,1,1,1,31,1,31zt04,M-O,1,0.1603,0.5184,0.973328073997125,0.977088490769711,0.966653563576499,0.974410900039776,0.810232751652929,0.973328073997125,0.977088490769711,0.966653563576499,0.974410900039776,0.810232751652929,1.21941971866069,0.878754324338202
-1.322962169939,0.490457971997847,0,1,1,1,31,1,31zt04,M-O,1,0.1171,0.4301,0.952660428055389,0.959084182243806,0.939719201673511,0.940819033076873,0.68809506855552,0.952660428055389,0.959084182243806,0.939719201673511,0.940819033076873,0.68809506855552,1.322962169939,0.490457971997847
0.65570881973301,0.91946763207439,1,1,1,1,31,1,31zt04,M-O,1,0.2479,0.6301,0.96060608295214,0.965239279526535,0.95274455677093,0.976742832347169,0.821074485876249,0.96060608295214,0.965239279526535,0.95274455677093,0.976742832347169,0.821074485876249,0.65570881973301,0.91946763207439
-1.75060091180387,0.93926567961426,0,1,1,1,31,1,31zt04,M-O,1,0.2865,0.5189,0.98538291099622,0.989211296527215,0.982899109778275,0.977810529248216,0.826202822564331,0.98538291099622,0.989211296527215,0.982899109778275,0.977810529248216,0.826202822564331,1.75060091180387,0.93926567961426
-1.70619551095077,1.31763702649499,0,1,1,1,31,1,31zt04,M-O,1,0.1523,0.7021,0.993073163385886,0.994880615447723,0.991988487748887,0.99154974997663,0.906187407730513,0.993073163385886,0.994880615447723,0.991988487748887,0.99154974997663,0.906187407730513,1.70619551095077,1.31763702649499
0.976858780405153,0.876597844094358,1,1,1,1,31,1,31zt04,M-O,1,0.4568,0.6154,0.967073032616731,0.970994345335834,0.9591199491285,0.974282110361168,0.809647444695764,0.967073032616731,0.970994345335834,0.9591199491285,0.974282110361168,0.809647444695764,0.976858780405153,0.876597844094358
-0.120438660580791,0.0149151056957043,1,1,1,1,31,1,31zt04,M-O,1,0.5228,0.5273,0.817503411433014,0.812085021055729,0.764214018632605,0.861292206107343,0.50595004566962,0.817503411433014,0.812085021055729,0.764214018632605,0.861292206107343,0.50595004566962,0.120438660580791,0.0149151056957043
-1.35810767677533,1.23116996322375,0,1,1,1,31,1,31zt04,M-O,1,0.2385,0.616,0.987929303286306,0.990346388750624,0.985660028675058,0.98934363625617,0.890870348534783,0.987929303286306,0.990346388750624,0.985660028675058,0.98934363625617,0.890870348534783,1.35810767677533,1.23116996322375
0.321300374445963,0.683008274252405,1,1,1,1,31,1,31zt04,M-O,1,0.2738,0.71,0.929065927482049,0.934391294811281,0.914182906840561,0.960305003599128,0.752699192943209,0.929065927482049,0.934391294811281,0.914182906840561,0.960305003599128,0.752699192943209,0.321300374445963,0.683008274252405
-0.669508285347252,0.665028944990476,0,1,1,1,31,1,31zt04,M-O,1,0.4251,0.3847,0.9417982717737,0.946040728837378,0.926927302809199,0.958740812998288,0.746984010059503,0.9417982717737,0.946040728837378,0.926927302809199,0.958740812998288,0.746984010059503,0.669508285347252,0.665028944990476
0.116740897530286,0.261325450666994,1,1,1,1,31,1,31zt04,M-O,1,0.4134,0.4863,0.861778181506229,0.862367206648778,0.82566987359275,0.908660840837638,0.603079229256292,0.861778181506229,0.862367206648778,0.82566987359275,0.908660840837638,0.603079229256292,0.116740897530286,0.261325450666994
1.51898348465904,0.792053425859796,1,1,1,1,31,1,31zt04,M-O,1,0.396,0.7818,0.976065175502114,0.980658717130629,0.970531367880475,0.968788674289047,0.785835237446348,0.976065175502114,0.980658717130629,0.970531367880475,0.968788674289047,0.785835237446348,1.51898348465904,0.792053425859796
0.438522214612662,0.105695129454634,1,1,1,1,31,1,31zt04,M-O,1,0.3741,0.5979,0.858473822408734,0.856925983845208,0.814170256826173,0.880386948708202,0.542087877581107,0.858473822408734,0.856925983845208,0.814170256826173,0.880386948708202,0.542087877581107,0.438522214612662,0.105695129454634
-0.57585708449594,-0.403857768645001,1,1,0,0,31,1,31zt04,M-O,1,0.4411,0.4149,0.65539412983855,0.632201602900744,0.570481066868605,0.747732231480571,0.343158656492889,0.34460587016145,0.367798397099256,0.429518933131395,0.252267768519429,0.656841343507111,0.57585708449594,0.403857768645001
-0.529557614412145,-1.80964905242416,1,0,0,1,31,1,31zt04,M-O,1,0.5331,0.5916,0.252177024640947,0.212336382766446,0.14703823769371,0.230129378735806,0.0351751139631926,0.747822975359053,0.787663617233554,0.85296176230629,0.769870621264194,0.964824886036807,0.529557614412145,1.80964905242416
1.3802955265444,0.181275864747915,1,1,1,1,31,1,31zt04,M-O,1,0.3649,0.43,0.925621134471002,0.937578179416269,0.907530834882544,0.894806879108976,0.571924475343475,0.925621134471002,0.937578179416269,0.907530834882544,0.894806879108976,0.571924475343475,1.3802955265444,0.181275864747915
0.11084823770144,0.0828832059113194,1,0,1,0,31,1,31zt04,M-O,1,0.8339,0.8865,0.829840363773122,0.826215680475424,0.781518444680546,0.875772754673787,0.533027796084672,0.829840363773122,0.826215680475424,0.781518444680546,0.875772754673787,0.533027796084672,0.11084823770144,0.0828832059113194
-0.418649338347781,-1.59963905470137,1,0,0,1,31,1,31zt04,M-O,1,0.4829,0.6627,0.317954529089503,0.275603440354724,0.201278303825644,0.29860710863864,0.0548393396154587,0.682045470910497,0.724396559645276,0.798721696174356,0.70139289136136,0.945160660384541,0.418649338347781,1.59963905470137
1.06966817270949,1.19004094845261,1,1,1,1,31,1,31zt04,M-O,1,0.3738,0.4485,0.982659832142438,0.985690309621785,0.979535923052147,0.988128702809297,0.882984850991162,0.982659832142438,0.985690309621785,0.979535923052147,0.988128702809297,0.882984850991162,1.06966817270949,1.19004094845261
-1.1882728024225,0.439222079939287,0,1,1,1,31,1,31zt04,M-O,1,0.5034,1.5687,0.94335421516116,0.949203049038841,0.926762298096152,0.934535718643212,0.669749686159743,0.94335421516116,0.949203049038841,0.926762298096152,0.934535718643212,0.669749686159743,1.1882728024225,0.439222079939287
-2.17655603657478,-0.0553134015224944,0,1,1,1,31,1,31zt04,M-O,1,0.2959,0.5763,0.936665486297447,0.972243140199851,0.9510098588608,0.870031832697519,0.52205560717931,0.936665486297447,0.972243140199851,0.9510098588608,0.870031832697519,0.52205560717931,2.17655603657478,0.0553134015224944
-1.572558404118,1.31761104480531,0,1,1,1,31,1,31zt04,M-O,1,0.4617,0.6145,0.99195930165776,0.993866779121995,0.990602840414425,0.991549152388811,0.906183056812049,0.99195930165776,0.993866779121995,0.990602840414425,0.991549152388811,0.906183056812049,1.572558404118,1.31761104480531
0.0384527026613236,1.78769775627363,1,1,1,1,31,1,31zt04,M-O,1,0.52,0.8474,0.988618583689988,0.992040960347382,0.989570777052107,0.99787461016216,0.963087608032613,0.988618583689988,0.992040960347382,0.989570777052107,0.99787461016216,0.963087608032613,0.0384527026613236,1.78769775627363
1.77405147439341,1.37456290859454,1,1,1,1,31,1,31zt04,M-O,1,0.5525,0.6636,0.99434128350297,0.995920727026731,0.993550061502585,0.992773264625405,0.915366502757511,0.99434128350297,0.995920727026731,0.993550061502585,0.992773264625405,0.915366502757511,1.77405147439341,1.37456290859454
-0.100656159726806,0.629018323087249,1,1,1,1,31,1,31zt04,M-O,1,0.2995,0.4971,0.913242085402392,0.919268620332107,0.896590393869258,0.955457719286817,0.735331469719304,0.913242085402392,0.919268620332107,0.896590393869258,0.955457719286817,0.735331469719304,0.100656159726806,0.629018323087249
0.703271002637272,0.11128119273688,1,1,1,1,31,1,31zt04,M-O,1,0.6354,0.8396,0.877973981637495,0.879211137694837,0.838297458201916,0.881498183037041,0.544303315605362,0.877973981637495,0.879211137694837,0.838297458201916,0.881498183037041,0.544303315605362,0.703271002637272,0.11128119273688
-0.54702514176194,1.00658423758775,0,1,1,1,31,1,31zt04,M-O,1,0.7489,0.5113,0.963123991912433,0.968102853919646,0.957041026607927,0.981136681889535,0.842932693866144,0.963123991912433,0.968102853919646,0.957041026607927,0.981136681889535,0.842932693866144,0.54702514176194,1.00658423758775
-0.993815028070563,0.755601115231926,0,1,1,1,31,1,31zt04,M-O,1,0.5194,0.6881,0.960298373139528,0.964388402599509,0.949786903100371,0.966137282951556,0.775055806458521,0.960298373139528,0.964388402599509,0.949786903100371,0.966137282951556,0.775055806458521,0.993815028070563,0.755601115231926
0.990327717156802,1.06428957037785,1,1,1,1,31,1,31zt04,M-O,1,0.3624,0.7027,0.97652347842362,0.980047945372105,0.971771483038987,0.98364063059936,0.856401229375801,0.97652347842362,0.980047945372105,0.971771483038987,0.98364063059936,0.856401229375801,0.990327717156802,1.06428957037785
-1.81100067504955,0.0170715859395483,0,1,1,1,31,1,31zt04,M-O,1,0.5813,0.6858,0.922565426580979,0.9512992153728,0.921519601872247,0.861768611326655,0.506810246627889,0.922565426580979,0.9512992153728,0.921519601872247,0.861768611326655,0.506810246627889,1.81100067504955,0.0170715859395483
1.17594650176547,1.16444898411301,1,1,1,1,31,1,31zt04,M-O,1,0.2895,0.7042,0.98353397257685,0.986429662726907,0.980333775476055,0.987313538258308,0.877878946818375,0.98353397257685,0.986429662726907,0.980333775476055,0.987313538258308,0.877878946818375,1.17594650176547,1.16444898411301
-1.97894148017168,-0.141884391552475,0,1,1,1,31,1,31zt04,M-O,1,0.2392,0.4631,0.941849257893822,0.967690612478232,0.945837022595242,0.887456615060018,0.556414338341159,0.941849257893822,0.967690612478232,0.945837022595242,0.887456615060018,0.556414338341159,1.97894148017168,0.141884391552475
-0.920788136620213,-0.296787225453659,1,0,0,1,31,1,31zt04,M-O,1,0.9377,0.6471,0.653236394761847,0.637768608004664,0.582897861259389,0.780664974735645,0.383314479455346,0.346763605238153,0.362231391995336,0.417102138740611,0.219335025264355,0.616685520544654,0.920788136620213,0.296787225453659
1.20667251373017,0.824062867551554,1,1,1,1,31,1,31zt04,M-O,1,0.2083,0.3905,0.970326570793467,0.974286968255983,0.962658824643929,0.970973075694142,0.795048081272059,0.970326570793467,0.974286968255983,0.962658824643929,0.970973075694142,0.795048081272059,1.20667251373017,0.824062867551554
-1.88676344427757,1.34317702745522,0,1,1,1,31,1,31zt04,M-O,1,0.5002,0.9501,0.994660403056581,0.996294416970267,0.994022222828906,0.992119539073607,0.910392670798793,0.994660403056581,0.996294416970267,0.994022222828906,0.992119539073607,0.910392670798793,1.88676344427757,1.34317702745522
1.06272325219692,0.574274902921231,1,1,1,1,31,1,31zt04,M-O,1,0.7002,1.2159,0.949701169830809,0.954236022991506,0.935060679743658,0.950066950139849,0.717109105230324,0.949701169830809,0.954236022991506,0.935060679743658,0.950066950139849,0.717109105230324,1.06272325219692,0.574274902921231
-1.56329851010124,1.77507065508678,0,1,1,1,31,1,31zt04,M-O,1,0.4971,0.8547,0.997076846334267,0.997944072936041,0.996870046251664,0.997788466987296,0.962056889201685,0.997076846334267,0.997944072936041,0.996870046251664,0.997788466987296,0.962056889201685,1.56329851010124,1.77507065508678
-2.09363789469744,1.11983842292409,0,1,1,1,31,1,31zt04,M-O,1,0.4061,0.8081,0.992813402455991,0.995607266114614,0.992582572439165,0.985776514813,0.868608688752457,0.992813402455991,0.995607266114614,0.992582572439165,0.985776514813,0.868608688752457,2.09363789469744,1.11983842292409
0.853112923999373,1.12506074255075,1,1,1,1,31,1,31zt04,M-O,1,0.4873,0.9269,0.976332123561968,0.980065767023366,0.972223813718362,0.9859643662851,0.869718352351366,0.976332123561968,0.980065767023366,0.972223813718362,0.9859643662851,0.869718352351366,0.853112923999373,1.12506074255075
0.139680180435439,0.594098932150786,1,1,1,1,31,1,31zt04,M-O,1,1.0193,0.6789,0.910832139379868,0.916343146359444,0.892607966571871,0.952076247581102,0.723777027465538,0.910832139379868,0.916343146359444,0.892607966571871,0.952076247581102,0.723777027465538,0.139680180435439,0.594098932150786
0.926771171859956,0.925313512253485,1,1,1,1,31,1,31zt04,M-O,1,0.2692,0.6945,0.968409324737878,0.972335562929502,0.961223127609488,0.977062505863179,0.822598573940903,0.968409324737878,0.972335562929502,0.961223127609488,0.977062505863179,0.822598573940903,0.926771171859956,0.925313512253485
-0.917631354569046,0.451641327608654,0,1,1,1,31,1,31zt04,M-O,1,0.2835,0.5047,0.93275939328298,0.936867507346327,0.912344294987956,0.936104326742563,0.674236303827608,0.93275939328298,0.936867507346327,0.912344294987956,0.936104326742563,0.674236303827608,0.917631354569046,0.451641327608654
-1.69567290411355,-0.0306567780115545,0,1,1,1,31,1,31zt04,M-O,1,0.2302,0.2964,0.920294204688262,0.945051395121268,0.913658042986455,0.864744163715034,0.512228369451902,0.920294204688262,0.945051395121268,0.913658042986455,0.864744163715034,0.512228369451902,1.69567290411355,0.0306567780115545
0.246379413764913,1.05566364940247,1,1,1,1,31,1,31zt04,M-O,1,0.5061,0.9528,0.958506006890884,0.964778942370172,0.953796676648252,0.983285465604397,0.85443904490205,0.958506006890884,0.964778942370172,0.953796676648252,0.983285465604397,0.85443904490205,0.246379413764913,1.05566364940247
0.483769424012735,0.0261651773292522,1,1,1,1,31,1,31zt04,M-O,1,0.5092,0.792,0.848145464380093,0.84578866347992,0.79933174162297,0.863765270188145,0.5104372045835,0.848145464380093,0.84578866347992,0.79933174162297,0.863765270188145,0.5104372045835,0.483769424012735,0.0261651773292522
-0.427067423817562,-1.03105575763772,1,0,0,1,31,1,31zt04,M-O,1,0.6269,0.6954,0.488064061192034,0.442312601689295,0.364546966822554,0.516022183081047,0.151257336669688,0.511935938807967,0.557687398310705,0.635453033177446,0.483977816918953,0.848742663330312,0.427067423817562,1.03105575763772
0.839643987247724,1.84005086098864,1,1,1,1,31,1,31zt04,M-O,1,0.6479,0.6395,0.994449820190695,0.996099018345905,0.99453799755044,0.998200238227941,0.9671196147092,0.994449820190695,0.996099018345905,0.99453799755044,0.998200238227941,0.9671196147092,0.839643987247724,1.84005086098864
-0.279119571686162,1.03253994558294,1,1,1,1,31,1,31zt04,M-O,1,0.5928,0.661,0.95774290105967,0.963893696738608,0.952528692562803,0.982300662379483,0.849090377618937,0.95774290105967,0.963893696738608,0.952528692562803,0.982300662379483,0.849090377618937,0.279119571686162,1.03253994558294
-0.226296085363287,0.365849788269219,1,1,1,1,31,1,31zt04,M-O,1,0.3454,0.7344,0.884961599777983,0.88726573185994,0.855259993680924,0.924652085005698,0.64276141711049,0.884961599777983,0.88726573185994,0.855259993680924,0.924652085005698,0.64276141711049,0.226296085363287,0.365849788269219
1.36935201543369,0.451121693814956,1,1,1,1,31,1,31zt04,M-O,1,0.259,1.0471,0.951191379350773,0.958420713784433,0.938302426265885,0.936039285887611,0.67404907844526,0.951191379350773,0.958420713784433,0.938302426265885,0.936039285887611,0.67404907844526,1.36935201543369,0.451121693814956
-0.0152125922085298,1.27962581448603,1,1,1,1,31,1,31zt04,M-O,1,0.5913,0.7452,0.967826299895004,0.974377185670957,0.966822129239978,0.990634810028263,0.899661616725896,0.967826299895004,0.974377185670957,0.966822129239978,0.990634810028263,0.899661616725896,0.0152125922085298,1.27962581448603
-0.798094540898156,0.0510036726679862,0,1,1,1,31,1,31zt04,M-O,1,0.7326,0.7053,0.875035021284109,0.87745674968531,0.83431424632359,0.869118071601111,0.520338703003304,0.875035021284109,0.87745674968531,0.83431424632359,0.869118071601111,0.520338703003304,0.798094540898156,0.0510036726679862
1.79025628892274,0.879845555304966,1,1,1,1,31,1,31zt04,M-O,1,0.4769,0.8865,0.984094320974888,0.988507788317926,0.981635602850943,0.974475864686491,0.810528508876982,0.984094320974888,0.988507788317926,0.981635602850943,0.974475864686491,0.810528508876982,1.79025628892274,0.879845555304966
-0.912159599013688,-0.688331289004623,1,1,0,0,31,1,31zt04,M-O,1,0.9344,0.7976,0.54210081366712,0.505379299489624,0.441288496834915,0.649101905534096,0.245622091179947,0.45789918633288,0.494620700510376,0.558711503165085,0.350898094465904,0.754377908820053,0.912159599013688,0.688331289004623
0.33792609324878,0.0731400722794939,1,1,1,1,31,1,31zt04,M-O,1,0.5961,0.7347,0.845395261197671,0.842529536065171,0.797826441990488,0.873764533372355,0.529152673017311,0.845395261197671,0.842529536065171,0.797826441990488,0.873764533372355,0.529152673017311,0.33792609324878,0.0731400722794939
-0.867543746023849,-0.278106390570239,1,0,0,1,31,1,31zt04,M-O,1,0.5412,0.7108,0.662992832434141,0.648017461576259,0.593211311983225,0.786146576415455,0.390465345108726,0.337007167565859,0.351982538423741,0.406788688016775,0.213853423584545,0.609534654891274,0.867543746023849,0.278106390570239
-1.36210626737348,-0.0264737259722907,0,1,1,1,31,1,31zt04,M-O,1,0.5782,0.4779,0.905183483514026,0.920801343231774,0.883389730642241,0.86383266954877,0.510560255055535,0.905183483514026,0.920801343231774,0.883389730642241,0.86383266954877,0.510560255055535,1.36210626737348,0.0264737259722907
0.462724210338282,1.30755613089727,1,1,1,1,31,1,31zt04,M-O,1,0.4817,0.4957,0.977041343854209,0.981578141957349,0.975248353496587,0.991315082773882,0.904488047668138,0.977041343854209,0.981578141957349,0.975248353496587,0.991315082773882,0.904488047668138,0.462724210338282,1.30755613089727
1.1151258342463,0.188576719549363,1,1,1,1,31,1,31zt04,M-O,1,0.156,0.3646,0.91357162382177,0.920709466237033,0.887486408395381,0.896130130802793,0.574787709736342,0.91357162382177,0.920709466237033,0.887486408395381,0.896130130802793,0.574787709736342,1.1151258342463,0.188576719549363
-0.117492330666368,-0.474735818105321,0,1,0,0,31,1,31zt04,M-O,1,0.5825,0.8407,0.681428390911116,0.657666916935011,0.588631593685941,0.724576835005056,0.317487642319128,0.318571609088884,0.342333083064989,0.411368406314059,0.275423164994944,0.682512357680872,0.117492330666368,0.474735818105321
0.944238699209752,0.115438263086459,1,1,1,1,31,1,31zt04,M-O,1,1.0462,1.19,0.894134363938445,0.898971650618228,0.860417787635298,0.882320399189228,0.545951123943959,0.894134363938445,0.898971650618228,0.860417787635298,0.882320399189228,0.545951123943959,0.944238699209752,0.115438263086459
-1.97957283658191,0.265248685809409,0,1,1,1,31,1,31zt04,M-O,1,0.7316,0.7751,0.953608495400459,0.973483710028537,0.955578560801629,0.909303277561524,0.604591054111653,0.953608495400459,0.973483710028537,0.955578560801629,0.909303277561524,0.604591054111653,1.97957283658191,0.265248685809409
0.405691681280517,0.407706290351541,1,1,1,1,31,1,31zt04,M-O,1,0.1799,0.9766,0.9012198847039,0.903895614147584,0.874302266020463,0.930421090251277,0.658255340620166,0.9012198847039,0.903895614147584,0.874302266020463,0.930421090251277,0.658255340620166,0.405691681280517,0.407706290351541
1.17236881544081,0.0551347613278802,1,1,1,1,31,1,31zt04,M-O,1,0.0789,1.0005,0.899066083606966,0.90917260505303,0.870385103798861,0.869994044841815,0.52198444864163,0.899066083606966,0.90917260505303,0.870385103798861,0.869994044841815,0.52198444864163,1.17236881544081,0.0551347613278802
0.583944641103128,1.14462495488346,1,1,1,1,31,1,31zt04,M-O,1,0.4992,0.6711,0.97172010524702,0.976307003535729,0.967892866364337,0.986649220255163,0.87381772482901,0.97172010524702,0.976307003535729,0.967892866364337,0.986649220255163,0.87381772482901,0.583944641103128,1.14462495488346
1.7494285743943,1.57521949803078,1,1,1,1,31,1,31zt04,M-O,1,0.0447,0.6078,0.996304911519448,0.997379663911766,0.995888014548251,0.995932896070626,0.942397105948431,0.996304911519448,0.997379663911766,0.995888014548251,0.995932896070626,0.942397105948431,1.7494285743943,1.57521949803078
-1.66978729129397,1.21095620864893,0,1,1,1,31,1,31zt04,M-O,1,0.2775,0.8235,0.990947995643809,0.993176345717553,0.98936998144262,0.988760772911012,0.887043905776539,0.990947995643809,0.993176345717553,0.98936998144262,0.988760772911012,0.887043905776539,1.66978729129397,1.21095620864893
1.72564748294217,0.919883339109348,1,1,1,1,31,1,31zt04,M-O,1,0.2303,0.646,0.984447508564439,0.988395871228316,0.98168578426907,0.97676568788583,0.821183136857239,0.984447508564439,0.988395871228316,0.98168578426907,0.97676568788583,0.821183136857239,1.72564748294217,0.919883339109348
0.654867011186032,-0.0299552723900631,1,1,1,1,31,1,31zt04,M-O,1,0.3717,0.6309,0.861523797284486,0.861511867856265,0.816202854516873,0.864591597066458,0.511948637695321,0.861523797284486,0.861511867856265,0.816202854516873,0.864591597066458,0.511948637695321,0.654867011186032,0.0299552723900631
0.43052503341637,-1.39898246526514,0,0,0,1,31,1,31zt04,M-O,1,0.4842,0.4936,0.376024528394831,0.329240994281523,0.252148553298017,0.371548741484803,0.0809091206731024,0.623975471605169,0.670759005718477,0.747851446701983,0.628451258515197,0.919090879326898,0.43052503341637,1.39898246526514
1.71891301456634,0.977276891623222,1,1,1,1,31,1,31zt04,M-O,1,0.0886,0.742,0.986057795104466,0.989564051621708,0.983559902628393,0.97974473399686,0.83578395493123,0.986057795104466,0.989564051621708,0.983559902628393,0.97974473399686,0.83578395493123,1.71891301456634,0.977276891623222
0.83017364109422,0.0219561436003036,1,1,1,1,31,1,31zt04,M-O,1,0.3217,0.6711,0.872603102193297,0.875602692234402,0.831262259734983,0.862843568950787,0.508758530283685,0.872603102193297,0.875602692234402,0.831262259734983,0.862843568950787,0.508758530283685,0.83017364109422,0.0219561436003036
-0.0958157605816822,0.87516885116169,1,1,1,1,31,1,31zt04,M-O,1,0.326,0.6865,0.939362211419185,0.94655249081909,0.931069379189573,0.974196469269291,0.809258980556497,0.939362211419185,0.94655249081909,0.931069379189573,0.974196469269291,0.809258980556497,0.0958157605816822,0.87516885116169
-2.19760125024924,1.80648251791579,0,1,1,1,31,1,31zt04,M-O,1,0.3737,0.3574,0.998839658553528,0.999309110188589,0.998837111747994,0.997997138692211,0.964578498776531,0.998839658553528,0.999309110188589,0.998837111747994,0.997997138692211,0.964578498776531,2.19760125024924,1.80648251791579
-2.16729614255802,1.43590567794052,0,1,1,1,31,1,31zt04,M-O,1,0.1232,0.3009,0.996873759846385,0.99812540367549,0.996819916054907,0.993914270215222,0.924485408695018,0.996873759846385,0.99812540367549,0.996819916054907,0.993914270215222,0.924485408695018,2.16729614255802,1.43590567794052
-2.08016895794579,1.71268861815342,0,1,1,1,31,1,31zt04,M-O,1,0.1811,0.5825,0.998268450827483,0.998908182642779,0.998195130357908,0.997314659853987,0.956615079912076,0.998268450827483,0.998908182642779,0.998195130357908,0.997314659853987,0.956615079912076,2.08016895794579,1.71268861815342
0.0552888736008855,-1.43569459278986,0,0,0,1,31,1,31zt04,M-O,1,0.3754,0.4629,0.397736837995863,0.368952399898296,0.279640699762064,0.357754889089608,0.0755446322734036,0.602263162004137,0.631047600101704,0.720359300237936,0.642245110910392,0.924455367726596,0.0552888736008855,1.43569459278986
-1.96484118700979,0.436130258866787,0,1,1,1,31,1,31zt04,M-O,1,0.2239,0.2794,0.966209814211913,0.97966524740859,0.966111338872399,0.934140601893049,0.668628887868645,0.966209814211913,0.97966524740859,0.966111338872399,0.934140601893049,0.668628887868645,1.96484118700979,0.436130258866787
-0.962668111832373,0.0425856052100889,0,1,1,1,31,1,31zt04,M-O,1,0.356,0.4941,0.88460758252785,0.890198869274793,0.848230372354246,0.86732046711932,0.516984064770526,0.88460758252785,0.890198869274793,0.848230372354246,0.86732046711932,0.516984064770526,0.962668111832373,0.0425856052100889
1.03241814450571,-0.136194401511489,1,1,1,1,31,1,31zt04,M-O,1,0.3752,0.6309,0.902242167059544,0.90846870317518,0.871867905733483,0.886365285488855,0.554166199561495,0.902242167059544,0.90846870317518,0.871867905733483,0.886365285488855,0.554166199561495,1.03241814450571,0.136194401511489
1.203515731679,0.252751493070988,1,1,1,1,31,1,31zt04,M-O,1,0.2835,0.6156,0.925524920330746,0.933293168139896,0.903913422863533,0.907245108385123,0.599769873150007,0.925524920330746,0.933293168139896,0.903913422863533,0.907245108385123,0.599769873150007,1.203515731679,0.252751493070988
-2.0835361921337,0.947242058347514,0,1,1,1,31,1,31zt04,M-O,1,0.3345,0.7361,0.989271854480692,0.993557691959717,0.98909105728501,0.978228846587834,0.828242275818831,0.989271854480692,0.993557691959717,0.98909105728501,0.978228846587834,0.828242275818831,2.0835361921337,0.947242058347514
-0.643622672527676,1.07104480969591,0,1,1,1,31,1,31zt04,M-O,1,0.4319,0.4149,0.969229880669479,0.973749951823212,0.964260721961532,0.983914240989336,0.857925359013189,0.969229880669479,0.973749951823212,0.964260721961532,0.983914240989336,0.857925359013189,0.643622672527676,1.07104480969591
-1.14976006139825,1.33288827834001,0,1,1,1,31,1,31zt04,M-O,1,0.2575,0.4874,0.987826821822727,0.990293281440007,0.985970895488005,0.991894196916352,0.908715765112153,0.987826821822727,0.990293281440007,0.985970895488005,0.991894196916352,0.908715765112153,1.14976006139825,1.33288827834001
-2.22096143742788,-0.199407852514773,0,1,1,1,31,1,31zt04,M-O,1,0.1836,0.6683,0.952368266403063,0.979424904409992,0.963321466225416,0.898070925664021,0.579028140792773,0.952368266403063,0.979424904409992,0.963321466225416,0.898070925664021,0.579028140792773,2.22096143742788,0.199407852514773
-0.21387940929536,-2.0161515220395,0,0,0,1,31,1,31zt04,M-O,1,0.2774,0.7595,0.218243517868651,0.201791357657962,0.130797549439978,0.172349016399339,0.0218920669397554,0.781756482131349,0.798208642342038,0.869202450560022,0.827650983600661,0.978107933060245,0.21387940929536,2.0161515220395
-1.284238976778,0.270678858953547,0,1,1,1,31,1,31zt04,M-O,1,0.326,0.828,0.931167455718851,0.939856356966769,0.912211283924639,0.910186936478709,0.606680980939501,0.931167455718851,0.939856356966769,0.912211283924639,0.910186936478709,0.606680980939501,1.284238976778,0.270678858953547
-2.02818728016989,1.81245830654331,0,1,1,1,31,1,31zt04,M-O,1,0.1704,0.6938,0.998561730845586,0.999081987811512,0.998500756987758,0.998034751002001,0.965042294692955,0.998561730845586,0.999081987811512,0.998500756987758,0.998034751002001,0.965042294692955,2.02818728016989,1.81245830654331
1.04883341117178,1.76127437786412,1,1,1,1,31,1,31zt04,M-O,1,0.2825,0.7571,0.994575837308463,0.996098292967367,0.994420584803481,0.997690740436703,0.960904012733608,0.994575837308463,0.996098292967367,0.994420584803481,0.997690740436703,0.960904012733608,1.04883341117178,1.76127437786412
0.3909600317084,0.0147332338679102,1,1,1,1,31,1,31zt04,M-O,1,0.4183,0.5434,0.838942507321918,0.835392858714305,0.788003516484425,0.861251976276979,0.505877497279909,0.838942507321918,0.835392858714305,0.788003516484425,0.861251976276979,0.505877497279909,0.3909600317084,0.0147332338679102
-0.959090425507716,0.244177535474981,0,1,1,1,31,1,31zt04,M-O,1,0.2494,0.3186,0.911982786885025,0.91660443445891,0.884137885086886,0.905813213433833,0.596453337670008,0.911982786885025,0.91660443445891,0.884137885086886,0.905813213433833,0.596453337670008,0.959090425507716,0.244177535474981
-0.49630617680651,0.0687491667227511,0,0,1,0,31,1,31zt04,M-O,1,0.3189,0.7128,0.856463068090849,0.854868089551754,0.810583806787759,0.872852138309935,0.52740535931563,0.856463068090849,0.854868089551754,0.810583806787759,0.872852138309935,0.52740535931563,0.49630617680651,0.0687491667227511
-1.27140139643659,1.36414425103091,0,1,1,1,31,1,31zt04,M-O,1,0.2104,0.7893,0.989896860035404,0.992054577011125,0.988336866124428,0.992561766189389,0.913738915013652,0.989896860035404,0.992054577011125,0.988336866124428,0.992561766189389,0.913738915013652,1.27140139643659,1.36414425103091
-2.20054758016366,1.60130511447439,0,1,1,1,31,1,31zt04,M-O,1,0.5249,1.0064,0.998020846591356,0.99882648267559,0.998008277945861,0.996235955238698,0.945345321604137,0.998020846591356,0.99882648267559,0.998008277945861,0.996235955238698,0.945345321604137,2.20054758016366,1.60130511447439
0.539118335976544,0.551385034308863,1,1,1,1,31,1,31zt04,M-O,1,0.4338,0.7681,0.925105183493229,0.928975718353713,0.905428306448491,0.947663947049557,0.709315121195104,0.925105183493229,0.928975718353713,0.905428306448491,0.947663947049557,0.709315121195104,0.539118335976544,0.551385034308863
0.857532418871008,0.866439003427574,1,1,1,1,31,1,31zt04,M-O,1,0.2183,0.605,0.963133444011858,0.967257195399382,0.954520701392024,0.973668082227473,0.806875268673597,0.963133444011858,0.967257195399382,0.954520701392024,0.973668082227473,0.806875268673597,0.857532418871008,0.866439003427574
-0.840184968247061,1.4381660849431,0,1,1,1,31,1,31zt04,M-O,1,0.4814,0.2632,0.986814584709842,0.989695837015435,0.985613993147751,0.99395307984338,0.924806532199069,0.986814584709842,0.989695837015435,0.985613993147751,0.99395307984338,0.924806532199069,0.840184968247061,1.4381660849431
-2.07132996820252,0.227445327317926,0,1,1,1,31,1,31zt04,M-O,1,0.1803,0.4724,0.952203132769209,0.975307787079685,0.957683558081881,0.902972006603603,0.589961261199316,0.952203132769209,0.975307787079685,0.957683558081881,0.902972006603603,0.589961261199316,2.07132996820252,0.227445327317926
-1.21647338874627,0.580328636617806,0,1,1,1,31,1,31zt04,M-O,1,0.4142,0.6071,0.955685904902634,0.960793978018788,0.94312280982586,0.950687539142252,0.719153490215768,0.955685904902634,0.960793978018788,0.94312280982586,0.950687539142252,0.719153490215768,1.21647338874627,0.580328636617806
1.30916270432475,1.09177819806444,1,1,1,1,31,1,31zt04,M-O,1,0.2112,0.1495,0.983379147890338,0.986318423321543,0.979815780076024,0.984729656907015,0.86253469793943,0.983379147890338,0.986318423321543,0.979815780076024,0.984729656907015,0.86253469793943,1.30916270432475,1.09177819806444
0.418318809485188,0.400795160895366,1,1,1,1,31,1,31zt04,M-O,1,0.5609,0.4868,0.901035126785166,0.903627074297409,0.873818785440641,0.92949271769896,0.655714529028878,0.901035126785166,0.903627074297409,0.873818785440641,0.92949271769896,0.655714529028878,0.418318809485188,0.400795160895366
-1.67294407334514,1.28004152152099,0,1,1,1,31,1,31zt04,M-O,1,0.0729,0.6097,0.992206746976188,0.994166660393288,0.990915872693875,0.990645267286174,0.8997347333043,0.992206746976188,0.994166660393288,0.990915872693875,0.990645267286174,0.8997347333043,1.67294407334514,1.28004152152099
1.26412594706143,0.279564596825772,1,1,1,1,31,1,31zt04,M-O,1,0.2195,0.8937,0.931207808411154,0.939486009941872,0.911945488878758,0.911619094708136,0.610094213982251,0.931207808411154,0.939486009941872,0.911945488878758,0.911619094708136,0.610094213982251,1.26412594706143,0.279564596825772
-0.165896322117608,-1.02014344797007,0,0,0,1,31,1,31zt04,M-O,1,0.2747,0.4459,0.517811147973984,0.479541475584097,0.39564151033518,0.520371013803922,0.15383021676414,0.482188852026016,0.520458524415903,0.60435848966482,0.479628986196078,0.84616978323586,0.165896322117608,1.02014344797007
-1.72155851693312,-1.21677287550516,1,1,0,0,31,1,31zt04,M-O,1,0.2763,0.6639,0.32134334875985,0.270508355625361,0.221508135879443,0.442140429510093,0.111845321452035,0.67865665124015,0.729491644374639,0.778491864120557,0.557859570489907,0.888154678547965,1.72155851693312,1.21677287550516
1.38240004791185,0.000573212989657,1,1,1,1,31,1,31zt04,M-O,1,0.3341,0.5978,0.902554785354509,0.919562675003865,0.881199640341607,0.858095384740413,0.500228678884727,0.902554785354509,0.919562675003865,0.881199640341607,0.858095384740413,0.500228678884727,1.38240004791185,0.000573212989657
0.610882514606427,0.724189252402921,1,1,1,1,31,1,31zt04,M-O,1,0.415,0.5919,0.944593851968131,0.949124921280949,0.93144677807336,0.963706394436031,0.765525222057709,0.944593851968131,0.949124921280949,0.93144677807336,0.963706394436031,0.765525222057709,0.610882514606427,0.724189252402921
0.759040818874571,0.781946548572383,1,1,1,1,31,1,31zt04,M-O,1,0.3303,0.5604,0.954426887763251,0.958738483205069,0.943420578721315,0.968071343369472,0.782877006405124,0.954426887763251,0.958738483205069,0.943420578721315,0.968071343369472,0.782877006405124,0.759040818874571,0.781946548572383
1.30137597526521,1.32145633487867,1,1,1,1,31,1,31zt04,M-O,1,0.2781,0.6062,0.989319694005486,0.991548355593313,0.987544155854765,0.991637192933583,0.906825373628099,0.989319694005486,0.991548355593313,0.987544155854765,0.991637192933583,0.906825373628099,1.30137597526521,1.32145633487867
-2.2163314904195,1.24681094041404,0,1,1,1,31,1,31zt04,M-O,1,0.1501,0.5848,0.995260818862932,0.997320800591147,0.995376701146882,0.989776403490333,0.893766585987788,0.995260818862932,0.997320800591147,0.995376701146882,0.989776403490333,0.893766585987788,2.2163314904195,1.24681094041404
0.385488276153042,1.40675422211409,1,1,1,1,31,1,31zt04,M-O,1,0.4967,0.565,0.979930450763379,0.984337176402466,0.979061410046116,0.993393617599281,0.92024985937988,0.979930450763379,0.984337176402466,0.979061410046116,0.993393617599281,0.92024985937988,0.385488276153042,1.40675422211409
-1.91180724855017,0.611558627619017,0,1,1,1,31,1,31zt04,M-O,1,0.0818,0.608,0.975241738561675,0.983916176986478,0.973567771548302,0.953791818725832,0.72958509102318,0.975241738561675,0.983916176986478,0.973567771548302,0.953791818725832,0.72958509102318,1.91180724855017,0.611558627619017
-2.08837659127883,1.07327923500881,0,1,1,1,31,1,31zt04,M-O,1,0.1952,0.3024,0.991963603696268,0.995098942132193,0.991721965506947,0.984003875525849,0.858427075473541,0.991963603696268,0.995098942132193,0.991721965506947,0.984003875525849,0.858427075473541,2.08837659127883,1.07327923500881
-0.41254622638219,0.867971923118981,0,1,1,1,31,1,31zt04,M-O,1,0.0608,0.4873,0.949353188061345,0.954895138854732,0.940213691447214,0.97376151373804,0.80729514838788,0.949353188061345,0.954895138854732,0.940213691447214,0.97376151373804,0.80729514838788,0.41254622638219,0.867971923118981
-2.08837659127883,1.58956139073683,0,1,1,1,31,1,31zt04,M-O,1,0.3235,0.5918,0.99766185880987,0.99852569627129,0.997549501785307,0.996102117372651,0.94403314713206,0.99766185880987,0.99852569627129,0.997549501785307,0.996102117372651,0.94403314713206,2.08837659127883,1.58956139073683
-0.368561729802584,-0.562268130653642,1,1,0,0,31,1,31zt04,M-O,1,0.4105,0.729,0.632088431809614,0.602107598852484,0.532852841981034,0.694609899381447,0.286966674151074,0.367911568190386,0.397892401147516,0.467147158018966,0.305390100618553,0.713033325848926,0.368561729802584,0.562268130653642
-2.26957588101586,0.415838559222905,0,1,1,1,31,1,31zt04,M-O,1,0.2309,0.7094,0.96968893855221,0.98686699158903,0.976396043644452,0.931501412394872,0.661235929441752,0.96968893855221,0.98686699158903,0.976396043644452,0.931501412394872,0.661235929441752,2.26957588101586,0.415838559222905
-0.90437286995414,1.06312039434203,0,1,1,1,31,1,31zt04,M-O,1,1.0392,0.3254,0.974673061716853,0.978403181748906,0.969754255418366,0.983592872612235,0.856136321569066,0.974673061716853,0.978403181748906,0.969754255418366,0.983592872612235,0.856136321569066,0.90437286995414,1.06312039434203
0.889310691519431,0.175793728224408,1,1,1,1,31,1,31zt04,M-O,1,0.2766,0.6312,0.899157604179532,0.903016271356479,0.866776196857208,0.893805274546493,0.569772001470575,0.899157604179532,0.903016271356479,0.866776196857208,0.893805274546493,0.569772001470575,0.889310691519431,0.175793728224408
0.942134177842306,0.224041725969208,1,1,1,1,31,1,31zt04,M-O,1,0.2122,0.5917,0.908535164987439,0.913000945093577,0.879475300152107,0.902386438019475,0.588637582134376,0.908535164987439,0.913000945093577,0.879475300152107,0.902386438019475,0.588637582134376,0.942134177842306,0.224041725969208
-1.33495794173343,0.100784590104194,0,1,1,1,31,1,31zt04,M-O,1,0.2164,0.4621,0.91376005987358,0.926670279984304,0.892381210846154,0.879404042916598,0.540139270068147,0.91376005987358,0.926670279984304,0.892381210846154,0.879404042916598,0.540139270068147,1.33495794173343,0.100784590104194
0.78176964964298,1.47417670684633,1,1,1,1,31,1,31zt04,M-O,1,0.428,0.7435,0.987097805800517,0.990015302424032,0.986138731320362,0.994542445832003,0.929782990135783,0.987097805800517,0.990015302424032,0.986138731320362,0.994542445832003,0.929782990135783,0.78176964964298,1.47417670684633
-0.182311588783681,-1.71419232452196,0,0,0,1,31,1,31zt04,M-O,1,0.6494,0.6866,0.30266447583069,0.275502799042818,0.194842419213461,0.260123695059085,0.0432467050419334,0.69733552416931,0.724497200957182,0.805157580786539,0.739876304940915,0.956753294958067,0.182311588783681,1.71419232452196
-0.0743496426337408,1.32641883760848,1,1,1,1,31,1,31zt04,M-O,1,0.2982,0.5522,0.971468608328521,0.977499084691399,0.9707055488873,0.991749621964792,0.907649498735869,0.971468608328521,0.977499084691399,0.9707055488873,0.991749621964792,0.907649498735869,0.0743496426337408,1.32641883760848
0.828069119726775,0.517141167304206,1,1,1,1,31,1,31zt04,M-O,1,0.4368,0.7418,0.935031913779716,0.938904613940214,0.916010477329458,0.943898581913681,0.697471191122059,0.935031913779716,0.938904613940214,0.916010477329458,0.943898581913681,0.697471191122059,0.828069119726775,0.517141167304206
0.469458678714107,-0.100235742987632,1,1,1,1,31,1,31zt04,M-O,1,0.4954,0.9518,0.859804413199476,0.858422991196724,0.815545422484072,0.879293831997321,0.539921414952634,0.859804413199476,0.858422991196724,0.815545422484072,0.879293831997321,0.539921414952634,0.469458678714107,0.100235742987632
-1.41029980668797,1.39532227865275,0,1,1,1,31,1,31zt04,M-O,1,0.5215,0.5749,0.991832957689848,0.993696295892268,0.990572769528116,0.99317892540798,0.918540661617551,0.991832957689848,0.993696295892268,0.990572769528116,0.99317892540798,0.918540661617551,1.41029980668797,1.39532227865275
-0.707179217824522,-0.393153312494835,1,0,0,1,31,1,31zt04,M-O,1,0.8124,1.0614,0.645940307716777,0.623739512660826,0.563774697289208,0.751137899371897,0.3471031250614,0.354059692283223,0.376260487339174,0.436225302710792,0.248862100628103,0.6528968749386,0.707179217824522,0.393153312494835
-0.764632651155777,1.16712509815055,0,1,1,1,31,1,31zt04,M-O,1,0.505,0.7266,0.976403972824428,0.980305114537414,0.972805508107072,0.987400988071344,0.878420073220327,0.976403972824428,0.980305114537414,0.972805508107072,0.987400988071344,0.878420073220327,0.764632651155777,1.16712509815055
1.69597373166119,0.226484004799586,1,1,1,1,31,1,31zt04,M-O,1,0.3041,0.5593,0.942432142136259,0.959010154703027,0.935497793274112,0.902806878910606,0.589587500814368,0.942432142136259,0.959010154703027,0.935497793274112,0.902806878910606,0.589587500814368,1.69597373166119,0.226484004799586
0.582681928282661,1.52398360597222,1,1,1,1,31,1,31zt04,M-O,1,0.2736,0.6715,0.986266477917459,0.989549598558077,0.985759066608081,0.995273368050574,0.936243596733089,0.986266477917459,0.989549598558077,0.985759066608081,0.995273368050574,0.936243596733089,0.582681928282661,1.52398360597222
1.34641273252854,1.263880910537,1,1,1,1,31,1,31zt04,M-O,1,0.3925,0.9601,0.98855489974418,0.990886098998577,0.986484533231592,0.990231139697943,0.89686361277001,0.98855489974418,0.990886098998577,0.986484533231592,0.990231139697943,0.89686361277001,1.34641273252854,1.263880910537
-2.19297130324086,1.73479903607524,0,1,1,1,31,1,31zt04,M-O,1,0.4246,0.3583,0.998588597127513,0.99915702850246,0.998578526517925,0.997492177501262,0.958611796500254,0.998588597127513,0.99915702850246,0.998578526517925,0.997492177501262,0.958611796500254,2.19297130324086,1.73479903607524
-1.06431649387998,0.554996489175059,0,1,1,1,31,1,31zt04,M-O,1,0.4564,0.6773,0.948223109792892,0.952815922448424,0.933052087610533,0.948049068918784,0.7105514690821,0.948223109792892,0.952815922448424,0.933052087610533,0.948049068918784,0.7105514690821,1.06431649387998,0.554996489175059
-1.48816709728345,-0.0462977552018451,0,1,1,1,31,1,31zt04,M-O,1,0.4817,0.7605,0.913857031731692,0.93222771462355,0.897838599012273,0.868115249583669,0.518463535759002,0.913857031731692,0.93222771462355,0.897838599012273,0.868115249583669,0.518463535759002,1.48816709728345,0.0462977552018451
-1.07694362208465,0.204321623498393,0,1,1,1,31,1,31zt04,M-O,1,0.3047,0.8455,0.913481446088002,0.919882803209114,0.886918077506226,0.898942652577195,0.580948913359578,0.913481446088002,0.919882803209114,0.886918077506226,0.898942652577195,0.580948913359578,1.07694362208465,0.204321623498393
-1.12829394345031,-0.0500910818958359,0,1,1,1,31,1,31zt04,M-O,1,0.1826,0.6113,0.895824670020684,0.90498700400146,0.865367088932546,0.868924013269902,0.519975096782766,0.895824670020684,0.90498700400146,0.865367088932546,0.868924013269902,0.519975096782766,1.12829394345031,0.0500910818958359
-0.862071990468491,0.202139161564864,0,1,1,1,31,1,31zt04,M-O,1,0.102,0.6604,0.901065318853329,0.904578730989587,0.869296927162953,0.898556146318031,0.580096033386409,0.901065318853329,0.904578730989587,0.869296927162953,0.898556146318031,0.580096033386409,0.862071990468491,0.202139161564864
-0.54050112552286,1.11155026391462,0,1,1,1,31,1,31zt04,M-O,1,0.2299,0.4472,0.969051476824271,0.973884013794659,0.964778952158369,0.985473936448585,0.86683421641465,0.969051476824271,0.973884013794659,0.964778952158369,0.985473936448585,0.86683421641465,0.54050112552286,1.11155026391462
1.19530809834597,1.3998690743476,1,1,1,1,31,1,31zt04,M-O,1,0.3282,0.6294,0.989841382666836,0.992035696397134,0.988422074779966,0.993265041661376,0.919223735803465,0.989841382666836,0.992035696397134,0.988422074779966,0.993265041661376,0.919223735803465,1.19530809834597,1.3998690743476
1.03767944792432,-0.0018430841510357,1,1,1,1,31,1,31zt04,M-O,1,0.405,0.8138,0.883123649459311,0.890807580231419,0.847601655340839,0.858380436941141,0.500735283777898,0.883123649459311,0.890807580231419,0.847601655340839,0.858380436941141,0.500735283777898,1.03767944792432,0.0018430841510357
1.32789294449502,0.516101899716812,1,1,1,1,31,1,31zt04,M-O,1,0.6995,0.6373,0.954775949484733,0.960985409090938,0.942459369174456,0.943781051208434,0.697108379398979,0.954775949484733,0.960985409090938,0.942459369174456,0.943781051208434,0.697108379398979,1.32789294449502,0.516101899716812
1.3457813761183,0.666198121026295,1,1,1,1,31,1,31zt04,M-O,1,0.4957,0.7205,0.965346661041333,0.970402761305818,0.956169315748238,0.958844027202936,0.747357763109133,0.965346661041333,0.970402761305818,0.956169315748238,0.958844027202936,0.747357763109133,1.3457813761183,0.666198121026295
0.844694838529592,-1.98494751272797,0,0,0,1,31,1,31zt04,M-O,1,0.69,0.696,0.191026049880554,0.148959878554023,0.099067134651376,0.180432181244726,0.0235751557145381,0.808973950119446,0.851040121445977,0.900932865348624,0.819567818755274,0.976424844285462,0.844694838529592,1.98494751272797
-1.71608676137777,0.390740246987323,0,1,1,1,31,1,31zt04,M-O,1,0.3092,0.823,0.957291443461357,0.969263450896432,0.951419670968675,0.928125074091452,0.652005376812467,0.957291443461357,0.969263450896432,0.951419670968675,0.928125074091452,0.652005376812467,1.71608676137777,0.390740246987323
-1.73144976736012,1.24135478558022,0,1,1,1,31,1,31zt04,M-O,1,0.2431,0.6232,0.992059420959686,0.994139116564717,0.990779223523836,0.989627211537029,0.892762642874108,0.992059420959686,0.994139116564717,0.990779223523836,0.989627211537029,0.892762642874108,1.73144976736012,1.24135478558022
-0.798094540898156,1.6153612085939,0,1,1,1,31,1,31zt04,M-O,1,0.0928,0.6153,0.99051505843954,0.992923923489726,0.990147922929457,0.996390718882679,0.9468837521899,0.99051505843954,0.992923923489726,0.990147922929457,0.996390718882679,0.9468837521899,0.798094540898156,1.6153612085939
1.81024924191346,0.388246004777575,1,0,1,0,31,1,31zt04,M-O,1,0.2246,0.3434,0.959519179489754,0.972679660169365,0.955970879235327,0.927782684728432,0.651083004420504,0.959519179489754,0.972679660169365,0.955970879235327,0.927782684728432,0.651083004420504,1.81024924191346,0.388246004777575
