s1,s2,r1,r2,acc1,acc2,id,seq,id_sess,task,dataset,rt1,rt2,p_r2_discrete,p_r2_bayesian,p_r2_optimal,p_r2_fixed,p_r2_naive,p_c2_discrete,p_c2_bayesian,p_c2_optimal,p_c2_fixed,p_c2_naive,abs1,abs2
-0.611369772073561,-1.63354386558033,1,1,0,0,20,1,20py03,M-O,1,0.5426,0.547,0.164927513384963,0.123868008981814,0.178669365855196,0.175373857620212,0.0511773314374047,0.835072486615037,0.876131991018186,0.821330634144804,0.824626142379788,0.948822668562595,0.611369772073561,1.63354386558033
-1.08903624042095,0.851322449445687,0,1,1,1,20,1,20py03,M-O,1,0.7019,0.3545,0.943777923381054,0.940395905467013,0.960796318292507,0.939636144437381,0.802704871188158,0.943777923381054,0.940395905467013,0.960796318292507,0.939636144437381,0.802704871188158,1.08903624042095,0.851322449445687
-2.69886409768789,1.49799341797558,0,1,1,1,20,1,20py03,M-O,1,0.9443,0.4335,0.991399616202726,0.997372571816228,0.998933273754151,0.986039598267019,0.932932519719471,0.991399616202726,0.997372571816228,0.998933273754151,0.986039598267019,0.932932519719471,2.69886409768789,1.49799341797558
-0.805039029272103,1.10316138477857,0,1,1,1,20,1,20py03,M-O,1,0.5654,0.138,0.961655766459886,0.956049371443737,0.969943605409368,0.96435026013776,0.865021456342321,0.961655766459886,0.956049371443737,0.969943605409368,0.96435026013776,0.865021456342321,0.805039029272103,1.10316138477857
1.47076611559456,1.71762711720099,1,1,1,1,20,1,20py03,M-O,1,0.5207,0.1191,0.99314414968995,0.99321316504598,0.995953458598342,0.992197627066929,0.957067674561822,0.99314414968995,0.99321316504598,0.995953458598342,0.992197627066929,0.957067674561822,1.47076611559456,1.71762711720099
1.00534750540992,0.466038702330795,1,1,1,1,20,1,20py03,M-O,1,0.5415,0.243,0.887324268707217,0.88145301218456,0.919369235721587,0.878282232202069,0.679406100956259,0.887324268707217,0.88145301218456,0.919369235721587,0.878282232202069,0.679406100956259,1.00534750540992,0.466038702330795
-1.4143699728691,0.713877992404101,0,1,1,1,20,1,20py03,M-O,1,0.4564,0.2749,0.934090702469786,0.938892459143325,0.962242845782047,0.921360426752458,0.762348686505493,0.934090702469786,0.938892459143325,0.962242845782047,0.921360426752458,0.762348686505493,1.4143699728691,0.713877992404101
2.32352324017628,0.576017387300825,1,1,1,1,20,1,20py03,M-O,1,0.5003,0.2116,0.926988265844284,0.965496144208391,0.983777573846359,0.899096685374558,0.71769828539327,0.926988265844284,0.965496144208391,0.983777573846359,0.899096685374558,0.71769828539327,2.32352324017628,0.576017387300825
2.18114188903427,1.14163196114816,1,1,1,1,20,1,20py03,M-O,1,0.1627,0.1471,0.977396509530297,0.987397695084661,0.993794286895915,0.967265048981812,0.873196483474982,0.977396509530297,0.987397695084661,0.993794286895915,0.967265048981812,0.873196483474982,2.18114188903427,1.14163196114816
-2.26559611518048,1.69145602798802,0,1,1,1,20,1,20py03,M-O,1,0.1988,0.0191,0.994578471317917,0.997064672491437,0.998586356037435,0.991618381105303,0.954625130381257,0.994578471317917,0.997064672491437,0.998586356037435,0.991618381105303,0.954625130381257,2.26559611518048,1.69145602798802
1.00381652313958,1.57444906464278,1,1,1,1,20,1,20py03,M-O,1,0.2697,0.1146,0.987523406001688,0.985933619920532,0.990818350134937,0.988542624641288,0.942308165840853,0.987523406001688,0.985933619920532,0.990818350134937,0.988542624641288,0.942308165840853,1.00381652313958,1.57444906464278
3.11197910940355,1.41617408517992,1,1,1,1,20,1,20py03,M-O,1,0.3482,0.1793,0.989571701268617,0.998316903775422,0.999441945170013,0.982852160638667,0.921637729325701,0.989571701268617,0.998316903775422,0.999441945170013,0.982852160638667,0.921637729325701,3.11197910940355,1.41617408517992
-0.253119920813017,1.96169795538232,0,1,1,1,20,1,20py03,M-O,1,0.3428,0.0838,0.992782649332117,0.991647763810994,0.994032948084444,0.996117281375739,0.975101169984672,0.992782649332117,0.991647763810994,0.994032948084444,0.996117281375739,0.975101169984672,0.253119920813017,1.96169795538232
0.237559896832302,1.92292682763485,1,1,1,1,20,1,20py03,M-O,1,0.5087,0.0991,0.991982130381329,0.990701986011804,0.99333879998502,0.995646265133372,0.972755379995668,0.991982130381329,0.990701986011804,0.99333879998502,0.995646265133372,0.972755379995668,0.237559896832302,1.92292682763485
2.97265972280223,0.398946387051622,1,1,1,1,20,1,20py03,M-O,1,0.1858,0.3693,0.902161263812864,0.977411862790652,0.992098165961145,0.864192350754263,0.655033645718969,0.902161263812864,0.977411862790652,0.992098165961145,0.864192350754263,0.655033645718969,2.97265972280223,0.398946387051622
1.38350012618494,1.029734371227,1,1,1,1,20,1,20py03,M-O,1,0.1643,0.1812,0.964274928510832,0.965411394169454,0.978708416153484,0.958197214540653,0.848432641953543,0.964274928510832,0.965411394169454,0.978708416153484,0.958197214540653,0.848432641953543,1.38350012618494,1.029734371227
-2.60547417919689,1.59215847660138,0,1,1,1,20,1,20py03,M-O,1,0.2874,0.0832,0.993279599631877,0.997644776489802,0.999002118657608,0.989063394219191,0.944325449714458,0.993279599631877,0.997644776489802,0.999002118657608,0.989063394219191,0.944325449714458,2.60547417919689,1.59215847660138
0.0967095279606347,0.0583523178949117,1,1,0,0,20,1,20py03,M-O,1,0.4738,0.2583,0.708611925732569,0.66214045908011,0.72505163926011,0.739580159589237,0.47673399741026,0.291388074267431,0.33785954091989,0.27494836073989,0.260419840410763,0.52326600258974,0.0967095279606347,0.0583523178949117
1.45162883721526,1.24238603075072,1,1,1,1,20,1,20py03,M-O,1,0.2364,0.2119,0.978014174828063,0.978943541944024,0.987301316032187,0.973979228506349,0.892952916408201,0.978014174828063,0.978943541944024,0.987301316032187,0.973979228506349,0.892952916408201,1.45162883721526,1.24238603075072
0.818567668427928,-1.58337490480989,0,1,0,0,20,1,20py03,M-O,1,0.4136,0.2914,0.170311824510044,0.125743634387253,0.176310696236416,0.188625973404214,0.0566680196624183,0.829688175489956,0.874256365612747,0.823689303763584,0.811374026595786,0.943331980337582,0.818567668427928,1.58337490480989
0.0951785456902905,-0.495540752214813,1,0,0,1,20,1,20py03,M-O,1,1.4356,1.1213,0.5590127797889,0.503867415224691,0.583877961747202,0.58116048239704,0.310109231539503,0.4409872202111,0.496132584775309,0.416122038252798,0.41883951760296,0.689890768460497,0.0951785456902905,0.495540752214813
-0.857092426463806,1.41252122997175,0,1,1,1,20,1,20py03,M-O,1,0.6824,0.786,0.980509598954167,0.977595752433787,0.98496002568503,0.982696412426901,0.921101727930354,0.980509598954167,0.977595752433787,0.98496002568503,0.982696412426901,0.921101727930354,0.857092426463806,1.41252122997175
0.0592004623372016,1.61860699785547,0,1,1,1,20,1,20py03,M-O,1,1.0929,0.2763,0.982098039713405,0.978997365216847,0.984523989082523,0.989802777738572,0.9472340757567,0.982098039713405,0.978997365216847,0.984523989082523,0.989802777738572,0.9472340757567,0.0592004623372016,1.61860699785547
-1.43503823351874,1.76929883486086,0,1,1,1,20,1,20py03,M-O,1,0.3642,0.1463,0.993903035697965,0.993851197243457,0.996308164704908,0.993238731803538,0.961577991108099,0.993903035697965,0.993851197243457,0.996308164704908,0.993238731803538,0.961577991108099,1.43503823351874,1.76929883486086
2.65421541057063,1.3866969308102,1,1,1,1,20,1,20py03,M-O,1,0.2393,0.3536,0.988407490378545,0.996249455062282,0.998453990541285,0.981560490263347,0.917232901556941,0.988407490378545,0.996249455062282,0.998453990541285,0.981560490263347,0.917232901556941,2.65421541057063,1.3866969308102
-0.436072302119149,1.48326640045909,0,1,1,1,20,1,20py03,M-O,1,0.3304,0.1944,0.979636140368439,0.975846840408144,0.982849895539748,0.985506758789605,0.930998177211665,0.979636140368439,0.975846840408144,0.982849895539748,0.985506758789605,0.930998177211665,0.436072302119149,1.48326640045909
2.58149375272928,1.49482606883938,1,1,1,1,20,1,20py03,M-O,1,0.1445,0.2155,0.991213209693285,0.996842410393588,0.998653677428513,0.985926447831667,0.932520079527082,0.991213209693285,0.996842410393588,0.998653677428513,0.985926447831667,0.932520079527082,2.58149375272928,1.49482606883938
3.04385039837323,1.40688011180217,1,1,1,1,20,1,20py03,M-O,1,0.1241,0.324,0.989284805523125,0.998065872962514,0.999335767106176,0.98245351653067,0.920268529048889,0.989284805523125,0.998065872962514,0.999335767106176,0.98245351653067,0.920268529048889,3.04385039837323,1.40688011180217
2.81267207555126,1.64903204503238,1,1,1,1,20,1,20py03,M-O,1,0.1925,0.1182,0.994395440102189,0.998542453701183,0.999433224685424,0.990599060996191,0.95042946504997,0.994395440102189,0.998542453701183,0.999433224685424,0.990599060996191,0.95042946504997,2.81267207555126,1.64903204503238
-0.0908358001565306,1.57391731989729,0,1,1,1,20,1,20py03,M-O,1,0.9799,0.3894,0.98050015892063,0.977040134752235,0.983108994148845,0.988526660391563,0.942246717385732,0.98050015892063,0.977040134752235,0.983108994148845,0.988526660391563,0.942246717385732,0.0908358001565306,1.57391731989729
-1.35772362886636,1.74648004947818,0,1,1,1,20,1,20py03,M-O,1,0.295,0.1198,0.993256051001414,0.993010945084654,0.995736325295647,0.992795138946172,0.959636214591368,0.993256051001414,0.993010945084654,0.995736325295647,0.992795138946172,0.959636214591368,1.35772362886636,1.74648004947818
0.751204448532783,1.69478521248155,1,1,1,1,20,1,20py03,M-O,1,0.2627,0.1695,0.989311241881259,0.987544762897171,0.99157238426818,0.99169410293213,0.954941913150248,0.989311241881259,0.987544762897171,0.99157238426818,0.99169410293213,0.954941913150248,0.751204448532783,1.69478521248155
-1.07525739998786,0.396703811385847,0,1,1,1,20,1,20py03,M-O,1,0.2387,0.067,0.876489976502949,0.87336474435727,0.91467242559197,0.863702848846543,0.654207055374742,0.876489976502949,0.87336474435727,0.91467242559197,0.863702848846543,0.654207055374742,1.07525739998786,0.396703811385847
2.0295746442702,0.795697325199756,1,1,1,1,20,1,20py03,M-O,1,0.2418,0.2271,0.950757586249561,0.969232493731075,0.984004591559197,0.932686362839614,0.78689600903994,0.950757586249561,0.969232493731075,0.984004591559197,0.932686362839614,0.78689600903994,2.0295746442702,0.795697325199756
-1.16099240712713,-1.29838284056235,1,0,0,1,20,1,20py03,M-O,1,0.0419,0.1955,0.231663923906875,0.176368147109037,0.22694994848513,0.274926998123348,0.0970779063113804,0.768336076093125,0.823631852890963,0.77305005151487,0.725073001876652,0.90292209368862,1.16099240712713,1.29838284056235
1.51593009256971,1.68382664685704,1,1,1,1,20,1,20py03,M-O,1,0.3772,0.1801,0.992678209677085,0.992916319890432,0.995816108554246,0.991442562147755,0.953892412080348,0.992678209677085,0.992916319890432,0.995816108554246,0.991442562147755,0.953892412080348,1.51593009256971,1.68382664685704
0.0783377407165042,1.73952112911325,0,1,1,1,20,1,20py03,M-O,1,0.7177,0.1622,0.986532147214984,0.984299330365965,0.988500228620434,0.992654845211893,0.959028430519899,0.986532147214984,0.984299330365965,0.988500228620434,0.992654845211893,0.959028430519899,0.0783377407165042,1.73952112911325
-2.83205955520783,1.93788503851893,0,1,1,1,20,1,20py03,M-O,1,0.1127,0.0658,0.997624980648356,0.999388392018471,0.999760284206205,0.995833722620709,0.973681375150781,0.997624980648356,0.999388392018471,0.999760284206205,0.995833722620709,0.973681375150781,2.83205955520783,1.93788503851893
-2.72412530514857,1.38602647004414,0,1,1,1,20,1,20py03,M-O,1,0.1457,0.1962,0.988460721947944,0.996613855877619,0.998646031342515,0.981530172574104,0.917130589524172,0.988460721947944,0.996613855877619,0.998646031342515,0.981530172574104,0.917130589524172,2.72412530514857,1.38602647004414
2.96730128485602,0.776207724310596,1,1,1,1,20,1,20py03,M-O,1,0.1714,0.2112,0.952570742587701,0.989743252080882,0.996409755670598,0.930110115282894,0.781186826979864,0.952570742587701,0.989743252080882,0.996409755670598,0.930110115282894,0.781186826979864,2.96730128485602,0.776207724310596
3.04844334518427,1.23163553915706,1,1,1,1,20,1,20py03,M-O,1,0.1451,0.3881,0.983233804980294,0.996957194498874,0.998966525932494,0.973322681937992,0.890957370478118,0.983233804980294,0.996957194498874,0.998966525932494,0.973322681937992,0.890957370478118,3.04844334518427,1.23163553915706
1.18141046649951,1.62473362209702,1,1,1,1,20,1,20py03,M-O,1,0.3029,0.0829,0.989925986072983,0.989058002048119,0.993083312272271,0.989967696526944,0.947890335001558,0.989925986072983,0.989058002048119,0.993083312272271,0.989967696526944,0.947890335001558,1.18141046649951,1.62473362209702
0.467207237383933,-1.55935391391566,0,0,0,1,20,1,20py03,M-O,1,0.2203,0.227,0.187319129795166,0.145044399277614,0.207116164802415,0.195184051855783,0.0594563188577238,0.812680870204834,0.854955600722386,0.792883835197585,0.804815948144217,0.940543681142276,0.467207237383933,1.55935391391566
-0.748392685269367,0.601448657737451,0,1,1,1,20,1,20py03,M-O,1,0.3537,0.1629,0.902649860409699,0.890507172016344,0.922761982666316,0.903516606336647,0.726229400748783,0.902649860409699,0.890507172016344,0.922761982666316,0.903516606336647,0.726229400748783,0.748392685269367,0.601448657737451
2.73076452408784,0.822007130433284,1,1,1,1,20,1,20py03,M-O,1,0.1424,0.244,0.956518003253108,0.987190255854992,0.994955001737588,0.936046940754784,0.794463580639671,0.956518003253108,0.987190255854992,0.994955001737588,0.936046940754784,0.794463580639671,2.73076452408784,0.822007130433284
0.509309249818398,-0.613310653673155,0,0,0,1,20,1,20py03,M-O,1,0.2225,0.4526,0.492007597422773,0.428680660456436,0.501528363774742,0.53470130985595,0.269835475168151,0.507992402577227,0.571319339543564,0.498471636225258,0.46529869014405,0.730164524831849,0.509309249818398,0.613310653673155
-2.62614243984654,1.95799886150063,0,1,1,1,20,1,20py03,M-O,1,0.2677,0.1782,0.997704804252854,0.999188009908561,0.999653311659543,0.996074400030592,0.974884926856878,0.997704804252854,0.999188009908561,0.999653311659543,0.996074400030592,0.974884926856878,2.62614243984654,1.95799886150063
1.32532279991186,0.957694517881067,1,1,1,1,20,1,20py03,M-O,1,0.3751,0.2094,0.957780370678597,0.958384260456617,0.97399901322859,0.951351200097039,0.83089158902034,0.957780370678597,0.958384260456617,0.97399901322859,0.951351200097039,0.83089158902034,1.32532279991186,0.957694517881067
-1.22146620680573,0.369885380743586,0,1,1,1,20,1,20py03,M-O,1,0.2111,0.5301,0.875524327586926,0.878719271342913,0.920532048016241,0.857755444852515,0.644266052683825,0.875524327586926,0.878719271342913,0.920532048016241,0.857755444852515,0.644266052683825,1.22146620680573,0.369885380743586
2.43375396364107,1.00090455828657,1,1,1,1,20,1,20py03,M-O,1,0.1763,0.5464,0.969884230193775,0.987310475431889,0.994310607992506,0.955557461313348,0.841563523699196,0.969884230193775,0.987310475431889,0.994310607992506,0.955557461313348,0.841563523699196,2.43375396364107,1.00090455828657
0.984679244760274,0.744742306979461,1,0,1,0,20,1,20py03,M-O,1,1.1466,0.4987,0.929248163131746,0.92347871584723,0.948464917212297,0.925791591169543,0.771786240990572,0.929248163131746,0.92347871584723,0.948464917212297,0.925791591169543,0.771786240990572,0.984679244760274,0.744742306979461
1.65371849690069,2.02858219663065,1,1,1,1,20,1,20py03,M-O,1,0.2212,0.4495,0.997360641869642,0.997541575402163,0.998593342373642,0.996823531044906,0.978749568286217,0.997360641869642,0.997541575402163,0.998593342373642,0.996823531044906,0.978749568286217,1.65371849690069,2.02858219663065
1.85504266545096,0.883666401573723,1,1,1,1,20,1,20py03,M-O,1,0.2831,0.0846,0.957522274917137,0.96927536819009,0.983169696291844,0.9434111410057,0.811561838738605,0.957522274917137,0.96927536819009,0.983169696291844,0.9434111410057,0.811561838738605,1.85504266545096,0.883666401573723
-2.21583919139429,0.422713065241488,0,1,1,1,20,1,20py03,M-O,1,0.289,0.0061,0.902686744168987,0.948978448207953,0.974893821673924,0.869306092685517,0.663747689007119,0.902686744168987,0.948978448207953,0.974893821673924,0.869306092685517,0.663747689007119,2.21583919139429,0.422713065241488
-2.66900994341617,1.94341056000471,0,1,1,1,20,1,20py03,M-O,1,0.2027,0.0061,0.997615463573847,0.999209192127994,0.999668233909649,0.995901121264307,0.974016713813204,0.997615463573847,0.999209192127994,0.999668233909649,0.995901121264307,0.974016713813204,2.66900994341617,1.94341056000471
-0.850203006247257,1.95154856654443,0,1,1,1,20,1,20py03,M-O,1,0.2082,0.2119,0.9947026114966,0.993900209006239,0.995955610589592,0.995998609832786,0.974504087610959,0.9947026114966,0.993900209006239,0.995955610589592,0.995998609832786,0.974504087610959,0.850203006247257,1.95154856654443
0.523853581386668,1.98696739046162,1,1,1,1,20,1,20py03,M-O,1,0.9698,0.2742,0.994153442228437,0.993201688828659,0.995294719962287,0.99639915762085,0.976536994674309,0.994153442228437,0.993201688828659,0.995294719962287,0.99639915762085,0.976536994674309,0.523853581386668,1.98696739046162
-0.633569014993552,0.233342577835663,0,1,1,1,20,1,20py03,M-O,1,0.4331,0.3722,0.825353312600148,0.805083526078177,0.857141361705175,0.824782662358274,0.592252300680085,0.825353312600148,0.805083526078177,0.857141361705175,0.824782662358274,0.592252300680085,0.633569014993552,0.233342577835663
-1.29648433805259,0.235631392174959,0,1,1,1,20,1,20py03,M-O,1,0.1308,0.0969,0.849536291015236,0.859088180982063,0.908457814900367,0.825372495771673,0.5931406440927,0.849536291015236,0.859088180982063,0.908457814900367,0.825372495771673,0.5931406440927,1.29648433805259,0.235631392174959
-1.03927931663477,2.00812158359754,0,1,1,1,20,1,20py03,M-O,1,0.1613,0.1804,0.995942306869109,0.995427294704136,0.997057808134849,0.996620854084179,0.977684813391076,0.995942306869109,0.995427294704136,0.997057808134849,0.996620854084179,0.977684813391076,1.03927931663477,2.00812158359754
1.92776432329231,1.67263688786492,1,1,1,1,20,1,20py03,M-O,1,0.238,0.1344,0.993675050935752,0.995282615603272,0.997482958948837,0.991178842612587,0.952800599759497,0.993675050935752,0.995282615603272,0.997482958948837,0.991178842612587,0.952800599759497,1.92776432329231,1.67263688786492
-2.39649509929491,1.3119983537368,0,1,1,1,20,1,20py03,M-O,1,0.2272,0.1536,0.985533573701389,0.993527137161117,0.997046090836521,0.977911225324782,0.90523965499252,0.985533573701389,0.993527137161117,0.997046090836521,0.977911225324782,0.90523965499252,2.39649509929491,1.3119983537368
-2.13240065766053,0.533500926998137,0,1,1,1,20,1,20py03,M-O,1,0.1373,0.117,0.919503359763772,0.954518771816125,0.977016276239708,0.891380817809867,0.703156565244175,0.919503359763772,0.954518771816125,0.977016276239708,0.891380817809867,0.703156565244175,2.13240065766053,0.533500926998137
0.0699173382296111,1.70941975265099,0,1,1,1,20,1,20py03,M-O,1,0.1514,0.0675,0.985503575910431,0.983074911806674,0.987580571870573,0.992019883916847,0.956313387687163,0.985503575910431,0.983074911806674,0.987580571870573,0.992019883916847,0.956313387687163,0.0699173382296111,1.70941975265099
0.980851789084414,-0.996236228438468,0,1,0,0,20,1,20py03,M-O,1,0.2739,0.0991,0.331977721484641,0.268801313718841,0.329771809407744,0.383679072862296,0.159567690334859,0.668022278515359,0.731198686281159,0.670228190592256,0.616320927137704,0.840432309665141,0.980851789084414,0.996236228438468
1.60472706424968,1.0159552465177,1,1,1,1,20,1,20py03,M-O,1,0.1987,0.1634,0.965714588235599,0.970357564577336,0.98267188187804,0.956951837027499,0.845174650700332,0.965714588235599,0.970357564577336,0.98267188187804,0.956951837027499,0.845174650700332,1.60472706424968,1.0159552465177
-1.04540324571614,1.09167107440857,0,1,1,1,20,1,20py03,M-O,1,0.268,0.2132,0.964374904262548,0.961110549447528,0.974443835405984,0.963439522839487,0.862511148218843,0.964374904262548,0.961110549447528,0.974443835405984,0.963439522839487,0.862511148218843,1.04540324571614,1.09167107440857
-0.813459431758996,0.385282859026126,0,1,1,1,20,1,20py03,M-O,1,0.2719,0.2751,0.865741328315314,0.853157029013302,0.896282139330989,0.861191203337646,0.649986070162432,0.865741328315314,0.853157029013302,0.896282139330989,0.861191203337646,0.649986070162432,0.813459431758996,0.385282859026126
3.033899013616,0.368752533242318,1,1,1,1,20,1,20py03,M-O,1,0.2938,0.4458,0.896965319314179,0.977817699231704,0.992488058368235,0.857500410662201,0.643843906006901,0.896965319314179,0.977817699231704,0.992488058368235,0.857500410662201,0.643843906006901,3.033899013616,0.368752533242318
0.0944130545551184,0.110116512901827,1,1,0,0,20,1,20py03,M-O,1,0.2642,0.2059,0.692297154927394,0.644385569747861,0.70966997670842,0.722501008656375,0.456158486197773,0.307702845072606,0.355614430252139,0.29033002329158,0.277498991343625,0.543841513802227,0.0944130545551184,0.110116512901827
2.91065494085329,1.05079608701588,1,1,1,1,20,1,20py03,M-O,1,0.3351,0.3052,0.974002862751116,0.994106792388368,0.997865386580356,0.960044267588798,0.853323873326828,0.974002862751116,0.994106792388368,0.997865386580356,0.960044267588798,0.853323873326828,2.91065494085329,1.05079608701588
0.409029911110853,1.84346566718877,1,1,1,1,20,1,20py03,M-O,1,0.3499,0.2914,0.991065019845324,0.989539635442251,0.992631558528414,0.99451839956127,0.967369474993331,0.991065019845324,0.989539635442251,0.992631558528414,0.99451839956127,0.967369474993331,0.409029911110853,1.84346566718877
1.67974519549654,1.77026984700481,1,1,1,1,20,1,20py03,M-O,1,0.1606,0.0542,0.994619711953816,0.995181669264488,0.997259725895515,0.993257060824117,0.961658900686792,0.994619711953816,0.995181669264488,0.997259725895515,0.993257060824117,0.961658900686792,1.67974519549654,1.77026984700481
2.3640942703404,1.60549833391223,1,1,1,1,20,1,20py03,M-O,1,0.2029,0.2272,0.993266007462098,0.996778282065101,0.998503162285906,0.989441952574684,0.945807910225907,0.993266007462098,0.996778282065101,0.998503162285906,0.989441952574684,0.945807910225907,2.3640942703404,1.60549833391223
-1.75654451029103,0.938066200971344,0,1,1,1,20,1,20py03,M-O,1,0.5314,0.006,0.961209821951518,0.969750897326767,0.982979227027089,0.949338168661906,0.82589480498316,0.961209821951518,0.969750897326767,0.982979227027089,0.949338168661906,0.82589480498316,1.75654451029103,0.938066200971344
0.128094664502691,-0.656012068669927,1,1,0,0,20,1,20py03,M-O,1,0.1838,0.2424,0.498258130235199,0.441659576341305,0.524836948778767,0.517703970251092,0.255908179520278,0.501741869764801,0.558340423658695,0.475163051221233,0.482296029748908,0.744091820479722,0.128094664502691,0.656012068669927
0.219953600723343,-0.0912529102827338,0,1,0,0,20,1,20py03,M-O,1,0.6963,0.1318,0.691424267108745,0.64205312846974,0.704883133490718,0.728787824317512,0.463645816979878,0.308575732891255,0.35794687153026,0.295116866509282,0.271212175682488,0.536354183020122,0.219953600723343,0.0912529102827338
-2.05125859733229,1.27803604803552,0,1,1,1,20,1,20py03,M-O,1,0.2681,0.0983,0.983213242539972,0.989264054534226,0.994483379394498,0.976060452511277,0.899381641909891,0.983213242539972,0.989264054534226,0.994483379394498,0.976060452511277,0.899381641909891,2.05125859733229,1.27803604803552
2.46896655585898,1.23972730702326,1,1,1,1,20,1,20py03,M-O,1,0.2861,0.1455,0.982866249056257,0.993005006832491,0.996899559927953,0.973818127882198,0.892461863301053,0.982866249056257,0.993005006832491,0.996899559927953,0.973818127882198,0.892461863301053,2.46896655585898,1.23972730702326
1.42330566521389,1.31909599012229,1,1,1,1,20,1,20py03,M-O,1,0.2255,0.3556,0.981336339713816,0.981766347063726,0.98895226184802,0.978282356512706,0.906431488215028,0.981336339713816,0.981766347063726,0.98895226184802,0.978282356512706,0.906431488215028,1.42330566521389,1.31909599012229
-0.500373557473606,0.463773007328259,0,1,1,1,20,1,20py03,M-O,1,0.2777,0.1637,0.870130637883125,0.850182718606841,0.889626866344492,0.877823840095067,0.678594807845754,0.870130637883125,0.850182718606841,0.889626866344492,0.877823840095067,0.678594807845754,0.500373557473606,0.463773007328259
1.25413212434085,1.11233976147252,1,1,1,1,20,1,20py03,M-O,1,0.133,0.3877,0.968526128390069,0.967693387771158,0.979611998782901,0.965064317815483,0.867003952935565,0.968526128390069,0.967693387771158,0.979611998782901,0.965064317815483,0.867003952935565,1.25413212434085,1.11233976147252
0.86296615426791,0.590767524154068,1,1,1,1,20,1,20py03,M-O,1,0.3814,0.2271,0.904266660397251,0.894732564040532,0.927065094893633,0.901677882104116,0.722661901203246,0.904266660397251,0.894732564040532,0.927065094893633,0.901677882104116,0.722661901203246,0.86296615426791,0.590767524154068
-0.30517331800472,0.659408834996199,0,1,1,1,20,1,20py03,M-O,1,0.121,0.1947,0.898343319731564,0.879751893256704,0.910139094908838,0.913055406971947,0.745183364878834,0.898343319731564,0.879751893256704,0.910139094908838,0.913055406971947,0.745183364878834,0.30517331800472,0.659408834996199
2.39088646007143,1.42685521876331,1,1,1,1,20,1,20py03,M-O,1,0.1384,0.1178,0.98919727415409,0.995086336957619,0.997748225764683,0.983300720955316,0.923189184534002,0.98919727415409,0.995086336957619,0.997748225764683,0.983300720955316,0.923189184534002,2.39088646007143,1.42685521876331
-2.55418627314036,1.80790812725101,0,1,1,1,20,1,20py03,M-O,1,0.0904,0.0988,0.996345197230261,0.998595357967566,0.999387564556317,0.993934525670056,0.964689599676447,0.996345197230261,0.998595357967566,0.999387564556317,0.993934525670056,0.964689599676447,2.55418627314036,1.80790812725101
1.35058400737254,1.16653148683929,1,1,1,1,20,1,20py03,M-O,1,0.1641,0.2122,0.972979433091768,0.973142643839334,0.983411951523937,0.969044695450673,0.878300187124922,0.972979433091768,0.973142643839334,0.983411951523937,0.969044695450673,0.878300187124922,1.35058400737254,1.16653148683929
-1.59349489849937,-1.55082287865101,1,0,0,1,20,1,20py03,M-O,1,0.4327,0.4676,0.154783681980044,0.110392851374312,0.145579605037948,0.197546098797734,0.0604720681195696,0.845216318019956,0.889607148625688,0.854420394962052,0.802453901202266,0.93952793188043,1.59349489849937,1.55082287865101
-0.616728210019766,1.23535775237551,0,1,1,1,20,1,20py03,M-O,1,0.3105,0.0996,0.968236777831411,0.962639835692677,0.973861855446299,0.973551551233161,0.89165130562084,0.968236777831411,0.962639835692677,0.973861855446299,0.973551551233161,0.89165130562084,0.616728210019766,1.23535775237551
1.04056009762784,0.284436312076521,1,1,1,1,20,1,20py03,M-O,1,0.2782,0.4504,0.852320062126529,0.848453746064886,0.896550092089361,0.837648721639606,0.611961982684383,0.852320062126529,0.848453746064886,0.896550092089361,0.837648721639606,0.611961982684383,1.04056009762784,0.284436312076521
0.212298689371622,-0.58996012354498,0,1,0,0,20,1,20py03,M-O,1,0.3692,0.1474,0.517688278316834,0.45915595944649,0.538802388455038,0.543971288226736,0.277608692024779,0.482311721683166,0.54084404055351,0.461197611544962,0.456028711773264,0.722391307975221,0.212298689371622,0.58996012354498
-0.784370768622456,0.228672471810028,0,1,1,1,20,1,20py03,M-O,1,0.2922,0.0651,0.830329753089692,0.815624570169811,0.867930099143396,0.823575250046079,0.590438253893565,0.830329753089692,0.815624570169811,0.867930099143396,0.823575250046079,0.590438253893565,0.784370768622456,0.228672471810028
2.1995136762784,0.489736022510379,1,1,1,1,20,1,20py03,M-O,1,0.3175,1.3143,0.913458252207197,0.953966223987314,0.977262002957829,0.883004302629412,0.687839646041573,0.913458252207197,0.953966223987314,0.977262002957829,0.883004302629412,0.687839646041573,2.1995136762784,0.489736022510379
1.93082628783299,1.53930767276672,1,1,1,1,20,1,20py03,M-O,1,0.1706,0.1636,0.990996496084402,0.993412190622953,0.996489958601939,0.987445173660055,0.93813539915909,0.990996496084402,0.993412190622953,0.996489958601939,0.987445173660055,0.93813539915909,1.93082628783299,1.53930767276672
0.797899407778281,-0.593659217426671,0,1,0,0,20,1,20py03,M-O,1,0.3433,0.082,0.48280892970037,0.418066411028756,0.484218235391905,0.542504239900213,0.276370032649086,0.51719107029963,0.581933588971244,0.515781764608095,0.457495760099787,0.723629967350914,0.797899407778281,0.593659217426671
-1.50622890908975,0.489874738530942,0,1,1,1,20,1,20py03,M-O,1,0.2904,0.0841,0.903870953660851,0.916445864078601,0.949014924273669,0.883031556381617,0.687888730165288,0.903870953660851,0.916445864078601,0.949014924273669,0.883031556381617,0.687888730165288,1.50622890908975,0.489874738530942
-0.103083658319284,-0.736952866668681,1,0,0,1,20,1,20py03,M-O,1,0.5302,0.9686,0.469845523318545,0.414246503828307,0.499534091113381,0.485422324202871,0.230575506395633,0.530154476681455,0.585753496171693,0.500465908886619,0.514577675797129,0.769424493604367,0.103083658319284,0.736952866668681
1.88336583745232,0.945325672714162,1,0,1,0,20,1,20py03,M-O,1,0.1214,0.4354,0.962896290089289,0.973583296323407,0.985667765484093,0.95009027789472,0.82775368220812,0.962896290089289,0.973583296323407,0.985667765484093,0.95009027789472,0.82775368220812,1.88336583745232,0.945325672714162
0.259759139752293,0.463726768654738,1,1,1,1,20,1,20py03,M-O,1,0.3388,0.9152,0.861143584808484,0.836695470245347,0.876000786342094,0.87781447255093,0.678578241951406,0.861143584808484,0.836695470245347,0.876000786342094,0.87781447255093,0.678578241951406,0.259759139752293,0.463726768654738
-1.05458913933821,0.0586759886095597,1,1,0,0,20,1,20py03,M-O,1,0.3217,0.2257,0.657448050078897,0.607195498304502,0.658320787579692,0.739475073814794,0.476605092346245,0.342551949921103,0.392804501695498,0.341679212420308,0.260524926185206,0.523394907653755,1.05458913933821,0.0586759886095597
0.719819311990727,1.24610824396917,1,1,1,1,20,1,20py03,M-O,1,0.7103,0.1796,0.970297239614462,0.965401757497471,0.976156835966777,0.974203375696052,0.893637670672308,0.970297239614462,0.965401757497471,0.976156835966777,0.974203375696052,0.893637670672308,0.719819311990727,1.24610824396917
0.0974750190958068,-0.0276978535279281,1,0,0,1,20,1,20py03,M-O,1,0.6212,0.6591,0.718103811159296,0.672539669925752,0.734030273572111,0.749432845284525,0.48895156784236,0.281896188840704,0.327460330074248,0.265969726427889,0.250567154715475,0.511048432157641,0.0974750190958068,0.0276978535279281
0.125032699962003,-0.374326069579147,1,0,0,1,20,1,20py03,M-O,1,0.2971,0.2428,0.600835311330098,0.546441425501496,0.621890331000877,0.627817271405323,0.354080869437748,0.399164688669902,0.453558574498504,0.378109668999123,0.372182728594677,0.645919130562252,0.125032699962003,0.374326069579147
2.37404565509764,1.00714677921193,1,1,1,1,20,1,20py03,M-O,1,0.2177,0.3859,0.970106164911053,0.986521928665192,0.993813839764101,0.956140128272377,0.843067877961779,0.970106164911053,0.986521928665192,0.993813839764101,0.956140128272377,0.843067877961779,2.37404565509764,1.00714677921193
-1.70908405991036,0.560041925599271,0,1,1,1,20,1,20py03,M-O,1,0.528,0.2278,0.918324684694001,0.936408319900979,0.963320467137559,0.896245713404119,0.712274579532184,0.918324684694001,0.936408319900979,0.963320467137559,0.896245713404119,0.712274579532184,1.70908405991036,0.560041925599271
-0.348040821574357,-1.3345877219294,1,0,0,1,20,1,20py03,M-O,1,0.1985,0.2916,0.253513642182043,0.204896585271246,0.278007832541307,0.262980437644373,0.0910056593621202,0.746486357817957,0.795103414728754,0.721992167458693,0.737019562355627,0.90899434063788,0.348040821574357,1.3345877219294
-1.02090752939064,-0.186134668348111,1,1,0,0,20,1,20py03,M-O,1,0.394,0.785,0.615976383297242,0.560955900583282,0.615937437937968,0.696468120736856,0.42616957776948,0.384023616702758,0.439044099416718,0.384062562062032,0.303531879263144,0.57383042223052,1.02090752939064,0.186134668348111
-2.82440464385611,1.83532766064905,0,1,1,1,20,1,20py03,M-O,1,0.3586,0.2106,0.996750384851248,0.999160245288486,0.999671796442898,0.994389364579429,0.966771422499658,0.996750384851248,0.999160245288486,0.999671796442898,0.994389364579429,0.966771422499658,2.82440464385611,1.83532766064905
-2.51973917205761,1.68842739487239,0,1,1,1,20,1,20py03,M-O,1,0.2493,0.1783,0.994805593594495,0.997936967200161,0.99909272831847,0.991548969516658,0.954335392295637,0.994805593594495,0.997936967200161,0.99909272831847,0.991548969516658,0.954335392295637,2.51973917205761,1.68842739487239
2.40849275618039,0.54621656221645,1,1,1,1,20,1,20py03,M-O,1,0.2916,0.2443,0.923320202658383,0.966731113568259,0.984869381447554,0.893731655466084,0.707541458651488,0.923320202658383,0.966731113568259,0.984869381447554,0.893731655466084,0.707541458651488,2.40849275618039,0.54621656221645
-0.606011334127356,-0.721624746396423,1,0,0,1,20,1,20py03,M-O,1,0.2675,0.2424,0.447191528810229,0.382714125562112,0.454249435457823,0.491534749202385,0.235262610218758,0.552808471189771,0.617285874437888,0.545750564542177,0.508465250797615,0.764737389781242,0.606011334127356,0.721624746396423
0.431994645166016,0.379872934224153,1,1,1,1,20,1,20py03,M-O,1,0.1502,0.2749,0.850386332674855,0.827087654651033,0.870837526417172,0.859990542544225,0.647980130330049,0.850386332674855,0.827087654651033,0.870837526417172,0.859990542544225,0.647980130330049,0.431994645166016,0.379872934224153
1.70424091182205,1.14866023952337,1,1,1,1,20,1,20py03,M-O,1,0.2139,0.3059,0.975084819696197,0.979448149786746,0.988320312092525,0.967775725342239,0.874651946515734,0.975084819696197,0.979448149786746,0.988320312092525,0.967775725342239,0.874651946515734,1.70424091182205,1.14866023952337
-1.69453972834209,0.941626578832471,0,1,1,1,20,1,20py03,M-O,1,0.0948,0.1968,0.960893841031309,0.968222387427581,0.981817458884204,0.949708157850171,0.826808071495017,0.960893841031309,0.968222387427581,0.981817458884204,0.949708157850171,0.826808071495017,1.69453972834209,0.941626578832471
-0.623617630236315,-1.39268661520871,1,0,0,1,20,1,20py03,M-O,1,0.1708,0.2114,0.225944013796167,0.175406408780123,0.237672116312291,0.244379906608305,0.0818572889325095,0.774055986203833,0.824593591219877,0.762327883687709,0.755620093391695,0.918142711067491,0.623617630236315,1.39268661520871
2.30515145293215,0.252069240611724,1,0,1,0,20,1,20py03,M-O,1,0.1997,1.1087,0.871218325158222,0.937376351912524,0.970017360647045,0.829571463539169,0.599506227566045,0.871218325158222,0.937376351912524,0.970017360647045,0.829571463539169,0.599506227566045,2.30515145293215,0.252069240611724
1.95838396869919,1.52455753591347,1,1,1,1,20,1,20py03,M-O,1,0.2284,0.194,0.990726482554399,0.993379069974154,0.996500087789871,0.98695808700479,0.936315252127051,0.990726482554399,0.993379069974154,0.996500087789871,0.98695808700479,0.936315252127051,1.95838396869919,1.52455753591347
2.68100760030166,0.738014579982135,1,1,1,1,20,1,20py03,M-O,1,0.1162,0.1488,0.948115939498785,0.983630680104051,0.993402846246448,0.92484232622953,0.769747205364066,0.948115939498785,0.983630680104051,0.993402846246448,0.92484232622953,0.769747205364066,2.68100760030166,0.738014579982135
2.62053380062306,0.537546810931237,1,1,1,1,20,1,20py03,M-O,1,0.0506,0.313,0.923052874535556,0.973479317929325,0.988989481732202,0.892132834419714,0.704555020340572,0.923052874535556,0.973479317929325,0.988989481732202,0.892132834419714,0.704555020340572,2.62053380062306,0.537546810931237
-1.75118607234482,1.81031253827411,0,1,1,1,20,1,20py03,M-O,1,0.4344,0.1475,0.995336162371259,0.995983816619389,0.997754958086498,0.993975678476052,0.964876333121407,0.995336162371259,0.995983816619389,0.997754958086498,0.993975678476052,0.964876333121407,1.75118607234482,1.81031253827411
1.89025525766887,0.397836658887115,1,1,1,1,20,1,20py03,M-O,1,0.1763,0.305,0.894698912058036,0.928153283155592,0.960450252051675,0.863950273686889,0.65462470349339,0.894698912058036,0.928153283155592,0.960450252051675,0.863950273686889,0.65462470349339,1.89025525766887,0.397836658887115
0.619539973283181,0.73332135461974,1,1,1,1,20,1,20py03,M-O,1,0.3108,0.3076,0.918642580638686,0.90600611271023,0.932846541280231,0.924174661230558,0.7683187732439,0.918642580638686,0.90600611271023,0.932846541280231,0.924174661230558,0.7683187732439,0.619539973283181,0.73332135461974
0.0637934091482343,-1.3922242284735,1,0,0,1,20,1,20py03,M-O,1,0.1737,0.1774,0.247593023467021,0.208350582637151,0.291110154940109,0.244525089671287,0.0819272540680571,0.752406976532979,0.791649417362849,0.708889845059891,0.755474910328713,0.918072745931943,0.0637934091482343,1.3922242284735
-0.478174314553615,-0.286241396521377,1,0,0,1,20,1,20py03,M-O,1,0.3652,0.1471,0.611321914364575,0.55358719927566,0.619698722253549,0.66062245588223,0.387346619848046,0.388678085635425,0.44641280072434,0.380301277746451,0.33937754411777,0.612653380151954,0.478174314553615,0.286241396521377
-1.493981050927,0.401882542820215,0,1,1,1,20,1,20py03,M-O,1,0.308,0.1267,0.888344743387929,0.903031660093694,0.940398745120049,0.864831422950481,0.656114764547615,0.888344743387929,0.903031660093694,0.940398745120049,0.864831422950481,0.656114764547615,1.493981050927,0.401882542820215
0.825457088644477,0.518103448715598,1,1,1,1,20,1,20py03,M-O,1,1.3388,0.6272,0.891086442248228,0.879958979924383,0.915995335241425,0.888484386246712,0.697806952910984,0.891086442248228,0.879958979924383,0.915995335241425,0.888484386246712,0.697806952910984,0.825457088644477,0.518103448715598
2.85936703479676,0.251236944488343,1,1,1,1,20,1,20py03,M-O,1,0.1678,0.2583,0.873938047873372,0.96551607362904,0.987144097643947,0.829360424426459,0.599184538612698,0.873938047873372,0.96551607362904,0.987144097643947,0.829360424426459,0.599184538612698,2.85936703479676,0.251236944488343
-2.50519484048934,0.771815050326088,0,1,1,1,20,1,20py03,M-O,1,0.1743,0.0979,0.951046394151567,0.981007884111569,0.99172929330678,0.929519121442615,0.779888011758979,0.951046394151567,0.981007884111569,0.99172929330678,0.929519121442615,0.779888011758979,2.50519484048934,0.771815050326088
-1.37992287178635,1.99411126552064,0,1,1,1,20,1,20py03,M-O,1,0.141,0.1472,0.996584521095016,0.996439179786425,0.997842426872992,0.996475444243593,0.976930051812532,0.996584521095016,0.996439179786425,0.997842426872992,0.996475444243593,0.976930051812532,1.37992287178635,1.99411126552064
1.0443875533037,1.33858559101145,1,1,1,1,20,1,20py03,M-O,1,0.3228,0.388,0.978951365670022,0.976684748109534,0.984793096002997,0.979274462639403,0.909647190259376,0.978951365670022,0.976684748109534,0.984793096002997,0.979274462639403,0.909647190259376,1.0443875533037,1.33858559101145
-1.67693343223313,1.03951385067672,0,1,1,1,20,1,20py03,M-O,1,0.243,0.162,0.968069463022622,0.973503582298705,0.984802573806945,0.9590632708119,0.850717090088302,0.968069463022622,0.973503582298705,0.984802573806945,0.9590632708119,0.850717090088302,1.67693343223313,1.03951385067672
1.24341524844845,0.522403645353064,1,1,1,1,20,1,20py03,M-O,1,0.5627,0.1949,0.903366556140271,0.905382721344535,0.938772779558784,0.889298805716657,0.699305340785081,0.903366556140271,0.905382721344535,0.938772779558784,0.889298805716657,0.699305340785081,1.24341524844845,0.522403645353064
-0.297518406652999,1.88464120595934,0,1,1,1,20,1,20py03,M-O,1,0.3027,0.0668,0.99144769889536,0.990035960007316,0.992900014141004,0.995131687297179,0.970260852445771,0.99144769889536,0.990035960007316,0.992900014141004,0.995131687297179,0.970260852445771,0.297518406652999,1.88464120595934
-2.38884018794318,1.39592154617766,0,1,1,1,20,1,20py03,M-O,1,0.2009,0.1305,0.988294032543283,0.994677562104242,0.997560523851321,0.981973335273881,0.918630939214822,0.988294032543283,0.994677562104242,0.997560523851321,0.981973335273881,0.918630939214822,2.38884018794318,1.39592154617766
0.179382570559222,-1.13603885782963,0,0,0,1,20,1,20py03,M-O,1,0.1893,0.3861,0.323915622196447,0.273092193920516,0.356269224872466,0.33155080772663,0.127970151012622,0.676084377803553,0.726907806079484,0.643730775127534,0.66844919227337,0.872029848987378,0.179382570559222,1.13603885782963
0.0576694800668574,-0.566054729334551,1,0,0,1,20,1,20py03,M-O,1,0.1599,0.1157,0.535425831907297,0.480890753873559,0.563788946929417,0.553436770103401,0.285678288282205,0.464574168092703,0.519109246126441,0.436211053070583,0.446563229896599,0.714321711717795,0.0576694800668574,0.566054729334551
1.61850590468278,1.25350643173255,1,1,1,1,20,1,20py03,M-O,1,0.3538,0.1787,0.979823084508412,0.982265143052461,0.989717422715017,0.974644089742055,0.894989270071043,0.979823084508412,0.982265143052461,0.989717422715017,0.974644089742055,0.894989270071043,1.61850590468278,1.25350643173255
-1.49780850660286,1.59324508542912,0,1,1,1,20,1,20py03,M-O,1,0.4292,0.1625,0.990683302075456,0.990981680914529,0.994647292635486,0.989094665863799,0.944447389702088,0.990683302075456,0.990981680914529,0.994647292635486,0.989094665863799,0.944447389702088,1.49780850660286,1.59324508542912
2.60216201337893,0.628729475114923,1,1,1,1,20,1,20py03,M-O,1,0.2461,0.2435,0.935251272986715,0.977378139985861,0.990543076616112,0.908098017291532,0.735236911022054,0.935251272986715,0.977378139985861,0.990543076616112,0.908098017291532,0.735236911022054,2.60216201337893,0.628729475114923
2.78817635922575,1.63832779211223,1,1,1,1,20,1,20py03,M-O,1,0.228,0.1694,0.9942102817468,0.998437763040277,0.999386189265157,0.990325338495393,0.949323333447907,0.9942102817468,0.998437763040277,0.999386189265157,0.990325338495393,0.949323333447907,2.78817635922575,1.63832779211223
-0.81116295835348,1.29091351861116,0,1,1,1,20,1,20py03,M-O,1,0.1461,0.0526,0.97404537679205,0.970072681065677,0.979688376166757,0.976777000089143,0.901633166404833,0.97404537679205,0.970072681065677,0.979688376166757,0.976777000089143,0.901633166404833,0.81116295835348,1.29091351861116
0.551411262252864,-1.40949437303365,0,0,0,1,20,1,20py03,M-O,1,0.1769,0.3871,0.223996478234583,0.174863612464371,0.238928750921353,0.239134172527493,0.0793445180757259,0.776003521765417,0.825136387535629,0.761071249078647,0.760865827472507,0.920655481924274,0.551411262252864,1.40949437303365
0.472565675330137,1.92292682763485,1,1,1,1,20,1,20py03,M-O,1,0.6332,0.2258,0.992914764741566,0.991734813776624,0.994234232718385,0.995646265133372,0.972755379995668,0.992914764741566,0.991734813776624,0.994234232718385,0.995646265133372,0.972755379995668,0.472565675330137,1.92292682763485
0.174789623748189,1.86575270782596,1,1,1,1,20,1,20py03,M-O,1,0.2639,0.2753,0.990475883926602,0.988940941698716,0.992011117205743,0.994858380836062,0.968962014168664,0.990475883926602,0.988940941698716,0.992011117205743,0.994858380836062,0.968962014168664,0.174789623748189,1.86575270782596
-2.75780691509614,1.34582194341751,0,1,1,1,20,1,20py03,M-O,1,0.1799,0.1957,0.98723326791911,0.996431970970145,0.998596671517755,0.979632922919753,0.910820026564183,0.98723326791911,0.996431970970145,0.998596671517755,0.979632922919753,0.910820026564183,2.75780691509614,1.34582194341751
-1.17859870323609,0.727102253031147,0,1,1,1,20,1,20py03,M-O,1,0.2018,0.1321,0.931236518258324,0.929850775323743,0.954422973908721,0.92328297597334,0.76641834066664,0.931236518258324,0.929850775323743,0.954422973908721,0.92328297597334,0.76641834066664,1.17859870323609,0.727102253031147
-1.23371406496848,0.793524107544263,0,1,1,1,20,1,20py03,M-O,1,0.1787,0.0514,0.940176776415107,0.939798319857616,0.961427229467066,0.932402783633163,0.786263735297078,0.940176776415107,0.939798319857616,0.961427229467066,0.932402783633163,0.786263735297078,1.23371406496848,0.793524107544263
2.84482270322849,0.96146296977304,1,1,1,1,20,1,20py03,M-O,1,0.135,0.006,0.968054978365389,0.991997246611619,0.997011150559197,0.95173026629179,0.83184028206459,0.968054978365389,0.991997246611619,0.997011150559197,0.95173026629179,0.83184028206459,2.84482270322849,0.96146296977304
-1.20232892842642,1.50559967976981,0,1,1,1,20,1,20py03,M-O,1,0.2086,0.0061,0.986695710567024,0.985720785089696,0.990987035106361,0.986308126056817,0.933915014629702,0.986695710567024,0.985720785089696,0.990987035106361,0.986308126056817,0.933915014629702,1.20232892842642,1.50559967976981
-0.289863495301277,2.04987510578713,0,1,1,1,20,1,20py03,M-O,1,1.0258,0.1466,0.994351294848094,0.993495371824314,0.99538250586986,0.997022773101007,0.979811689973378,0.994351294848094,0.993495371824314,0.99538250586986,0.997022773101007,0.979811689973378,0.289863495301277,2.04987510578713
1.28322078747739,1.17134030888549,1,1,1,1,20,1,20py03,M-O,1,0.362,0.0061,0.972559881634747,0.971993188379469,0.982459387257229,0.969379001080922,0.87926899245064,0.972559881634747,0.971993188379469,0.982459387257229,0.969379001080922,0.87926899245064,1.28322078747739,1.17134030888549
-1.99155028878886,0.315531820019487,0,1,1,1,20,1,20py03,M-O,1,0.1874,0.1142,0.880683520894959,0.924650063087791,0.959703573415252,0.845170005192328,0.623821052425589,0.880683520894959,0.924650063087791,0.959703573415252,0.845170005192328,0.623821052425589,1.99155028878886,0.315531820019487
2.14363282341084,0.258218984190035,1,1,1,1,20,1,20py03,M-O,1,0.0676,0.225,0.870942372758581,0.927787033366052,0.963264862214005,0.83112562430285,0.601881046321049,0.870942372758581,0.927787033366052,0.963264862214005,0.83112562430285,0.601881046321049,2.14363282341084,0.258218984190035
2.71775117478992,0.321612205587517,1,1,1,1,20,1,20py03,M-O,1,0.1892,0.2426,0.887454012633399,0.964294530255014,0.985756546629221,0.846613365097205,0.626126751989312,0.887454012633399,0.964294530255014,0.985756546629221,0.846613365097205,0.626126751989312,2.71775117478992,0.321612205587517
0.0377667105523827,0.655571025093944,0,0,1,0,20,1,20py03,M-O,1,0.5736,0.4339,0.889098192504753,0.86778327669921,0.898206837319778,0.912446429497071,0.743949913202357,0.889098192504753,0.86778327669921,0.898206837319778,0.912446429497071,0.743949913202357,0.0377667105523827,0.655571025093944
1.80528574166477,0.939337764493175,1,1,1,1,20,1,20py03,M-O,1,0.136,0.2903,0.961759679724727,0.971171059560074,0.983998649291278,0.949470555740798,0.826221322400989,0.961759679724727,0.971171059560074,0.983998649291278,0.949470555740798,0.826221322400989,1.80528574166477,0.939337764493175
2.13980536773498,0.252947775408626,1,1,1,1,20,1,20py03,M-O,1,0.2619,0.2411,0.869801519952521,0.926909913575134,0.96275802041462,0.829794045619837,0.599845714914023,0.869801519952521,0.926909913575134,0.96275802041462,0.829794045619837,0.599845714914023,2.13980536773498,0.252947775408626
2.35261190331282,0.889053207038936,1,1,1,1,20,1,20py03,M-O,1,0.1973,0.1792,0.961185527119194,0.982156919195426,0.99174097303257,0.944021386642121,0.813012757359395,0.961185527119194,0.982156919195426,0.99174097303257,0.944021386642121,0.813012757359395,2.35261190331282,0.889053207038936
2.30821341747284,0.960908105690786,1,1,1,1,20,1,20py03,M-O,1,0.1716,0.1145,0.966612825224933,0.983864084845021,0.992406146187261,0.951674601662773,0.831700812579318,0.966612825224933,0.983864084845021,0.992406146187261,0.951674601662773,0.831700812579318,2.30821341747284,0.960908105690786
1.02218831038371,-0.958066203446768,0,0,0,1,20,1,20py03,M-O,1,1.38,0.1771,0.342691565927341,0.278988376471096,0.339473814350932,0.398333777196874,0.169014688102097,0.657308434072659,0.721011623528904,0.660526185649069,0.601666222803126,0.830985311897903,1.02218831038371,0.958066203446768
2.64656049921891,0.550817310231804,1,1,1,1,20,1,20py03,M-O,1,0.1232,0.1807,0.92503320427258,0.974954815155551,0.989727173761909,0.894573112112801,0.709120541713129,0.92503320427258,0.974954815155551,0.989727173761909,0.894573112112801,0.709120541713129,2.64656049921891,0.550817310231804
-0.850203006247257,1.60140621130561,0,1,1,1,20,1,20py03,M-O,1,0.1533,0.1642,0.987324706279659,0.985370379460171,0.990220716718548,0.98932705892779,0.945356511041832,0.987324706279659,0.985370379460171,0.990220716718548,0.98932705892779,0.945356511041832,0.850203006247257,1.60140621130561
-2.08876766295572,0.851969790874983,0,1,1,1,20,1,20py03,M-O,1,0.1483,0.2283,0.956538781290655,0.97412084309383,0.98682070453885,0.939713584612129,0.802884570465399,0.956538781290655,0.97412084309383,0.98682070453885,0.939713584612129,0.802884570465399,2.08876766295572,0.851969790874983
-1.35159969978498,-0.599346574269771,1,0,0,1,20,1,20py03,M-O,1,0.2353,0.0518,0.451070845984555,0.388911315654841,0.444435018456558,0.540247529819877,0.274470897952219,0.548929154015446,0.611088684345159,0.555564981543442,0.459752470180123,0.725529102047781,1.35159969978498,0.599346574269771
2.03187111767571,0.66796298959761,1,1,1,1,20,1,20py03,M-O,1,0.1628,0.2427,0.936649927155656,0.960790779366877,0.979570668251983,0.914401371185208,0.747921391224375,0.936649927155656,0.960790779366877,0.979570668251983,0.914401371185208,0.747921391224375,2.03187111767571,0.66796298959761
1.16303867925537,-1.35030887092659,0,0,0,1,20,1,20py03,M-O,1,2.7347,0.4037,0.217372329894265,0.163775156679111,0.212934661905935,0.257876808942822,0.088458464017848,0.782627670105735,0.836224843320889,0.787065338094065,0.742123191057178,0.911541535982152,1.16303867925537,1.35030887092659
1.3023580658567,1.84820513122469,1,1,1,1,20,1,20py03,M-O,1,0.1517,0.1472,0.994679576927512,0.994355614203655,0.996523732595898,0.994592326597314,0.967713663294565,0.994679576927512,0.994355614203655,0.996523732595898,0.994592326597314,0.967713663294565,1.3023580658567,1.84820513122469
0.0974750190958068,-0.611784777446957,1,0,0,1,20,1,20py03,M-O,1,0.2183,0.1804,0.516310647742076,0.460546340360046,0.543583618012202,0.53530770153544,0.27034008128225,0.483689352257924,0.539453659639954,0.456416381987798,0.46469229846456,0.72965991871775,0.0974750190958068,0.611784777446957
1.55114268478763,0.412424960383034,1,0,1,0,20,1,20py03,M-O,1,0.1945,0.2272,0.891465027566456,0.90840864771143,0.944536749677776,0.867109034685252,0.65998601435259,0.891465027566456,0.90840864771143,0.944536749677776,0.867109034685252,0.65998601435259,1.55114268478763,0.412424960383034
0.976258842273381,0.516508214479119,1,0,1,0,20,1,20py03,M-O,1,0.3072,0.2431,0.895309245017899,0.888544440997191,0.923992414815657,0.888181175267727,0.697250248405365,0.895309245017899,0.888544440997191,0.923992414815657,0.888181175267727,0.697250248405365,0.976258842273381,0.516508214479119
1.08189661892713,0.728258219869175,1,1,1,1,20,1,20py03,M-O,1,0.4427,0.006,0.929328727160491,0.925656831050353,0.950782089818743,0.923449317275096,0.766772233642496,0.929328727160491,0.925656831050353,0.950782089818743,0.923449317275096,0.766772233642496,1.08189661892713,0.728258219869175
0.108957386123388,-0.638187060027528,1,0,0,1,20,1,20py03,M-O,1,0.2852,1.139,0.50592445260958,0.449831337398711,0.533154370322566,0.5248049306322,0.261675959761751,0.49407554739042,0.550168662601289,0.466845629677434,0.4751950693678,0.738324040238249,0.108957386123388,0.638187060027528
2.01120285702607,1.16942140393436,1,1,1,1,20,1,20py03,M-O,1,0.345,0.3423,0.978080438132034,0.985636864185568,0.992524339512256,0.969245960529339,0.878883054806255,0.978080438132034,0.985636864185568,0.992524339512256,0.969245960529339,0.878883054806255,2.01120285702607,1.16942140393436
-1.20385991069677,0.850698227353151,0,1,1,1,20,1,20py03,M-O,1,0.197,0.3265,0.945803717635182,0.94460608792679,0.964370459240119,0.939561396275885,0.80253149592667,0.945803717635182,0.94460608792679,0.964370459240119,0.939561396275885,0.80253149592667,1.20385991069677,0.850698227353151
-0.742268756187991,0.662160036070707,0,1,1,1,20,1,20py03,M-O,1,0.3117,0.1148,0.911808666295819,0.900308260892081,0.929823505172154,0.913490012036092,0.746065668381087,0.911808666295819,0.900308260892081,0.929823505172154,0.913490012036092,0.746065668381087,0.742268756187991,0.662160036070707
0.967838439786488,1.48941614403741,1,1,1,1,20,1,20py03,M-O,1,0.3368,1.0106,0.984489729994487,0.982444321080431,0.988447492136789,0.985731355373102,0.931811090013375,0.984489729994487,0.982444321080431,0.988447492136789,0.985731355373102,0.931811090013375,0.967838439786488,1.48941614403741
1.2227469877988,1.66671833765421,1,1,1,1,20,1,20py03,M-O,1,0.5675,0.1798,0.991118217414819,0.990440946459922,0.994008018289574,0.991036495037514,0.952214787587861,0.991118217414819,0.990440946459922,0.994008018289574,0.991036495037514,0.952214787587861,1.2227469877988,1.66671833765421
-0.331200016600571,1.83958161861299,0,1,1,1,20,1,20py03,M-O,1,0.3215,0.0833,0.990609602002469,0.989019795489486,0.992194999676009,0.994457147323959,0.967085157473235,0.990609602002469,0.989019795489486,0.992194999676009,0.994457147323959,0.967085157473235,0.331200016600571,1.83958161861299
-0.126048392374447,0.86727479181048,0,1,1,1,20,1,20py03,M-O,1,0.365,0.2121,0.923561714692699,0.908646023794843,0.931050690136597,0.941521933492086,0.807104267406332,0.923561714692699,0.908646023794843,0.931050690136597,0.941521933492086,0.807104267406332,0.126048392374447,0.86727479181048
-2.46003086351419,1.09134740369392,0,1,1,1,20,1,20py03,M-O,1,0.1953,0.1142,0.975567636906861,0.989986716809529,0.995554627835221,0.963413595142382,0.862439976755356,0.975567636906861,0.989986716809529,0.995554627835221,0.963413595142382,0.862439976755356,2.46003086351419,1.09134740369392
3.05073981858978,1.64681258870336,1,1,1,1,20,1,20py03,M-O,1,0.275,0.339,0.994450441660413,0.999017275928531,0.999658769301471,0.990542869698947,0.950201713489966,0.994450441660413,0.999017275928531,0.999658769301471,0.990542869698947,0.950201713489966,3.05073981858978,1.64681258870336
0.268179542239186,-1.38859449260209,0,1,0,0,20,1,20py03,M-O,1,0.2978,0.0983,0.24076203849905,0.195743236613497,0.270378362321692,0.245666388920722,0.0824780465107075,0.75923796150095,0.804256763386503,0.729621637678308,0.754333611079278,0.917521953489293,0.268179542239186,1.38859449260209
-1.62181807050074,1.8293166330913,0,1,1,1,20,1,20py03,M-O,1,0.2025,0.116,0.995289546389666,0.9956186104643,0.997474780607532,0.994292329752993,0.966323905834084,0.995289546389666,0.9956186104643,0.997474780607532,0.994292329752993,0.966323905834084,1.62181807050074,1.8293166330913
-1.45723747643874,2.04270811139136,0,1,1,1,20,1,20py03,M-O,1,0.1402,0.0673,0.997158147698756,0.997108546904678,0.998275050248946,0.996957004076677,0.979459329307948,0.997158147698756,0.997108546904678,0.998275050248946,0.996957004076677,0.979459329307948,1.45723747643874,2.04270811139136
-0.0502647699924091,1.77729812538002,0,1,1,1,20,1,20py03,M-O,1,0.2997,0.8192,0.987514744700761,0.985500460280161,0.989363650335951,0.993388424046501,0.962240399032706,0.987514744700761,0.985500460280161,0.989363650335951,0.993388424046501,0.962240399032706,0.0502647699924091,1.77729812538002
-0.692511832401804,0.284713744117648,0,1,1,1,20,1,20py03,M-O,1,0.2815,0.1005,0.839706709014937,0.822095017274862,0.871159717926687,0.837716860365391,0.612068270004777,0.839706709014937,0.822095017274862,0.871159717926687,0.837716860365391,0.612068270004777,0.692511832401804,0.284713744117648
-1.26433371037537,1.64900892569562,0,1,1,1,20,1,20py03,M-O,1,0.2344,0.006,0.99091520470741,0.990349139991122,0.993995899980572,0.990598477178599,0.950427096929612,0.99091520470741,0.990349139991122,0.993995899980572,0.990598477178599,0.950427096929612,1.26433371037537,1.64900892569562
-0.488125699310852,1.49253725450008,0,1,1,1,20,1,20py03,M-O,1,0.2243,0.0061,0.98052898708663,0.97693846863774,0.983735939549892,0.985844191057808,0.932220820805441,0.98052898708663,0.97693846863774,0.983735939549892,0.985844191057808,0.932220820805441,0.488125699310852,1.49253725450008
-0.11226955194135,1.20460903448395,0,1,1,1,20,1,20py03,M-O,1,0.2659,0.1155,0.958451178431837,0.950420297894274,0.963085812204527,0.97161080620107,0.885822866323322,0.958451178431837,0.950420297894274,0.963085812204527,0.97161080620107,0.885822866323322,0.11226955194135,1.20460903448395
1.41105780705114,2.03639653245572,1,1,1,1,20,1,20py03,M-O,1,0.2427,0.0993,0.997024196379326,0.996923309599354,0.998147578255101,0.996898004319716,0.979144723319268,0.997024196379326,0.996923309599354,0.998147578255101,0.996898004319716,0.979144723319268,1.41105780705114,2.03639653245572
2.91601337879949,1.44340866388387,1,1,1,1,20,1,20py03,M-O,1,0.2683,0.1314,0.990210618516788,0.997839063634232,0.999207445592928,0.983976046552214,0.925547307535961,0.990210618516788,0.997839063634232,0.999207445592928,0.983976046552214,0.925547307535961,2.91601337879949,1.44340866388387
2.5837902261348,1.95681977532584,1,1,1,1,20,1,20py03,M-O,1,0.2057,0.0981,0.997679422057967,0.999127930429756,0.9996215849403,0.996060642708327,0.974815669387507,0.997679422057967,0.999127930429756,0.9996215849403,0.996060642708327,0.974815669387507,2.5837902261348,1.95681977532584
-1.56593721763317,1.48446860597064,0,1,1,1,20,1,20py03,M-O,1,0.191,0.0061,0.988136452658688,0.989008345395765,0.993567408070703,0.985550902654234,0.931157677101379,0.988136452658688,0.989008345395765,0.993567408070703,0.985550902654234,0.931157677101379,1.56593721763317,1.48446860597064
-1.68458834358485,1.69890045442493,0,1,1,1,20,1,20py03,M-O,1,0.1688,0.0183,0.993496133533342,0.994235170942958,0.996724673809815,0.991786872785618,0.955331029305634,0.993496133533342,0.994235170942958,0.996724673809815,0.991786872785618,0.955331029305634,1.68458834358485,1.69890045442493
-0.653471784508027,1.52069660667446,0,1,1,1,20,1,20py03,M-O,1,0.1757,0.0061,0.983120427461871,0.980167607950903,0.986327618863115,0.986827923199609,0.935832004670175,0.983120427461871,0.980167607950903,0.986327618863115,0.986827923199609,0.935832004670175,0.653471784508027,1.52069660667446
-0.13064133918548,0.800806698623842,0,1,1,1,20,1,20py03,M-O,1,0.2429,5.2742,0.914641375257141,0.89807577301821,0.922861971475003,0.933349452412756,0.78837821977626,0.914641375257141,0.89807577301821,0.922861971475003,0.933349452412756,0.78837821977626,0.13064133918548,0.800806698623842
0.396782052948099,1.13418753471126,1,1,1,1,20,1,20py03,M-O,1,0.2593,0.0065,0.957416856565188,0.949315059795463,0.963359517099488,0.966716876876573,0.871642054167355,0.957416856565188,0.949315059795463,0.963359517099488,0.966716876876573,0.871642054167355,0.396782052948099,1.13418753471126
-1.53684855449663,1.36027152889286,0,1,1,1,20,1,20py03,M-O,1,0.0643,1.8905,0.98379598984149,0.984944404476799,0.991114277612931,0.980332993153699,0.913127992722916,0.98379598984149,0.984944404476799,0.991114277612931,0.980332993153699,0.913127992722916,1.53684855449663,1.36027152889286
-1.04540324571614,1.97589322815331,0,1,1,1,20,1,20py03,M-O,1,0.2819,0.0814,0.99559072893921,0.995035145350317,0.996807001994407,0.996277969306374,0.975916564332385,0.99559072893921,0.995035145350317,0.996807001994407,0.996277969306374,0.975916564332385,1.04540324571614,1.97589322815331
-1.48862261298079,1.79112348876284,0,1,1,1,20,1,20py03,M-O,1,0.109,0.2906,0.994406314014793,0.994473364834332,0.996719397762281,0.993640242300938,0.963363259687565,0.994406314014793,0.994473364834332,0.996719397762281,0.993640242300938,0.963363259687565,1.48862261298079,1.79112348876284
-1.15410298691058,0.239769753455101,0,1,1,1,20,1,20py03,M-O,1,0.1711,0.0663,0.846120748537925,0.84814001041827,0.898345778967038,0.826435757459782,0.594745621846293,0.846120748537925,0.84814001041827,0.898345778967038,0.826435757459782,0.594745621846293,1.15410298691058,0.239769753455101
-1.34547577070361,1.69099364125281,0,1,1,1,20,1,20py03,M-O,1,0.3659,0.0061,0.992167903010302,0.99187678147877,0.995028751153023,0.991607816396411,0.954580991440955,0.992167903010302,0.99187678147877,0.995028751153023,0.991607816396411,0.954580991440955,1.34547577070361,1.69099364125281
-0.9313450665755,1.15906394106563,0,1,1,1,20,1,20py03,M-O,1,0.2262,0.3389,0.967510747514143,0.963474846603095,0.975575143279227,0.968519574440947,0.876784938667348,0.967510747514143,0.963474846603095,0.975575143279227,0.968519574440947,0.876784938667348,0.9313450665755,1.15906394106563
-2.19210896620395,1.86320958078229,0,1,1,1,20,1,20py03,M-O,1,0.2952,0.0685,0.996617735809382,0.99797079624675,0.998995534765059,0.994820558682495,0.968783607270233,0.996617735809382,0.99797079624675,0.998995534765059,0.994820558682495,0.968783607270233,2.19210896620395,1.86320958078229
0.26971052450953,-1.0366719484327,0,1,0,0,20,1,20py03,M-O,1,0.2874,0.0061,0.353332021189467,0.297800359949865,0.37875115992828,0.368334377375023,0.149944384766234,0.646667978810533,0.702199640050135,0.62124884007172,0.631665622624977,0.850055615233766,0.26971052450953,1.0366719484327
2.67488367122028,0.52670384199053,1,1,1,1,20,1,20py03,M-O,1,0.072,0.0061,0.92167695155067,0.974616087073993,0.989719509204291,0.890108953960289,0.700800366406263,0.92167695155067,0.974616087073993,0.989719509204291,0.890108953960289,0.700800366406263,2.67488367122028,0.52670384199053
2.93132320150293,-1.18997627049204,0,0,0,1,20,1,20py03,M-O,1,0.153,0.1625,0.202299621049523,0.16349752517037,0.191240421313822,0.312218271819352,0.117027859423693,0.797700378950477,0.83650247482963,0.808759578686178,0.687781728180648,0.882972140576307,2.93132320150293,1.18997627049204
-0.0655745926958512,2.07063627019812,0,1,1,1,20,1,20py03,M-O,1,0.4739,0.3086,0.99399597051234,0.993177919184573,0.995047666789061,0.997206123500422,0.980803600007397,0.99399597051234,0.993177919184573,0.995047666789061,0.997206123500422,0.980803600007397,0.0655745926958512,2.07063627019812
-1.07831936452854,1.16789552770817,0,1,1,1,20,1,20py03,M-O,1,0.6323,0.1012,0.969989784795325,0.96735421640415,0.978727527931089,0.969139827987024,0.878575545824433,0.969989784795325,0.96735421640415,0.978727527931089,0.969139827987024,0.878575545824433,1.07831936452854,1.16789552770817
-0.868574793491388,1.84059886943046,0,1,1,1,20,1,20py03,M-O,1,0.2596,0.1486,0.993021367656931,0.991963046814255,0.994673221575641,0.994473248066667,0.967159818222347,0.993021367656931,0.991963046814255,0.994673221575641,0.994473248066667,0.967159818222347,0.868574793491388,1.84059886943046
-0.134468794861341,1.02867088173602,0,1,1,1,20,1,20py03,M-O,1,0.1596,0.1163,0.94264981486602,0.931423513310774,0.948673928848302,0.958102145543251,0.848182821318769,0.94264981486602,0.931423513310774,0.948673928848302,0.958102145543251,0.848182821318769,0.134468794861341,1.02867088173602
-1.22146620680573,1.72412365083071,0,1,1,1,20,1,20py03,M-O,1,0.3056,0.2108,0.992311865297611,0.991700563506139,0.99480139947675,0.992335840252684,0.957657238336362,0.992311865297611,0.991700563506139,0.99480139947675,0.992335840252684,0.957657238336362,1.22146620680573,1.72412365083071
-1.9494482763544,1.6222829724004,0,1,1,1,20,1,20py03,M-O,1,0.4263,0.1455,0.992811862542843,0.994766147759641,0.997225052847865,0.989902010447045,0.947628613561783,0.992811862542843,0.994766147759641,0.997225052847865,0.989902010447045,0.947628613561783,1.9494482763544,1.6222829724004
2.66722875986856,1.51438502773882,1,1,1,1,20,1,20py03,M-O,1,0.3572,0.2256,0.991745339542687,0.997360179213016,0.998912978912535,0.986612722796314,0.935035892800912,0.991745339542687,0.997360179213016,0.998912978912535,0.986612722796314,0.935035892800912,2.66722875986856,1.51438502773882
-0.648113346561822,0.414343865334162,0,1,1,1,20,1,20py03,M-O,1,0.2156,0.1629,0.865722991467473,0.84848877674931,0.890377980492496,0.86752074057987,0.660688853437257,0.865722991467473,0.84848877674931,0.890377980492496,0.86752074057987,0.660688853437257,0.648113346561822,0.414343865334162
2.23089881282046,1.27537732430805,1,1,1,1,20,1,20py03,M-O,1,0.2169,0.1471,0.983723931652398,0.991271452635873,0.995772815072556,0.975910220530142,0.89891213962935,0.983723931652398,0.991271452635873,0.995772815072556,0.975910220530142,0.89891213962935,2.23089881282046,1.27537732430805
0.0821651963923647,1.00948183222474,0,1,1,1,20,1,20py03,M-O,1,0.2646,0.0188,0.939508457929489,0.927670964670116,0.945518321242884,0.956356498897505,0.843628194838193,0.939508457929489,0.927670964670116,0.945518321242884,0.956356498897505,0.843628194838193,0.0821651963923647,1.00948183222474
1.19978225374364,1.19873672294677,1,1,1,1,20,1,20py03,M-O,1,0.2308,0.1532,0.97326307366192,0.971858406214417,0.982093021523434,0.971227006508007,0.884684833025011,0.97326307366192,0.971858406214417,0.982093021523434,0.971227006508007,0.884684833025011,1.19978225374364,1.19873672294677
2.87084940182434,1.74370572906691,1,1,1,1,20,1,20py03,M-O,1,0.0898,0.1627,0.995754556826034,0.998987210413143,0.999614367493628,0.992739493688941,0.959394792063513,0.995754556826034,0.998987210413143,0.999614367493628,0.992739493688941,0.959394792063513,2.87084940182434,1.74370572906691
-2.60011574125069,1.79172459151861,0,1,1,1,20,1,20py03,M-O,1,0.1848,0.0349,0.996194956079878,0.998630366924331,0.999413758930618,0.993650995724302,0.963411453341382,0.996194956079878,0.998630366924331,0.999413758930618,0.993650995724302,0.963411453341382,2.60011574125069,1.79172459151861
1.31077846834359,0.968699322179098,1,1,1,1,20,1,20py03,M-O,1,0.1644,0.2279,0.958506313762837,0.958819492577688,0.974200259811635,0.952451539241745,0.833652384569468,0.958506313762837,0.958819492577688,0.974200259811635,0.952451539241745,0.833652384569468,1.31077846834359,0.968699322179098
2.80578265533471,0.757180510156648,1,0,1,0,20,1,20py03,M-O,1,0.1802,0.1152,0.950395733241641,0.98665327990682,0.994930384824422,0.927522437648591,0.77552913748354,0.950395733241641,0.98665327990682,0.994930384824422,0.927522437648591,0.77552913748354,2.80578265533471,0.757180510156648
2.55546705413343,0.996072616903613,1,1,1,1,20,1,20py03,M-O,1,0.1902,0.13,0.969901325364782,0.989023680004959,0.995319092049512,0.955102164729356,0.840392568220928,0.969901325364782,0.989023680004959,0.995319092049512,0.955102164729356,0.840392568220928,2.55546705413343,0.996072616903613
1.19212734239191,1.35083883949455,1,1,1,1,20,1,20py03,M-O,1,0.5808,0.2271,0.980843497814438,0.979573279785651,0.987035724398374,0.979878343991878,0.911626468268372,0.980843497814438,0.979573279785651,0.987035724398374,0.979878343991878,0.911626468268372,1.19212734239191,1.35083883949455
1.49755830532558,0.283095390544408,1,1,1,1,20,1,20py03,M-O,1,0.1318,0.006,0.865115238992026,0.884093871547981,0.928377273256099,0.837319121979986,0.611448142528748,0.865115238992026,0.884093871547981,0.928377273256099,0.837319121979986,0.611448142528748,1.49755830532558,0.283095390544408
-1.43733470692426,0.506058274263341,0,1,1,1,20,1,20py03,M-O,1,0.3725,0.132,0.905096936204797,0.914545665784681,0.947015293533579,0.886180335520228,0.693592129388062,0.905096936204797,0.914545665784681,0.947015293533579,0.886180335520228,0.693592129388062,1.43733470692426,0.506058274263341
-1.60191530098626,1.98463233744881,0,1,1,1,20,1,20py03,M-O,1,0.1955,0.083,0.99691723702473,0.997063459128938,0.998300379974314,0.996373903044612,0.976407304094371,0.99691723702473,0.997063459128938,0.998300379974314,0.996373903044612,0.976407304094371,1.60191530098626,1.98463233744881
-0.60371486072184,1.37065211109836,0,1,1,1,20,1,20py03,M-O,1,0.2206,0.0343,0.975944856767096,0.971641030570072,0.980219334119297,0.980823219767673,0.914758285020753,0.975944856767096,0.971641030570072,0.980219334119297,0.980823219767673,0.914758285020753,0.60371486072184,1.37065211109836
1.12629510476711,1.64986434115576,1,1,1,1,20,1,20py03,M-O,1,0.3432,0.1644,0.990252984957301,0.989257587127788,0.993145245605956,0.990620057321207,0.950514657272144,0.990252984957301,0.989257587127788,0.993145245605956,0.990620057321207,0.950514657272144,1.12629510476711,1.64986434115576
2.18343836243979,1.11566894596604,1,1,1,1,20,1,20py03,M-O,1,0.3029,0.1147,0.976003352993856,0.986680524075928,0.993446220757456,0.965320402066376,0.867718066057721,0.976003352993856,0.986680524075928,0.993446220757456,0.965320402066376,0.867718066057721,2.18343836243979,1.11566894596604
0.993099647247168,1.22883809940903,1,1,1,1,20,1,20py03,M-O,1,0.2554,0.1463,0.972660693556449,0.969543094266089,0.979891530721823,0.973149587828453,0.890433743152504,0.972660693556449,0.969543094266089,0.979891530721823,0.973149587828453,0.890433743152504,0.993099647247168,1.22883809940903
-1.08291231133958,2.04377160088234,0,1,1,1,20,1,20py03,M-O,1,0.3081,0.0677,0.996417866699302,0.995989921245887,0.997439388690857,0.996966845318957,0.979511942022635,0.996417866699302,0.995989921245887,0.997439388690857,0.996966845318957,0.979511942022635,1.08291231133958,2.04377160088234
-0.61825919229011,-1.24694231627008,1,0,0,1,20,1,20py03,M-O,1,0.109,0.1146,0.268669642400875,0.213202011249155,0.279442928965078,0.292347949841681,0.106209324582353,0.731330357599125,0.786797988750845,0.720557071034922,0.707652050158319,0.893790675417647,0.61825919229011,1.24694231627008
1.64989104122483,0.756995555462563,1,1,1,1,20,1,20py03,M-O,1,0.2155,0.3387,0.94271590421946,0.952970103541833,0.972627401135718,0.927496928657673,0.775473737393461,0.94271590421946,0.952970103541833,0.972627401135718,0.927496928657673,0.775473737393461,1.64989104122483,0.756995555462563
-0.914504261601714,1.03243933362799,0,1,1,1,20,1,20py03,M-O,1,0.2614,0.0348,0.957759796684657,0.952678683013235,0.968121087059353,0.95843823340973,0.84906682316037,0.957759796684657,0.952678683013235,0.968121087059353,0.95843823340973,0.84906682316037,0.914504261601714,1.03243933362799
-2.04666565052125,0.279396296662717,0,1,1,1,20,1,20py03,M-O,1,0.2982,0.1954,0.874169051353836,0.923874582831218,0.959970652779135,0.836407626630723,0.610029643596829,0.874169051353836,0.923874582831218,0.959970652779135,0.836407626630723,0.610029643596829,2.04666565052125,0.279396296662717
-1.81854929223997,0.609725380297735,0,1,1,1,20,1,20py03,M-O,1,0.1509,0.099,0.926851544402695,0.946853356065417,0.970345730229008,0.904923950537243,0.728978130522294,0.926851544402695,0.946853356065417,0.970345730229008,0.904923950537243,0.728978130522294,1.81854929223997,0.609725380297735
-0.670312589481813,0.317011457572164,0,1,1,1,20,1,20py03,M-O,1,0.3378,0.0676,0.846066810171026,0.82811565393317,0.87534343651497,0.84552206438312,0.62438254578628,0.846066810171026,0.82811565393317,0.87534343651497,0.84552206438312,0.62438254578628,0.670312589481813,0.317011457572164
1.02984322173543,1.22543955690522,1,1,1,1,20,1,20py03,M-O,1,0.3527,0.2425,0.972893270049548,0.970055010770234,0.980353239207833,0.972938039346748,0.889795174748675,0.972893270049548,0.970055010770234,0.980353239207833,0.972938039346748,0.889795174748675,1.02984322173543,1.22543955690522
-0.531758694015662,0.818377394561875,0,1,1,1,20,1,20py03,M-O,1,0.2158,0.1127,0.927614347105897,0.915240211021739,0.938945922130769,0.935591224221439,0.793429137247898,0.927614347105897,0.915240211021739,0.938945922130769,0.935591224221439,0.793429137247898,0.531758694015662,0.818377394561875
-2.71953235833753,1.46158046257768,0,1,1,1,20,1,20py03,M-O,1,0.0942,0.0061,0.990536916760657,0.997197809527085,0.998874086145217,0.98469030987589,0.928071894263646,0.990536916760657,0.997197809527085,0.998874086145217,0.98469030987589,0.928071894263646,2.71953235833753,1.46158046257768
-2.80067441866578,0.752857194182421,0,1,1,1,20,1,20py03,M-O,1,0.1008,0.0061,0.949942531043073,0.986435738627577,0.994834957634744,0.926924364784464,0.774232133349354,0.949942531043073,0.986435738627577,0.994834957634744,0.926924364784464,0.774232133349354,2.80067441866578,0.752857194182421
2.98950052777601,1.08050443475321,1,1,1,1,20,1,20py03,M-O,1,0.1405,0.4881,0.97581411125003,0.995127561339353,0.998303222962552,0.962536287971233,0.860041193480929,0.97581411125003,0.995127561339353,0.998303222962552,0.962536287971233,0.860041193480929,2.98950052777601,1.08050443475321
-0.366412608818488,0.451519758845157,0,1,1,1,20,1,20py03,M-O,1,0.2882,0.0063,0.862735633493685,0.839801584845675,0.879829576414783,0.875323780833729,0.674192506227222,0.862735633493685,0.839801584845675,0.879829576414783,0.875323780833729,0.674192506227222,0.366412608818488,0.451519758845157
-1.65014124250211,0.913120436606689,0,1,1,1,20,1,20py03,M-O,1,0.146,0.0508,0.958037561651384,0.965043342091039,0.979748643367537,0.946684681656887,0.819410398458764,0.958037561651384,0.965043342091039,0.979748643367537,0.946684681656887,0.819410398458764,1.65014124250211,0.913120436606689
-1.05458913933821,0.440561193220648,0,1,1,1,20,1,20py03,M-O,1,0.1547,0.0507,0.884139938860286,0.880036274570757,0.919041232179043,0.873057778786684,0.670234648880782,0.884139938860286,0.880036274570757,0.919041232179043,0.873057778786684,0.670234648880782,1.05458913933821,0.440561193220648
-1.46565787892563,1.04043862414715,0,1,1,1,20,1,20py03,M-O,1,0.1567,0.259,0.96600976292482,0.968282039174838,0.980839518886617,0.95914440860098,0.850931917505096,0.96600976292482,0.968282039174838,0.980839518886617,0.95914440860098,0.850931917505096,1.46565787892563,1.04043862414715
1.59554117062761,0.924888179017819,1,1,1,1,20,1,20py03,M-O,1,0.2496,0.274,0.958433435015019,0.964198055800954,0.97897355540569,0.947949832582153,0.822487961936287,0.958433435015019,0.964198055800954,0.97897355540569,0.947949832582153,0.822487961936287,1.59554117062761,0.924888179017819
1.92852981442748,1.95883115762401,1,1,1,1,20,1,20py03,M-O,1,0.173,0.1304,0.997180305808727,0.997819809296898,0.998834008342976,0.99608408515261,0.974933718310597,0.997180305808727,0.997819809296898,0.998834008342976,0.99608408515261,0.974933718310597,1.92852981442748,1.95883115762401
-1.78333670002205,0.87256911992865,0,1,1,1,20,1,20py03,M-O,1,0.2309,0.3092,0.955854779878898,0.96641230991279,0.981212680103523,0.942137469142987,0.80855101089269,0.955854779878898,0.96641230991279,0.981212680103523,0.942137469142987,0.80855101089269,1.78333670002205,0.87256911992865
-1.61110119460833,1.22652616573297,0,1,1,1,20,1,20py03,M-O,1,0.1962,0.1481,0.978480197967507,0.981057287393185,0.988992105658549,0.973005828049094,0.889999632520966,0.978480197967507,0.981057287393185,0.988992105658549,0.973005828049094,0.889999632520966,1.61110119460833,1.22652616573297
-1.80017750499584,0.696237938455786,0,1,1,1,20,1,20py03,M-O,1,0.1797,0.0062,0.937626572211626,0.953800373800347,0.974156638483207,0.918739351409868,0.756860083902787,0.937626572211626,0.953800373800347,0.974156638483207,0.918739351409868,0.756860083902787,1.80017750499584,0.696237938455786
0.750438957397611,1.85234349250483,1,1,1,1,20,1,20py03,M-O,1,0.1752,0.006,0.992751264046048,0.991575516251815,0.99432145164961,0.99465615133448,0.968011742977752,0.992751264046048,0.991575516251815,0.99432145164961,0.99465615133448,0.968011742977752,0.750438957397611,1.85234349250483
-1.916532157542,0.817105831040044,0,1,1,1,20,1,20py03,M-O,1,0.1795,0.0061,0.951912575402608,0.966997105894065,0.982225782214705,0.935430982862499,0.793066024526394,0.951912575402608,0.966997105894065,0.982225782214705,0.935430982862499,0.793066024526394,1.916532157542,0.817105831040044
-1.91959412208269,1.71672546306733,0,1,1,1,20,1,20py03,M-O,1,0.167,0.0061,0.994374205769117,0.995752942957917,0.997728195333018,0.992178272167166,0.95698532728977,0.994374205769117,0.995752942957917,0.997728195333018,0.992178272167166,0.95698532728977,1.91959412208269,1.71672546306733
-2.76852379098855,1.48696549434079,0,1,1,1,20,1,20py03,M-O,1,0.1556,0.0061,0.991196361040571,0.997569800929479,0.999043493026083,0.985642216332319,0.931488037702178,0.991196361040571,0.997569800929479,0.999043493026083,0.985642216332319,0.931488037702178,2.76852379098855,1.48696549434079
-2.22196312047567,0.543488480478703,0,1,1,1,20,1,20py03,M-O,1,0.1497,0.0061,0.921701685494798,0.959194828981063,0.980042894163068,0.89323041607162,0.706603239935262,0.921701685494798,0.959194828981063,0.980042894163068,0.89323041607162,0.706603239935262,2.22196312047567,0.543488480478703
-1.7626684393724,1.58304945791771,0,1,1,1,20,1,20py03,M-O,1,0.1834,0.0827,0.991464442884173,0.992889794963276,0.99603640136829,0.988798161842418,0.943294903948337,0.991464442884173,0.992889794963276,0.99603640136829,0.988798161842418,0.943294903948337,1.7626684393724,1.58304945791771
1.59477567949244,0.249179323516653,1,1,1,1,20,1,20py03,M-O,1,0.2011,0.1617,0.860128710067429,0.88598038852915,0.931154256710053,0.828837971158494,0.598388963732903,0.860128710067429,0.88598038852915,0.931154256710053,0.828837971158494,0.598388963732903,1.59477567949244,0.249179323516653
0.292675258564693,0.989830395978259,1,1,1,1,20,1,20py03,M-O,1,0.3826,0.0192,0.941893533218534,0.930683417504195,0.948943452005202,0.954508431850359,0.838871487422926,0.941893533218534,0.930683417504195,0.948943452005202,0.954508431850359,0.838871487422926,0.292675258564693,0.989830395978259
-0.435306810983977,1.39800228648611,0,1,1,1,20,1,20py03,M-O,1,0.4008,0.0825,0.975503960876467,0.970904222371341,0.979276946614702,0.982065361112103,0.918943809715006,0.975503960876467,0.970904222371341,0.979276946614702,0.982065361112103,0.918943809715006,0.435306810983977,1.39800228648611
-1.63559691093384,2.02455943203431,0,1,1,1,20,1,20py03,M-O,1,0.3166,0.3221,0.997302545305683,0.997464744592971,0.998543503232109,0.99678456873094,0.978543688263569,0.997302545305683,0.997464744592971,0.998543503232109,0.99678456873094,0.978543688263569,1.63559691093384,2.02455943203431
-1.18548812345264,-1.1883579169188,1,0,0,1,20,1,20py03,M-O,1,0.2116,0.0997,0.262372072997373,0.203952812610235,0.256639129490359,0.312791211969239,0.117346214363175,0.737627927002627,0.796047187389765,0.743360870509641,0.687208788030761,0.882653785636826,1.18548812345264,1.1883579169188
-0.526400256069457,0.623805056384922,0,0,1,0,20,1,20py03,M-O,1,0.2133,0.2443,0.899509637613483,0.883340559905163,0.91509387392729,0.907283174220565,0.733622190723549,0.899509637613483,0.883340559905163,0.91509387392729,0.907283174220565,0.733622190723549,0.526400256069457,0.623805056384922
-1.58354351374213,1.72650494251705,0,1,1,1,20,1,20py03,M-O,1,0.1532,0.0061,0.993665630109021,0.994047460344488,0.996537815647831,0.992385959571556,0.957871694546177,0.993665630109021,0.994047460344488,0.996537815647831,0.992385959571556,0.957871694546177,1.58354351374213,1.72650494251705
-1.48173319276424,1.01535414376193,0,1,1,1,20,1,20py03,M-O,1,0.1541,0.056,0.964355586462214,0.967080508267542,0.980174281214518,0.956896833417971,0.84503147820964,0.964355586462214,0.967080508267542,0.980174281214518,0.956896833417971,0.84503147820964,1.48173319276424,1.01535414376193
-0.22173478427096,1.73505909711846,0,1,1,1,20,1,20py03,M-O,1,0.1773,0.1818,0.987270570681731,0.985072725221357,0.989226287142281,0.992563627506113,0.958634830892738,0.987270570681731,0.985072725221357,0.989226287142281,0.992563627506113,0.958634830892738,0.22173478427096,1.73505909711846
2.14822577022187,1.89529922020597,1,1,1,1,20,1,20py03,M-O,1,0.2767,0.135,0.996878159230931,0.998032230054319,0.999012068480147,0.995280120764388,0.970973614283675,0.996878159230931,0.998032230054319,0.999012068480147,0.995280120764388,0.970973614283675,2.14822577022187,1.89529922020597
-2.32377344145356,1.24208547937283,0,1,1,1,20,1,20py03,M-O,1,0.1338,0.0871,0.982620741407955,0.991594673805106,0.996062841453328,0.973961058799583,0.892897487273796,0.982620741407955,0.991594673805106,0.996062841453328,0.973961058799583,0.892897487273796,2.32377344145356,1.24208547937283
-0.340385910222636,1.47778711764684,0,1,1,1,20,1,20py03,M-O,1,0.5237,0.1152,0.978463968944019,0.974427885193954,0.98162957407326,0.985304091360128,0.930267616225348,0.978463968944019,0.974427885193954,0.98162957407326,0.985304091360128,0.930267616225348,0.340385910222636,1.47778711764684
0.435056609706704,0.877539777332173,1,1,1,1,20,1,20py03,M-O,1,0.1884,0.6768,0.932502994008782,0.920192472399708,0.941936503940533,0.942710727125496,0.809903238331287,0.932502994008782,0.920192472399708,0.941936503940533,0.942710727125496,0.809903238331287,0.435056609706704,0.877539777332173
2.04258799356812,1.01761983876446,1,1,1,1,20,1,20py03,M-O,1,0.3526,0.1857,0.969283065786891,0.980698674194691,0.990041488409451,0.957103858824697,0.845570672196428,0.969283065786891,0.980698674194691,0.990041488409451,0.957103858824697,0.845570672196428,2.04258799356812,1.01761983876446
0.929563883027883,1.4430387544957,1,1,1,1,20,1,20py03,M-O,1,0.3102,0.3788,0.982425851125189,0.980005627191991,0.986743393595999,0.983961215103097,0.925495222785189,0.982425851125189,0.980005627191991,0.986743393595999,0.983961215103097,0.925495222785189,0.929563883027883,1.4430387544957
0.252104228400572,2.04319361746333,1,1,1,1,20,1,20py03,M-O,1,0.1374,0.1635,0.99413675982876,0.9932558406159,0.9951921868073,0.996961500380098,0.97948336233893,0.99413675982876,0.9932558406159,0.9951921868073,0.996961500380098,0.97948336233893,0.252104228400572,2.04319361746333
-0.191880629999248,-1.45337487420521,1,0,0,1,20,1,20py03,M-O,1,0.3048,0.2922,0.225084000105845,0.184264588648714,0.260008769074815,0.22573368322168,0.0730598493618397,0.774915999894155,0.815735411351286,0.739991230925185,0.77426631677832,0.92694015063816,0.191880629999248,1.45337487420521
-1.48326417503459,1.28157330655989,0,1,1,1,20,1,20py03,M-O,1,0.2119,0.2593,0.980129095155249,0.981182422205409,0.98874112454443,0.976259105043562,0.900003815458764,0.980129095155249,0.981182422205409,0.98874112454443,0.976259105043562,0.900003815458764,1.48326417503459,1.28157330655989
-0.656533749048715,-0.14794152401965,1,1,0,0,20,1,20py03,M-O,1,0.1779,0.1372,0.648678996218655,0.594217605192545,0.653204491111236,0.709684203253996,0.441194458661714,0.351321003781345,0.405782394807455,0.346795508888764,0.290315796746004,0.558805541338286,0.656533749048715,0.14794152401965
2.83180935393056,0.602997653300409,1,1,1,1,20,1,20py03,M-O,1,0.1565,0.1484,0.932613854746692,0.982118655480259,0.993292364803583,0.903781149616714,0.726744874825485,0.932613854746692,0.982118655480259,0.993292364803583,0.903781149616714,0.726744874825485,2.83180935393056,0.602997653300409
-0.43989975779501,-1.12124248230287,1,0,0,1,20,1,20py03,M-O,1,0.141,0.3737,0.31655922660001,0.259729643077913,0.334073198471269,0.336936484138097,0.131092330580946,0.68344077339999,0.740270356922087,0.665926801528731,0.663063515861903,0.868907669419054,0.43989975779501,1.12124248230287
0.464145272843244,1.00395631073897,1,1,1,1,20,1,20py03,M-O,1,0.1368,0.1525,0.946891205705386,0.937117117552453,0.954678212264323,0.955843095255681,0.842300163738772,0.946891205705386,0.937117117552453,0.954678212264323,0.955843095255681,0.842300163738772,0.464145272843244,1.00395631073897
-2.74479356579821,1.14452187824323,0,1,1,1,20,1,20py03,M-O,1,0.1687,0.0061,0.978963053582868,0.994007613308126,0.99764366541547,0.967475833126317,0.873796365040658,0.978963053582868,0.994007613308126,0.99764366541547,0.967475833126317,0.873796365040658,2.74479356579821,1.14452187824323
0.619539973283181,1.60429612840068,1,1,1,1,20,1,20py03,M-O,1,0.1881,0.0062,0.985822219567875,0.983323102843478,0.98847899771488,0.989408310816097,0.945675602948621,0.985822219567875,0.983323102843478,0.98847899771488,0.989408310816097,0.945675602948621,0.619539973283181,1.60429612840068
-0.619024683425282,0.322190189006531,0,1,1,1,20,1,20py03,M-O,1,0.425,0.0501,0.845213958543776,0.825739253080073,0.872698135886426,0.846750101195141,0.626345691710309,0.845213958543776,0.825739253080073,0.872698135886426,0.846750101195141,0.626345691710309,0.619024683425282,0.322190189006531
-1.74046919645241,0.464489706767837,0,1,1,1,20,1,20py03,M-O,1,0.4253,0.0523,0.903905779992092,0.927149456185509,0.958185815730624,0.877968972553731,0.678851533764747,0.903905779992092,0.927149456185509,0.958185815730624,0.877968972553731,0.678851533764747,1.74046919645241,0.464489706767837
-2.75704142396097,0.442040830773324,0,1,1,1,20,1,20py03,M-O,1,0.1969,0.0061,0.90886875878541,0.972875623629272,0.989418047438558,0.873365399896322,0.670770170114732,0.90886875878541,0.972875623629272,0.989418047438558,0.873365399896322,0.670770170114732,2.75704142396097,0.442040830773324
-2.20435682436671,2.07248581713897,0,1,1,1,20,1,20py03,M-O,1,0.2098,0.0061,0.998207849576912,0.998905142026571,0.999457292790711,0.997221952814456,0.98088992121825,0.998207849576912,0.998905142026571,0.999457292790711,0.997221952814456,0.98088992121825,2.20435682436671,2.07248581713897
1.94766709280678,0.292597437953002,1,1,1,1,20,1,20py03,M-O,1,0.1755,0.1468,0.875529218862138,0.918810606487029,0.95590406833732,0.839645352866669,0.61508506383745,0.875529218862138,0.918810606487029,0.95590406833732,0.839645352866669,0.61508506383745,1.94766709280678,0.292597437953002
-2.04360368598057,1.65025736988069,0,1,1,1,20,1,20py03,M-O,1,0.2167,0.0668,0.993536624100842,0.995646984845731,0.997753575808835,0.990629957985682,0.950554846289775,0.993536624100842,0.995646984845731,0.997753575808835,0.990629957985682,0.950554846289775,2.04360368598057,1.65025736988069
0.274303471320563,1.93048685075555,1,1,1,1,20,1,20py03,M-O,1,0.1551,0.1672,0.992278051066602,0.991037203755528,0.993605670874827,0.995741929854139,0.973226728540686,0.992278051066602,0.991037203755528,0.993605670874827,0.995741929854139,0.973226728540686,0.274303471320563,1.93048685075555
-2.49600894686728,1.36568145369484,0,1,1,1,20,1,20py03,M-O,1,0.1406,0.0061,0.987542583246098,0.995042615235632,0.997820576762591,0.980589790325093,0.913980516011485,0.987542583246098,0.995042615235632,0.997820576762591,0.980589790325093,0.913980516011485,2.49600894686728,1.36568145369484
0.960183528434767,1.34878121852286,1,1,1,1,20,1,20py03,M-O,1,0.166,0.0061,0.978611060382049,0.975878358840306,0.984043972577258,0.979777992479475,0.911296375483608,0.978611060382049,0.975878358840306,0.984043972577258,0.979777992479475,0.911296375483608,0.960183528434767,1.34878121852286
-1.8889744766758,1.15612778529704,0,1,1,1,20,1,20py03,M-O,1,0.1368,0.006,0.97672664975187,0.983153114753043,0.990902535382232,0.968311095673877,0.876185553780519,0.97672664975187,0.983153114753043,0.990902535382232,0.968311095673877,0.876185553780519,1.8889744766758,1.15612778529704
-1.44498961827598,1.05532747702095,0,1,1,1,20,1,20py03,M-O,1,0.0719,0.0428,0.966836010866015,0.968700162506244,0.981009948424145,0.96043285816232,0.854362210683574,0.966836010866015,0.968700162506244,0.981009948424145,0.96043285816232,0.854362210683574,1.44498961827598,1.05532747702095
1.50904067235317,1.25819965709495,1,1,1,1,20,1,20py03,M-O,1,0.1152,0.006,0.979240533378844,0.980632825613811,0.988475194208303,0.974920384634917,0.895840220517863,0.979240533378844,0.980632825613811,0.988475194208303,0.974920384634917,0.895840220517863,1.50904067235317,1.25819965709495
0.275068962455735,0.486429957353618,1,0,1,0,20,1,20py03,M-O,1,0.0646,0.4994,0.866258076474912,0.842678345511255,0.880909575377513,0.882353422769788,0.686668822567563,0.866258076474912,0.842678345511255,0.880909575377513,0.882353422769788,0.686668822567563,0.275068962455735,0.486429957353618
1.70730287636274,1.76143826036227,1,1,1,1,20,1,20py03,M-O,1,0.2703,0.1459,0.994559073929643,0.995210789524408,0.997294151361128,0.993088726208079,0.960917872957176,0.994559073929643,0.995210789524408,0.997294151361128,0.993088726208079,0.960917872957176,1.70730287636274,1.76143826036227
2.03646406448674,0.883204014838512,1,1,1,1,20,1,20py03,M-O,1,0.2254,0.7545,0.958933168115026,0.974335427267238,0.986708627903992,0.943358516077723,0.811436973606531,0.958933168115026,0.974335427267238,0.986708627903992,0.943358516077723,0.811436973606531,2.03646406448674,0.883204014838512
0.505481794142538,1.80758445653636,1,1,1,1,20,1,20py03,M-O,1,0.2509,0.0061,0.990727486188397,0.989122717256381,0.992418736671915,0.993928966885711,0.964664400411257,0.990727486188397,0.989122717256381,0.992418736671915,0.993928966885711,0.964664400411257,0.505481794142538,1.80758445653636
0.741253063775546,0.500972020176016,1,1,1,1,20,1,20py03,M-O,1,0.1598,0.006,0.885389181298509,0.871830135063281,0.909006789523331,0.88519729700784,0.691804592674631,0.885389181298509,0.871830135063281,0.909006789523331,0.88519729700784,0.691804592674631,0.741253063775546,0.500972020176016
2.1750179599529,1.21919733597987,1,1,1,1,20,1,20py03,M-O,1,0.2742,0.0987,0.981158164683983,0.98935678541757,0.994747494344589,0.97254585715064,0.888615348579633,0.981158164683983,0.98935678541757,0.994747494344589,0.97254585715064,0.888615348579633,2.1750179599529,1.21919733597987
-0.307002560932369,2.58991415521618,0,1,1,1,20,1,20py04,O-M,1,0.6051,0.1828,0.99877643720479,0.998658537889494,0.99906137747363,0.999499629045056,0.995200006588351,0.99877643720479,0.998658537889494,0.99906137747363,0.999499629045056,0.995200006588351,0.307002560932369,2.58991415521618
0.671823918836625,-1.99078479765369,0,0,0,1,20,1,20py04,O-M,1,0.5049,0.3096,0.094233580992851,0.0667509553346508,0.106551713575245,0.0984592235199763,0.0232522756976132,0.905766419007149,0.933249044665349,0.893448286424755,0.901540776480024,0.976747724302387,0.671823918836625,1.99078479765369
1.19325744013451,0.420512278138434,1,1,1,1,20,1,20py04,O-M,1,0.3554,0.0045,0.884374538174252,0.885704837153426,0.924872442370274,0.868838231679505,0.662944369097331,0.884374538174252,0.885704837153426,0.924872442370274,0.868838231679505,0.662944369097331,1.19325744013451,0.420512278138434
1.52578286076178,0.58279639879492,1,1,1,1,20,1,20py04,O-M,1,0.2161,0.5184,0.918589304060415,0.92940416040965,0.957305731795203,0.900289047271952,0.719984815234218,0.918589304060415,0.92940416040965,0.957305731795203,0.900289047271952,0.719984815234218,1.52578286076178,0.58279639879492
0.360591407365838,1.95455651302333,1,1,1,1,20,1,20py04,O-M,1,0.3013,0.1607,0.993052755965159,0.991927060248317,0.994299167873491,0.996034114389722,0.974682280802633,0.993052755965159,0.991927060248317,0.994299167873491,0.996034114389722,0.974682280802633,0.360591407365838,1.95455651302333
0.173001108890576,-1.32251103664844,1,0,0,1,20,1,20py04,O-M,1,0.5656,0.259,0.264298516418381,0.219386347840474,0.299406879601686,0.266935716809824,0.0929990183449012,0.735701483581619,0.780613652159525,0.700593120398314,0.733064283190176,0.907000981655099,0.173001108890576,1.32251103664844
-1.23112868992585,1.20590618282501,0,1,1,1,20,1,20py04,O-M,1,0.3924,0.2291,0.97400775391202,0.972906623596173,0.982869074794297,0.971695007662413,0.886073166798568,0.97400775391202,0.972906623596173,0.982869074794297,0.971695007662413,0.886073166798568,1.23112868992585,1.20590618282501
2.01027168191628,1.90709606264266,1,1,1,1,20,1,20py04,O-M,1,0.6854,0.116,0.996829237380135,0.997723497238093,0.998810066983377,0.995439696200645,0.971745925482376,0.996829237380135,0.997723497238093,0.998810066983377,0.995439696200645,0.971745925482376,2.01027168191628,1.90709606264266
-0.0411764268593402,0.820098650698272,0,1,1,1,20,1,20py04,O-M,1,0.4105,0.3116,0.914915746153405,0.898314588052153,0.92239023423006,0.935807643024071,0.793920064312645,0.914915746153405,0.898314588052153,0.92239023423006,0.935807643024071,0.793920064312645,0.0411764268593402,0.820098650698272
1.94828874006119,1.34675655169668,1,1,1,1,20,1,20py04,O-M,1,0.3436,0.2972,0.985424366375861,0.98972642134304,0.994553953148026,0.97967883428141,0.910970673905308,0.985424366375861,0.98972642134304,0.994553953148026,0.97967883428141,0.910970673905308,1.94828874006119,1.34675655169668
-0.291373889282224,1.60243059084416,0,1,1,1,20,1,20py04,O-M,1,0.3904,1.6197,0.983286172102867,0.980243141208346,0.985787915808167,0.989355921913623,0.945469787643882,0.983286172102867,0.980243141208346,0.985787915808167,0.989355921913623,0.945469787643882,0.291373889282224,1.60243059084416
0.642369883803659,0.52461907252184,1,1,1,1,20,1,20py04,O-M,1,0.2341,0.0353,0.886382640672023,0.870733982649153,0.906963730570619,0.889716720600304,0.70007598727777,0.886382640672023,0.870733982649153,0.906963730570619,0.889716720600304,0.70007598727777,0.642369883803659,0.52461907252184
-1.05983752386679,1.64376711214346,0,1,1,1,20,1,20py04,O-M,1,0.2524,0.0006,0.989750332486424,0.988543999262619,0.992604175317443,0.990465287635793,0.949887841428874,0.989750332486424,0.988543999262619,0.992604175317443,0.990465287635793,0.949887841428874,1.05983752386679,1.64376711214346
-0.838146203669694,1.61467844900692,0,1,1,1,20,1,20py04,O-M,1,0.237,0.1004,0.987639121767537,0.985711918174716,0.990434864981072,0.989695787554074,0.946809826545969,0.987639121767537,0.985711918174716,0.990434864981072,0.989695787554074,0.946809826545969,0.838146203669694,1.61467844900692
0.316988338235403,-0.635099997263896,0,1,0,0,20,1,20py04,O-M,1,0.4327,0.6024,0.495088874251154,0.434331365371732,0.512206952657328,0.526033989163617,0.262681599421373,0.504911125748846,0.565668634628268,0.487793047342672,0.473966010836383,0.737318400578627,0.316988338235403,0.635099997263896
-0.518660088975383,-1.79099161137377,1,0,0,1,20,1,20py04,O-M,1,0.3882,0.5709,0.133393464794693,0.0996382181013673,0.151483723991841,0.137727173308178,0.0366473205778729,0.866606535205307,0.900361781898633,0.848516276008159,0.862272826691822,0.963352679422127,0.518660088975383,1.79099161137377
-1.18334102084176,2.04182250243295,0,1,1,1,20,1,20py04,O-M,1,0.3047,0.0515,0.996620856613173,0.996285051117423,0.997667547614958,0.996948786955371,0.979415429353806,0.996620856613173,0.996285051117423,0.997667547614958,0.996948786955371,0.979415429353806,1.18334102084176,2.04182250243295
1.48967045674177,3.05380178313047,1,1,1,1,20,1,20py04,O-M,1,0.2218,0.1906,0.999894741701809,0.99989233219077,0.999936022189225,0.999913053989571,0.998870193373772,0.999894741701809,0.99989233219077,0.999936022189225,0.999913053989571,0.998870193373772,1.48967045674177,3.05380178313047
0.948839811901769,0.0216913967137686,0,0,0,1,20,1,20py04,O-M,1,1.0474,0.775,0.674974930199178,0.625581300777712,0.676836768687152,0.751339984169089,0.491347063293763,0.325025069800822,0.374418699222288,0.323163231312848,0.248660015830911,0.508652936706237,0.948839811901769,0.0216913967137686
-1.36221532935828,2.61364438040651,0,1,1,1,20,1,20py04,O-M,1,0.3606,0.1206,0.999467360667583,0.999435521041061,0.999657591513798,0.99954022188877,0.995520888758861,0.999467360667583,0.999435521041061,0.999657591513798,0.99954022188877,0.995520888758861,1.36221532935828,2.61364438040651
-0.719405290067408,-1.03698284322925,1,0,0,1,20,1,20py04,O-M,1,0.3105,0.4255,0.33106109994417,0.269246520579878,0.336411968730843,0.368217172242998,0.149871926517032,0.66893890005583,0.730753479420122,0.663588031269157,0.631782827757002,0.850128073482968,0.719405290067408,1.03698284322925
1.16671644153338,1.84049833388269,1,1,1,1,20,1,20py04,O-M,1,0.2488,0.3519,0.994129396715601,0.993549195669553,0.99592681015034,0.994471658672379,0.967152445675143,0.994129396715601,0.993549195669553,0.99592681015034,0.994471658672379,0.967152445675143,1.16671644153338,1.84049833388269
-0.531745633581865,1.66826282846896,0,0,1,0,20,1,20py04,O-M,1,1.0797,0.8992,0.9872288586035,0.984950794735684,0.98950348043817,0.991073834446449,0.95236821825525,0.9872288586035,0.984950794735684,0.98950348043817,0.991073834446449,0.95236821825525,0.531745633581865,1.66826282846896
-0.785110445140947,0.970900404327177,0,1,1,1,20,1,20py04,O-M,1,0.2398,0.2878,0.949989537759383,0.942852747607234,0.960593048549762,0.95266920831536,0.834201061594365,0.949989537759383,0.942852747607234,0.960593048549762,0.95266920831536,0.834201061594365,0.785110445140947,0.970900404327177
1.01861397024517,-0.915269752736886,0,0,0,1,20,1,20py04,O-M,1,0.3328,0.3559,0.357296160700666,0.293034612708867,0.354079355414284,0.41493596086917,0.180025017024983,0.642703839299334,0.706965387291133,0.645920644585716,0.58506403913083,0.819974982975017,1.01861397024517,0.915269752736886
-0.300436669292367,0.44424250332877,0,1,1,1,20,1,20py04,O-M,1,0.3957,0.0005,0.858735943593525,0.834425836459048,0.874741939377369,0.873822172590735,0.671566367111755,0.858735943593525,0.834425836459048,0.874741939377369,0.873822172590735,0.671566367111755,0.300436669292367,0.44424250332877
1.1247779646497,0.569017558361822,1,1,1,1,20,1,20py04,O-M,1,0.1837,0.0007,0.907863660025342,0.905608162961135,0.937565869444691,0.897854609574094,0.715327887857888,0.907863660025342,0.905608162961135,0.937565869444691,0.897854609574094,0.715327887857888,1.1247779646497,0.569017558361822
1.2782210027296,0.80096137231897,1,1,1,1,20,1,20py04,O-M,1,0.2361,0.0703,0.941804085576322,0.942369745904446,0.963426943582808,0.93336944669641,0.788422995743613,0.941804085576322,0.942369745904446,0.963426943582808,0.93336944669641,0.788422995743613,1.2782210027296,0.80096137231897
-0.952933710685922,2.50571013034724,0,1,1,1,20,1,20py04,O-M,1,0.2638,0.0007,0.998975609713444,0.998854382751042,0.999258080302594,0.999327296732119,0.993889712003335,0.998975609713444,0.998854382751042,0.999258080302594,0.999327296732119,0.993889712003335,0.952933710685922,2.50571013034724
0.895041115259924,2.41461668526176,1,1,1,1,20,1,20py04,O-M,1,0.2097,0.1008,0.998593524931935,0.998414468292883,0.998963541696441,0.999080339686623,0.992124111633225,0.998593524931935,0.998414468292883,0.998963541696441,0.999080339686623,0.992124111633225,0.895041115259924,2.41461668526176
-0.289454984331097,-2.28090593788392,1,0,0,1,20,1,20py04,O-M,1,0.256,0.2302,0.0607788758338549,0.0464168693936379,0.0856820414393146,0.0569959722076463,0.0112770067568465,0.939221124166145,0.953583130606362,0.914317958560685,0.943004027792354,0.988722993243153,0.289454984331097,2.28090593788392
-1.59525824390483,1.49832379646076,0,1,1,1,20,1,20py04,O-M,1,0.2363,0.2432,0.988675461873885,0.98965631271542,0.993988830689565,0.986051355420007,0.932975427826722,0.988675461873885,0.98965631271542,0.993988830689565,0.986051355420007,0.932975427826722,1.59525824390483,1.49832379646076
-1.24224909090769,2.49652423672518,0,1,1,1,20,1,20py04,O-M,1,0.1707,0.328,0.999151005180566,0.999078172280139,0.999429103848464,0.999305502407579,0.993729145108492,0.999151005180566,0.999078172280139,0.999429103848464,0.999305502407579,0.993729145108492,1.24224909090769,2.49652423672518
0.259583025058909,1.0168298724375,1,1,1,1,20,1,20py04,O-M,1,0.4888,0.5019,0.944009425741466,0.933137739275278,0.950621068305278,0.957031767945218,0.845382815656748,0.944009425741466,0.933137739275278,0.950621068305278,0.957031767945218,0.845382815656748,0.259583025058909,1.0168298724375
1.97027522932049,1.88106936404681,1,1,1,1,20,1,20py04,O-M,1,0.1778,0.167,0.996525826779838,0.997428748100188,0.998641502967375,0.995081019673805,0.970018758104239,0.996525826779838,0.997428748100188,0.998641502967375,0.995081019673805,0.970018758104239,1.97027522932049,1.88106936404681
0.896243320771473,-1.39829465903048,0,0,0,1,20,1,20py04,O-M,1,0.3577,0.3414,0.214250652185155,0.162278916342244,0.216579028323136,0.242622762230102,0.0810123005388304,0.785749347814845,0.837721083657756,0.783420971676864,0.757377237769898,0.91898769946117,0.896243320771473,1.39829465903048
-0.970666241981278,1.20131323601398,0,1,1,1,20,1,20py04,O-M,1,0.3168,0.3412,0.970739923862115,0.967294852616175,0.97830493351881,0.971395928907305,0.885185140996744,0.970739923862115,0.967294852616175,0.97830493351881,0.971395928907305,0.885185140996744,0.970666241981278,1.20131323601398
-1.24823699912868,0.869855574484459,0,1,1,1,20,1,20py04,O-M,1,0.2354,0.132,0.948505545856166,0.948110125589095,0.966948849414772,0.941822622895024,0.807810331949243,0.948505545856166,0.948110125589095,0.966948849414772,0.941822622895024,0.807810331949243,1.24823699912868,0.869855574484459
1.95811445818443,2.79659676171264,1,1,1,1,20,1,20py04,O-M,1,0.2202,0.0985,0.999820134800019,0.99984983182669,0.999919070633764,0.999764739682221,0.997417802797598,0.999820134800019,0.99984983182669,0.999919070633764,0.999764739682221,0.997417802797598,1.95811445818443,2.79659676171264
0.272737927675673,0.353149058243289,1,1,1,1,20,1,20py04,O-M,1,0.2484,0.0074,0.838053033032271,0.810756127783343,0.855605605124897,0.853956185788715,0.638011651979232,0.838053033032271,0.810756127783343,0.855605605124897,0.853956185788715,0.638011651979232,0.272737927675673,0.353149058243289
0.0053627980396863,-2.80679834774715,1,0,0,1,20,1,20py04,O-M,1,0.3018,0.1077,0.0213507149638856,0.0190841662369206,0.0463979855837903,0.0175850523244598,0.0025018276779687,0.978649285036114,0.980915833763079,0.95360201441621,0.98241494767554,0.997498172322031,0.0053627980396863,2.80679834774715
-0.56804299229596,-2.71417392039133,1,0,0,1,20,1,20py04,O-M,1,1.1124,0.1772,0.0233933588247136,0.0159976679875363,0.0342868067178719,0.0220168432126868,0.0033220637107745,0.976606641175286,0.984002332012464,0.965713193282128,0.977983156787313,0.996677936289226,0.56804299229596,2.71417392039133
0.612129791320834,0.542990859765971,1,0,1,0,20,1,20py04,O-M,1,0.2323,0.328,0.888632650360597,0.872617016898069,0.908005826347065,0.893138802909501,0.706431952174138,0.888632650360597,0.872617016898069,0.908005826347065,0.893138802909501,0.706431952174138,0.612129791320834,0.542990859765971
-0.37851066953281,1.23346386369121,0,1,1,1,20,1,20py04,O-M,1,0.4994,0.1681,0.964720535212146,0.95797699941341,0.969674478863179,0.973435306775614,0.891298624600688,0.964720535212146,0.95797699941341,0.969674478863179,0.973435306775614,0.891298624600688,0.37851066953281,1.23346386369121
-1.26509099562713,-2.27172004426185,1,0,0,1,20,1,20py04,O-M,1,0.2645,0.2443,0.0502446403268036,0.0308822157415183,0.0505276647589479,0.0580546184718714,0.0115517123726562,0.949755359673196,0.969117784258482,0.949472335241052,0.941945381528129,0.988448287627344,1.26509099562713,2.27172004426185
-0.791976888158836,-0.196473576810281,1,1,0,0,20,1,20py04,O-M,1,0.9273,0.4357,0.624754433375402,0.568640405986456,0.627150696433164,0.692844835399654,0.422119756127266,0.375245566624598,0.431359594013544,0.372849303566836,0.307155164600346,0.577880243872734,0.791976888158836,0.196473576810281
-1.06698139892581,2.00125147226883,0,1,1,1,20,1,20py04,O-M,1,0.4083,0.2605,0.99593694462512,0.995440056293983,0.997078845581969,0.996550238396576,0.977317351742355,0.99593694462512,0.995440056293983,0.997078845581969,0.996550238396576,0.977317351742355,1.06698139892581,2.00125147226883
-1.63211046670117,0.842297893618263,0,1,1,1,20,1,20py04,O-M,1,0.2161,0.0005,0.951345625285895,0.959305255393716,0.976266717412217,0.938548428783832,0.800189385099588,0.951345625285895,0.959305255393716,0.976266717412217,0.938548428783832,0.800189385099588,1.63211046670117,0.842297893618263
-1.3612674365511,1.62922278057519,0,1,1,1,20,1,20py04,O-M,1,0.3447,1.2979,0.990912527707115,0.9906661081826,0.99430091014179,0.990087055073019,0.948367066939438,0.990912527707115,0.9906661081826,0.99430091014179,0.990087055073019,0.948367066939438,1.3612674365511,1.62922278057519
-0.928889600454929,0.180148061694394,0,1,1,1,20,1,20py04,O-M,1,0.2542,0.6727,0.824255948790582,0.815778295071633,0.870830521804292,0.810719819996021,0.571481834002723,0.824255948790582,0.815778295071633,0.870830521804292,0.810719819996021,0.571481834002723,0.928889600454929,0.180148061694394
-1.44731760797394,3.09513830442976,0,1,1,1,20,1,20py04,O-M,1,0.2483,0.1062,0.99990581710841,0.999903023790245,0.999941942252526,0.99992633944026,0.999016394283841,0.99990581710841,0.999903023790245,0.999941942252526,0.99992633944026,0.999016394283841,1.44731760797394,3.09513830442976
0.274494997269476,-0.762171525702465,0,1,0,0,20,1,20py04,O-M,1,0.2099,0.0006,0.450985238748299,0.391281306956888,0.47194292522865,0.475373949281408,0.22297881909083,0.549014761251701,0.608718693043112,0.52805707477135,0.524626050718592,0.77702118090917,0.274494997269476,0.762171525702465
1.99783347873909,1.82059556436821,1,1,1,1,20,1,20py04,O-M,1,0.2016,0.266,0.995912501764868,0.997068027817295,0.998463856526273,0.994148898768761,0.965665821203917,0.995912501764868,0.997068027817295,0.998463856526273,0.994148898768761,0.965665821203917,1.99783347873909,1.82059556436821
0.778958925385104,2.89993806496088,1,1,1,1,20,1,20py04,O-M,1,0.4392,0.3385,0.999669995812426,0.999642081519251,0.999763772701219,0.999841100540375,0.998133817996177,0.999669995812426,0.999642081519251,0.999763772701219,0.999841100540375,0.998133817996177,0.778958925385104,2.89993806496088
1.50643197589319,2.61823732721754,1,1,1,1,20,1,20py04,O-M,1,0.365,0.3854,0.99953158128072,0.999521403964286,0.999717169715787,0.999547717187889,0.995580734509614,0.99953158128072,0.999521403964286,0.999717169715787,0.999547717187889,0.995580734509614,1.50643197589319,2.61823732721754
-0.962273922737192,1.73332957495859,0,1,1,1,20,1,20py04,O-M,1,1.0336,0.3583,0.991333267988226,0.990131959998604,0.993538561900011,0.992528003198758,0.958481446497073,0.991333267988226,0.990131959998604,0.993538561900011,0.992528003198758,0.958481446497073,0.962273922737192,1.73332957495859
1.29306361692989,0.760390342154848,1,1,1,1,20,1,20py04,O-M,1,0.22,0.8046,0.937475751458912,0.938665909802117,0.96113760967583,0.927964044080567,0.776489352755494,0.937475751458912,0.938665909802117,0.96113760967583,0.927964044080567,0.776489352755494,1.29306361692989,0.760390342154848
-0.936703936280002,1.23729131936707,0,1,1,1,20,1,20py04,O-M,1,0.2553,0.181,0.972483191655102,0.968979490253863,0.979328816788472,0.973669792255552,0.892010525302653,0.972483191655102,0.968979490253863,0.979328816788472,0.973669792255552,0.892010525302653,0.936703936280002,1.23729131936707
0.502035509667002,1.59630666176279,1,1,1,1,20,1,20py04,O-M,1,0.433,0.0728,0.984684953583568,0.981906229460955,0.987304491289164,0.989182357208512,0.944789828253635,0.984684953583568,0.981906229460955,0.987304491289164,0.989182357208512,0.944789828253635,0.502035509667002,1.59630666176279
-0.338283023569419,2.09081393508396,0,1,1,1,20,1,20py04,O-M,1,0.9951,0.2917,0.995056191606375,0.994313781810151,0.995989090451091,0.997374494179336,0.981727626776318,0.995056191606375,0.994313781810151,0.995989090451091,0.997374494179336,0.981727626776318,0.338283023569419,2.09081393508396
0.860986332211605,1.59171371495175,1,1,1,1,20,1,20py04,O-M,1,0.3256,0.4847,0.987103787838204,0.985136229810025,0.990078040116072,0.989050571883128,0.944275477370439,0.987103787838204,0.985136229810025,0.990078040116072,0.989050571883128,0.944275477370439,0.860986332211605,1.59171371495175
0.51008103885968,1.49832379646076,1,1,1,1,20,1,20py04,O-M,1,0.4426,0.1521,0.980975995753006,0.977485324893892,0.984168867375597,0.986051355420007,0.932975427826722,0.980975995753006,0.977485324893892,0.984168867375597,0.986051355420007,0.932975427826722,0.51008103885968,1.49832379646076
0.731610523699458,0.792540969832077,1,1,1,1,20,1,20py04,O-M,1,0.2109,0.1792,0.929299081308455,0.919308309773653,0.94345841896219,0.932274192932487,0.785977343626279,0.929299081308455,0.919308309773653,0.94345841896219,0.932274192932487,0.785977343626279,0.731610523699458,0.792540969832077
-1.17226685853344,1.65371849690069,0,1,1,1,20,1,20py04,O-M,1,0.3279,0.2321,0.990577691810477,0.989728441997161,0.993499887311553,0.990716752165333,0.950907638698664,0.990577691810477,0.989728441997161,0.993499887311553,0.990716752165333,0.950907638698664,1.17226685853344,1.65371849690069
-0.115736287912177,1.87264896155991,0,1,1,1,20,1,20py04,O-M,1,0.3051,0.1183,0.990364103092846,0.988847120243282,0.991896282421078,0.994959709758778,0.969441562236251,0.990364103092846,0.988847120243282,0.991896282421078,0.994959709758778,0.969441562236251,0.115736287912177,1.87264896155991
0.003767563803207,-0.504966504284639,1,1,0,0,20,1,20py04,O-M,1,0.3328,0.2924,0.560900011894684,0.508254707469903,0.590646778246626,0.577474734841288,0.3067911811764,0.439099988105316,0.491745292530097,0.409353221753374,0.422525265158712,0.6932088188236,0.003767563803207,0.504966504284639
1.03549108608038,2.33653658947421,1,1,1,1,20,1,20py04,O-M,1,0.3918,0.1988,0.998393950362836,0.998200686016288,0.998846712204522,0.998805036895334,0.990268353534369,0.998393950362836,0.998200686016288,0.998846712204522,0.998805036895334,0.990268353534369,1.03549108608038,2.33653658947421
-1.24391368315445,1.63687769192691,0,1,1,1,20,1,20py04,O-M,1,0.2608,0.1829,0.990536300992501,0.989891668944497,0.993685532849664,0.990287726906576,0.94917198600045,0.990536300992501,0.989891668944497,0.993685532849664,0.990287726906576,0.94917198600045,1.24391368315445,1.63687769192691
-0.65857831505035,0.117377788610281,1,1,0,0,20,1,20py04,O-M,1,0.8249,0.6798,0.658784482984878,0.605361745062958,0.663319960874403,0.72006214436589,0.453280342255319,0.341215517015122,0.394638254937042,0.336680039125597,0.27993785563411,0.546719657744681,0.65857831505035,0.117377788610281
1.97323450442585,1.87877289064129,1,1,1,1,20,1,20py04,O-M,1,0.3703,0.0005,0.996506875919849,0.997421847828419,0.998639001681507,0.995048195870371,0.96986224492413,0.996506875919849,0.997421847828419,0.998639001681507,0.995048195870371,0.96986224492413,1.97323450442585,1.87877289064129
1.65918143387027,-1.11353195674646,0,0,0,1,20,1,20py04,O-M,1,1.1427,0.4389,0.265439985370273,0.208871981955197,0.253883361011736,0.339756403342921,0.132740015682587,0.734560014629727,0.791128018044803,0.746116638988264,0.660243596657079,0.867259984317412,1.65918143387027,1.11353195674646
1.03065914469742,2.2270713571446,1,1,1,1,20,1,20py04,O-M,1,0.266,0.2486,0.997783815559658,0.997507808931332,0.998399291805619,0.998291368841461,0.987028747426984,0.997783815559658,0.997507808931332,0.998399291805619,0.998291368841461,0.987028747426984,1.03065914469742,2.2270713571446
1.68902849762816,0.315639992619856,1,0,1,0,20,1,20py04,O-M,1,0.1874,0.7569,0.875858017720228,0.903718753039422,0.943536168081344,0.845195761303074,0.623862110698052,0.875858017720228,0.903718753039422,0.943536168081344,0.845195761303074,0.623862110698052,1.68902849762816,0.315639992619856
0.107272834480277,-0.567736777368751,1,1,0,0,20,1,20py04,O-M,1,0.5002,0.3737,0.531933324018371,0.476022822440311,0.557742735965585,0.552771683984704,0.285106857484443,0.468066675981629,0.523977177559689,0.442257264034415,0.447228316015296,0.714893142515557,0.107272834480277,0.567736777368751
0.429741343616701,0.451897414680491,1,1,1,1,20,1,20py04,O-M,1,0.6093,0.8866,0.865191358415856,0.843500652181238,0.883545880747145,0.875401364983489,0.674328556494628,0.865191358415856,0.843500652181238,0.883545880747145,0.875401364983489,0.674328556494628,0.429741343616701,0.451897414680491
1.17029993873126,1.49755830532558,1,1,1,1,20,1,20py04,O-M,1,1.0526,0.5825,0.986226193277418,0.985090620628334,0.990531338956061,0.986024100913155,0.932875976789405,0.986226193277418,0.985090620628334,0.990531338956061,0.986024100913155,0.932875976789405,1.17029993873126,1.49755830532558
0.629214981186895,1.77466609625789,1,1,1,1,20,1,20py04,O-M,1,0.9839,0.404,0.990595937654922,0.988984161232126,0.992436129454196,0.993339497044785,0.962023481723657,0.990595937654922,0.988984161232126,0.992436129454196,0.993339497044785,0.962023481723657,0.629214981186895,1.77466609625789
-0.775793352426438,1.44473941699871,0,1,1,1,20,1,20py04,O-M,1,0.5103,0.2777,0.981138877519898,0.978082846085256,0.98511812302242,0.984029305679297,0.925734453139505,0.981138877519898,0.978082846085256,0.98511812302242,0.984029305679297,0.925734453139505,0.775793352426438,1.44473941699871
0.293291018055819,0.67006238820454,1,1,1,1,20,1,20py04,O-M,1,0.2872,0.6107,0.899689083940572,0.881225902177723,0.911163886216626,0.914729306675337,0.748590989926866,0.899689083940572,0.881225902177723,0.911163886216626,0.914729306675337,0.748590989926866,0.293291018055819,0.67006238820454
-0.178435929206842,2.41691315866728,0,1,1,1,20,1,20py04,O-M,1,0.5309,0.3021,0.997802441781406,0.997566558695922,0.998268533605021,0.99908747416534,0.992173624490244,0.997802441781406,0.997566558695922,0.998268533605021,0.99908747416534,0.992173624490244,0.178435929206842,2.41691315866728
-0.562933618871874,2.97648717847809,0,1,1,1,20,1,20py04,O-M,1,0.7241,0.3051,0.999700813792686,0.999681172554541,0.999784358448062,0.999881953113257,0.998542143630631,0.999700813792686,0.999681172554541,0.999784358448062,0.999881953113257,0.998542143630631,0.562933618871874,2.97648717847809
1.13037284414576,1.29776511904566,1,1,1,1,20,1,20py04,O-M,1,0.3704,0.5203,0.977826873843655,0.976016308657842,0.984579559818985,0.97715083136059,0.902815970435403,0.977826873843655,0.976016308657842,0.984579559818985,0.97715083136059,0.902815970435403,1.13037284414576,1.29776511904566
0.471957252541501,2.08775197054328,1,1,1,1,20,1,20py04,O-M,1,0.5802,0.4086,0.995375335567459,0.994658936796363,0.996289345240004,0.997349548523387,0.981589892933364,0.995375335567459,0.994658936796363,0.996289345240004,0.997349548523387,0.981589892933364,0.471957252541501,2.08775197054328
-0.761806153686293,-0.233982642433714,1,1,0,0,20,1,20py04,O-M,1,0.7112,0.4367,0.613473968241081,0.556164944702525,0.6161695340618,0.679543006772185,0.407499227000491,0.386526031758919,0.443835055297475,0.3838304659382,0.320456993227815,0.592500772999509,0.761806153686293,0.233982642433714
0.719611587920722,-0.0250035625317297,0,1,0,0,20,1,20py04,O-M,1,0.4186,0.5983,0.685724299174267,0.635628078420244,0.689674832067467,0.750289279753997,0.490026061004363,0.314275700825733,0.364371921579756,0.310325167932533,0.249710720246003,0.509973938995637,0.719611587920722,0.0250035625317297
1.1644738658676,-2.75015200374442,0,0,0,1,20,1,20py04,O-M,1,1.3981,0.4238,0.0187696292763503,0.0106984515631952,0.0211348555625979,0.0201945099261778,0.0029783812683678,0.98123037072365,0.989301548436805,0.978865144437402,0.979805490073822,0.997021618731632,1.1644738658676,2.75015200374442
0.105908793611403,0.897413255350655,0,1,1,1,20,1,20py04,O-M,1,0.5051,0.3379,0.926918766695374,0.91262486281481,0.934006901610919,0.944958164106202,0.815250779004552,0.926918766695374,0.91262486281481,0.934006901610919,0.944958164106202,0.815250779004552,0.105908793611403,0.897413255350655
-0.699268347748952,2.45595320656106,0,1,1,1,20,1,20py04,O-M,1,0.2892,0.2282,0.998576513328629,0.998394619820468,0.998923384469698,0.999201234340058,0.992974427379844,0.998576513328629,0.998394619820468,0.998923384469698,0.999201234340058,0.992974427379844,0.699268347748952,2.45595320656106
1.16193073882394,0.867559101078943,1,1,1,1,20,1,20py04,O-M,1,0.4889,0.6921,0.946795823540447,0.944772002878505,0.964202910123755,0.941555118325983,0.807182127847287,0.946795823540447,0.944772002878505,0.964202910123755,0.941555118325983,0.807182127847287,1.16193073882394,0.867559101078943
-1.54904268972045,2.44906378634451,0,1,1,1,20,1,20py04,O-M,1,0.7391,0.2853,0.99921511153916,0.999212919315859,0.999538993309732,0.999182159064599,0.992838595949563,0.99921511153916,0.999212919315859,0.999538993309732,0.999182159064599,0.992838595949563,1.54904268972045,2.44906378634451
0.632798478384783,2.01732678610744,1,1,1,1,20,1,20py04,O-M,1,0.2695,0.3395,0.994926666829178,0.994113803035727,0.995984466885089,0.996713434346658,0.978169288962667,0.994926666829178,0.994113803035727,0.995984466885089,0.996713434346658,0.978169288962667,0.632798478384783,2.01732678610744
0.0742815409229442,1.90479958923714,0,1,1,1,20,1,20py04,O-M,1,0.9406,0.3668,0.990915880281774,0.989532986168048,0.992370752625667,0.99540901475917,0.971596936343334,0.990915880281774,0.989532986168048,0.992370752625667,0.99540901475917,0.971596936343334,0.0742815409229442,1.90479958923714
0.400032995879369,-1.33552438594637,0,0,0,1,20,1,20py04,O-M,1,0.3926,0.4333,0.251131930068216,0.201578646520624,0.272815136984409,0.262674924005461,0.0908523897093369,0.748868069931784,0.798421353479376,0.727184863015591,0.737325075994539,0.909147610290663,0.400032995879369,1.33552438594637
-0.98007581204283,0.300330169916414,0,1,1,1,20,1,20py04,O-M,1,0.2816,0.4174,0.853732025328663,0.847169806416815,0.894596120271073,0.841522308365243,0.618037338733636,0.853732025328663,0.847169806416815,0.894596120271073,0.841522308365243,0.618037338733636,0.98007581204283,0.300330169916414
1.04922397211616,-2.49371247346176,0,0,0,1,20,1,20py04,O-M,1,1.2752,0.339,0.0338310773112379,0.0206401723808028,0.0375341509222916,0.036461799980629,0.0063207449845423,0.966168922688762,0.979359827619197,0.962465849077708,0.963538200019371,0.993679255015458,1.04922397211616,2.49371247346176
1.57216025030348,2.30744792633767,1,1,1,1,20,1,20py04,O-M,1,0.3115,0.4406,0.998796048523111,0.998811347529653,0.999307363756543,0.998684493150011,0.989485068969252,0.998796048523111,0.998811347529653,0.999307363756543,0.998684493150011,0.989485068969252,1.57216025030348,2.30744792633767
0.184815089975227,0.965541966380972,0,1,1,1,20,1,20py04,O-M,1,0.462,0.4687,0.93689069139185,0.924566942424312,0.943689910613577,0.952137903169212,0.832863286622977,0.93689069139185,0.924566942424312,0.943689910613577,0.952137903169212,0.832863286622977,0.184815089975227,0.965541966380972
-0.630095292161328,2.31050989087836,0,1,1,1,20,1,20py04,O-M,1,0.2881,0.3419,0.997723642519737,0.997405824721082,0.998240523993935,0.998697686120049,0.989570029206875,0.997723642519737,0.997405824721082,0.998240523993935,0.998697686120049,0.989570029206875,0.630095292161328,2.31050989087836
-0.268763177930387,0.995396120652684,0,1,1,1,20,1,20py04,O-M,1,0.3249,0.279,0.941972788273539,0.930730856741238,0.948848834707505,0.95503812229718,0.840228177686288,0.941972788273539,0.930730856741238,0.948848834707505,0.95503812229718,0.840228177686288,0.268763177930387,0.995396120652684
-1.00927553437143,2.76827358971128,0,1,1,1,20,1,20py04,O-M,1,0.3581,0.274,0.999573535419761,0.999532464511051,0.999700372043543,0.999738486559955,0.997182293688918,0.999573535419761,0.999532464511051,0.999700372043543,0.999738486559955,0.997182293688918,1.00927553437143,2.76827358971128
1.10422487426956,-1.57741958466076,0,0,0,1,20,1,20py04,O-M,1,0.3404,0.2201,0.163017821597611,0.117687612385459,0.161431611393788,0.1902390640064,0.0573495059950472,0.836982178402389,0.882312387614541,0.838568388606212,0.8097609359936,0.942650494004953,1.10422487426956,1.57741958466076
-0.634927233544287,0.742018554910718,0,1,1,1,20,1,20py04,O-M,1,0.3712,0.3073,0.920249495246301,0.907997297615275,0.934442365462066,0.925408385888885,0.770961953189789,0.920249495246301,0.907997297615275,0.934442365462066,0.925408385888885,0.770961953189789,0.634927233544287,0.742018554910718
1.11005094713322,2.28831064795837,1,1,1,1,20,1,20py04,O-M,1,0.3602,0.1318,0.998243240550497,0.998046294671659,0.998761664342935,0.998599231415346,0.988940281567136,0.998243240550497,0.998046294671659,0.998761664342935,0.998599231415346,0.988940281567136,1.11005094713322,2.28831064795837
-1.41078905589224,1.07960014552162,0,1,1,1,20,1,20py04,O-M,1,0.2453,0.183,0.968130538502739,0.969373427581591,0.981287118248718,0.962462352060705,0.859839861688966,0.968130538502739,0.969373427581591,0.981287118248718,0.962462352060705,0.859839861688966,1.41078905589224,1.07960014552162
0.218523082972138,1.03673264195198,0,1,1,1,20,1,20py04,O-M,1,0.2038,0.2129,0.945193464400678,0.934501437844437,0.951444849381247,0.958818465150878,0.850069762516438,0.945193464400678,0.934501437844437,0.951444849381247,0.958818465150878,0.850069762516438,0.218523082972138,1.03673264195198
0.795119341780742,2.64120206127271,1,1,1,1,20,1,20py04,O-M,1,0.6588,0.1826,0.999244988240061,0.999160851485418,0.999445623153188,0.999583523942343,0.995869378374596,0.999244988240061,0.999160851485418,0.999445623153188,0.999583523942343,0.995869378374596,0.795119341780742,2.64120206127271
0.832803860700471,1.55037719365246,1,1,1,1,20,1,20py04,O-M,1,0.5241,0.5833,0.985586311188289,0.983337838828143,0.988817166356334,0.987800297742773,0.939474495400175,0.985586311188289,0.983337838828143,0.988817166356334,0.987800297742773,0.939474495400175,0.832803860700471,1.55037719365246
0.0580517665170244,0.990803173841652,0,1,1,1,20,1,20py04,O-M,1,0.5743,0.2936,0.936922999583865,0.924584636458836,0.943003146673633,0.954601371378804,0.839109150387357,0.936922999583865,0.924584636458836,0.943003146673633,0.954601371378804,0.839109150387357,0.0580517665170244,0.990803173841652
0.645190442888449,0.870621065619631,1,1,1,1,20,1,20py04,O-M,1,0.2711,0.1833,0.936601760796639,0.926489656673715,0.948009250226357,0.941911577005054,0.808019454767937,0.936601760796639,0.926489656673715,0.948009250226357,0.941911577005054,0.808019454767937,0.645190442888449,0.870621065619631
1.19808938151747,1.08495858346782,1,1,1,1,20,1,20py04,O-M,1,0.4122,0.2145,0.965954137864784,0.96445576171084,0.977297684382998,0.962898731446276,0.86103000040095,0.965954137864784,0.96445576171084,0.977297684382998,0.962898731446276,0.86103000040095,1.19808938151747,1.08495858346782
-1.33525818269546,2.3120408731487,0,1,1,1,20,1,20py04,O-M,1,0.2979,0.1331,0.998602440839506,0.998510142487923,0.999091346443491,0.998704237141411,0.989612284505629,0.998602440839506,0.998510142487923,0.999091346443491,0.998704237141411,0.989612284505629,1.33525818269546,2.3120408731487
0.734361724773965,2.39777588028798,1,1,1,1,20,1,20py04,O-M,1,0.1665,0.1703,0.998348661448282,0.998129466985821,0.998750018000301,0.9990264337086,0.99175252282846,0.998348661448282,0.998129466985821,0.998750018000301,0.9990264337086,0.99175252282846,0.734361724773965,2.39777588028798
-0.208074918933892,0.56825206722665,0,1,1,1,20,1,20py04,O-M,1,0.2662,0.0683,0.879387643155417,0.857168568294078,0.891528221836479,0.897718106181609,0.715068089363304,0.879387643155417,0.857168568294078,0.891528221836479,0.897718106181609,0.715068089363304,0.208074918933892,0.56825206722665
1.01639451391615,0.53916340409011,1,1,1,1,20,1,20py04,O-M,1,0.202,0.3287,0.900229870187622,0.894715746424491,0.928806136493807,0.89243226295939,0.705112945317875,0.900229870187622,0.894715746424491,0.928806136493807,0.89243226295939,0.705112945317875,1.01639451391615,0.53916340409011
-1.08783504068384,-0.222500275406132,1,1,0,0,20,1,20py04,O-M,1,0.3851,0.2317,0.599802060508822,0.543982494770443,0.598896233083495,0.683640605235242,0.411962229449487,0.400197939491178,0.456017505229557,0.401103766916505,0.316359394764758,0.588037770550513,1.08783504068384,0.222500275406132
2.06578120947841,2.59450710202721,1,1,1,1,20,1,20py04,O-M,1,0.5011,0.0554,0.999657345428483,0.999742225122995,0.999865333123153,0.999507735753715,0.99526366717431,0.999657345428483,0.999742225122995,0.999865333123153,0.999507735753715,0.99526366717431,2.06578120947841,2.59450710202721
-1.58996391578665,1.25183565093534,0,1,1,1,20,1,20py04,O-M,1,0.2747,0.1794,0.979542968768564,0.98172795891814,0.989331633639032,0.974545115737291,0.894685121743036,0.979542968768564,0.98172795891814,0.989331633639032,0.974545115737291,0.894685121743036,1.58996391578665,1.25183565093534
-0.475773719284527,1.02754674832991,0,1,1,1,20,1,20py04,O-M,1,0.2613,0.1645,0.949405552058593,0.940107808212588,0.956942389166229,0.958001465142416,0.847918457748949,0.949405552058593,0.940107808212588,0.956942389166229,0.958001465142416,0.847918457748949,0.475773719284527,1.02754674832991
0.266264513382714,1.70653738522757,1,1,1,1,20,1,20py04,O-M,1,0.2795,0.2646,0.986679442251818,0.984336464477673,0.988739275866565,0.991956622394204,0.956045964067401,0.986679442251818,0.984336464477673,0.988739275866565,0.991956622394204,0.956045964067401,0.266264513382714,1.70653738522757
2.05271878420868,1.70117894728136,1,1,1,1,20,1,20py04,O-M,1,0.2442,0.2907,0.994394989341068,0.996231187330231,0.998059204176928,0.991837844313073,0.955545305081766,0.994394989341068,0.996231187330231,0.998059204176928,0.991837844313073,0.955545305081766,2.05271878420868,1.70117894728136
1.46668983600177,-0.0801189242641212,0,1,0,0,20,1,20py04,O-M,1,0.9739,0.5316,0.6299987721982,0.582509064095117,0.629456697445441,0.732464913212365,0.468071335871849,0.3700012278018,0.417490935904883,0.370543302554559,0.267535086787635,0.531928664128151,1.46668983600177,0.0801189242641212
-1.31798803813531,0.407498928840509,0,1,1,1,20,1,20py04,O-M,1,0.2206,0.4065,0.885243202414799,0.891963307711444,0.930812597081294,0.866048111740215,0.658179209644444,0.885243202414799,0.891963307711444,0.930812597081294,0.866048111740215,0.658179209644444,1.31798803813531,0.407498928840509
1.73203046400282,1.69658600047033,1,1,1,1,20,1,20py04,O-M,1,0.4031,0.1029,0.993590834157846,0.994483299902826,0.996901660763359,0.99173481071198,0.955112520804689,0.993590834157846,0.994483299902826,0.996901660763359,0.99173481071198,0.955112520804689,1.73203046400282,1.69658600047033
-0.12965412864204,0.447304467869458,0,1,1,1,20,1,20py04,O-M,1,0.6093,0.2812,0.852706444735436,0.825893337937212,0.865729327808651,0.874455515670949,0.672672379241508,0.852706444735436,0.825893337937212,0.865729327808651,0.874455515670949,0.672672379241508,0.12965412864204,0.447304467869458
0.793339152850178,1.27097292931464,1,1,1,1,20,1,20py04,O-M,1,0.5209,0.3717,0.972706550506546,0.968471491619922,0.978528723779313,0.975659606288857,0.898130860332384,0.972706550506546,0.968471491619922,0.978528723779313,0.975659606288857,0.898130860332384,0.793339152850178,1.27097292931464
2.01498802661543,2.97801816074843,1,1,1,1,20,1,20py04,O-M,1,0.3534,0.2136,0.999911429745509,0.999927568629251,0.999961305206587,0.999882659317012,0.998549406030398,0.999911429745509,0.999927568629251,0.999961305206587,0.999882659317012,0.998549406030398,2.01498802661543,2.97801816074843
1.7797718944134,1.21585756758225,1,1,1,1,20,1,20py04,O-M,1,0.3021,0.2583,0.979099070111255,0.983492320506728,0.990814498175371,0.972334089627109,0.887980407704459,0.979099070111255,0.983492320506728,0.990814498175371,0.972334089627109,0.887980407704459,1.7797718944134,1.21585756758225
-1.29003675999179,1.78767944555581,0,1,1,1,20,1,20py04,O-M,1,0.3176,0.1952,0.993715607588149,0.993327545726601,0.995877762018412,0.993578318784207,0.963086130116946,0.993715607588149,0.993327545726601,0.995877762018412,0.993578318784207,0.963086130116946,1.29003675999179,1.78767944555581
1.74303526830085,2.49499325445483,1,1,1,1,20,1,20py04,O-M,1,0.219,0.1183,0.99940993439219,0.999455040909933,0.999693315736418,0.999301807338315,0.993702023766793,0.99940993439219,0.999455040909933,0.999693315736418,0.999301807338315,0.993702023766793,1.74303526830085,2.49499325445483
0.0193268774430704,0.640208233932828,0,1,1,1,20,1,20py04,O-M,1,0.5396,0.3133,0.885823387276601,0.863901976941861,0.89493711088858,0.90997679492365,0.738981384790067,0.885823387276601,0.863901976941861,0.89493711088858,0.90997679492365,0.738981384790067,0.0193268774430704,0.640208233932828
-1.50867632773649,0.390658123866722,0,1,1,1,20,1,20py04,O-M,1,0.3988,0.2132,0.886596308574072,0.902325276185742,0.940149995048426,0.86237720785349,0.651975021907079,0.886596308574072,0.902325276185742,0.940149995048426,0.86237720785349,0.651975021907079,1.50867632773649,0.390658123866722
1.83456472253595,1.38809307299597,1,0,1,0,20,1,20py04,O-M,1,0.3955,0.4217,0.98637797762906,0.989453738198565,0.994227257473339,0.981623486671262,0.917445647186933,0.98637797762906,0.989453738198565,0.994227257473339,0.981623486671262,0.917445647186933,1.83456472253595,1.38809307299597
-1.46796317570113,0.381472230244657,0,1,1,1,20,1,20py04,O-M,1,0.2568,0.0007,0.883978849919103,0.898099815661954,0.936900581158801,0.860346217443954,0.648573563374209,0.883978849919103,0.898099815661954,0.936900581158801,0.860346217443954,0.648573563374209,1.46796317570113,0.381472230244657
-1.32379099166222,2.89764159155536,0,1,1,1,20,1,20py04,O-M,1,0.187,0.1698,0.999787809337754,0.999775345567917,0.999862819390878,0.999839691236031,0.998120100092978,0.999787809337754,0.999775345567917,0.999862819390878,0.999839691236031,0.998120100092978,1.32379099166222,2.89764159155536
0.744349278254531,-0.573860706450128,0,1,0,0,20,1,20py04,O-M,1,1.1516,0.6958,0.492991359967165,0.428543177388111,0.495624130333803,0.550349026487372,0.283031032393764,0.507008640032835,0.571456822611889,0.504375869666197,0.449650973512628,0.716968967606236,0.744349278254531,0.573860706450128
-0.787052469428835,2.09617237303017,0,1,1,1,20,1,20py04,O-M,1,0.4374,0.3588,0.996256698397749,0.995692517131388,0.997126421009886,0.997417639198127,0.98196654862473,0.996256698397749,0.995692517131388,0.997126421009886,0.997417639198127,0.98196654862473,0.787052469428835,2.09617237303017
-0.485044573325515,2.7100962634382,0,1,1,1,20,1,20py04,O-M,1,0.466,0.31,0.99924594832518,0.999175408495316,0.999435172048393,0.999675780793675,0.996636815849374,0.99924594832518,0.999175408495316,0.999435172048393,0.999675780793675,0.996636815849374,0.485044573325515,2.7100962634382
-1.46026443655986,2.2929035947694,0,1,1,1,20,1,20py04,O-M,1,0.2449,0.3439,0.99864222347708,0.998604062692824,0.999168245516598,0.998620142346413,0.989073222087282,0.99864222347708,0.998604062692824,0.999168245516598,0.998620142346413,0.989073222087282,1.46026443655986,2.2929035947694
2.04962079308277,0.874448521295492,1,1,1,1,20,1,20py04,O-M,1,0.2729,0.6106,0.958266177680327,0.974232202995366,0.986710529782239,0.942354745399408,0.809062978412573,0.958266177680327,0.974232202995366,0.986710529782239,0.942354745399408,0.809062978412573,2.04962079308277,0.874448521295492
1.03408080653799,3.09820026897045,1,1,1,1,20,1,20py04,O-M,1,0.6419,0.1943,0.999864716197701,0.999855868880901,0.999908126826812,0.999927243369901,0.999026500962739,0.999864716197701,0.999855868880901,0.999908126826812,0.999927243369901,0.999026500962739,1.03408080653799,3.09820026897045
-0.0593713448899084,2.54015723142999,0,1,1,1,20,1,20py04,O-M,1,0.2892,0.2155,0.998364976822219,0.998228434958386,0.998728723888019,0.999403526583652,0.994459867796926,0.998364976822219,0.998228434958386,0.998728723888019,0.999403526583652,0.994459867796926,0.0593713448899084,2.54015723142999
-1.05375713829877,0.640973725068,0,1,1,1,20,1,20py04,O-M,1,0.3541,0.2964,0.916878414359622,0.912469259723633,0.941511975345639,0.910101063537689,0.739230122927323,0.916878414359622,0.912469259723633,0.941511975345639,0.910101063537689,0.739230122927323,1.05375713829877,0.640973725068
0.408633389154301,1.18370693990502,1,1,1,1,20,1,20py04,O-M,1,0.1871,0.3254,0.961531635581512,0.954222321464488,0.967021722896324,0.970225008999154,0.881735454574715,0.961531635581512,0.954222321464488,0.967021722896324,0.970225008999154,0.881735454574715,0.408633389154301,1.18370693990502
-1.21321120393641,1.99818950772814,0,1,1,1,20,1,20py04,O-M,1,0.2468,0.3093,0.996259442748046,0.995917118874089,0.997448575872207,0.996518340501776,0.977151940687912,0.996259442748046,0.995917118874089,0.997448575872207,0.996518340501776,0.977151940687912,1.21321120393641,1.99818950772814
0.103065115189853,-2.31841500350735,1,0,0,1,20,1,20py04,O-M,1,0.2687,0.2793,0.0587247925779655,0.0479854891338892,0.0917665398561712,0.0528301042013238,0.0102133887130477,0.941275207422035,0.952014510866111,0.908233460143829,0.947169895798676,0.989786611286952,0.103065115189853,2.31841500350735
1.90177263449892,2.39471391574729,1,1,1,1,20,1,20py04,O-M,1,0.2999,0.1651,0.999259807173377,0.9993844884219,0.999666487012037,0.999016326388975,0.991683331156407,0.999259807173377,0.9993844884219,0.999666487012037,0.999016326388975,0.991683331156407,1.90177263449892,2.39471391574729
0.86080137751752,-1.42661783103185,0,0,0,1,20,1,20py04,O-M,1,0.3659,0.2368,0.207994170921927,0.157169490827731,0.211578403042671,0.233853821655969,0.0768450408542614,0.792005829078073,0.842830509172269,0.788421596957329,0.766146178344031,0.923154959145739,0.86080137751752,1.42661783103185
0.682874961808177,-2.64681070049618,0,0,0,1,20,1,20py04,O-M,1,0.4429,0.1425,0.0264857469102981,0.0174630945062361,0.0356816621270127,0.0258029476862803,0.004062741190029,0.973514253089702,0.982536905493764,0.964318337872987,0.97419705231372,0.995937258809971,0.682874961808177,2.64681070049618
-0.972793220963251,2.98184561642429,0,1,1,1,20,1,20py04,O-M,1,0.478,0.0414,0.99978589194294,0.999769226495622,0.99985157439748,0.999884407520794,0.998567417788876,0.99978589194294,0.999769226495622,0.99985157439748,0.999884407520794,0.998567417788876,0.972793220963251,2.98184561642429
-0.815142463592927,1.46387669537801,0,1,1,1,20,1,20py04,O-M,1,0.2569,0.3229,0.982274201173813,0.97948979416221,0.986163464204164,0.984778590118019,0.928386179011554,0.982274201173813,0.97948979416221,0.986163464204164,0.984778590118019,0.928386179011554,0.815142463592927,1.46387669537801
0.421487740393178,-2.20818428004257,0,0,0,1,20,1,20py04,O-M,1,0.4902,0.1978,0.0677445365834652,0.0498166051313064,0.0880993496819552,0.0658053747660738,0.0136157148841215,0.932255463416535,0.950183394868694,0.911900650318045,0.934194625233926,0.986384285115879,0.421487740393178,2.20818428004257
0.143061567785639,0.660876494582475,0,1,1,1,20,1,20py04,O-M,1,0.6625,0.2956,0.893417003407992,0.873139424442572,0.903436098694701,0.913287454528471,0.745654239348645,0.893417003407992,0.873139424442572,0.903436098694701,0.913287454528471,0.745654239348645,0.143061567785639,0.660876494582475
-0.330260613713502,-2.81215678569336,1,0,0,1,20,1,20py04,O-M,1,1.0354,0.1798,0.0196972846773586,0.0148955873874017,0.0346974356404292,0.0173538258716921,0.0024605254932126,0.980302715322641,0.985104412612598,0.965302564359571,0.982646174128308,0.997539474506787,0.330260613713502,2.81215678569336
1.01362019350488,0.525384563657013,1,1,1,1,20,1,20py04,O-M,1,0.29,0.5832,0.897865814969522,0.892261054889814,0.927057889909843,0.889860858359895,0.70034205892665,0.897865814969522,0.892261054889814,0.927057889909843,0.889860858359895,0.70034205892665,1.01362019350488,0.525384563657013
1.36050272226047,1.22121600552845,1,1,1,1,20,1,20py04,O-M,1,0.3352,0.6101,0.976126787959867,0.976253373019467,0.985384278617608,0.972673200037256,0.888997877142336,0.976126787959867,0.976253373019467,0.985384278617608,0.972673200037256,0.888997877142336,1.36050272226047,1.22121600552845
-0.0443437759955382,0.693027122259703,0,1,1,1,20,1,20py04,O-M,1,0.255,0.7065,0.895604407148133,0.875453800740363,0.904363293574208,0.91825525746964,0.755853734590919,0.895604407148133,0.875453800740363,0.904363293574208,0.91825525746964,0.755853734590919,0.0443437759955382,0.693027122259703
1.46867809896318,1.3406326226153,1,1,1,1,20,1,20py04,O-M,1,0.3853,0.3718,0.982566585366826,0.98328267453826,0.989976043882352,0.97937640234075,0.909980119957398,0.982566585366826,0.98328267453826,0.989976043882352,0.97937640234075,0.909980119957398,1.46867809896318,1.3406326226153
-0.242823282085028,-0.70935263737559,1,1,0,0,20,1,20py04,O-M,1,1.0531,0.6784,0.472099549832512,0.412829421408929,0.493770233489887,0.496430024652438,0.239052835651289,0.527900450167488,0.587170578591071,0.506229766510113,0.503569975347562,0.760947164348711,0.242823282085028,0.70935263737559
0.0921990269123856,-0.943592924738254,1,1,0,0,20,1,20py04,O-M,1,0.6713,0.9689,0.395133022904835,0.342459963192661,0.42984226594479,0.403929490848054,0.172688854590834,0.604866977095165,0.657540036807339,0.57015773405521,0.596070509151946,0.827311145409166,0.0921990269123856,0.943592924738254
-1.41735494753224,1.55650112273384,0,1,1,1,20,1,20py04,O-M,1,0.4241,0.191,0.989394710469752,0.989399943629912,0.993595550417608,0.987992995457251,0.940205512054325,0.989394710469752,0.989399943629912,0.993595550417608,0.987992995457251,0.940205512054325,1.41735494753224,1.55650112273384
-0.0587240034606125,0.477924113276342,0,1,1,1,20,1,20py04,O-M,1,1.0476,1.0412,0.856306845742351,0.82961106184095,0.867835668156739,0.880667071336869,0.683647890932733,0.856306845742351,0.82961106184095,0.867835668156739,0.880667071336869,0.683647890932733,0.0587240034606125,0.477924113276342
1.85544148363074,0.954059599353391,1,1,1,1,20,1,20py04,O-M,1,0.2608,0.5574,0.963353611600298,0.973329332270936,0.98541302353184,0.950983314847303,0.829973262586242,0.963353611600298,0.973329332270936,0.98541302353184,0.950983314847303,0.829973262586242,1.85544148363074,0.954059599353391
-0.271930527066585,-1.69836718401795,1,0,0,1,20,1,20py04,O-M,1,1.6445,0.4361,0.159895095012609,0.126436298497267,0.19047886331682,0.159148585518298,0.0447192408557939,0.840104904987391,0.873563701502733,0.80952113668318,0.840851414481702,0.955280759144206,0.271930527066585,1.69836718401795
0.631526914862952,2.90988944971811,1,1,1,1,20,1,20py04,O-M,1,0.3929,0.1023,0.999643753931815,0.999616087139684,0.999742123391188,0.999847074561169,0.998192216903704,0.999643753931815,0.999616087139684,0.999742123391188,0.999847074561169,0.998192216903704,0.631526914862952,2.90988944971811
-1.61999593423863,0.287316820618488,0,1,1,1,20,1,20py04,O-M,1,0.239,0.0848,0.868727269529895,0.894219628595339,0.936688651319125,0.838355282255772,0.61306512780361,0.868727269529895,0.894219628595339,0.936688651319125,0.838355282255772,0.61306512780361,1.61999593423863,0.287316820618488
1.83313132365679,0.0086780474158428,0,0,0,1,20,1,20py04,O-M,1,0.6583,1.6185,0.637903287034015,0.597432903794604,0.639110648015364,0.755445251035759,0.496538003427512,0.362096712965985,0.402567096205396,0.360889351984636,0.244554748964241,0.503461996572488,1.83313132365679,0.0086780474158428
-0.903990074763796,-2.30846361875011,1,0,0,1,20,1,20py04,O-M,1,0.328,0.1676,0.0506824976403259,0.0328008090798744,0.0568344670884488,0.0539110519462307,0.0104866820446275,0.949317502359674,0.967199190920126,0.943165532911551,0.946088948053769,0.989513317955372,0.903990074763796,2.30846361875011
1.95871556094021,1.76854216717651,1,1,1,1,20,1,20py04,O-M,1,0.2698,0.9704,0.99519668020796,0.99646348455246,0.998127796169667,0.993224418288264,0.961514845341148,0.99519668020796,0.99646348455246,0.998127796169667,0.993224418288264,0.961514845341148,1.95871556094021,1.76854216717651
0.0578436924861792,0.0186294321730802,1,0,0,1,20,1,20py04,O-M,1,1.1857,1.057,0.723013656940355,0.678408173295574,0.739914131767976,0.752309219693276,0.492568361714232,0.276986343059645,0.321591826704426,0.260085868232024,0.247690780306724,0.507431638285768,0.0578436924861792,0.0186294321730802
0.434781359030505,2.46896655585898,1,1,1,1,20,1,20py04,O-M,1,1.5776,0.3256,0.998374569216172,0.998182871151655,0.998742773693856,0.999236152333686,0.993224805897086,0.998374569216172,0.998182871151655,0.998742773693856,0.999236152333686,0.993224805897086,0.434781359030505,2.46896655585898
-0.960355017786064,-1.51464931157664,1,0,0,1,20,1,20py04,O-M,1,0.8876,1.3765,0.182248055483995,0.134519825923275,0.183645138311196,0.207752192349091,0.0649306186349736,0.817751944516005,0.865480174076725,0.816354861688804,0.792247807650909,0.935069381365026,0.960355017786064,1.51464931157664
-1.31821923150292,2.90223453836639,0,1,1,1,20,1,20py04,O-M,1,1.447,0.1743,0.999790140611757,0.999777684051247,0.999864123393109,0.999842498240508,0.998147444846773,0.999790140611757,0.999777684051247,0.999864123393109,0.999842498240508,0.998147444846773,1.31821923150292,2.90223453836639
0.883758878920766,0.800195881183798,1,1,1,1,20,1,20py04,O-M,1,0.5151,0.4446,0.933781439819982,0.926421289802544,0.949699680856382,0.933270448183,0.788201342094643,0.933781439819982,0.926421289802544,0.949699680856382,0.933270448183,0.788201342094643,0.883758878920766,0.800195881183798
-1.55184012946848,0.256697175211604,0,1,1,1,20,1,20py04,O-M,1,0.2317,0.2898,0.860781360323675,0.883835804585435,0.929096863129787,0.830741883750134,0.601293723823289,0.860781360323675,0.883835804585435,0.929096863129787,0.830741883750134,0.601293723823289,1.55184012946848,0.256697175211604
-0.309938716700961,2.90146904723122,0,1,1,1,20,1,20py04,O-M,1,0.2428,0.3612,0.999544413274329,0.999518107848626,0.999664880229133,0.999842033624361,0.998142912647244,0.999544413274329,0.999518107848626,0.999664880229133,0.999842033624361,0.998142912647244,0.309938716700961,2.90146904723122
-1.13830455283217,1.38120365277942,0,1,1,1,20,1,20py04,O-M,1,0.2693,0.1229,0.981678980736853,0.980126281490378,0.987268856920684,0.981310835282994,0.916391824013052,0.981678980736853,0.980126281490378,0.987268856920684,0.981310835282994,0.916391824013052,1.13830455283217,1.38120365277942
-1.10910483050357,1.47306258900008,0,1,1,1,20,1,20py04,O-M,1,0.2325,0.2057,0.984968971689691,0.983492482051464,0.989393184528934,0.985127387963976,0.929632920069215,0.984968971689691,0.983492482051464,0.989393184528934,0.985127387963976,0.929632920069215,1.10910483050357,1.47306258900008
-1.27565653252671,0.262821104292981,0,1,1,1,20,1,20py04,O-M,1,0.226,0.2879,0.854939780972365,0.862737922394077,0.91056194556619,0.832282694431645,0.603655765828992,0.854939780972365,0.862737922394077,0.91056194556619,0.832282694431645,0.603655765828992,1.27565653252671,0.262821104292981
-0.327948680037445,-2.21124624458326,1,0,0,1,20,1,20py04,O-M,1,0.9259,0.1797,0.0686433457720122,0.0518883322446747,0.0928056631870323,0.0654143137524395,0.0135093947996305,0.931356654227988,0.948111667755325,0.907194336812968,0.93458568624756,0.98649060520037,0.327948680037445,2.21124624458326
-1.42301918503858,3.11580656507941,0,1,1,1,20,1,20py04,O-M,1,1.3348,0.2094,0.999910663304808,0.99990772589407,0.999944526572592,0.999932241542289,0.999082787195048,0.999910663304808,0.99990772589407,0.999944526572592,0.999932241542289,0.999082787195048,1.42301918503858,3.11580656507941
-0.925491057951125,1.96144593323988,0,1,1,1,20,1,20py04,O-M,1,0.3627,0.1906,0.995068343531899,0.994361545087,0.996303958538576,0.996114373215414,0.975086486899268,0.995068343531899,0.994361545087,0.996303958538576,0.996114373215414,0.975086486899268,0.925491057951125,1.96144593323988
1.85689800184666,2.06325625421777,1,1,1,1,20,1,20py04,O-M,1,0.2766,0.0006,0.997860177199919,0.99823272230481,0.999036149368549,0.997142148387128,0.980455856016662,0.997860177199919,0.99823272230481,0.999036149368549,0.997142148387128,0.980455856016662,1.85689800184666,2.06325625421777
0.963335636050646,1.5519081759228,1,1,1,1,20,1,20py04,O-M,1,0.2929,0.0778,0.986563134869984,0.984752558659762,0.98997521273758,0.987848721746223,0.939657901827569,0.986563134869984,0.984752558659762,0.98997521273758,0.987848721746223,0.939657901827569,0.963335636050646,1.5519081759228
1.85377689138398,1.26791096477395,1,0,1,0,20,1,20py04,O-M,1,1.3914,1.5214,0.981893500106112,0.986369310348364,0.992572630990135,0.975484090636868,0.897585126007467,0.981893500106112,0.986369310348364,0.992572630990135,0.975484090636868,0.897585126007467,1.85377689138398,1.26791096477395
0.117006075256477,1.87494543496543,0,1,1,1,20,1,20py04,O-M,1,0.4121,0.0862,0.990423729312305,0.988917259007039,0.99194884455994,0.99499305572913,0.969599884717215,0.990423729312305,0.988917259007039,0.99194884455994,0.99499305572913,0.969599884717215,0.117006075256477,1.87494543496543
0.0566646063113902,1.93388825237368,0,1,1,1,20,1,20py04,O-M,1,0.4029,0.2624,0.991474273756803,0.990207848020977,0.992856698757068,0.995784354873706,0.973436565592026,0.991474273756803,0.990207848020977,0.992856698757068,0.995784354873706,0.973436565592026,0.0566646063113902,1.93388825237368
1.10799332616153,1.39268601980701,1,1,1,1,20,1,20py04,O-M,1,0.2128,0.1853,0.981899762363388,0.980197818520974,0.987248223266983,0.981829436560092,0.918142621004422,0.981899762363388,0.980197818520974,0.987248223266983,0.981829436560092,0.918142621004422,1.10799332616153,1.39268601980701
0.123525728222957,0.580499925389404,0,1,1,1,20,1,20py04,O-M,1,0.2625,0.2965,0.878671646065206,0.855857838874129,0.889580257015477,0.899886278445792,0.719211231473241,0.878671646065206,0.855857838874129,0.889580257015477,0.899886278445792,0.719211231473241,0.123525728222957,0.580499925389404
0.449647092567551,1.18600341331054,1,1,1,1,20,1,20py04,O-M,1,0.2518,0.1645,0.962345936371475,0.955266228713189,0.967941762509366,0.970379957223817,0.882189524217298,0.962345936371475,0.955266228713189,0.967941762509366,0.970379957223817,0.882189524217298,0.449647092567551,1.18600341331054
-1.52932189546368,1.22351247893397,0,1,1,1,20,1,20py04,O-M,1,0.7333,0.2955,0.977704444290989,0.97948424963704,0.98784092465892,0.972817468124546,0.889431903093795,0.977704444290989,0.97948424963704,0.98784092465892,0.972817468124546,0.889431903093795,1.52932189546368,1.22351247893397
-0.663803285158239,2.46131164450726,0,1,1,1,20,1,20py04,O-M,1,0.2275,0.1528,0.998565248095146,0.998383210186782,0.99891098393284,0.99921578657647,0.993078496842257,0.998565248095146,0.998383210186782,0.99891098393284,0.99921578657647,0.993078496842257,0.663803285158239,2.46131164450726
1.42241630610528,1.92776432329231,1,1,1,1,20,1,20py04,O-M,1,0.2813,0.1831,0.995996327746375,0.995900996257285,0.997535865425464,0.995707697660699,0.97305777639988,0.995996327746375,0.995900996257285,0.997535865425464,0.995707697660699,0.97305777639988,1.42241630610528,1.92776432329231
0.236741120339466,0.960949019569939,1,1,1,1,20,1,20py04,O-M,1,0.2221,0.1011,0.937535989782787,0.925404093320127,0.944626459913268,0.951678707944839,0.831711099147299,0.937535989782787,0.925404093320127,0.944626459913268,0.951678707944839,0.831711099147299,0.236741120339466,0.960949019569939
-0.463936618863115,3.14259875481043,0,1,1,1,20,1,20py04,O-M,1,0.4192,0.0423,0.999819129290733,0.999812357876196,0.999872014519565,0.99993923092739,0.999162723925688,0.999819129290733,0.999812357876196,0.999872014519565,0.99993923092739,0.999162723925688,0.463936618863115,3.14259875481043
-0.779862355696298,0.38989263273155,0,1,1,1,20,1,20py04,O-M,1,0.443,0.18,0.865499873620051,0.851863843749248,0.894825402082768,0.862208732672749,0.65169202905342,0.865499873620051,0.851863843749248,0.894825402082768,0.862208732672749,0.65169202905342,0.779862355696298,0.38989263273155
0.857056044962308,3.04997432745461,1,1,1,1,20,1,20py04,O-M,1,0.2413,0.3457,0.999814130120498,0.999801187623613,0.999870244877221,0.999911715987545,0.998855695358858,0.999814130120498,0.999801187623613,0.999870244877221,0.999911715987545,0.998855695358858,0.857056044962308,3.04997432745461
1.03925953797236,-0.224796748811649,0,1,0,0,20,1,20py04,O-M,1,0.4208,1.378,0.60157733661547,0.545391531849454,0.601047625040569,0.682822866114606,0.411068697713395,0.39842266338453,0.454608468150546,0.398952374959431,0.317177133885394,0.588931302286605,1.03925953797236,0.224796748811649
0.756579407400873,0.529977510468045,1,1,1,1,20,1,20py04,O-M,1,0.3987,0.5509,0.891002581554383,0.878185084206177,0.913859712523078,0.890722847515731,0.701936238163863,0.891002581554383,0.878185084206177,0.913859712523078,0.890722847515731,0.701936238163863,0.756579407400873,0.529977510468045
-0.703314231682052,0.9318603564334,0,0,1,0,20,1,20py04,O-M,1,0.4433,0.6779,0.944508186433514,0.935950961346379,0.955206343857756,0.948688086982205,0.824295651183671,0.944508186433514,0.935950961346379,0.955206343857756,0.948688086982205,0.824295651183671,0.703314231682052,0.9318603564334
2.00372890961304,0.451131923545319,1,1,1,1,20,1,20py04,O-M,1,0.2307,0.5622,0.905317433682965,0.940576577536193,0.968529259664878,0.875244070318225,0.674052764666909,0.905317433682965,0.940576577536193,0.968529259664878,0.875244070318225,0.674052764666909,2.00372890961304,0.451131923545319
1.10473349967829,2.095406881895,1,1,1,1,20,1,20py04,O-M,1,0.2178,0.1275,0.996937923630363,0.996584347413461,0.997828285172964,0.997411515108583,0.981932580855781,0.996937923630363,0.996584347413461,0.997828285172964,0.997411515108583,0.981932580855781,1.10473349967829,2.095406881895
-0.740004619121076,1.22427797006914,0,1,1,1,20,1,20py04,O-M,1,0.2274,0.0708,0.969193583794988,0.9642204781877,0.975397127124334,0.972865416051877,0.88957630773298,0.969193583794988,0.9642204781877,0.975397127124334,0.972865416051877,0.88957630773298,0.740004619121076,1.22427797006914
-0.87576136457914,1.17987948422916,0,1,1,1,20,1,20py04,O-M,1,0.2272,0.0513,0.968142609596989,0.963781146209434,0.975575478002943,0.969965267851306,0.880975924698556,0.968142609596989,0.963781146209434,0.975575478002943,0.969965267851306,0.880975924698556,0.87576136457914,1.17987948422916
0.66921143378268,-1.77185433299447,0,0,0,1,20,1,20py04,O-M,1,0.238,0.2787,0.133464011839758,0.0974762521685326,0.145528075628703,0.141983477064734,0.0382093703419201,0.866535988160242,0.902523747831467,0.854471924371297,0.858016522935266,0.96179062965808,0.66921143378268,1.77185433299447
1.22053825751198,2.57536982364791,1,1,1,1,20,1,20py04,O-M,1,0.1842,0.0006,0.999326821922611,0.999268056031488,0.999545236224783,0.999473135289805,0.994993352105685,0.999326821922611,0.999268056031488,0.999545236224783,0.999473135289805,0.994993352105685,1.22053825751198,2.57536982364791
0.335899955705549,0.268179542239186,1,1,1,1,20,1,20py04,O-M,1,0.2706,1.1666,0.82099188187296,0.792795467731448,0.842291911507625,0.833623470217062,0.605719439332032,0.82099188187296,0.792795467731448,0.842291911507625,0.833623470217062,0.605719439332032,0.335899955705549,0.268179542239186
-0.700863581985432,-1.10051860744853,1,0,0,1,20,1,20py04,O-M,1,1.0806,0.3035,0.311065892566544,0.250798817860683,0.317517944499411,0.344536022215931,0.135553113409311,0.688934107433456,0.749201182139317,0.682482055500589,0.655463977784069,0.864446886590689,0.700863581985432,1.10051860744853
-0.537964735170459,2.61747183608237,0,1,1,1,20,1,20py04,O-M,1,0.5368,0.2458,0.999027979747354,0.998924050635242,0.999266230319127,0.999546475887396,0.995570810094056,0.999027979747354,0.998924050635242,0.999266230319127,0.999546475887396,0.995570810094056,0.537964735170459,2.61747183608237
-0.987127209754804,0.66623493252868,0,1,1,1,20,1,20py04,O-M,1,0.2952,2.5357,0.918832332775917,0.912795899360393,0.941084256475665,0.914130733089175,0.747369525998393,0.918832332775917,0.912795899360393,0.941084256475665,0.914130733089175,0.747369525998393,0.987127209754804,0.66623493252868
0.415176161457542,-2.22808704955704,0,0,0,1,20,1,20py04,O-M,1,0.4103,0.1965,0.0653937816680721,0.0481184873415738,0.085802684734124,0.0632956149826914,0.012937355355829,0.934606218331928,0.951881512658426,0.914197315265876,0.936704385017309,0.987062644644171,0.415176161457542,2.22808704955704
0.260161008477923,-2.35515857799561,0,0,0,1,20,1,20py04,O-M,1,0.8238,0.2629,0.0530366759038181,0.0408809951758074,0.0780427448731891,0.0489871371115725,0.0092574012948036,0.946963324096182,0.959119004824193,0.921957255126811,0.951012862888427,0.990742598705196,0.260161008477923,2.35515857799561
1.9016107991416,2.88692471566295,1,1,1,1,20,1,20py04,O-M,1,0.2818,0.3514,0.99986469288632,0.999882034945715,0.999935481534331,0.999832958421791,0.998054863486744,0.99986469288632,0.999882034945715,0.999935481534331,0.999832958421791,0.998054863486744,1.9016107991416,2.88692471566295
-1.57077486627538,0.402140490894304,0,0,1,0,20,1,20py04,O-M,1,0.2383,0.4213,0.890004791856279,0.908219677555188,0.944674904228687,0.864887468227074,0.656209682526268,0.890004791856279,0.908219677555188,0.944674904228687,0.864887468227074,0.656209682526268,1.57077486627538,0.402140490894304
0.607621520652523,2.73918492657474,1,1,1,1,20,1,20py04,O-M,1,1.1979,0.3455,0.999367285683329,0.999306230888444,0.999531583165513,0.999708700735028,0.996920414072445,0.999367285683329,0.999306230888444,0.999531583165513,0.999708700735028,0.996920414072445,0.607621520652523,2.73918492657474
0.613123922801539,2.24850510892942,1,1,1,1,20,1,20py04,O-M,1,0.2141,0.213,0.997258315617807,0.996862165704607,0.997864683496795,0.998405510826781,0.98772800015637,0.997258315617807,0.996862165704607,0.997864683496795,0.998405510826781,0.98772800015637,0.613123922801539,2.24850510892942
1.28659020263693,0.369224372081904,1,1,1,1,20,1,20py04,O-M,1,0.2639,0.0005,0.877170083802431,0.883261126602203,0.924566985882898,0.857606671726177,0.644019754485187,0.877170083802431,0.883261126602203,0.924566985882898,0.857606671726177,0.644019754485187,1.28659020263693,0.369224372081904
-0.727219625892481,1.74863939766203,0,1,1,1,20,1,20py04,O-M,1,0.5587,0.2294,0.990498298483944,0.988917435149774,0.992486201399616,0.992838188898904,0.959823314184846,0.990498298483944,0.988917435149774,0.992486201399616,0.992838188898904,0.959823314184846,0.727219625892481,1.74863939766203
0.14435625064423,0.7864170407507,0,1,1,1,20,1,20py04,O-M,1,0.4429,0.1972,0.912967857312428,0.896124117019099,0.921445603544755,0.931468947602866,0.784188398331294,0.912967857312428,0.896124117019099,0.921445603544755,0.931468947602866,0.784188398331294,0.14435625064423,0.7864170407507
-1.45212643002014,0.640208233932828,0,1,1,1,20,1,20py04,O-M,1,0.2962,0.1953,0.925288033986573,0.932415136296995,0.958486244325049,0.90997679492365,0.738981384790067,0.925288033986573,0.932415136296995,0.958486244325049,0.90997679492365,0.738981384790067,1.45212643002014,0.640208233932828
0.348453755566538,-0.0158176689096645,0,1,0,0,20,1,20py04,O-M,1,0.5294,0.451,0.708314536343554,0.660001622677226,0.718086854940934,0.753197476276318,0.493689926224297,0.291685463656446,0.339998377322774,0.281913145059066,0.246802523723682,0.506310073775703,0.348453755566538,0.0158176689096645
0.792391260042995,-1.33705536821672,0,1,0,0,20,1,20py04,O-M,1,1.0687,0.9217,0.235063750829291,0.181311641961294,0.24015670056034,0.262175951623957,0.0906022821554525,0.764936249170709,0.818688358038706,0.75984329943966,0.737824048376043,0.909397717844547,0.792391260042995,1.33705536821672
0.143200283806202,-0.357992206331595,1,1,0,0,20,1,20py04,O-M,1,0.7155,0.5145,0.605557698872315,0.551037364445834,0.625562823939135,0.633979461559418,0.360174573006638,0.394442301127685,0.448962635554166,0.374437176060865,0.366020538440582,0.639825426993362,0.143200283806202,0.357992206331595
1.80390848199143,2.38858998666591,1,1,1,1,20,1,20py04,O-M,1,0.4537,0.4961,0.999198455420903,0.999290686392663,0.9996067236885,0.998995822198581,0.991543417080499,0.999198455420903,0.999290686392663,0.9996067236885,0.998995822198581,0.991543417080499,1.80390848199143,2.38858998666591
1.27484557956256,0.575906978578371,1,1,1,1,20,1,20py04,O-M,1,0.3703,1.9064,0.91248947664005,0.914945104560235,0.945466668121351,0.899077179895659,0.717660970803873,0.91248947664005,0.914945104560235,0.945466668121351,0.899077179895659,0.717660970803873,1.27484557956256,0.575906978578371
1.43064678999204,0.93568781210926,1,1,1,1,20,1,20py04,O-M,1,0.4257,0.2733,0.957327213903476,0.959912702954442,0.975513976059752,0.949089804505765,0.825283026192493,0.957327213903476,0.959912702954442,0.975513976059752,0.949089804505765,0.825283026192493,1.43064678999204,0.93568781210926
-1.46560500335155,3.11657205621458,0,1,1,1,20,1,20py04,O-M,1,0.4072,0.039,0.999914386763799,0.999912208612909,0.999947595779847,0.999932451339789,0.999085165198867,0.999914386763799,0.999912208612909,0.999947595779847,0.999932451339789,0.999085165198867,1.46560500335155,3.11657205621458
-0.540322907520037,2.61058241586582,0,1,1,1,20,1,20py04,O-M,1,0.2351,0.212,0.999008669111775,0.998901813508586,0.999251180087641,0.999535161254236,0.995480590529362,0.999008669111775,0.998901813508586,0.999251180087641,0.999535161254236,0.995480590529362,0.540322907520037,2.61058241586582
0.971912909988818,1.53123991527316,1,1,1,1,20,1,20py04,O-M,1,0.3631,0.1821,0.985956282825404,0.984096037097185,0.989552770345506,0.987180743879104,0.937144945403914,0.985956282825404,0.984096037097185,0.989552770345506,0.987180743879104,0.937144945403914,0.971912909988818,1.53123991527316
-0.173303436445995,2.07780058578604,0,1,1,1,20,1,20py04,O-M,1,2.6067,0.267,0.994416976658686,0.99362072925098,0.995419247210176,0.997266989762266,0.981136135068011,0.994416976658686,0.99362072925098,0.995419247210176,0.997266989762266,0.981136135068011,0.173303436445995,2.07780058578604
0.950874313536699,-0.48736020817568,0,0,0,1,20,1,20py04,O-M,1,0.5164,0.9034,0.512777175278517,0.449617111517351,0.511529618722123,0.584353564694304,0.313001543652847,0.487222824721483,0.550382888482649,0.488470381277877,0.415646435305696,0.686998456347153,0.950874313536699,0.48736020817568
0.0491508218642051,2.76597711630576,0,1,1,1,20,1,20py04,O-M,1,1.3111,0.1334,0.999177093124572,0.999132390700957,0.999379933909993,0.999736242438313,0.997162374142271,0.999177093124572,0.999132390700957,0.999379933909993,0.999736242438313,0.997162374142271,0.0491508218642051,2.76597711630576
-1.40831528685886,0.725943241072104,0,1,1,1,20,1,20py04,O-M,1,0.2647,0.1435,0.935448698612013,0.939917274100528,0.962841644876264,0.923115920683503,0.766063216692629,0.935448698612013,0.939917274100528,0.962841644876264,0.923115920683503,0.766063216692629,1.40831528685886,0.725943241072104
1.29019681917158,1.65984242598207,1,1,1,1,20,1,20py04,O-M,1,0.2753,0.2774,0.991276779549373,0.990801902341843,0.9943069613564,0.990868598441222,0.951526921862001,0.991276779549373,0.990801902341843,0.9943069613564,0.990868598441222,0.951526921862001,1.29019681917158,1.65984242598207
0.0802232104704105,-2.03594877462885,1,0,0,1,20,1,20py04,O-M,1,0.3338,0.308,0.0979185174072878,0.080298582022892,0.137619963832293,0.0908490419621012,0.0208777496782186,0.902081482592712,0.919701417977108,0.862380036167707,0.909150958037899,0.979122250321781,0.0802232104704105,2.03594877462885
-0.560598565859056,2.47202852039967,0,1,1,1,20,1,20py04,O-M,1,0.5036,0.1171,0.998512529830578,0.998329297622043,0.998860702179499,0.999244161358289,0.993282560116674,0.998512529830578,0.998329297622043,0.998860702179499,0.999244161358289,0.993282560116674,0.560598565859056,2.47202852039967
1.67631286240985,3.01476173523669,1,1,1,1,20,1,20py04,O-M,1,0.2314,0.1966,0.999897531591092,0.999900343238458,0.999942784066264,0.999898464691625,0.99871409398382,0.999897531591092,0.999900343238458,0.999942784066264,0.999898464691625,0.99871409398382,1.67631286240985,3.01476173523669
1.06933779509786,2.49499325445483,1,1,1,1,20,1,20py04,O-M,1,0.4138,0.2492,0.999028514492441,0.998921784528496,0.999313570990643,0.999301807338315,0.993702023766793,0.999028514492441,0.998921784528496,0.999313570990643,0.999301807338315,0.993702023766793,1.06933779509786,2.49499325445483
-0.17836657119656,-1.37073697816429,1,0,0,1,20,1,20py04,O-M,1,2.2633,0.3069,0.249524836260998,0.206118153235816,0.284729433611353,0.251322747913709,0.0852284815545668,0.750475163739002,0.793881846764184,0.715270566388647,0.748677252086291,0.914771518445433,0.17836657119656,1.37073697816429
-0.344756437862379,-1.66698204747589,1,0,0,1,20,1,20py04,O-M,1,0.3648,0.1806,0.165052977489504,0.128986697111074,0.191505411244003,0.166877485773218,0.0477589873367743,0.834947022510496,0.871013302888926,0.808494588755997,0.833122514226782,0.952241012663226,0.344756437862379,1.66698204747589
-0.0105664249883461,-2.47687166848798,1,0,0,1,20,1,20py04,O-M,1,0.2893,0.2936,0.043735873018495,0.0375163979491806,0.077652385527881,0.0378279263181071,0.0066269774142476,0.956264126981505,0.962483602050819,0.922347614472119,0.962172073681893,0.993373022585752,0.0105664249883461,2.47687166848798
0.130970154659861,-1.6310039641228,1,0,0,1,20,1,20py04,O-M,1,0.585,0.3304,0.180082315288707,0.147424164227561,0.219680402056527,0.176030245009953,0.0514447415308618,0.819917684711293,0.852575835772438,0.780319597943473,0.823969754990047,0.948555258469138,0.130970154659861,1.6310039641228
1.22365936797466,1.17299006401261,1,1,1,1,20,1,20py04,O-M,1,0.892,0.5341,0.972009074707098,0.97082416412872,0.981507959417645,0.969492999704666,0.879600104900421,0.972009074707098,0.97082416412872,0.981507959417645,0.969492999704666,0.879600104900421,1.22365936797466,1.17299006401261
-1.23404172635769,1.27326940272016,0,1,1,1,20,1,20py04,O-M,1,0.4179,0.2258,0.977610772312849,0.976566513779022,0.985218377219095,0.975790549591351,0.898538769856585,0.977610772312849,0.976566513779022,0.985218377219095,0.975790549591351,0.898538769856585,1.23404172635769,1.27326940272016
0.0977245483981617,2.97265972280223,0,1,1,1,20,1,20py04,O-M,1,0.9845,0.1985,0.999591052726119,0.999578239464687,0.999701125277612,0.999880170116854,0.998523842218956,0.999591052726119,0.999578239464687,0.999701125277612,0.999880170116854,0.998523842218956,0.0977245483981617,2.97265972280223
0.883435208206118,-2.22502508501635,0,0,0,1,20,1,20py04,O-M,1,0.4221,0.4672,0.0596345195931714,0.0392498580664787,0.0662130401757284,0.0636768072126686,0.0130397771012964,0.940365480406829,0.960750141933521,0.933786959824272,0.936323192787331,0.986960222898704,0.883435208206118,2.22502508501635
0.267443599557503,2.42763003455969,1,1,1,1,20,1,20py04,O-M,1,0.9818,0.1654,0.997973484872051,0.997745741366136,0.998410756664429,0.999120100739924,0.992401081187761,0.997973484872051,0.997745741366136,0.998410756664429,0.999120100739924,0.992401081187761,0.267443599557503,2.42763003455969
1.34374120310906,2.83563680960642,1,1,1,1,20,1,20py04,O-M,1,0.4953,0.3101,0.999741893136219,0.999726904298626,0.99983379955962,0.999796913964367,0.997713278884094,0.999741893136219,0.999726904298626,0.99983379955962,0.999796913964367,0.997713278884094,1.34374120310906,2.83563680960642
-1.60626304820286,1.75552881787858,0,1,1,1,20,1,20py04,O-M,1,0.3596,0.281,0.994201612535313,0.99460006984943,0.996875870039521,0.992974027149053,0.960415552084531,0.994201612535313,0.99460006984943,0.996875870039521,0.992974027149053,0.960415552084531,1.60626304820286,1.75552881787858
-0.693858422946979,2.0157958038371,0,1,1,1,20,1,20py04,O-M,1,0.2559,0.198,0.995086835419237,0.994307050487528,0.996147215020312,0.996698196581075,0.97808933373265,0.995086835419237,0.994307050487528,0.996147215020312,0.996698196581075,0.97808933373265,0.693858422946979,2.0157958038371
-0.888893147859144,0.924205445081678,0,1,1,1,20,1,20py04,O-M,1,0.5915,0.2456,0.947432197632292,0.941184154101703,0.960038137591805,0.947877089464783,0.822310319402835,0.947432197632292,0.941184154101703,0.960038137591805,0.947877089464783,0.822310319402835,0.888893147859144,0.924205445081678
0.0212457823941976,3.09054535761873,0,1,1,1,20,1,20py04,O-M,1,0.7415,0.1501,0.999713557329868,0.99971090088411,0.999794205734543,0.99992496369762,0.999001053562725,0.999713557329868,0.99971090088411,0.999794205734543,0.99992496369762,0.999001053562725,0.0212457823941976,3.09054535761873
-1.28723932024376,1.0252502749244,0,1,1,1,20,1,20py04,O-M,1,0.9279,0.2113,0.962720664889999,0.962475306621739,0.976416754080762,0.957795178119916,0.84737744413147,0.962720664889999,0.962475306621739,0.976416754080762,0.957795178119916,0.84737744413147,1.28723932024376,1.0252502749244
0.822307681811172,-0.478939805688787,0,0,0,1,20,1,20py04,O-M,1,0.7827,0.2957,0.522985566570104,0.459762152934549,0.523990500692263,0.587634461002205,0.315990725935504,0.477014433429896,0.540237847065451,0.476009499307737,0.412365538997795,0.684009274064496,0.822307681811172,0.478939805688787
0.298885897551877,-0.576157179855644,0,0,0,1,20,1,20py04,O-M,1,0.2464,2.3014,0.517719659916324,0.45754473294442,0.534789805469277,0.549440040913196,0.282254472633559,0.482280340083676,0.54245526705558,0.465210194530723,0.450559959086804,0.717745527366441,0.298885897551877,0.576157179855644
-0.602814474783856,2.89075217133881,0,1,1,1,20,1,20py04,O-M,1,0.3373,0.1361,0.99961240373214,0.999581978361983,0.999718211210125,0.999835392806179,0.998078394699001,0.99961240373214,0.999581978361983,0.999718211210125,0.999835392806179,0.998078394699001,0.602814474783856,2.89075217133881
-0.401953677008028,-1.04769971912166,1,0,0,1,20,1,20py04,O-M,1,0.345,0.2068,0.34300079802615,0.285005491692882,0.361539509942534,0.364184552014334,0.147388488511767,0.65699920197385,0.714994508307118,0.638460490057466,0.635815447985666,0.852611511488233,0.401953677008028,1.04769971912166
0.116890478572674,2.24467765325356,0,1,1,1,20,1,20py04,O-M,1,1.2067,0.3198,0.996317599832932,0.995868494415915,0.997029872227481,0.998385652347939,0.987605583178643,0.996317599832932,0.995868494415915,0.997029872227481,0.998385652347939,0.987605583178643,0.116890478572674,2.24467765325356
-1.01887005912707,0.438118574247393,0,1,1,1,20,1,20py04,O-M,1,0.356,0.3265,0.882627906706938,0.877253052188321,0.916595869404459,0.872548813574876,0.669349834758335,0.882627906706938,0.877253052188321,0.916595869404459,0.872548813574876,0.669349834758335,1.01887005912707,0.438118574247393
-0.534034447921162,2.59986553997341,0,1,1,1,20,1,20py04,O-M,1,0.2899,0.2133,0.998971197148783,0.998859394368392,0.999221549780805,0.999517039809167,0.9953369852906,0.998971197148783,0.998859394368392,0.999221549780805,0.999517039809167,0.9953369852906,0.534034447921162,2.59986553997341
1.14112333573943,-0.178867280701323,0,1,0,0,20,1,20py04,O-M,1,0.4021,0.8074,0.612189894794208,0.558178908388625,0.611356134155755,0.699003504524943,0.429020957320837,0.387810105205792,0.441821091611375,0.388643865844245,0.300996495475057,0.570979042679163,1.14112333573943,0.178867280701323
0.534495058478842,0.032408272606178,0,0,0,1,20,1,20py04,O-M,1,0.9461,1.6534,0.693140386406387,0.643083150239887,0.69961531745062,0.747931813535214,0.487073232684508,0.306859613593613,0.356916849760113,0.30038468254938,0.252068186464786,0.512926767315492,0.534495058478842,0.032408272606178
-0.162876615566978,2.36868721715144,0,1,1,1,20,1,20py04,O-M,1,1.4577,0.2461,0.997456039834588,0.997171957162553,0.997982356656125,0.998926444588972,0.991074328455567,0.997456039834588,0.997171957162553,0.997982356656125,0.998926444588972,0.991074328455567,0.162876615566978,2.36868721715144
-1.48886305613268,1.4944963407849,0,1,1,1,20,1,20py04,O-M,1,0.202,0.1118,0.988037307569247,0.988474348808224,0.993137009836809,0.98591462332425,0.932477031187905,0.988037307569247,0.988474348808224,0.993137009836809,0.98591462332425,0.932477031187905,1.48886305613268,1.4944963407849
0.225366406653266,2.58685219067549,1,1,1,1,20,1,20py04,O-M,1,0.4808,0.1821,0.998704072225766,0.998586364212864,0.999002608337846,0.999494156099106,0.995157143460568,0.998704072225766,0.998586364212864,0.999002608337846,0.999494156099106,0.995157143460568,0.225366406653266,2.58685219067549
0.972167222693184,1.17987948422916,1,1,1,1,20,1,20py04,O-M,1,0.2791,0.2882,0.969413761979378,0.965861868616088,0.97734413311817,0.969965267851306,0.880975924698556,0.969413761979378,0.965861868616088,0.97734413311817,0.969965267851306,0.880975924698556,0.972167222693184,1.17987948422916
-1.10230774549596,1.11940568455056,0,1,1,1,20,1,20py04,O-M,1,0.2991,0.1791,0.967104830060531,0.964560085409082,0.97697241779767,0.965605997465244,0.86851644652498,0.967104830060531,0.964560085409082,0.97697241779767,0.965605997465244,0.86851644652498,1.10230774549596,1.11940568455056
-1.4747833800455,0.471800184194965,0,1,1,1,20,1,20py04,O-M,1,0.2825,0.5976,0.9002222586589,0.912023799495524,0.945854328986578,0.879442438838779,0.681465290284525,0.9002222586589,0.912023799495524,0.945854328986578,0.879442438838779,0.681465290284525,1.4747833800455,0.471800184194965
0.881423825907948,0.494764918250128,1,1,1,1,20,1,20py04,O-M,1,0.3566,0.1179,0.888713614480247,0.879004412199443,0.916010932150026,0.883989463917921,0.689616964653516,0.888713614480247,0.879004412199443,0.916010932150026,0.883989463917921,0.689616964653516,0.881423825907948,0.494764918250128
1.38824592637315,1.8757109261006,1,1,1,1,20,1,20py04,O-M,1,0.447,0.2132,0.995293781363655,0.99513727883983,0.997055503768543,0.995004127307532,0.969652507611125,0.995293781363655,0.99513727883983,0.997055503768543,0.995004127307532,0.969652507611125,1.38824592637315,1.8757109261006
-0.550426057684406,1.03749813308715,0,1,1,1,20,1,20py04,O-M,1,0.3572,0.3596,0.951760999726967,0.943190044916949,0.959577699092326,0.958885962780749,0.85024811733693,0.951760999726967,0.943190044916949,0.959577699092326,0.958885962780749,0.85024811733693,0.550426057684406,1.03749813308715
0.155915919024515,-2.48529207097487,1,0,0,1,20,1,20py04,O-M,1,0.5854,0.2004,0.0417721409515241,0.0336266811936623,0.0687289557823811,0.037139730235343,0.0064722591236009,0.958227859048476,0.966373318806338,0.931271044217619,0.962860269764657,0.993527740876399,0.155915919024515,2.48529207097487
0.607066656570269,0.645566671879033,1,1,1,1,20,1,20py04,O-M,1,0.4196,0.2782,0.905408285439436,0.891070264382624,0.921695681770599,0.910843999025682,0.740719986423202,0.905408285439436,0.891070264382624,0.921695681770599,0.910843999025682,0.740719986423202,0.607066656570269,0.645566671879033
2.03697451587474,1.57027996316693,1,1,1,1,20,1,20py04,O-M,1,0.4425,0.4238,0.991971155093774,0.994615676501781,0.99721789743706,0.988416939219594,0.941825003228294,0.991971155093774,0.994615676501781,0.99721789743706,0.988416939219594,0.941825003228294,2.03697451587474,1.57027996316693
0.435405581123041,0.809381774805863,1,1,1,1,20,1,20py04,O-M,1,0.8425,0.5222,0.924000250221471,0.910337459727235,0.934559754460211,0.934450941389032,0.790852208957763,0.924000250221471,0.910337459727235,0.934559754460211,0.934450941389032,0.790852208957763,0.435405581123041,0.809381774805863
1.81771072603749,2.39088646007143,1,1,1,1,20,1,20py04,O-M,1,0.2685,0.1835,0.999211223117106,0.999307601975668,0.999617310525758,0.999003556800713,0.991596125122161,0.999211223117106,0.999307601975668,0.999617310525758,0.999003556800713,0.991596125122161,1.81771072603749,2.39088646007143
-0.145999499731763,0.332480797593643,0,1,1,1,20,1,20py04,O-M,1,0.4901,0.5051,0.82795361572204,0.797821131589493,0.843317153549448,0.849171073550208,0.63023688144895,0.82795361572204,0.797821131589493,0.843317153549448,0.849171073550208,0.63023688144895,0.145999499731763,0.332480797593643
-0.985647572202127,2.41385119412659,0,1,1,1,20,1,20py04,O-M,1,0.2699,0.2415,0.998678167618014,0.998517500742196,0.999043472430073,0.999077950161088,0.992107546228608,0.998678167618014,0.998517500742196,0.999043472430073,0.999077950161088,0.992107546228608,0.985647572202127,2.41385119412659
1.51699751279277,0.595809748092846,1,1,1,1,20,1,20py04,O-M,1,0.3225,0.343,0.920300934749785,0.930491974362957,0.957894597825214,0.902549058511886,0.724348834595641,0.920300934749785,0.930491974362957,0.957894597825214,0.902549058511886,0.724348834595641,1.51699751279277,0.595809748092846
-1.07856418664286,0.504716303007366,0,1,1,1,20,1,20py04,O-M,1,0.2167,0.1833,0.896175097571131,0.892682942893132,0.928147808834935,0.885921552439711,0.693120945634129,0.896175097571131,0.892682942893132,0.928147808834935,0.885921552439711,0.693120945634129,1.07856418664286,0.504716303007366
-0.292622333467295,2.72234412160095,0,1,1,1,20,1,20py04,O-M,1,0.3976,0.1495,0.999180141734703,0.999115191640304,0.999381602320075,0.999690042447471,0.996758969736541,0.999180141734703,0.999115191640304,0.999381602320075,0.999690042447471,0.996758969736541,0.292622333467295,2.72234412160095
1.21348685980001,0.288082311753661,1,1,1,1,20,1,20py04,O-M,1,0.5958,0.3113,0.858566722657082,0.862733764989307,0.909492335655842,0.838542712145543,0.61335813394196,0.858566722657082,0.862733764989307,0.909492335655842,0.838542712145543,0.61335813394196,1.21348685980001,0.288082311753661
0.612245388004637,0.613416044201804,1,1,1,1,20,1,20py04,O-M,1,0.3434,0.216,0.900477827466785,0.885680240593067,0.917746562737172,0.905546600686682,0.730199359981994,0.900477827466785,0.885680240593067,0.917746562737172,0.905546600686682,0.730199359981994,0.612245388004637,0.613416044201804
0.253202088112992,0.551411262252864,1,1,1,1,20,1,20py04,O-M,1,0.2381,0.2616,0.877877513162764,0.855767974898146,0.890929979653139,0.894681391100126,0.709324108984435,0.877877513162764,0.855767974898146,0.890929979653139,0.894681391100126,0.709324108984435,0.253202088112992,0.551411262252864
0.252577866020457,2.38935547780108,1,1,1,1,20,1,20py04,O-M,1,0.216,0.1996,0.997718003095386,0.997454104585442,0.998200844713987,0.998998406500111,0.991561018575799,0.997718003095386,0.997454104585442,0.998200844713987,0.998998406500111,0.991561018575799,0.252577866020457,2.38935547780108
-1.42877589989196,2.00814089248538,0,1,1,1,20,1,20py04,O-M,1,0.2051,0.0988,0.996811427866496,0.996728278685379,0.998036712888323,0.996621050709679,0.977685839046075,0.996811427866496,0.996728278685379,0.998036712888323,0.996621050709679,0.977685839046075,1.42877589989196,2.00814089248538
1.06184712998743,1.18906537785123,1,1,1,1,20,1,20py04,O-M,1,0.2868,0.1578,0.971106050846915,0.968393970544617,0.979357477938848,0.97058551331132,0.882793029414592,0.971106050846915,0.968393970544617,0.979357477938848,0.97058551331132,0.882793029414592,1.06184712998743,1.18906537785123
2.06053312003376,0.320998430566061,1,1,1,1,20,1,20py04,O-M,1,0.2123,0.2135,0.882608528992215,0.929743794773518,0.963302465991187,0.846468073166503,0.625894209875002,0.882608528992215,0.929743794773518,0.963302465991187,0.846468073166503,0.625894209875002,2.06053312003376,0.320998430566061
0.252855298061583,0.669296897069368,1,1,1,1,20,1,20py04,O-M,1,0.2306,0.5002,0.89829866667075,0.879358516695163,0.909334668997666,0.914609842726452,0.748346947113129,0.89829866667075,0.879358516695163,0.909334668997666,0.914609842726452,0.748346947113129,0.252855298061583,0.669296897069368
1.60367190630814,2.80961011101057,1,1,1,1,20,1,20py04,O-M,1,0.2108,0.2955,0.99977340492375,0.999774810066782,0.99986919095511,0.999775958472899,0.997519922573073,0.99977340492375,0.999774810066782,0.99986919095511,0.999775958472899,0.997519922573073,1.60367190630814,2.80961011101057
0.968260054780647,1.92776432329231,1,1,1,1,20,1,20py04,O-M,1,0.4242,0.1183,0.994747834514536,0.994022321073441,0.99610490463751,0.995707697660699,0.97305777639988,0.994747834514536,0.994022321073441,0.99610490463751,0.995707697660699,0.97305777639988,0.968260054780647,1.92776432329231
1.44310811250599,1.61391295787174,1,1,1,1,20,1,20py04,O-M,1,1.0581,0.9505,0.990926287897277,0.990986132586092,0.994587724902399,0.989674826586069,0.946726846196073,0.990926287897277,0.990986132586092,0.994587724902399,0.989674826586069,0.946726846196073,1.44310811250599,1.61391295787174
-1.31031241833081,2.34878444763696,0,1,1,1,20,1,20py04,O-M,1,0.52,0.7108,0.99872711328036,0.998634625846074,0.999163682105533,0.99885269720046,0.990582596581791,0.99872711328036,0.998634625846074,0.999163682105533,0.99885269720046,0.990582596581791,1.31031241833081,2.34878444763696
-0.805386103479967,2.73229550635819,0,1,1,1,20,1,20py04,O-M,1,0.2306,0.1349,0.999439104829348,0.999381486869441,0.999592381123027,0.999701197893651,0.996855264923765,0.999439104829348,0.999381486869441,0.999592381123027,0.999701197893651,0.996855264923765,0.805386103479967,2.73229550635819
-0.416518859167187,3.06834611469874,0,1,1,1,20,1,20py04,O-M,1,0.4204,0.3247,0.999757978594283,0.999747366221298,0.999826658921568,0.999917966455802,0.998923764219309,0.999757978594283,0.999747366221298,0.999826658921568,0.999917966455802,0.998923764219309,0.416518859167187,3.06834611469874
1.80067177484495,0.40060950862396,1,1,1,1,20,1,20py04,O-M,1,0.1958,0.0005,0.893857990296997,0.922932225877583,0.956410286510624,0.864554592938065,0.655646178062586,0.893857990296997,0.922932225877583,0.956410286510624,0.864554592938065,0.655646178062586,1.80067177484495,0.40060950862396
0.311416578076106,0.874448521295492,1,1,1,1,20,1,20py04,O-M,1,0.2224,0.2968,0.929125709850415,0.915661953981074,0.937687439424673,0.942354745399408,0.809062978412573,0.929125709850415,0.915661953981074,0.937687439424673,0.942354745399408,0.809062978412573,0.311416578076106,0.874448521295492
-0.92405765907197,0.763452306695537,0,1,1,1,20,1,20py04,O-M,1,0.2139,0.1675,0.930212457268236,0.923321512243827,0.947851995832924,0.92838338169241,0.777403152314311,0.930212457268236,0.923321512243827,0.947851995832924,0.92838338169241,0.777403152314311,0.92405765907197,0.763452306695537
1.71734968515986,3.14489522821595,1,1,1,1,20,1,20py04,O-M,1,0.3054,0.1962,0.999939095182531,0.999941520721024,0.999966628403297,0.999939797271348,0.999169268397982,0.999939095182531,0.999941520721024,0.999966628403297,0.999939797271348,0.999169268397982,1.71734968515986,3.14489522821595
1.77493995303044,1.72644015474204,1,1,1,1,20,1,20py04,O-M,1,0.3473,0.3089,0.994193655271404,0.99512309230842,0.99729016681679,0.992384599804086,0.957865871493351,0.994193655271404,0.99512309230842,0.99729016681679,0.992384599804086,0.957865871493351,1.77493995303044,1.72644015474204
-1.33088862804771,1.99436205205228,0,1,1,1,20,1,20py04,O-M,1,0.2387,0.1501,0.996483850265854,0.996278056323512,0.997723537844587,0.996478095728096,0.976943748769029,0.996483850265854,0.996278056323512,0.997723537844587,0.996478095728096,0.976943748769029,1.33088862804771,1.99436205205228
