s1,s2,r1,r2,acc1,acc2,id,seq,id_sess,task,dataset,rt1,rt2,p_r2_discrete,p_r2_bayesian,p_r2_optimal,p_r2_fixed,p_r2_naive,p_c2_discrete,p_c2_bayesian,p_c2_optimal,p_c2_fixed,p_c2_naive,abs1,abs2
-1.02909591625913,0.208335954403803,0,1,1,1,43,43,43gz03,O-M,1,0.3133,0.1772,0.878811939640772,0.915693038491837,0.88375114168905,0.863783760941953,0.582516670028344,0.878811939640772,0.915693038491837,0.88375114168905,0.863783760941953,0.582516670028344,1.02909591625913,0.208335954403803
1.35276399573472,0.988655878751615,1,1,1,1,43,43,43gz03,O-M,1,0.5233,0.6275,0.965994740866853,0.983646708556866,0.976175108747777,0.969795595120565,0.838584231669932,0.965994740866853,0.983646708556866,0.976175108747777,0.969795595120565,0.838584231669932,1.35276399573472,0.988655878751615
-0.99661853313286,-1.60465225287212,1,1,0,0,43,43,43gz03,O-M,1,2.3654,0.144,0.283233922498453,0.214696510914917,0.161183636731532,0.237146928276913,0.0542851775906988,0.716766077501547,0.785303489085083,0.838816363268468,0.762853071723087,0.945714822409301,0.99661853313286,1.60465225287212
1.0421377569204,1.17362967557504,1,0,1,0,43,43,43gz03,O-M,1,0.5818,0.411,0.965491749871766,0.984532943883823,0.978327016852437,0.980432840589769,0.87972830528013,0.965491749871766,0.984532943883823,0.978327016852437,0.980432840589769,0.87972830528013,1.0421377569204,1.17362967557504
-1.62888195453772,2.10094864375603,0,1,1,1,43,43,43gz03,O-M,1,0.2692,0.5528,0.997300059395299,0.9992109257433,0.998817006323471,0.998605527002115,0.982177262661181,0.997300059395299,0.9992109257433,0.998817006323471,0.998605527002115,0.982177262661181,1.62888195453772,2.10094864375603
-1.60594521112259,0.705682719372738,0,1,1,1,43,43,43gz03,O-M,1,0.8239,0.429,0.962523289746825,0.979167370008347,0.968428815487626,0.944624290016853,0.759807265107959,0.962523289746825,0.979167370008347,0.968428815487626,0.944624290016853,0.759807265107959,1.60594521112259,0.705682719372738
0.0105724248655002,-2.73531989835568,0,1,0,0,43,43,43gz03,O-M,1,1.569,0.3701,0.440230730318812,0.100951548591697,0.0519121329482338,0.0324331952316803,0.0031159839478392,0.559769269681188,0.899048451408303,0.948087867051766,0.96756680476832,0.996884016052161,0.0105724248655002,2.73531989835568
1.10552419883686,0.488859129718794,1,1,1,1,43,43,43gz03,O-M,1,0.4858,1.41,0.91540593837452,0.948475137584911,0.927796496041069,0.915898542528322,0.687529283803926,0.91540593837452,0.948475137584911,0.927796496041069,0.915898542528322,0.687529283803926,1.10552419883686,0.488859129718794
-0.97384515683607,1.1074801058501,0,1,1,1,43,43,43gz03,O-M,1,0.978,0.4411,0.959165564679587,0.981120453446405,0.973767453927075,0.977066879490959,0.865956795550742,0.959165564679587,0.981120453446405,0.973767453927075,0.977066879490959,0.865956795550742,0.97384515683607,1.1074801058501
-1.1434528990981,0.248760691457929,0,1,1,1,43,43,43gz03,O-M,1,0.9978,0.3371,0.895068598381799,0.927891883670383,0.898861029320314,0.872419457855511,0.598227050463099,0.895068598381799,0.927891883670383,0.898861029320314,0.872419457855511,0.598227050463099,1.1434528990981,0.248760691457929
1.32682129734211,1.36472843255817,1,1,1,1,43,43,43gz03,O-M,1,0.6217,0.4969,0.981327452164183,0.992407915457481,0.988978344350461,0.987897842356924,0.913830790107823,0.981327452164183,0.992407915457481,0.988978344350461,0.987897842356924,0.913830790107823,1.32682129734211,1.36472843255817
-1.72262200704201,2.14137338081016,0,1,1,1,43,43,43gz03,O-M,1,0.6563,0.2875,0.997844344061037,0.999387190133073,0.999070815996785,0.998779316559034,0.983878030098593,0.997844344061037,0.999387190133073,0.999070815996785,0.998779316559034,0.983878030098593,1.72262200704201,2.14137338081016
0.72298375452865,2.05317395451025,1,1,1,1,43,43,43gz03,O-M,1,1.3702,0.3462,0.99256399952118,0.997507409762718,0.996596467607128,0.998371163597444,0.979972145255494,0.99256399952118,0.997507409762718,0.996596467607128,0.998371163597444,0.979972145255494,0.72298375452865,2.05317395451025
-2.01197784704829,0.194861042052428,0,1,1,1,43,43,43gz03,O-M,1,0.6858,0.3925,0.963211965168729,0.970927474346778,0.952081764747516,0.86081829249903,0.577249133276657,0.963211965168729,0.970927474346778,0.952081764747516,0.86081829249903,0.577249133276657,2.01197784704829,0.194861042052428
1.01818813737155,1.70405122540644,1,1,1,1,43,43,43gz03,O-M,1,0.9027,0.3614,0.987049023105455,0.995276880825148,0.993381264478683,0.995245534607698,0.955814241185583,0.987049023105455,0.995276880825148,0.993381264478683,0.995245534607698,0.955814241185583,1.01818813737155,1.70405122540644
-0.213305874109546,-0.808407432109044,1,1,0,0,43,43,43gz03,O-M,1,1.4403,0.1045,0.518802435565782,0.537183667880194,0.462414550570552,0.532173508761022,0.209428037465698,0.481197564434218,0.462816332119806,0.537585449429448,0.467826491238978,0.790571962534302,0.213305874109546,0.808407432109044
1.13816494908147,0.111561583880292,1,1,1,1,43,43,43gz03,O-M,1,0.7016,0.3132,0.880410332860198,0.911889580961732,0.876888567113449,0.841514951989522,0.544414483282883,0.880410332860198,0.911889580961732,0.876888567113449,0.841514951989522,0.544414483282883,1.13816494908147,0.111561583880292
-1.77940841737748,0.0294871177400978,0,1,1,1,43,43,43gz03,O-M,1,0.4355,0.5629,0.93967436402056,0.94912710327967,0.920396704679988,0.820855222446611,0.511761953485295,0.93967436402056,0.94912710327967,0.920396704679988,0.820855222446611,0.511761953485295,1.77940841737748,0.0294871177400978
1.41673855927721,0.278160500224565,1,1,1,1,43,43,43gz03,O-M,1,0.5442,0.3353,0.923424891984915,0.947006076523381,0.922390303151903,0.878455901287286,0.609555422510033,0.923424891984915,0.947006076523381,0.922390303151903,0.878455901287286,0.609555422510033,1.41673855927721,0.278160500224565
0.970680979357871,1.17730465167087,1,1,1,1,43,43,43gz03,O-M,1,0.8629,0.5112,0.963485852659003,0.98359292668683,0.97719595241482,0.980606841328956,0.880463034528889,0.963485852659003,0.98359292668683,0.97719595241482,0.980606841328956,0.880463034528889,0.970680979357871,1.17730465167087
1.29846076559804,1.23977924529997,1,1,1,1,43,43,43gz03,O-M,1,0.6527,0.3576,0.975981727141019,0.989674063361343,0.985063098512082,0.983369614908571,0.892471471563513,0.975981727141019,0.989674063361343,0.985063098512082,0.983369614908571,0.892471471563513,1.29846076559804,1.23977924529997
-0.331812381754393,0.0184621894526091,0,1,1,1,43,43,43gz03,O-M,1,0.9468,0.4811,0.765776149542373,0.828866029715374,0.783598284926983,0.817956330843713,0.507364929566682,0.765776149542373,0.828866029715374,0.783598284926983,0.817956330843713,0.507364929566682,0.331812381754393,0.0184621894526091
0.788788029796563,-1.78227609750388,0,1,0,0,43,43,43gz03,O-M,1,1.1021,0.4674,0.303472786010947,0.190972017331521,0.136479921663164,0.185892703653084,0.0373521092907074,0.696527213989053,0.809027982668479,0.863520078336836,0.814107296346916,0.962647890709293,0.788788029796563,1.78227609750388
0.25297655506046,-0.0489123723042663,0,1,0,0,43,43,43gz03,O-M,1,1.9062,0.5446,0.679199579077483,0.763085333434428,0.715244738492893,0.799610197387332,0.480494564495886,0.320800420922517,0.236914666565572,0.284755261507107,0.200389802612668,0.519505435504114,0.25297655506046,0.0489123723042663
1.29672907414362,2.83716885495389,1,1,1,1,43,43,43gz03,O-M,1,0.342,0.4662,0.999490734727098,0.999878341647706,0.999825355547451,0.999902848653109,0.997724223313451,0.999490734727098,0.999878341647706,0.999825355547451,0.999902848653109,0.997724223313451,1.29672907414362,2.83716885495389
-0.437151499660923,1.85717522939934,0,1,1,1,43,43,43gz03,O-M,1,0.3827,1.3789,0.985831565700381,0.994751836388595,0.993009776704202,0.996986577904202,0.968356886033135,0.985831565700381,0.994751836388595,0.993009776704202,0.996986577904202,0.968356886033135,0.437151499660923,1.85717522939934
0.0369072043421329,-1.69897663933174,0,0,0,1,43,43,43gz03,O-M,1,1.3509,1.2577,0.457537545289097,0.29480846966454,0.212583760152472,0.209017633282543,0.0446617926372919,0.542462454710903,0.70519153033546,0.787416239847528,0.790982366717457,0.955338207362708,0.0369072043421329,1.69897663933174
-2.01223923443764,1.63177669552179,0,1,1,1,43,43,43gz03,O-M,1,0.6659,0.3824,0.9955322108268,0.998457315408571,0.997530384414866,0.994147556629997,0.948636731806155,0.9955322108268,0.998457315408571,0.997530384414866,0.994147556629997,0.948636731806155,2.01223923443764,1.63177669552179
0.414546635100098,-1.44662828075145,0,0,0,1,43,43,43gz03,O-M,1,0.7787,0.6107,0.396118912690696,0.313532964772581,0.240599888276045,0.288597641983561,0.0740005305238972,0.603881087309304,0.686467035227419,0.759400111723955,0.711402358016439,0.925999469476103,0.414546635100098,1.44662828075145
1.27856265058406,0.329610165566179,1,1,1,1,43,43,43gz03,O-M,1,0.2621,0.4069,0.915411517006246,0.943694782426729,0.919295009322886,0.888530879013642,0.629152729757719,0.915411517006246,0.943694782426729,0.919295009322886,0.888530879013642,0.629152729757719,1.27856265058406,0.329610165566179
0.475286529699429,2.63504516968326,1,1,1,1,43,43,43gz03,O-M,1,0.8794,0.3628,0.99815916479562,0.999460407961198,0.999274345501472,0.999787608025699,0.99579369563743,0.99815916479562,0.999460407961198,0.999274345501472,0.999787608025699,0.99579369563743,0.475286529699429,2.63504516968326
-0.679751670397893,1.52397739671079,0,1,1,1,43,43,43gz03,O-M,1,0.3561,0.2876,0.97558791695705,0.990163263412438,0.986678587008439,0.992091683035047,0.936242821161402,0.97558791695705,0.990163263412438,0.986678587008439,0.992091683035047,0.936242821161402,0.679751670397893,1.52397739671079
-1.96326177235889,0.231610803010724,0,1,1,1,43,43,43gz03,O-M,1,0.3288,0.2802,0.961609364875232,0.970650413510827,0.952175022564892,0.868803467263007,0.591579841968103,0.961609364875232,0.970650413510827,0.952175022564892,0.868803467263007,0.591579841968103,1.96326177235889,0.231610803010724
0.198215896992425,1.70160124134255,1,1,1,1,43,43,43gz03,O-M,1,0.7541,0.3019,0.97735463147666,0.990936605474311,0.988166394994056,0.995211555364988,0.955584927665547,0.97735463147666,0.990936605474311,0.988166394994056,0.995211555364988,0.955584927665547,0.198215896992425,1.70160124134255
-0.18056710359393,1.28632894251381,0,1,1,1,43,43,43gz03,O-M,1,0.5946,0.2236,0.948996752539958,0.976642664546826,0.969770986720407,0.985202581305272,0.900835857144918,0.948996752539958,0.976642664546826,0.969770986720407,0.985202581305272,0.900835857144918,0.18056710359393,1.28632894251381
-0.694324017353945,0.657908030126954,0,1,1,1,43,43,43gz03,O-M,1,1.3813,0.305,0.903247537634492,0.945556602370482,0.927174652946375,0.939074418493473,0.744701384805798,0.903247537634492,0.945556602370482,0.927174652946375,0.939074418493473,0.744701384805798,0.694324017353945,0.657908030126954
-0.865140676291706,0.862481699461466,0,1,1,1,43,43,43gz03,O-M,1,0.8553,0.4558,0.935271470379399,0.966699903385049,0.954438554958838,0.960080739470142,0.805788750302528,0.935271470379399,0.966699903385049,0.954438554958838,0.960080739470142,0.805788750302528,0.865140676291706,0.862481699461466
-0.505144894314611,-1.35230389429182,1,1,0,0,43,43,43gz03,O-M,1,2.2358,0.4827,0.388538422201229,0.329937180670979,0.25860732564684,0.321624192148236,0.0881390595656009,0.611461577798772,0.670062819329021,0.74139267435316,0.678375807851764,0.911860940434399,0.505144894314611,1.35230389429182
0.892852884180031,0.465584281111873,1,1,1,1,43,43,43gz03,O-M,1,1.664,0.5459,0.895452165541927,0.935987881254917,0.912771895675862,0.912247621920137,0.679243451737446,0.895452165541927,0.935987881254917,0.912771895675862,0.912247621920137,0.679243451737446,0.892852884180031,0.465584281111873
-1.53893201917895,0.404334679514714,0,1,1,1,43,43,43gz03,O-M,1,0.5163,0.9763,0.94179582770535,0.962017427454037,0.943131047638409,0.902076891338201,0.657016686531932,0.94179582770535,0.962017427454037,0.943131047638409,0.902076891338201,0.657016686531932,1.53893201917895,0.404334679514714
-0.667858544182639,0.845331811014262,0,1,1,1,43,43,43gz03,O-M,1,0.6407,0.3548,0.923183227617619,0.959945964146433,0.946363849299551,0.958582982711954,0.801037197628781,0.923183227617619,0.959945964146433,0.946363849299551,0.958582982711954,0.801037197628781,0.667858544182639,0.845331811014262
0.902818278398856,-1.39027864728206,0,0,0,1,43,43,43gz03,O-M,1,0.7384,0.3955,0.31821671808782,0.278444724065147,0.218246612201528,0.308137506218268,0.0822221396304993,0.68178328191218,0.721555275934853,0.781753387798472,0.691862493781732,0.917777860369501,0.902818278398856,1.39027864728206
-0.84210591260557,2.39249674735851,0,1,1,1,43,43,43gz03,O-M,1,0.712,0.4468,0.997160082227558,0.999159324429854,0.998838936684379,0.999483971468455,0.991632911790067,0.997160082227558,0.999159324429854,0.998838936684379,0.999483971468455,0.991632911790067,0.84210591260557,2.39249674735851
-1.74180130673529,1.90249993458123,0,0,1,0,43,43,43gz03,O-M,1,0.4681,0.9768,0.996281621488744,0.99883769525642,0.998225667723924,0.997377933024899,0.971447086300741,0.996281621488744,0.99883769525642,0.998225667723924,0.997377933024899,0.971447086300741,1.74180130673529,1.90249993458123
-0.82805634042821,1.90617491067706,0,1,1,1,43,43,43gz03,O-M,1,0.3181,0.2316,0.990283879578263,0.996623815951668,0.995352713828728,0.99740755757282,0.971686241890256,0.990283879578263,0.996623815951668,0.995352713828728,0.99740755757282,0.971686241890256,0.82805634042821,1.90617491067706
-1.08761401804902,2.81144402228308,0,1,1,1,43,43,43gz03,O-M,1,0.8749,0.5756,0.999321177357398,0.999830165305339,0.999760609376847,0.999892448961032,0.997534016408667,0.999321177357398,0.999830165305339,0.999760609376847,0.999892448961032,0.997534016408667,1.08761401804902,2.81144402228308
1.44601394688399,0.872281635717012,1,1,1,1,43,43,43gz03,O-M,1,0.3019,1.0709,0.963681704531691,0.981538272795093,0.9727371926178,0.960916642936432,0.808472623242745,0.963681704531691,0.981538272795093,0.9727371926178,0.960916642936432,0.808472623242745,1.44601394688399,0.872281635717012
0.454669599364745,0.572158587890931,1,0,1,0,43,43,43gz03,O-M,1,1.2524,0.7437,0.874329723129567,0.926495464534151,0.904236673351438,0.928033526534336,0.716392729863527,0.874329723129567,0.926495464534151,0.904236673351438,0.928033526534336,0.716392729863527,0.454669599364745,0.572158587890931
1.51021722439216,0.945781157633603,1,1,1,1,43,43,43gz03,O-M,1,0.3505,0.37,0.969749824665288,0.985169196453397,0.977884538318381,0.966741467910003,0.827869890993107,0.969749824665288,0.985169196453397,0.977884538318381,0.966741467910003,0.827869890993107,1.51021722439216,0.945781157633603
-0.253886266305548,-0.200811384265222,1,1,0,0,43,43,43gz03,O-M,1,0.9298,0.4541,0.641988123275186,0.721282306583524,0.66725958160411,0.75437772175931,0.42042303044947,0.358011876724814,0.278717693416476,0.33274041839589,0.24562227824069,0.57957696955053,0.253886266305548,0.200811384265222
0.645482393587492,0.030712109772041,1,1,1,1,43,43,43gz03,O-M,1,0.5418,0.2986,0.808755228728988,0.858854736122245,0.815487965053642,0.821175519363426,0.512250433241245,0.808755228728988,0.858854736122245,0.815487965053642,0.821175519363426,0.512250433241245,0.645482393587492,0.030712109772041
-0.172692808489875,-1.5078778823486,1,1,0,0,43,43,43gz03,O-M,1,0.3474,0.2576,0.439957073637991,0.327249413846305,0.247190365399811,0.26804520976455,0.0657928921693317,0.560042926362009,0.672750586153695,0.752809634600189,0.73195479023545,0.934207107830668,0.172692808489875,1.5078778823486
-1.45960094651237,1.79960060389801,0,1,1,1,43,43,43gz03,O-M,1,0.4101,0.4728,0.993287946255871,0.997746987764311,0.996681408201442,0.996413915932253,0.964038137165199,0.993287946255871,0.997746987764311,0.996681408201442,0.996413915932253,0.964038137165199,1.45960094651237,1.79960060389801
0.953070004000668,2.05807392263802,1,1,1,1,43,43,43gz03,O-M,1,0.6233,0.4419,0.99386316355062,0.998009450195871,0.997225859760369,0.998396754314528,0.980208481081433,0.99386316355062,0.998009450195871,0.997225859760369,0.998396754314528,0.980208481081433,0.953070004000668,2.05807392263802
-1.48230897596182,2.46477127724316,0,1,1,1,43,43,43gz03,O-M,1,0.3134,0.3051,0.998754355480498,0.999674686598114,0.999522724888027,0.999601613461341,0.993144963144848,0.998754355480498,0.999674686598114,0.999522724888027,0.999601613461341,0.993144963144848,1.48230897596182,2.46477127724316
-1.75055778427839,0.561133659603442,0,1,1,1,43,43,43gz03,O-M,1,0.3397,0.3282,0.963030281461179,0.977531858663797,0.965033677940979,0.926509179099839,0.712646788201804,0.963030281461179,0.977531858663797,0.965033677940979,0.926509179099839,0.712646788201804,1.75055778427839,0.561133659603442
1.77229075563542,1.5215274126469,1,1,1,1,43,43,43gz03,O-M,1,0.5275,0.3439,0.992004575451932,0.997050230192219,0.995446412746754,0.992038364609299,0.935936231221952,0.992004575451932,0.997050230192219,0.995446412746754,0.992038364609299,0.935936231221952,1.77229075563542,1.5215274126469
0.276599440372626,0.845331811014262,1,1,1,1,43,43,43gz03,O-M,1,0.3994,0.7671,0.90255201019583,0.9483213651521,0.933270070222779,0.958582982711954,0.801037197628781,0.90255201019583,0.9483213651521,0.933270070222779,0.958582982711954,0.801037197628781,0.276599440372626,0.845331811014262
-1.45927421227569,0.441084440473009,0,1,1,1,43,43,43gz03,O-M,1,0.3021,0.3611,0.938463203027576,0.960888725564611,0.942217482203857,0.908278175488297,0.670424066308114,0.938463203027576,0.960888725564611,0.942217482203857,0.908278175488297,0.670424066308114,1.45927421227569,0.441084440473009
1.3193064098984,1.1356549225848,1,1,1,1,43,43,43gz03,O-M,1,0.3701,0.5048,0.972026645264984,0.987415617987068,0.981746943295964,0.978555893451635,0.871949493426764,0.972026645264984,0.987415617987068,0.981746943295964,0.978555893451635,0.871949493426764,1.3193064098984,1.1356549225848
-1.95450529481579,2.80654405415531,0,1,1,1,43,43,43gz03,O-M,1,0.4026,0.3037,0.999761412537115,0.99994893010993,0.999921365366619,0.999890353124534,0.997496196767087,0.999761412537115,0.99994893010993,0.999921365366619,0.999890353124534,0.997496196767087,1.95450529481579,2.80654405415531
-1.7810420885609,2.3581969704641,0,1,1,1,43,43,43gz03,O-M,1,0.4722,0.4098,0.998868112151124,0.999706421203712,0.999553297177389,0.999417552353769,0.990818026965812,0.998868112151124,0.999706421203712,0.999553297177389,0.999417552353769,0.990818026965812,1.7810420885609,2.3581969704641
-1.88464951501301,2.03234908996721,0,1,1,1,43,43,43gz03,O-M,1,0.2465,0.2265,0.99776744499441,0.999349206410114,0.998988938448781,0.998258199243408,0.978940835952438,0.99776744499441,0.999349206410114,0.998988938448781,0.998258199243408,0.978940835952438,1.88464951501301,2.03234908996721
-0.454174353392096,-2.33352251187831,1,1,0,0,43,43,43gz03,O-M,1,1.0039,1.1775,0.346190071265967,0.118395853176716,0.0710829244122632,0.0743159958663587,0.0098103691045383,0.653809928734033,0.881604146823284,0.928917075587737,0.925684004133641,0.990189630895462,0.454174353392096,2.33352251187831
1.19452660490925,0.273260532096792,1,1,1,1,43,43,43gz03,O-M,1,0.3036,0.3616,0.902514367960879,0.933595938818147,0.906114274444459,0.877464018423857,0.607673524027128,0.902514367960879,0.933595938818147,0.906114274444459,0.877464018423857,0.607673524027128,1.19452660490925,0.273260532096792
-0.778686797265441,0.807357058024023,0,1,1,1,43,43,43gz03,O-M,1,0.2636,0.3226,0.925262507549964,0.960556813010299,0.946597734639066,0.955104303272007,0.790269600151512,0.925262507549964,0.960556813010299,0.946597734639066,0.955104303272007,0.790269600151512,0.778686797265441,0.807357058024023
1.17060965878407,2.21609789475869,1,1,1,1,43,43,43gz03,O-M,1,0.2353,0.4657,0.996605734145896,0.998987774877663,0.998559574841903,0.999049376473328,0.986657600796991,0.996605734145896,0.998987774877663,0.998559574841903,0.999049376473328,0.986657600796991,1.17060965878407,2.21609789475869
-1.41679876150692,1.6036018787871,0,1,1,1,43,43,43gz03,O-M,1,0.4145,0.2025,0.989331468866678,0.996104716136422,0.994285018184882,0.993661989126262,0.945599081822214,0.989331468866678,0.996104716136422,0.994285018184882,0.993661989126262,0.945599081822214,1.41679876150692,1.6036018787871
-0.0679744856330418,0.381059830907793,0,0,1,0,43,43,43gz03,O-M,1,0.4931,0.489,0.809295321808138,0.879283047144616,0.848869413946195,0.897993641250943,0.648420573503933,0.809295321808138,0.879283047144616,0.848869413946195,0.897993641250943,0.648420573503933,0.0679744856330418,0.381059830907793
1.98316503199049,1.73957599433279,1,1,1,1,43,43,43gz03,O-M,1,0.7691,0.4007,0.996267764407776,0.998772968627707,0.998050796771244,0.995714630850071,0.959033251255311,0.996267764407776,0.998772968627707,0.998050796771244,0.995714630850071,0.959033251255311,1.98316503199049,1.73957599433279
1.76997094255497,1.97109948837005,1,1,1,1,43,43,43gz03,O-M,1,0.3324,0.2957,0.996950305831365,0.999076387568458,0.998586303800616,0.997883407909251,0.975643751371816,0.996950305831365,0.999076387568458,0.998586303800616,0.997883407909251,0.975643751371816,1.76997094255497,1.97109948837005
0.373802875785755,0.973955974368297,1,1,1,1,43,43,43gz03,O-M,1,0.2614,0.3834,0.923345417869688,0.961417060969231,0.949612264374555,0.968775763963742,0.834960800326718,0.923345417869688,0.961417060969231,0.949612264374555,0.968775763963742,0.834960800326718,0.373802875785755,0.973955974368297
-1.17766197367879,1.08788023333901,0,1,1,1,43,43,43gz03,O-M,1,0.5,0.2649,0.965052780938574,0.983854563097493,0.977014111051022,0.975980445916598,0.861676008296242,0.965052780938574,0.983854563097493,0.977014111051022,0.975980445916598,0.861676008296242,1.17766197367879,1.08788023333901
1.89501213493348,2.86901864778441,1,1,1,1,43,43,43gz03,O-M,1,0.2374,0.3145,0.999785117010743,0.999954507628157,0.999930547572622,0.999914416537637,0.997941262388017,0.999785117010743,0.999954507628157,0.999930547572622,0.999914416537637,0.997941262388017,1.89501213493348,2.86901864778441
1.08768450951398,1.69425128915089,1,1,1,1,43,43,43gz03,O-M,1,0.6063,0.3071,0.987583510575135,0.995488163794833,0.99363117536091,0.99510831477809,0.954891228774575,0.987583510575135,0.995488163794833,0.99363117536091,0.99510831477809,0.954891228774575,1.08768450951398,1.69425128915089
1.47760914757122,2.47212122943482,1,1,1,1,43,43,43gz03,O-M,1,0.4237,0.2574,0.998772856073626,0.999680091373175,0.999530928896384,0.999612065885975,0.993284301971102,0.998772856073626,0.999680091373175,0.999530928896384,0.999612065885975,0.993284301971102,1.47760914757122,2.47212122943482
2.06981495155877,0.739982496267148,1,1,1,1,43,43,43gz03,O-M,1,0.3056,0.2831,0.981811307527691,0.989792036931223,0.983093284146757,0.948356675130181,0.770344692355844,0.981811307527691,0.989792036931223,0.983093284146757,0.948356675130181,0.770344692355844,2.06981495155877,0.739982496267148
-0.731081618980759,2.5566456796389,0,1,1,1,43,43,43gz03,O-M,1,0.3064,0.2278,0.998049497938987,0.999440226239395,0.999233373366912,0.999715301312084,0.994715659645249,0.998049497938987,0.999440226239395,0.999233373366912,0.999715301312084,0.994715659645249,0.731081618980759,2.5566456796389
1.12682727106857,0.0380620619637002,1,1,1,1,43,43,43gz03,O-M,1,0.2426,0.3727,0.87135505663875,0.901657911948153,0.863075064788023,0.823089723391618,0.515180900227726,0.87135505663875,0.901657911948153,0.863075064788023,0.823089723391618,0.515180900227726,1.12682727106857,0.0380620619637002
0.0476240873053283,0.61013334088117,1,1,1,1,43,43,43gz03,O-M,1,0.5024,0.4087,0.851713433075858,0.913558016932934,0.89114702856047,0.933098901851641,0.729113258878102,0.851713433075858,0.913558016932934,0.89114702856047,0.933098901851641,0.729113258878102,0.0476240873053283,0.61013334088117
1.39661173029755,2.1597482612893,1,1,1,1,43,43,43gz03,O-M,1,0.2262,0.2631,0.996910792550218,0.999089589362826,0.998672906077147,0.998851558468428,0.984603918552454,0.996910792550218,0.999089589362826,0.998672906077147,0.998851558468428,0.984603918552454,1.39661173029755,2.1597482612893
2.04563661804424,2.49172110194591,1,1,1,1,43,43,43gz03,O-M,1,0.2322,0.2492,0.999476187913309,0.999875866397684,0.999805023924557,0.999638707435002,0.993643709190047,0.999476187913309,0.999875866397684,0.999805023924557,0.999638707435002,0.993643709190047,2.04563661804424,2.49172110194591
0.708411407572597,-2.49277147603093,0,1,0,0,43,43,43gz03,O-M,1,0.9093,0.3145,0.295234722656076,0.0807463445478261,0.0462699352027188,0.0543978834620086,0.006337519726434,0.704765277343924,0.919253655452174,0.953730064797281,0.945602116537991,0.993662480273566,0.708411407572597,2.49277147603093
-0.691154695258122,0.0650118866664503,0,1,1,1,43,43,43gz03,O-M,1,1.0186,0.3524,0.81992990196085,0.868781098841706,0.827359222350337,0.829997143657223,0.525917731956766,0.81992990196085,0.868781098841706,0.827359222350337,0.829997143657223,0.525917731956766,0.691154695258122,0.0650118866664503
-0.778588776994436,1.37085339271789,0,1,1,1,43,43,43gz03,O-M,1,0.4373,0.3075,0.969633036436883,0.987176529584876,0.982499347471277,0.98808923406053,0.914789668604152,0.969633036436883,0.987176529584876,0.982499347471277,0.98808923406053,0.914789668604152,0.778588776994436,1.37085339271789
1.75748969471369,0.920056324962796,1,1,1,1,43,43,43gz03,O-M,1,0.2252,0.4231,0.97722093944265,0.988652792493988,0.982370921890414,0.964789907247389,0.821228336945516,0.97722093944265,0.988652792493988,0.982370921890414,0.964789907247389,0.821228336945516,1.75748969471369,0.920056324962796
-1.89575847906022,0.69098281498942,0,1,1,1,43,43,43gz03,O-M,1,0.2881,0.229,0.974478681100586,0.985453259635953,0.976740827807516,0.942960866316796,0.755211829662788,0.974478681100586,0.985453259635953,0.976740827807516,0.942960866316796,0.755211829662788,1.89575847906022,0.69098281498942
0.669333992865336,1.35615348833457,1,1,1,1,43,43,43gz03,O-M,1,1.024,0.3619,0.966242437011281,0.985535657914763,0.980469594995985,0.987625417792193,0.912474831371698,0.966242437011281,0.985535657914763,0.980469594995985,0.987625417792193,0.912474831371698,0.669333992865336,1.35615348833457
-0.709288445394017,0.898006468387819,0,1,1,1,43,43,43gz03,O-M,1,1.1034,0.2251,0.930785872727083,0.964722400105964,0.952511317240806,0.963043258617577,0.815408949502731,0.930785872727083,0.964722400105964,0.952511317240806,0.963043258617577,0.815408949502731,0.709288445394017,0.898006468387819
2.05063565186549,0.21078593846769,1,1,1,1,43,43,43gz03,O-M,1,0.2486,0.3396,0.965953935255747,0.973187605218311,0.955408159122474,0.864318256889405,0.583472844245076,0.965953935255747,0.973187605218311,0.955408159122474,0.864318256889405,0.583472844245076,2.05063565186549,0.21078593846769
1.81162955773203,0.676282910606102,1,1,1,1,43,43,43gz03,O-M,1,0.4503,1.0742,0.970564686556723,0.983179552187933,0.973538878394031,0.941258353623137,0.750569479610897,0.970564686556723,0.983179552187933,0.973538878394031,0.941258353623137,0.750569479610897,1.81162955773203,0.676282910606102
0.577096917849785,1.69915125727866,1,1,1,1,43,43,43gz03,O-M,1,0.9987,0.2971,0.981675474435319,0.992973138013249,0.990551158224353,0.995177359760696,0.955354656166321,0.981675474435319,0.992973138013249,0.990551158224353,0.995177359760696,0.955354656166321,0.577096917849785,1.69915125727866
1.88713783982942,1.44312792260254,1,1,1,1,43,43,43gz03,O-M,1,0.1974,0.2502,0.992132220246045,0.997004362178735,0.99528245276868,0.990156754192424,0.925507780561941,0.992132220246045,0.997004362178735,0.99528245276868,0.990156754192424,0.925507780561941,1.88713783982942,1.44312792260254
0.0716063802778449,1.65627653616065,1,1,1,1,43,43,43gz03,O-M,1,0.355,0.1633,0.973555539944563,0.989110476554275,0.985918107682569,0.994542659835512,0.951167085034009,0.973555539944563,0.989110476554275,0.985918107682569,0.994542659835512,0.951167085034009,0.0716063802778449,1.65627653616065
1.00910492559177,1.51785243655107,1,1,1,1,43,43,43gz03,O-M,1,0.4104,0.1855,0.980935408069965,0.992535534231739,0.989557191549815,0.991957794295582,0.935474198656177,0.980935408069965,0.992535534231739,0.989557191549815,0.991957794295582,0.935474198656177,1.00910492559177,1.51785243655107
-0.318743012287081,-1.57770242816937,1,0,0,1,43,43,43gz03,O-M,1,1.2498,0.4494,0.404340541520799,0.289268731426662,0.215220975389224,0.245549990232883,0.057316994104713,0.595659458479201,0.710731268573338,0.784779024610776,0.754450009767117,0.942683005895287,0.318743012287081,1.57770242816937
1.45375754829337,0.590533468370078,1,1,1,1,43,43,43gz03,O-M,1,0.3624,0.3191,0.947867078428176,0.969407665191796,0.95480179751799,0.93052007284084,0.722583472737809,0.947867078428176,0.969407665191796,0.95480179751799,0.93052007284084,0.722583472737809,1.45375754829337,0.590533468370078
1.71775881153306,1.98457440072143,1,1,1,1,43,43,43gz03,O-M,1,0.5731,0.699,0.996823975954102,0.999037921133852,0.998538222679225,0.997971635224881,0.976404078595237,0.996823975954102,0.999037921133852,0.998538222679225,0.997971635224881,0.976404078595237,1.71775881153306,1.98457440072143
-2.04850673470943,1.46517777917752,0,1,1,1,43,43,43gz03,O-M,1,0.2873,0.2898,0.994140586152849,0.997806942760522,0.996450510745787,0.990721682172867,0.928563789772784,0.994140586152849,0.997806942760522,0.996450510745787,0.990721682172867,0.928563789772784,2.04850673470943,1.46517777917752
0.485023209952576,0.950681125761376,1,1,1,1,43,43,43gz03,O-M,1,0.4723,0.4409,0.92565785018805,0.962489694550485,0.950548756517423,0.967102901257536,0.829116863872044,0.92565785018805,0.962489694550485,0.950548756517423,0.967102901257536,0.829116863872044,0.485023209952576,0.950681125761376
1.77134322634904,2.1964980222476,1,1,1,1,43,43,43gz03,O-M,1,1.0603,0.3436,0.998246892134116,0.999515370594298,0.999261235394437,0.998984427453534,0.985971841715082,0.998246892134116,0.999515370594298,0.999261235394437,0.998984427453534,0.985971841715082,1.77134322634904,2.1964980222476
1.78718983682816,1.3965782253887,1,1,1,1,43,43,43gz03,O-M,1,0.4077,0.259,0.99006846279331,0.996116033805302,0.993977241228155,0.988864686688388,0.918729779003991,0.99006846279331,0.996116033805302,0.993977241228155,0.988864686688388,0.918729779003991,1.78718983682816,1.3965782253887
-1.50103084772375,0.423934552025805,0,1,1,1,43,43,43gz03,O-M,1,0.5059,0.2014,0.940328792650245,0.961599067309835,0.942873065416743,0.905421436261442,0.664193227641125,0.940328792650245,0.961599067309835,0.942873065416743,0.905421436261442,0.664193227641125,1.50103084772375,0.423934552025805
-0.065654672552594,1.05970541660432,0,1,1,1,43,43,43gz03,O-M,1,1.0027,0.2097,0.921461879876914,0.960850350560781,0.950020122519406,0.974343180098529,0.855360681097201,0.921461879876914,0.960850350560781,0.950020122519406,0.974343180098529,0.855360681097201,0.065654672552594,1.05970541660432
-2.01325211057135,0.163011249221905,0,1,1,1,43,43,43gz03,O-M,1,0.3816,0.1925,0.962201213425071,0.969473197258756,0.949659552854031,0.853635395763996,0.564745211226899,0.962201213425071,0.969473197258756,0.949659552854031,0.853635395763996,0.564745211226899,2.01325211057135,0.163011249221905
0.348742359832185,1.63790165568151,1,1,1,1,43,43,43gz03,O-M,1,0.8715,0.3036,0.976108856067156,0.99040962394586,0.987349846766952,0.994248641120371,0.94927889473019,0.976108856067156,0.99040962394586,0.987349846766952,0.994248641120371,0.94927889473019,0.348742359832185,1.63790165568151
1.50603502616262,0.257335635681531,1,1,1,1,43,43,43gz03,O-M,1,0.978,0.2191,0.92962050653693,0.950280576327056,0.926075881315205,0.874201228498875,0.601540157401433,0.92962050653693,0.950280576327056,0.926075881315205,0.874201228498875,0.601540157401433,1.50603502616262,0.257335635681531
0.254022104617845,1.44067793853865,1,1,1,1,43,43,43gz03,O-M,1,0.5819,0.3062,0.962910625280791,0.983967107125633,0.979072457649255,0.990092167140489,0.925162154824796,0.962910625280791,0.983967107125633,0.979072457649255,0.990092167140489,0.925162154824796,0.254022104617845,1.44067793853865
-0.531348980096571,2.67424491470544,0,1,1,1,43,43,43gz03,O-M,1,0.2554,0.2987,0.998417072852935,0.999545340314704,0.999386048477527,0.999816949830286,0.996255113449326,0.998417072852935,0.999545340314704,0.999386048477527,0.999816949830286,0.996255113449326,0.531348980096571,2.67424491470544
0.591015796332472,0.0147872133567796,1,1,1,1,43,43,43gz03,O-M,1,1.1648,0.9049,0.799041644287262,0.85110994153661,0.806658186511013,0.816983552214592,0.505899029634599,0.799041644287262,0.85110994153661,0.806658186511013,0.816983552214592,0.505899029634599,0.591015796332472,0.0147872133567796
0.202463442069301,2.08379875530883,1,1,1,1,43,43,43gz03,O-M,1,0.5415,0.3237,0.99054219800803,0.996624392554033,0.995567192133595,0.998525193485437,0.981410761692498,0.99054219800803,0.996624392554033,0.995567192133595,0.998525193485437,0.981410761692498,0.202463442069301,2.08379875530883
-1.5290973186548,2.59462043262914,0,1,1,1,43,43,43gz03,O-M,1,0.3228,0.2176,0.999186772254434,0.999798393981816,0.99970317773835,0.999752791004205,0.995265228429531,0.999186772254434,0.999798393981816,0.99970317773835,0.999752791004205,0.995265228429531,1.5290973186548,2.59462043262914
-0.0981647291025314,1.31572875128045,0,1,1,1,43,43,43gz03,O-M,1,0.2991,0.2984,0.949641896386622,0.976989905182519,0.970383553762726,0.986268420031391,0.905867449727309,0.949641896386622,0.976989905182519,0.970383553762726,0.986268420031391,0.905867449727309,0.0981647291025314,1.31572875128045
-1.08575163289992,0.906581412611421,0,1,1,1,43,43,43gz03,O-M,1,0.8122,0.219,0.949727103640363,0.974768694696351,0.964540903417606,0.963730748076346,0.817685902645354,0.949727103640363,0.974768694696351,0.964540903417606,0.963730748076346,0.817685902645354,1.08575163289992,0.906581412611421
1.07036759496979,0.621158269168658,1,1,1,1,43,43,43gz03,O-M,1,0.4244,0.2717,0.925257504606833,0.957278227759569,0.94028972384611,0.934516598532665,0.732752253206138,0.925257504606833,0.957278227759569,0.94028972384611,0.934516598532665,0.732752253206138,1.07036759496979,0.621158269168658
0.618494145637494,-2.10199901784105,0,0,0,1,43,43,43gz03,O-M,1,2.6663,0.3749,0.319717548358461,0.142514345370657,0.0926479625945006,0.112592260794819,0.0177766809198529,0.680282451641539,0.857485654629343,0.907352037405499,0.887407739205181,0.982223319080147,0.618494145637494,2.10199901784105
-0.430420774385258,2.65464504219435,0,1,1,1,43,43,43gz03,O-M,1,0.4856,0.5519,0.998215512913215,0.999475704786793,0.999296970605688,0.999802788211086,0.996030404971145,0.998215512913215,0.999475704786793,0.999296970605688,0.999802788211086,0.996030404971145,0.430420774385258,2.65464504219435
-1.39791352262666,0.904131428547535,0,1,1,1,43,43,43gz03,O-M,1,0.9476,0.507,0.963342516848841,0.981654752822851,0.973102282589515,0.96353539933303,0.817037142484518,0.963342516848841,0.981654752822851,0.973102282589515,0.96353539933303,0.817037142484518,1.39791352262666,0.904131428547535
-1.84825132104654,2.82246895057057,0,1,1,1,43,43,43gz03,O-M,1,0.5526,0.2293,0.99973338420542,0.999942155192873,0.999912083003211,0.999897027852222,0.997617228183538,0.99973338420542,0.999942155192873,0.999912083003211,0.999897027852222,0.997617228183538,1.84825132104654,2.82246895057057
0.970354245121188,0.837981858822603,1,1,1,1,43,43,43gz03,O-M,1,0.2772,0.3354,0.938578476589286,0.968149984807391,0.955902575957351,0.95792729632484,0.798979553904066,0.938578476589286,0.968149984807391,0.955902575957351,0.95792729632484,0.798979553904066,0.970354245121188,0.837981858822603
-1.19220164721118,1.14300487477646,0,1,1,1,43,43,43gz03,O-M,1,0.3474,0.2742,0.968490130427948,0.985797528705202,0.979737809118122,0.978930609405697,0.8734817164502,0.968490130427948,0.985797528705202,0.979737809118122,0.978930609405697,0.8734817164502,1.19220164721118,1.14300487477646
1.35733827504828,0.230385810978781,1,1,1,1,43,43,43gz03,O-M,1,1.0905,0.3216,0.914289881447838,0.939461244150752,0.912268207022973,0.868542500290047,0.591104007081529,0.914289881447838,0.939461244150752,0.912268207022973,0.868542500290047,0.591104007081529,1.35733827504828,0.230385810978781
0.864492352435965,2.57624555214999,1,1,1,1,43,43,43gz03,O-M,1,2.0857,0.4033,0.998334698510681,0.999535375413516,0.999356916765047,0.999735266132932,0.995006015622126,0.998334698510681,0.999535375413516,0.999356916765047,0.999735266132932,0.995006015622126,0.864492352435965,2.57624555214999
-1.04409301772287,0.546433755220124,0,1,1,1,43,43,43gz03,O-M,1,0.5232,0.8186,0.9162566346958,0.95045229930646,0.931069133145232,0.924438462386881,0.70761609385195,0.9162566346958,0.95045229930646,0.931069133145232,0.924438462386881,0.70761609385195,1.04409301772287,0.546433755220124
-0.946268787260042,2.27979748041974,0,1,1,1,43,43,43gz03,O-M,1,1.04,0.274,0.996472926085109,0.998935514925067,0.998516890298665,0.9992350189626,0.988690148740664,0.996472926085109,0.998935514925067,0.998516890298665,0.9992350189626,0.988690148740664,0.946268787260042,2.27979748041974
0.414350594558089,-1.74552633654558,0,0,0,1,43,43,43gz03,O-M,1,0.5689,0.4263,0.374276095490875,0.235639219405307,0.168434042579228,0.195892634718143,0.0404466460922064,0.625723904509125,0.764360780594693,0.831565957420772,0.804107365281857,0.959553353907794,0.414350594558089,1.74552633654558
-1.99348468925204,1.06705536879598,0,1,1,1,43,43,43gz03,O-M,1,0.5429,0.3372,0.987185704918474,0.994076010826357,0.990411315555914,0.974779050468877,0.857026582966516,0.987185704918474,0.994076010826357,0.990411315555914,0.974779050468877,0.857026582966516,1.99348468925204,1.06705536879598
0.344298774213299,-0.963981420165829,0,1,0,0,43,43,43gz03,O-M,1,0.7918,1.0028,0.469415808219402,0.470176319960326,0.395197237496843,0.470171269938176,0.167527620531121,0.530584191780598,0.529823680039674,0.604802762503157,0.529828730061824,0.832472379468879,0.344298774213299,0.963981420165829
0.939314492636323,1.80940054015355,1,1,1,1,43,43,43gz03,O-M,1,0.5029,0.426,0.988960031964228,0.996090402495365,0.994562479082368,0.996517809012293,0.964805600340417,0.988960031964228,0.996090402495365,0.994562479082368,0.996517809012293,0.964805600340417,0.939314492636323,1.80940054015355
0.0704628104494552,-2.58464587842667,0,0,0,1,43,43,43gz03,O-M,1,0.5488,0.3529,0.42702687153325,0.115222338631862,0.0628250510663284,0.0449899450574303,0.0048739529165269,0.57297312846675,0.884777661368138,0.937174948933672,0.95501005494257,0.995126047083473,0.0704628104494552,2.58464587842667
-0.696382443045047,-1.47602808951808,1,0,0,1,43,43,43gz03,O-M,1,1.6574,0.5826,0.342400378074763,0.274534395329606,0.210350645632556,0.27864013295041,0.0699681758359117,0.657599621925237,0.725465604670394,0.789649354367444,0.72135986704959,0.930031824164088,0.696382443045047,1.47602808951808
1.64806639884863,-2.47072161945595,0,1,0,0,43,43,43gz03,O-M,1,1.0166,0.8112,0.162555565658617,0.0470357410319239,0.0288710580237148,0.0568727938549612,0.0067420369792447,0.837444434341383,0.952964258968076,0.971128941976285,0.943127206145039,0.993257963020755,1.64806639884863,2.47072161945595
-1.79234709315012,2.24917267962116,0,1,1,1,43,43,43gz03,O-M,1,0.6226,0.5702,0.998513842384138,0.99959867340019,0.99938716507134,0.999150388497571,0.98774924403195,0.998513842384138,0.99959867340019,0.99938716507134,0.999150388497571,0.98774924403195,1.79234709315012,2.24917267962116
-1.87951978749709,0.885756548068387,0,0,1,0,43,43,43gz03,O-M,1,0.4371,0.6178,0.979929380076706,0.989774517317171,0.983747958994141,0.96204268648334,0.812125635405072,0.979929380076706,0.989774517317171,0.983747958994141,0.96204268648334,0.812125635405072,1.87951978749709,0.885756548068387
-1.26039108240687,2.41454660393349,0,1,1,1,43,43,43gz03,O-M,1,0.3066,0.3778,0.99816891648652,0.999496198202227,0.999277299986894,0.999522891337902,0.992122596329937,0.99816891648652,0.999496198202227,0.999277299986894,0.999522891337902,0.992122596329937,1.26039108240687,2.41454660393349
1.39863748256499,1.50805250029553,1,1,1,1,43,43,43gz03,O-M,1,1.1046,0.3615,0.986833310721795,0.99498870750165,0.992660867699656,0.991739426100318,0.934229454613957,0.986833310721795,0.99498870750165,0.992660867699656,0.991739426100318,0.934229454613957,1.39863748256499,1.50805250029553
0.8733141768264,1.08910522537096,1,0,1,0,43,43,43gz03,O-M,1,1.1037,1.0736,0.954287721693254,0.978594978168954,0.970595104113603,0.976049592700606,0.861946257061022,0.954287721693254,0.978594978168954,0.970595104113603,0.976049592700606,0.861946257061022,0.8733141768264,1.08910522537096
-1.82204723526459,0.667707966382499,0,1,1,1,43,43,43gz03,O-M,1,0.3001,0.1937,0.970686516204486,0.983154392393184,0.973444044610034,0.940246953952521,0.74783998807738,0.970686516204486,0.983154392393184,0.973444044610034,0.940246953952521,0.74783998807738,1.82204723526459,0.667707966382499
1.37753045087528,1.44925288276225,1,1,1,1,43,43,43gz03,O-M,1,0.3833,0.3198,0.984906399655209,0.994100963549451,0.991382039660993,0.99031661557157,0.926366512974756,0.984906399655209,0.994100963549451,0.991382039660993,0.99031661557157,0.926366512974756,1.37753045087528,1.44925288276225
-0.530499471081196,0.139736400614985,0,1,1,1,43,43,43gz03,O-M,1,0.2899,0.4664,0.812041120916292,0.868472608867789,0.829577820018581,0.848231608905307,0.555565867489654,0.812041120916292,0.868472608867789,0.829577820018581,0.848231608905307,0.555565867489654,0.530499471081196,0.139736400614985
1.27986958753079,-0.318410619331768,0,1,0,0,43,43,43gz03,O-M,1,0.4796,0.338,0.500735733598177,0.601927836470964,0.55263112820745,0.715909154997631,0.375086742036778,0.499264266401823,0.398072163529036,0.44736887179255,0.284090845002369,0.624913257963222,1.27986958753079,0.318410619331768
-0.849261392388923,2.92904325734963,0,1,1,1,43,43,43gz03,O-M,1,0.3864,0.439,0.999426219857497,0.999854900182411,0.999799355313086,0.999932781542225,0.998299964495224,0.999426219857497,0.999854900182411,0.999799355313086,0.999932781542225,0.998299964495224,0.849261392388923,2.92904325734963
0.0868321957072628,-1.06565575881711,0,0,0,1,43,43,43gz03,O-M,1,1.0881,0.5635,0.503424875936598,0.471942801242887,0.389744115535139,0.4299452012515,0.143289641808487,0.496575124063402,0.528057198757113,0.610255884464861,0.570054798748501,0.856710358191513,0.0868321957072628,1.06565575881711
-1.96950239627953,0.350435030109213,0,0,1,0,43,43,43gz03,O-M,1,1.0469,0.7786,0.966209906475581,0.976064373053395,0.960977450635416,0.892434074133853,0.636993879592632,0.966209906475581,0.976064373053395,0.960977450635416,0.892434074133853,0.636993879592632,1.96950239627953,0.350435030109213
-0.492663646473329,0.469259257207703,0,1,1,1,43,43,43gz03,O-M,1,0.3982,0.6953,0.861677623371458,0.915709050811438,0.890088778574887,0.912831814746003,0.680557833089185,0.861677623371458,0.915709050811438,0.890088778574887,0.912831814746003,0.680557833089185,0.492663646473329,0.469259257207703
-1.6095392877261,0.15688628906219,0,1,1,1,43,43,43gz03,O-M,1,0.3363,0.5364,0.932025202449306,0.94844995861415,0.921964527931917,0.852226032421833,0.562332767107174,0.932025202449306,0.94844995861415,0.921964527931917,0.852226032421833,0.562332767107174,1.6095392877261,0.15688628906219
1.16652548082553,1.83757535688825,1,1,1,1,43,43,43gz03,O-M,1,0.7356,0.6513,0.991555442090193,0.997116420171531,0.995894921274115,0.996801610429469,0.966937498575433,0.991555442090193,0.997116420171531,0.995894921274115,0.996801610429469,0.966937498575433,1.16652548082553,1.83757535688825
1.50701522887267,1.55950216563714,1,0,1,0,43,43,43gz03,O-M,1,1.2499,0.5744,0.98951378877473,0.996127405737013,0.994248970299181,0.992830249958062,0.940561213798507,0.98951378877473,0.996127405737013,0.994248970299181,0.992830249958062,0.940561213798507,1.50701522887267,1.55950216563714
0.845574440132031,1.49825256403998,1,1,1,1,43,43,43gz03,O-M,1,0.9549,0.2648,0.977309595436658,0.990915822249262,0.987504980331956,0.991515867231787,0.932966178268466,0.977309595436658,0.990915822249262,0.987504980331956,0.991515867231787,0.932966178268466,0.845574440132031,1.49825256403998
1.55422832607333,0.639533149647806,1,1,1,1,43,43,43gz03,O-M,1,1.0964,0.3486,0.956497067505168,0.975005564436423,0.962450480141212,0.93682751191562,0.738761922206857,0.956497067505168,0.975005564436423,0.962450480141212,0.93682751191562,0.738761922206857,1.55422832607333,0.639533149647806
-0.807472083517194,2.17689814973651,0,1,1,1,43,43,43gz03,O-M,1,0.8487,0.2831,0.994859435273179,0.998363398020646,0.997747787039341,0.998915429360436,0.985255916239925,0.994859435273179,0.998363398020646,0.997747787039341,0.998915429360436,0.985255916239925,0.807472083517194,2.17689814973651
-0.497335946057893,0.270810548032906,0,1,1,1,43,43,43gz03,O-M,1,0.3848,0.2431,0.830199526047441,0.887691930210795,0.854355005393148,0.876965952910477,0.606731626612804,0.830199526047441,0.887691930210795,0.854355005393148,0.876965952910477,0.606731626612804,0.497335946057893,0.270810548032906
-0.972015445110646,0.278160500224565,0,1,1,1,43,43,43gz03,O-M,1,1.813,0.8416,0.880869718241435,0.920158294934673,0.890567373284562,0.878455901287286,0.609555422510033,0.880869718241435,0.920158294934673,0.890567373284562,0.878455901287286,0.609555422510033,0.972015445110646,0.278160500224565
0.500216351958325,-1.9219251891454,0,1,0,0,43,43,43gz03,O-M,1,0.8713,0.3431,0.348703834906444,0.187313082696052,0.127917848986456,0.150852704768632,0.0273075858928834,0.651296165093556,0.812686917303948,0.872082151013544,0.849147295231368,0.972692414107117,0.500216351958325,1.9219251891454
-1.77659850294201,1.67342642460786,0,1,1,1,43,43,43gz03,O-M,1,1.0304,0.1922,0.994154603357474,0.997988367416176,0.996900977335011,0.994804945581941,0.952878310262674,0.994154603357474,0.997988367416176,0.996900977335011,0.994804945581941,0.952878310262674,1.77659850294201,1.67342642460786
-1.72095566243493,2.88616853623161,0,1,1,1,43,43,43gz03,O-M,1,0.6781,0.1886,0.999738696845741,0.999943199695954,0.999914993056835,0.99992009579922,0.998050183643471,0.999738696845741,0.999943199695954,0.999914993056835,0.99992009579922,0.998050183643471,1.72095566243493,2.88616853623161
0.594446505817641,-0.989706252836636,0,1,0,0,43,43,43gz03,O-M,1,0.7631,0.2234,0.422863943295225,0.432467329318432,0.362658095176701,0.45994821882498,0.161158858921607,0.577136056704775,0.567532670681568,0.637341904823299,0.54005178117502,0.838841141078393,0.594446505817641,0.989706252836636
-0.352429312089076,-0.558509057592633,1,1,0,0,43,43,43gz03,O-M,1,2.4094,0.3715,0.545125198784279,0.601711445377432,0.535739474633882,0.629539149876772,0.288248410620613,0.454874801215721,0.398288554622568,0.464260525366118,0.370460850123228,0.711751589379387,0.352429312089076,0.558509057592633
-1.23898998990415,0.655458046063068,0,1,1,1,43,43,43gz03,O-M,1,0.4099,0.4152,0.939150304116985,0.965689203041375,0.950907398061015,0.938778492036604,0.743913555210172,0.939150304116985,0.965689203041375,0.950907398061015,0.938778492036604,0.743913555210172,1.23898998990415,0.655458046063068
1.34799367587915,2.48314615772231,1,1,1,1,43,43,43gz03,O-M,1,0.5706,0.5856,0.998621073747861,0.999634341407671,0.999471092902447,0.999627268060114,0.993488617871502,0.998621073747861,0.999634341407671,0.999471092902447,0.999627268060114,0.993488617871502,1.34799367587915,2.48314615772231
-1.58813819522338,1.04990548034877,0,1,1,1,43,43,43gz03,O-M,1,1.1179,0.5766,0.976557601360116,0.989087688491409,0.983536988396909,0.973752226351479,0.853119214166116,0.976557601360116,0.989087688491409,0.983536988396909,0.973752226351479,0.853119214166116,1.58813819522338,1.04990548034877
0.0488983508283912,1.16382973931949,1,1,1,1,43,43,43gz03,O-M,1,1.4895,0.5607,0.933118919345244,0.967751844860818,0.958779474396901,0.979962344604279,0.877753491218975,0.933118919345244,0.967751844860818,0.958779474396901,0.979962344604279,0.877753491218975,0.0488983508283912,1.16382973931949
-0.436530704611226,2.67424491470544,0,1,1,1,43,43,43gz03,O-M,1,0.5363,0.3068,0.998322584242936,0.999510270369535,0.999342963913804,0.999816949830286,0.996255113449326,0.998322584242936,0.999510270369535,0.999342963913804,0.999816949830286,0.996255113449326,0.436530704611226,2.67424491470544
-1.39425409917581,1.12095501820148,0,1,1,1,43,43,43gz03,O-M,1,0.2676,0.2812,0.973614251724666,0.988080340981185,0.98253218379319,0.977789543380042,0.868846495052692,0.973614251724666,0.988080340981185,0.98253218379319,0.977789543380042,0.868846495052692,1.39425409917581,1.12095501820148
1.21599304425931,1.5668521178288,1,1,1,1,43,43,43gz03,O-M,1,0.3404,0.2726,0.985753917714052,0.994627764707436,0.992307814991708,0.992975228690652,0.941425369027152,0.985753917714052,0.994627764707436,0.992307814991708,0.992975228690652,0.941425369027152,1.21599304425931,1.5668521178288
0.476756833764501,-2.81004441230421,0,0,0,1,43,43,43gz03,O-M,1,0.5762,0.5947,0.336777657879163,0.0614853693565107,0.0308775715318577,0.0273720107821335,0.0024767332004507,0.663222342120837,0.938514630643489,0.969122428468142,0.972627989217866,0.997523266799549,0.476756833764501,2.81004441230421
-0.807047329009507,1.95149961585896,0,1,1,1,43,43,43gz03,O-M,1,0.2726,0.2733,0.991106873832712,0.996952078266085,0.995810137349923,0.997748856667976,0.974501179069612,0.991106873832712,0.996952078266085,0.995810137349923,0.997748856667976,0.974501179069612,0.807047329009507,1.95149961585896
0.535209588707052,2.84084383104972,1,1,1,1,43,43,43gz03,O-M,1,0.3656,0.3607,0.999051387802028,0.999739667521921,0.999648066343577,0.999904254760687,0.997750282981637,0.999051387802028,0.999739667521921,0.999648066343577,0.999904254760687,0.997750282981637,0.535209588707052,2.84084383104972
1.25082291388969,0.726507583915773,1,1,1,1,43,43,43gz03,O-M,1,0.3653,0.3351,0.945123459213751,0.97009722680072,0.957114480214492,0.946914960032757,0.766236170012596,0.945123459213751,0.97009722680072,0.957114480214492,0.946914960032757,0.766236170012596,1.25082291388969,0.726507583915773
-0.414770204448152,0.114011567944178,0,1,1,1,43,43,43gz03,O-M,1,0.4857,0.2558,0.793752582268647,0.85468903506087,0.814101380319618,0.842106633056759,0.545385688326045,0.793752582268647,0.85468903506087,0.814101380319618,0.842106633056759,0.545385688326045,0.414770204448152,0.114011567944178
-1.78695597824485,0.650558077935295,0,1,1,1,43,43,43gz03,O-M,1,1.4384,0.292,0.968501773718295,0.981764759311484,0.971441233466099,0.938183270720414,0.742334100244606,0.968501773718295,0.981764759311484,0.971441233466099,0.938183270720414,0.742334100244606,1.78695597824485,0.650558077935295
1.6191504189022,0.274485524128736,1,1,1,1,43,43,43gz03,O-M,1,0.5003,0.2967,0.939887173996182,0.957411137016574,0.935352768119155,0.877712519962574,0.60814423667087,0.939887173996182,0.957411137016574,0.935352768119155,0.877712519962574,0.60814423667087,1.6191504189022,0.274485524128736
-0.177659168887454,-1.3461789341321,1,1,0,0,43,43,43gz03,O-M,1,0.4606,0.2584,0.452913063377858,0.373065371431146,0.291941360347674,0.323822277720998,0.0891224085562268,0.547086936622142,0.626934628568854,0.708058639652326,0.676177722279002,0.910877591443773,0.177659168887454,1.3461789341321
1.09428454109497,1.76407583497165,1,1,1,1,43,43,43gz03,O-M,1,0.5262,0.362,0.989368865234389,0.996239091718507,0.994686973995945,0.996013580990687,0.961140393836839,0.989368865234389,0.996239091718507,0.994686973995945,0.996013580990687,0.961140393836839,1.09428454109497,1.76407583497165
1.29692511468563,2.7722442772609,1,1,1,1,43,43,43gz03,O-M,1,0.2724,0.2838,0.999377233527115,0.999848225167844,0.999782017717526,0.999874572934972,0.997216437902044,0.999377233527115,0.999848225167844,0.999782017717526,0.999874572934972,0.997216437902044,1.29692511468563,2.7722442772609
1.71043996463137,2.71099467566374,1,1,1,1,43,43,43gz03,O-M,1,0.2708,0.1756,0.999544017332482,0.999894668428394,0.99984207942215,0.999840975069712,0.996645914829384,0.999544017332482,0.999894668428394,0.99984207942215,0.999840975069712,0.996645914829384,1.71043996463137,2.71099467566374
-0.620089998779616,-0.0354374599528912,1,1,0,0,43,43,43gz03,O-M,1,0.5966,0.3456,0.643757969177555,0.738561172268198,0.692814574040186,0.803365662915654,0.485865457368394,0.356242030822445,0.261438827731802,0.307185425959814,0.196634337084346,0.514134542631606,0.620089998779616,0.0354374599528912
-0.946138093565369,1.34512856004708,0,1,1,1,43,43,43gz03,O-M,1,0.289,0.3063,0.972150505200742,0.988279564602407,0.983730731280481,0.98726736450223,0.91070813919793,0.972150505200742,0.988279564602407,0.983730731280481,0.98726736450223,0.91070813919793,0.946138093565369,1.34512856004708
0.726153076624473,2.08257376327688,1,1,1,1,43,43,43gz03,O-M,1,0.3078,0.4982,0.993093271432044,0.997707565342029,0.996868386420502,0.998519296839525,0.981354953604862,0.993093271432044,0.997707565342029,0.996868386420502,0.998519296839525,0.981354953604862,0.726153076624473,2.08257376327688
-0.96244213197584,-1.05708081459351,1,1,0,0,43,43,43gz03,O-M,1,0.4524,0.3935,0.356779397496239,0.373486407978233,0.311389055765519,0.433315738151322,0.145237353170599,0.643220602503761,0.626513592021767,0.688610944234481,0.566684261848678,0.854762646829401,0.96244213197584,1.05708081459351
1.79539086616889,1.01683069548631,1,1,1,1,43,43,43gz03,O-M,1,0.2696,0.9153,0.981324327292166,0.991156965017252,0.986186246061683,0.971673130986592,0.845383011458966,0.981324327292166,0.991156965017252,0.986186246061683,0.971673130986592,0.845383011458966,1.79539086616889,1.01683069548631
0.227556631446539,2.93639320954129,1,1,1,1,43,43,43gz03,O-M,1,0.2668,0.7203,0.999165914185824,0.99976383352444,0.99968671856623,0.999934755880038,0.998339734363407,0.999165914185824,0.99976383352444,0.99968671856623,0.999934755880038,0.998339734363407,0.227556631446539,2.93639320954129
-7.9111250358619e-05,-0.432334878302484,0,1,0,0,43,43,43gz03,O-M,1,0.6858,0.3519,0.627011271952811,0.680577721068387,0.615484663184323,0.676095185170172,0.332749020540987,0.372988728047189,0.319422278931613,0.384515336815677,0.323904814829828,0.667250979459013,7.9111250358619e-05,0.432334878302484
0.31884617717571,2.0519489624783,1,1,1,1,43,43,43gz03,O-M,1,0.5536,0.4244,0.9903816179096,0.996590427130252,0.99548808398068,0.998364708037848,0.979912688632839,0.9903816179096,0.996590427130252,0.99548808398068,0.998364708037848,0.979912688632839,0.31884617717571,2.0519489624783
-1.31822304229973,-0.27308591414987,1,0,0,1,43,43,43gz03,O-M,1,2.9162,0.7053,0.511484464657043,0.615042428559884,0.567153827993533,0.731071274122323,0.392393587115324,0.488515535342957,0.384957571440116,0.432846172006467,0.268928725877677,0.607606412884676,1.31822304229973,0.27308591414987
-0.0083128140147648,2.32512218560163,0,1,1,1,43,43,43gz03,O-M,1,1.3675,0.2485,0.994412104959616,0.998080973800376,0.997503198897341,0.999346103746496,0.989967286168025,0.994412104959616,0.998080973800376,0.997503198897341,0.999346103746496,0.989967286168025,0.0083128140147648,2.32512218560163
-1.86703853965581,2.07032384295745,0,1,1,1,43,43,43gz03,O-M,1,0.425,0.2649,0.997909201088336,0.999398926055956,0.999069318475262,0.998459136081849,0.980788985871681,0.997909201088336,0.999398926055956,0.999069318475262,0.998459136081849,0.980788985871681,1.86703853965581,2.07032384295745
-1.3628549390306,1.50682750826358,0,0,1,0,43,43,43gz03,O-M,1,1.2528,0.3626,0.986264421613853,0.994755275360693,0.992354038276923,0.991711767173103,0.934072561702258,0.986264421613853,0.994755275360693,0.992354038276923,0.991711767173103,0.934072561702258,1.3628549390306,1.50682750826358
-1.50041005267405,0.313685269150918,0,1,1,1,43,43,43gz03,O-M,1,0.3431,0.2991,0.932980339667846,0.954157141835249,0.931869259259515,0.88547843030965,0.623119955003554,0.932980339667846,0.954157141835249,0.931869259259515,0.88547843030965,0.623119955003554,1.50041005267405,0.313685269150918
0.322146192966206,-0.788807559597953,0,1,0,0,43,43,43gz03,O-M,1,0.7918,0.3292,0.503472085279945,0.530087791297566,0.457677413016781,0.539960623396964,0.21511224524253,0.496527914720055,0.469912208702434,0.542322586983219,0.460039376603036,0.78488775475747,0.322146192966206,0.788807559597953
-0.105058821496538,2.40719665174183,0,1,1,1,43,43,43gz03,O-M,1,0.8329,0.2324,0.995713787597635,0.998580967711499,0.998140932687259,0.999510230829384,0.991962244492742,0.995713787597635,0.998580967711499,0.998140932687259,0.999510230829384,0.991962244492742,0.105058821496538,2.40719665174183
1.60581966204554,0.416584599834146,1,1,1,1,43,43,43gz03,O-M,1,0.3881,0.5777,0.947177542252879,0.965563325937872,0.947819932839842,0.904177239018973,0.661508862196581,0.947177542252879,0.965563325937872,0.947819932839842,0.904177239018973,0.661508862196581,1.60581966204554,0.416584599834146
-1.26333169053702,1.56562712579686,0,1,1,1,43,43,43gz03,O-M,1,0.3738,0.2791,0.986392633247064,0.99488721827414,0.992638303562516,0.992951246733765,0.941282032113367,0.986392633247064,0.99488721827414,0.992638303562516,0.992951246733765,0.941282032113367,1.26333169053702,1.56562712579686
0.931048116448248,1.91107487880484,1,1,1,1,43,43,43gz03,O-M,1,0.2958,0.3157,0.991156728420688,0.996975029332785,0.995794631787119,0.997446586467334,0.972002520529823,0.991156728420688,0.996975029332785,0.995794631787119,0.997446586467334,0.972002520529823,0.931048116448248,1.91107487880484
-0.740426218149886,-2.69857013739738,1,0,0,1,43,43,43gz03,O-M,1,0.8651,0.9952,0.287468162053583,0.0585866820584276,0.0311184978918304,0.0351922636930012,0.0034819031026348,0.712531837946417,0.941413317941572,0.96888150210817,0.964807736306999,0.996518096897365,0.740426218149886,2.69857013739738
-0.0065484491366778,1.17240468354309,0,1,1,1,43,43,43gz03,O-M,1,0.2785,0.25,0.932824402844101,0.9675888540672,0.958688438154046,0.980374546489936,0.879482689988429,0.932824402844101,0.9675888540672,0.958688438154046,0.980374546489936,0.879482689988429,0.0065484491366778,1.17240468354309
1.64796837857762,1.87187513378265,1,1,1,1,43,43,43gz03,O-M,1,0.264,0.3758,0.995476557849161,0.998553982445789,0.997819515116547,0.997118918028862,0.969388059741666,0.995476557849161,0.998553982445789,0.997819515116547,0.997118918028862,0.969388059741666,1.64796837857762,1.87187513378265
0.0405339543693118,1.95394959992285,1,1,1,1,43,43,43gz03,O-M,1,1.0363,0.3051,0.986077250174927,0.994727782491186,0.993162680998261,0.997766089163955,0.97464641104179,0.986077250174927,0.994727782491186,0.993162680998261,0.997766089163955,0.97464641104179,0.0405339543693118,1.95394959992285
-1.01762754455156,-2.73164492225985,1,0,0,1,43,43,43gz03,O-M,1,1.5948,0.2436,0.241221090959666,0.0452780034833329,0.0241341892145756,0.0327008155080438,0.0031509509203027,0.758778909040334,0.954721996516667,0.975865810785424,0.967299184491956,0.996849049079697,1.01762754455156,2.73164492225985
-1.92813784191549,-0.965206412197772,1,1,0,0,43,43,43gz03,O-M,1,0.5668,0.6482,0.274929005291323,0.33399207540896,0.287926679224512,0.46968395795857,0.167220717950795,0.725070994708677,0.66600792459104,0.712073320775488,0.53031604204143,0.832779282049205,1.92813784191549,0.965206412197772
2.05913074201924,1.14912983493617,1,1,1,1,43,43,43gz03,O-M,1,0.5492,0.1387,0.989903871947875,0.99553419513342,0.992693967067893,0.97923862647129,0.87474877614807,0.989903871947875,0.99553419513342,0.992693967067893,0.97923862647129,0.87474877614807,2.05913074201924,1.14912983493617
0.48133111307806,2.51744593461672,1,1,1,1,43,43,43gz03,O-M,1,1.4115,0.211,0.997422868150994,0.999220430297426,0.998951992307186,0.999671098311166,0.99408954449279,0.997422868150994,0.999220430297426,0.998951992307186,0.999671098311166,0.99408954449279,0.48133111307806,2.51744593461672
1.27353094333915,0.650558077935295,1,0,1,0,43,43,43gz03,O-M,1,0.7835,0.2895,0.940917938632583,0.966581059343095,0.951947984581231,0.938183270720414,0.742334100244606,0.940917938632583,0.966581059343095,0.951947984581231,0.938183270720414,0.742334100244606,1.27353094333915,0.650558077935295
1.94304206772585,0.29163541257594,1,1,1,1,43,43,43gz03,O-M,1,0.2973,0.1784,0.962627929799545,0.972615221297548,0.955594662017827,0.88115443603358,0.614717301738685,0.962627929799545,0.972615221297548,0.955594662017827,0.88115443603358,0.614717301738685,1.94304206772585,0.29163541257594
-1.80312932296065,1.79592562780218,0,1,1,1,43,43,43gz03,O-M,1,0.2916,0.2749,0.99566924693826,0.998591365670681,0.997826430613899,0.996374244270995,0.963746827011602,0.99566924693826,0.998591365670681,0.997826430613899,0.996374244270995,0.963746827011602,1.80312932296065,1.79592562780218
-0.813941421403514,-2.52707125292534,1,0,0,1,43,43,43gz03,O-M,1,1.9756,0.336,0.276276120559094,0.071516292453493,0.0406816200003694,0.0507182346560057,0.0057509082459263,0.723723879440906,0.928483707546507,0.959318379999631,0.949281765343994,0.994249091754074,0.813941421403514,2.52707125292534
0.971497814949578,-1.95744995807175,0,0,0,1,43,43,43gz03,O-M,1,0.5669,0.4601,0.265006897207799,0.142205085004087,0.0976868165600461,0.142690827775335,0.0251472948899652,0.734993102792201,0.857794914995913,0.902313183439954,0.857309172224665,0.974852705110035,0.971497814949578,1.95744995807175
-0.882882345343582,0.751007424554636,0,1,1,1,43,43,43gz03,O-M,1,0.3214,0.2751,0.925633952366878,0.959890078244629,0.945108688508083,0.9495129571777,0.773675906234557,0.925633952366878,0.959890078244629,0.945108688508083,0.9495129571777,0.773675906234557,0.882882345343582,0.751007424554636
1.35541054305185,1.20547946840556,1,1,1,1,43,43,43gz03,O-M,1,0.6035,0.2883,0.976051477727893,0.989574157504246,0.984804102178932,0.98189767589522,0.885990870275648,0.976051477727893,0.989574157504246,0.984804102178932,0.98189767589522,0.885990870275648,1.35541054305185,1.20547946840556
-0.661127818906974,2.54684574338335,0,1,1,1,43,43,43gz03,O-M,1,0.5436,0.3056,0.997891767409359,0.999386104619215,0.999163740462396,0.999704801245389,0.994564926414124,0.997891767409359,0.999386104619215,0.999163740462396,0.999704801245389,0.994564926414124,0.661127818906974,2.54684574338335
1.48744384809537,-2.3812972011241,0,0,0,1,43,43,43gz03,O-M,1,0.6252,0.3628,0.18207616564823,0.059470722788626,0.0371127211818065,0.0678292420878132,0.0086258934925726,0.81792383435177,0.940529277211374,0.962887278818193,0.932170757912187,0.991374106507427,1.48744384809537,2.3812972011241
-1.15119650050749,2.14382336487404,0,1,1,1,43,43,43gz03,O-M,1,0.3747,0.1868,0.995846168089535,0.998726595462515,0.998191052523344,0.998789183355527,0.983976478766089,0.995846168089535,0.998726595462515,0.998191052523344,0.998789183355527,0.983976478766089,1.15119650050749,2.14382336487404
0.494302462274367,-1.47725308155002,0,0,0,1,43,43,43gz03,O-M,1,0.4423,0.3041,0.378259165339298,0.295731859512168,0.225674027592971,0.278228894261841,0.0698039048446959,0.621740834660702,0.704268140487832,0.774325972407029,0.721771105738159,0.930196095155304,0.494302462274367,1.47725308155002
0.63679126289173,-1.27145442018357,0,0,0,1,43,43,43gz03,O-M,1,1.0999,0.3999,0.374801974062258,0.339194339063634,0.270714318703596,0.351114850903512,0.101783516436612,0.625198025937742,0.660805660936366,0.729285681296404,0.648885149096488,0.898216483563388,0.63679126289173,1.27145442018357
-0.235229741390961,0.694657791085249,0,1,1,1,43,43,43gz03,O-M,1,0.5664,0.4507,0.878080765060751,0.931546357185652,0.912265128554181,0.943380365563535,0.756365107078955,0.878080765060751,0.931546357185652,0.912265128554181,0.943380365563535,0.756365107078955,0.235229741390961,0.694657791085249
-1.19906306618151,2.6901698111207,0,1,1,1,43,43,43gz03,O-M,1,0.4004,0.3589,0.999116716011527,0.999775293677174,0.999679999509925,0.999827749939291,0.996429216561975,0.999116716011527,0.999775293677174,0.999679999509925,0.999827749939291,0.996429216561975,1.19906306618151,2.6901698111207
1.26797646131554,2.71589464379151,1,1,1,1,43,43,43gz03,O-M,1,0.7185,0.2889,0.999237813348435,0.999809974909685,0.999727710934681,0.999843945603979,0.99669515259146,0.999237813348435,0.999809974909685,0.999727710934681,0.999843945603979,0.99669515259146,1.26797646131554,2.71589464379151
1.33972729969108,2.60687035294857,1,1,1,1,43,43,43gz03,O-M,1,0.2721,0.6558,0.999023720978054,0.99975111858287,0.999640647166142,0.999763866651853,0.995431302503469,0.999023720978054,0.99975111858287,0.999640647166142,0.999763866651853,0.995431302503469,1.33972729969108,2.60687035294857
1.74840648293391,0.692207807021363,1,0,1,0,43,43,43gz03,O-M,1,0.3165,0.5665,0.968461917085533,0.982210904611593,0.972349096983949,0.943100970432636,0.755596581679951,0.968461917085533,0.982210904611593,0.972349096983949,0.943100970432636,0.755596581679951,1.74840648293391,0.692207807021363
-0.759572844419498,0.950681125761376,0,1,1,1,43,43,43gz03,O-M,1,0.5364,0.3982,0.938230923363423,0.969242913990304,0.958341068073481,0.967102901257536,0.829116863872044,0.938230923363423,0.969242913990304,0.958341068073481,0.967102901257536,0.829116863872044,0.759572844419498,0.950681125761376
-0.719711267544198,1.44312792260254,0,0,1,0,43,43,43gz03,O-M,1,0.3848,1.2416,0.972276881664347,0.988542953005328,0.984440431005928,0.990156754192424,0.925507780561941,0.972276881664347,0.988542953005328,0.984440431005928,0.990156754192424,0.925507780561941,0.719711267544198,1.44312792260254
-1.25437917245191,0.37983483887585,0,1,1,1,43,43,43gz03,O-M,1,0.2258,0.3626,0.917661170034983,0.946682927197214,0.923801428141443,0.897775351681082,0.647965990308816,0.917661170034983,0.946682927197214,0.923801428141443,0.897775351681082,0.647965990308816,1.25437917245191,0.37983483887585
1.79130668821036,2.93884319360517,1,1,1,1,43,43,43gz03,O-M,1,1.147,0.2877,0.999799879858603,0.999957810474292,0.999936432390373,0.999935401757523,0.998352801492207,0.999799879858603,0.999957810474292,0.999936432390373,0.999935401757523,0.998352801492207,1.79130668821036,2.93884319360517
0.882266694911508,1.8277754206327,1,1,1,1,43,43,43gz03,O-M,1,0.4978,0.331,0.988891160679549,0.996065099516732,0.994556748650145,0.996705348480929,0.966208368223584,0.988891160679549,0.996065099516732,0.994556748650145,0.996705348480929,0.966208368223584,0.882266694911508,1.8277754206327
0.0288368686960681,0.795107137704591,1,1,1,1,43,43,43gz03,O-M,1,0.9568,0.7918,0.882273572657208,0.935632979679957,0.918619013639223,0.953933242379917,0.78672440849179,0.882273572657208,0.935632979679957,0.918619013639223,0.953933242379917,0.78672440849179,0.0288368686960681,0.795107137704591
-0.585031415183553,-2.72796994616402,1,1,0,0,43,43,43gz03,O-M,1,0.6829,0.3716,0.315977095358663,0.0633158656893951,0.0330057489874913,0.0329702540293014,0.0031862706841835,0.684022904641337,0.936684134310605,0.966994251012509,0.967029745970699,0.996813729315816,0.585031415183553,2.72796994616402
0.572751352501904,2.42189655612515,1,1,1,1,43,43,43gz03,O-M,1,0.384,0.3718,0.996822415974169,0.999026807752218,0.998683866869066,0.999535248128261,0.992280127550005,0.996822415974169,0.999026807752218,0.998683866869066,0.999535248128261,0.992280127550005,0.572751352501904,2.42189655612515
0.900302424776398,1.08543024927513,1,0,1,0,43,43,43gz03,O-M,1,0.2963,1.4792,0.955011628515223,0.978931935639948,0.970973654989871,0.975841649050889,0.861134429535932,0.955011628515223,0.978931935639948,0.970973654989871,0.975841649050889,0.861134429535932,0.900302424776398,1.08543024927513
0.176357376558347,1.13932989868063,1,1,1,1,43,43,43gz03,O-M,1,0.4851,0.3708,0.9343989593438,0.968428236505478,0.959280552266544,0.978743949762725,0.872717208792669,0.9343989593438,0.968428236505478,0.959280552266544,0.978743949762725,0.872717208792669,0.176357376558347,1.13932989868063
0.591309857145486,1.75060092262028,1,1,1,1,43,43,43gz03,O-M,1,1.1286,0.242,0.983731563870978,0.993877810049285,0.991753228611735,0.995851554090365,0.959992661874118,0.983731563870978,0.993877810049285,0.991753228611735,0.995851554090365,0.959992661874118,0.591309857145486,1.75060092262028
1.5529213891266,1.80572556405772,1,1,1,1,43,43,43gz03,O-M,1,0.2842,0.1859,0.994081977821624,0.998037089027285,0.997074412002237,0.996479170186471,0.964519391270894,0.994081977821624,0.998037089027285,0.997074412002237,0.996479170186471,0.964519391270894,1.5529213891266,1.80572556405772
1.54449164582018,1.95149961585896,1,1,1,1,43,43,43gz03,O-M,1,0.2539,0.1538,0.99570236183513,0.998654591313323,0.99800024357809,0.997748856667976,0.974501179069612,0.99570236183513,0.998654591313323,0.99800024357809,0.997748856667976,0.974501179069612,1.54449164582018,1.95149961585896
-1.88530298348637,0.415359607802202,0,1,1,1,43,43,43gz03,O-M,1,0.2547,0.001,0.964103024741696,0.975870101481305,0.961389583864042,0.903968707622179,0.661060664403259,0.964103024741696,0.975870101481305,0.961389583864042,0.903968707622179,0.661060664403259,1.88530298348637,0.415359607802202
-0.734446981618591,-1.04728087833797,1,0,0,1,43,43,43gz03,O-M,1,1.1203,0.7856,0.391344944285692,0.398804678654683,0.331839406827252,0.437173713916788,0.147485026284694,0.608655055714308,0.601195321345317,0.668160593172748,0.562826286083212,0.852514973715306,0.734446981618591,1.04728087833797
-1.24000286603787,2.83104389479417,0,1,1,1,43,43,43gz03,O-M,1,0.2706,0.2886,0.999449348565027,0.999866821448339,0.999809789665361,0.999900461934206,0.997680182335493,0.999449348565027,0.999866821448339,0.999809789665361,0.999900461934206,0.997680182335493,1.24000286603787,2.83104389479417
0.716579763489667,2.22222285491841,1,1,1,1,43,43,43gz03,O-M,1,0.5222,0.322,0.995100947511216,0.998441827806645,0.997871485735421,0.999068876785306,0.986865875677424,0.995100947511216,0.998441827806645,0.997871485735421,0.999068876785306,0.986865875677424,0.716579763489667,2.22222285491841
-1.98923714417517,0.63708316558392,0,1,1,1,43,43,43gz03,O-M,1,0.2915,0.2983,0.97635574919568,0.985972157081052,0.977117661564146,0.93652311074049,0.737964663309779,0.97635574919568,0.985972157081052,0.977117661564146,0.93652311074049,0.737964663309779,1.98923714417517,0.63708316558392
0.740235322225501,1.20792945246945,1,1,1,1,43,43,43gz03,O-M,1,0.6004,0.2806,0.958371109779966,0.98124722060334,0.974554357402191,0.982006378173772,0.886462800220402,0.958371109779966,0.98124722060334,0.974554357402191,0.982006378173772,0.886462800220402,0.740235322225501,1.20792945246945
1.70158546681727,2.48559614178619,1,1,1,1,43,43,43gz03,O-M,1,0.3954,0.3061,0.99911024529152,0.999777183782405,0.999665010860658,0.999630570313599,0.993533267659287,0.99911024529152,0.999777183782405,0.999665010860658,0.999630570313599,0.993533267659287,1.70158546681727,2.48559614178619
-1.37396390307781,0.592983452433965,0,0,1,0,43,43,43gz03,O-M,1,0.2673,0.5452,0.943077225778438,0.966754585016095,0.951496334847603,0.930846551753406,0.723403886716994,0.943077225778438,0.966754585016095,0.951496334847603,0.930846551753406,0.723403886716994,1.37396390307781,0.592983452433965
2.09183683911119,2.44639639676401,1,1,1,1,43,43,43gz03,O-M,1,0.2384,0.1608,0.99944914050694,0.999868006639033,0.999791061247402,0.999574328140262,0.992785386966646,0.99944914050694,0.999868006639033,0.999791061247402,0.999574328140262,0.992785386966646,2.09183683911119,2.44639639676401
0.842895219391233,1.5497022293816,1,1,1,1,43,43,43gz03,O-M,1,0.4304,0.3714,0.979441963359844,0.991922115323238,0.98888744458031,0.992632842584894,0.939393498596168,0.979441963359844,0.991922115323238,0.98888744458031,0.992632842584894,0.939393498596168,0.842895219391233,1.5497022293816
1.60389193004911,2.34594705014467,1,1,1,1,43,43,43gz03,O-M,1,0.2655,0.2024,0.998515501343777,0.999603058506213,0.999408764638202,0.999391976179546,0.990510598279801,0.998515501343777,0.999603058506213,0.999408764638202,0.999391976179546,0.990510598279801,1.60389193004911,2.34594705014467
1.12378864266742,2.48192116569036,1,1,1,1,43,43,43gz03,O-M,1,0.1961,0.2578,0.998261277269871,0.999521654176937,0.999322892878267,0.999625606672637,0.993466190891078,0.998261277269871,0.999521654176937,0.999322892878267,0.999625606672637,0.993466190891078,1.12378864266742,2.48192116569036
-0.509196398849478,-1.26900443611968,1,1,0,0,43,43,43gz03,O-M,1,0.6426,2.4403,0.397255879536967,0.354171845952665,0.282284455871304,0.352023795614354,0.102219740936635,0.602744120463033,0.645828154047335,0.717715544128696,0.647976204385646,0.897780259063365,0.509196398849478,1.26900443611968
-1.83498591103722,2.92414328922185,0,1,1,1,43,43,43gz03,O-M,1,0.3654,0.2501,0.999802970907571,0.999958601017133,0.999937302105883,0.999931434190646,0.998272971458849,0.999802970907571,0.999958601017133,0.999937302105883,0.999931434190646,0.998272971458849,1.83498591103722,2.92414328922185
-1.09372394827498,2.36922189875159,0,1,1,1,43,43,43gz03,O-M,1,0.4974,0.2106,0.997560390080369,0.99930066444797,0.999012538761831,0.999439717092939,0.991087222429984,0.997560390080369,0.99930066444797,0.999012538761831,0.999439717092939,0.991087222429984,1.09372394827498,2.36922189875159
1.82447021323366,2.34227207404884,1,1,1,1,43,43,43gz03,O-M,1,0.2765,0.2749,0.998889839674729,0.999712102953521,0.999559364890167,0.999384103404536,0.990416631521588,0.998889839674729,0.999712102953521,0.999559364890167,0.999384103404536,0.990416631521588,1.82447021323366,2.34227207404884
-1.29662590925499,2.28959741667528,0,1,1,1,43,43,43gz03,O-M,1,0.282,0.298,0.997533192055157,0.99929578772935,0.99898535919737,0.999260415180483,0.988977667554416,0.997533192055157,0.99929578772935,0.99898535919737,0.999260415180483,0.988977667554416,1.29662590925499,2.28959741667528
-1.85815136841803,0.762032352842125,0,1,1,1,43,43,43gz03,O-M,1,0.292,0.234,0.975406625859626,0.986579152449631,0.978718331216212,0.950648518832674,0.776979652467099,0.975406625859626,0.986579152449631,0.978718331216212,0.950648518832674,0.776979652467099,1.85815136841803,0.762032352842125
0.49518464471341,1.16015476322366,1,1,1,1,43,43,43gz03,O-M,1,0.9114,0.2112,0.946825167689542,0.975190723071746,0.967130428552935,0.979783451372361,0.877007099484991,0.946825167689542,0.975190723071746,0.967130428552935,0.979783451372361,0.877007099484991,0.49518464471341,1.16015476322366
0.0195576163742769,-1.55442757956245,0,0,0,1,43,43,43gz03,O-M,1,0.3974,0.3687,0.470168396603538,0.336053174769919,0.25106597328649,0.252933951366386,0.0600412294252832,0.529831603396462,0.663946825230081,0.74893402671351,0.747066048633614,0.939958770574717,0.0195576163742769,1.55442757956245
-0.908334942381171,0.214460914563519,0,1,1,1,43,43,43gz03,O-M,1,0.5983,0.2123,0.866402874511598,0.908019089232259,0.875168641497217,0.865117303978951,0.584906178241803,0.866402874511598,0.908019089232259,0.875168641497217,0.865117303978951,0.584906178241803,0.908334942381171,0.214460914563519
0.527629354416011,0.967831014208581,1,1,1,1,43,43,43gz03,O-M,1,0.5375,0.3543,0.929429309682914,0.964703025839391,0.953266154586437,0.968342508874363,0.833435614066619,0.929429309682914,0.964703025839391,0.953266154586437,0.968342508874363,0.833435614066619,0.527629354416011,0.967831014208581
1.6062770899769,1.91964982302844,1,1,1,1,43,43,43gz03,O-M,1,0.3076,0.2187,0.995718690460363,0.998651882753935,0.997979606029559,0.997513611067496,0.972548926886807,0.995718690460363,0.998651882753935,0.997979606029559,0.997513611067496,0.972548926886807,1.6062770899769,1.91964982302844
0.328027409226496,-0.552384097432917,0,0,0,1,43,43,43gz03,O-M,1,0.4406,0.283,0.550165845865884,0.606366325413129,0.540276549936872,0.631850324720789,0.290342611811565,0.449834154134116,0.393633674586871,0.459723450063128,0.368149675279211,0.709657388188435,0.328027409226496,0.552384097432917
1.29767660343,-0.434784862366371,0,0,0,1,43,43,43gz03,O-M,1,0.8873,0.4513,0.464618914811051,0.560026425345042,0.508493528984941,0.675214129782422,0.331859296825845,0.535381085188949,0.439973574654958,0.491506471015059,0.324785870217578,0.668140703174155,1.29767660343,0.434784862366371
-0.292081498573766,-1.56912748394576,1,0,0,1,43,43,43gz03,O-M,1,1.4351,0.2189,0.410410000288414,0.294875228798894,0.219775880954807,0.248256851178787,0.0583091184457617,0.589589999711586,0.705124771201106,0.780224119045193,0.751743148821214,0.941690881554238,0.292081498573766,1.56912748394576
-0.478320013482954,2.27734749635585,0,1,1,1,43,43,43gz03,O-M,1,0.3722,0.0968,0.995027672604978,0.998388179929048,0.997837537859283,0.999228545619163,0.988617258626492,0.995027672604978,0.998388179929048,0.997837537859283,0.999228545619163,0.988617258626492,0.478320013482954,2.27734749635585
-0.639498012438573,0.430059512185521,0,0,1,0,43,43,43gz03,O-M,1,0.6127,1.1622,0.868669928006235,0.918623015120921,0.892383158611918,0.906449136762585,0.666423824518839,0.868669928006235,0.918623015120921,0.892383158611918,0.906449136762585,0.666423824518839,0.639498012438573,0.430059512185521
0.201842647019604,1.47375272340112,1,1,1,1,43,43,43gz03,O-M,1,0.8241,0.5372,0.964234973284739,0.984625063717117,0.979998071955575,0.990933592022098,0.929725909216651,0.964234973284739,0.984625063717117,0.979998071955575,0.990933592022098,0.929725909216651,0.201842647019604,1.47375272340112
-1.76803806594092,0.605233372753397,0,1,1,1,43,43,43gz03,O-M,1,0.2408,0.3939,0.965785469710303,0.979699145412393,0.968309634213072,0.932461242955635,0.727488027803703,0.965785469710303,0.979699145412393,0.968309634213072,0.932461242955635,0.727488027803703,1.76803806594092,0.605233372753397
-1.12358745750779,0.301435348831486,0,1,1,1,43,43,43gz03,O-M,1,0.196,0.1786,0.898448078578161,0.932128411356777,0.90497347600011,0.883090241405191,0.618458728711444,0.898448078578161,0.932128411356777,0.90497347600011,0.883090241405191,0.618458728711444,1.12358745750779,0.301435348831486
-0.510143928135858,1.58767698237183,0,1,1,1,43,43,43gz03,O-M,1,0.4382,0.2263,0.975935294262291,0.990349119215069,0.987112848348845,0.993372045781803,0.943820299744582,0.975935294262291,0.990349119215069,0.987112848348845,0.993372045781803,0.943820299744582,0.510143928135858,1.58767698237183
0.968589880243101,0.238960755202383,1,1,1,1,43,43,43gz03,O-M,1,1.3147,0.2007,0.875892159289083,0.915258088282583,0.884013745767877,0.870361753835046,0.594431992978908,0.875892159289083,0.915258088282583,0.884013745767877,0.870361753835046,0.594431992978908,0.968589880243101,0.238960755202383
0.972281977117616,1.55705218157325,1,1,1,1,43,43,43gz03,O-M,1,0.3298,0.3122,0.981779964554533,0.992947997974228,0.990170541196255,0.992781340587036,0.940270951570739,0.981779964554533,0.992947997974228,0.990170541196255,0.992781340587036,0.940270951570739,0.972281977117616,1.55705218157325
-1.63577604693173,-2.08117415329802,1,0,0,1,43,43,43gz03,O-M,1,0.5154,0.432,0.173942691413791,0.0888707927049009,0.0611156659057796,0.116624334501746,0.018708984214595,0.826057308586209,0.911129207295099,0.93888433409422,0.883375665498255,0.981291015785405,1.63577604693173,2.08117415329802
1.29718650207498,1.75917586684388,1,1,1,1,43,43,43gz03,O-M,1,0.7957,0.0818,0.991215697082469,0.996953256802585,0.995597967400699,0.995955329704882,0.960726179015565,0.991215697082469,0.996953256802585,0.995597967400699,0.995955329704882,0.960726179015565,1.29718650207498,1.75917586684388
0.105521394045518,0.110336591848348,1,1,1,1,43,43,43gz03,O-M,1,0.2039,0.2427,0.756847910710225,0.829676321726104,0.788200777753005,0.841218566803001,0.54392878084269,0.756847910710225,0.829676321726104,0.788200777753005,0.841218566803001,0.54392878084269,0.105521394045518,0.110336591848348
0.170247446332378,-1.80432595407886,0,1,0,0,43,43,43gz03,O-M,1,0.6307,0.2968,0.422388480128056,0.250507115283664,0.175800926432562,0.180047554185746,0.03559011168528,0.577611519871944,0.749492884716336,0.824199073567438,0.819952445814254,0.96440988831472,0.170247446332378,1.80432595407886
1.30836081296953,0.673832926542215,1,1,1,1,43,43,43gz03,O-M,1,0.3772,0.0487,0.944696688146677,0.969050503542609,0.955263049504435,0.940970763060435,0.749791230604246,0.944696688146677,0.969050503542609,0.955263049504435,0.940970763060435,0.749791230604246,1.30836081296953,0.673832926542215
-1.57170346311823,-2.63242056767245,1,1,0,0,43,43,43gz03,O-M,1,0.4605,0.3787,0.168788629730347,0.0370711787606295,0.0214090477279171,0.0406424905108022,0.0042389422337754,0.831211370269653,0.962928821239371,0.978590952272083,0.959357509489198,0.995761057766225,1.57170346311823,2.63242056767245
-0.24872386536596,1.584002006276,0,1,1,1,43,43,43gz03,O-M,1,0.3431,0.2336,0.971873869047928,0.98838592974904,0.984809052041762,0.993303493316844,0.943403368729993,0.971873869047928,0.98838592974904,0.984809052041762,0.993303493316844,0.943403368729993,0.24872386536596,1.584002006276
0.865309188027672,-2.39722209753936,0,0,0,1,43,43,43gz03,O-M,1,0.4618,0.3307,0.269448834506648,0.0833254035814785,0.049752156817186,0.0657670242720755,0.0082599535019976,0.730551165493352,0.916674596418521,0.950247843182814,0.934232975727924,0.991740046498002,0.865309188027672,2.39722209753936
1.50335580542182,0.12258651216778,1,1,1,1,43,43,43gz03,O-M,1,0.6092,0.2982,0.920044620227074,0.939014487477084,0.909516575790975,0.844166079432064,0.548782732194561,0.920044620227074,0.939014487477084,0.909516575790975,0.844166079432064,0.548782732194561,1.50335580542182,0.12258651216778
0.147964171390612,2.53092084696809,1,0,1,0,43,43,43gz03,O-M,1,0.3624,0.5233,0.997027657237914,0.999054072977285,0.998755771819144,0.999686966740416,0.994311824104261,0.997027657237914,0.999054072977285,0.998755771819144,0.999686966740416,0.994311824104261,0.147964171390612,2.53092084696809
-0.276757662873343,2.88616853623161,0,1,1,1,43,43,43gz03,O-M,1,0.2586,0.248,0.999045098714815,0.999728638954899,0.999639100181906,0.99992009579922,0.998050183643471,0.999045098714815,0.999728638954899,0.999639100181906,0.99992009579922,0.998050183643471,0.276757662873343,2.88616853623161
-1.44414641711727,2.18669808599205,0,1,1,1,43,43,43gz03,O-M,1,0.247,0.2436,0.997266847362657,0.999207571372491,0.998838993971764,0.998950448316487,0.985617714281613,0.997266847362657,0.999207571372491,0.998838993971764,0.998950448316487,0.985617714281613,1.44414641711727,2.18669808599205
-0.472569490917337,0.15688628906219,0,1,1,1,43,43,43gz03,O-M,1,0.5034,0.2402,0.808144364861162,0.866981733745802,0.828578061303216,0.852226032421833,0.562332767107174,0.808144364861162,0.866981733745802,0.828578061303216,0.852226032421833,0.562332767107174,0.472569490917337,0.15688628906219
-1.64655827674226,0.229160818946838,0,1,1,1,43,43,43gz03,O-M,1,0.2878,0.843,0.939396399580118,0.955752220896888,0.932504709238697,0.868281175178177,0.590628037885526,0.939396399580118,0.955752220896888,0.932504709238697,0.868281175178177,0.590628037885526,1.64655827674226,0.229160818946838
-1.31861512338375,0.94823114169749,0,1,1,1,43,43,43gz03,O-M,1,0.3142,0.2094,0.96250576261703,0.981614082713917,0.97334468305417,0.966922591334105,0.828494101658518,0.96250576261703,0.981614082713917,0.97334468305417,0.966922591334105,0.828494101658518,1.31861512338375,0.94823114169749
1.72396676203004,1.4223030580595,1,1,1,1,43,43,43gz03,O-M,1,0.2663,0.2957,0.989660708041873,0.99599412292591,0.993852229204427,0.989595859886524,0.922530854238645,0.989660708041873,0.99599412292591,0.993852229204427,0.989595859886524,0.922530854238645,1.72396676203004,1.4223030580595
-0.315835077580604,2.88494354419967,0,1,1,1,43,43,43gz03,O-M,1,0.2496,0.1602,0.999061198104732,0.999734999845064,0.999646715749124,0.999919702199581,0.998042580705766,0.999061198104732,0.999734999845064,0.999646715749124,0.999919702199581,0.998042580705766,0.315835077580604,2.88494354419967
-1.97665787606288,1.15035482696812,0,1,1,1,43,43,43gz03,O-M,1,0.3003,0.2196,0.988494658184907,0.994918345357823,0.991816646824505,0.979299770148819,0.875001121196701,0.988494658184907,0.994918345357823,0.991816646824505,0.979299770148819,0.875001121196701,1.97665787606288,1.15035482696812
1.26186653108957,2.01887417761584,1,1,1,1,43,43,43gz03,O-M,1,0.5628,0.2103,0.994951942388255,0.998405930026045,0.997708386156766,0.99818135285578,0.978249850625599,0.994951942388255,0.998405930026045,0.997708386156766,0.99818135285578,0.978249850625599,1.26186653108957,2.01887417761584
1.20707319959787,1.71875112978976,1,1,1,1,43,43,43gz03,O-M,1,0.197,0.2724,0.989489693454965,0.996262510779358,0.994654728276998,0.99544493144681,0.957170151201587,0.989489693454965,0.996262510779358,0.994654728276998,0.99544493144681,0.957170151201587,1.20707319959787,1.71875112978976
0.709849038214002,2.2675475601003,1,1,1,1,43,43,43gz03,O-M,1,0.1902,0.0836,0.995622833836568,0.998625785654654,0.998123368172165,0.999202144558098,0.988321601506266,0.995622833836568,0.998625785654654,0.998123368172165,0.999202144558098,0.988321601506266,0.709849038214002,2.2675475601003
-0.0915320240978708,-1.92682515727318,1,1,0,0,43,43,43gz03,O-M,1,0.168,0.2421,0.434948292998907,0.232000284640316,0.157333066219996,0.149708812795456,0.027000711583823,0.565051707001093,0.767999715359684,0.842666933780004,0.850291187204544,0.972999288416177,0.0915320240978708,1.92682515727318
0.216382320551988,-0.543809153209315,0,0,0,1,43,43,43gz03,O-M,1,0.3091,0.3231,0.569356686797298,0.621643444972835,0.554488988942025,0.635077951897824,0.293286404725291,0.430643313202702,0.378356555027165,0.445511011057975,0.364922048102176,0.706713595274709,0.216382320551988,0.543809153209315
-2.07490686103339,0.536633818964578,0,1,1,1,43,43,43gz03,O-M,1,0.2663,0.2233,0.97677235838332,0.985188895973444,0.975340332533808,0.923033479925165,0.704239710580612,0.97677235838332,0.985188895973444,0.975340332533808,0.923033479925165,0.704239710580612,2.07490686103339,0.536633818964578
0.627315970027929,2.04459901028664,1,1,1,1,43,43,43gz03,O-M,1,0.6355,0.314,0.991882982441707,0.997235774366389,0.996255550775095,0.998325482768925,0.979552796417286,0.991882982441707,0.997235774366389,0.996255550775095,0.998325482768925,0.979552796417286,0.627315970027929,2.04459901028664
-0.803126518169313,1.01928067955019,0,1,1,1,43,43,43gz03,O-M,1,0.6522,0.339,0.946116490702924,0.973954222529804,0.964521961359508,0.971831701165588,0.845965133188679,0.946116490702924,0.973954222529804,0.964521961359508,0.971831701165588,0.845965133188679,0.803126518169313,1.01928067955019
1.15518780281264,2.50887099039311,1,1,1,1,43,43,43gz03,O-M,1,1.3085,0.3472,0.998436148800439,0.999575639160685,0.999397621817841,0.999660614113415,0.9939441145043,0.998436148800439,0.999575639160685,0.999397621817841,0.999660614113415,0.9939441145043,1.15518780281264,2.50887099039311
-1.23846721512546,1.42352805009145,0,1,1,1,43,43,43gz03,O-M,1,0.2641,0.3384,0.981624654409857,0.992667951754229,0.989473266250174,0.989629608728588,0.922708431681631,0.981624654409857,0.992667951754229,0.989473266250174,0.989629608728588,0.922708431681631,1.23846721512546,1.42352805009145
-0.447476301540099,-0.079537173102846,1,0,0,1,43,43,43gz03,O-M,1,1.1874,0.4229,0.649653955730124,0.739101021743446,0.690846116222078,0.790916356215898,0.46830268269708,0.350346044269876,0.260898978256554,0.309153883777922,0.209083643784102,0.53169731730292,0.447476301540099,0.079537173102846
-0.599342374750259,1.29612887876936,0,1,1,1,43,43,43gz03,O-M,1,0.7236,0.2743,0.960576951172467,0.98263396848461,0.976722559048771,0.985565507256587,0.902534456441451,0.960576951172467,0.98263396848461,0.976722559048771,0.985565507256587,0.902534456441451,0.599342374750259,1.29612887876936
-1.69020997076308,0.615033309008942,0,1,1,1,43,43,43gz03,O-M,1,0.2595,0.2902,0.962379588981006,0.977923383480931,0.966033913053719,0.933731893423551,0.730733638372093,0.962379588981006,0.977923383480931,0.966033913053719,0.933731893423551,0.730733638372093,1.69020997076308,0.615033309008942
1.98166205450175,1.63667666364956,1,1,1,1,43,43,43gz03,O-M,1,0.2781,0.2315,0.995356443629834,0.99839744855024,0.997448009675909,0.994228549074281,0.949150976236362,0.995356443629834,0.99839744855024,0.997448009675909,0.994228549074281,0.949150976236362,1.98166205450175,1.63667666364956
0.848155640601825,0.943331173569717,1,1,1,1,43,43,43gz03,O-M,1,0.331,0.8984,0.941642252878417,0.970958778722994,0.960292423520965,0.966559528407056,0.827244232262405,0.941642252878417,0.970958778722994,0.960292423520965,0.966559528407056,0.827244232262405,0.848155640601825,0.943331173569717
1.92726080409407,2.32389719356969,1,1,1,1,43,43,43gz03,O-M,1,0.2664,0.3756,0.998999645488405,0.999742452335131,0.999600237486486,0.999343308353165,0.989934497639569,0.998999645488405,0.999742452335131,0.999600237486486,0.999343308353165,0.989934497639569,1.92726080409407,2.32389719356969
2.22834781507812,-1.85860879634939,0,0,0,1,43,43,43gz04,M-O,1,0.8784,0.4867,0.133055126680706,0.101265970549963,0.0759314405616244,0.166156189231239,0.0315413046827893,0.866944873319294,0.898734029450037,0.924068559438376,0.833843810768761,0.968458695317211,2.22834781507812,1.85860879634939
2.83594386292194,0.452023052047614,1,1,1,1,43,43,43gz04,M-O,1,0.2709,0.6863,0.994401356760052,0.99560762178951,0.990942124403773,0.910066577666218,0.674373812128087,0.994401356760052,0.99560762178951,0.990942124403773,0.910066577666218,0.674373812128087,2.83594386292194,0.452023052047614
-0.673658308595293,1.01145741209588,0,1,1,1,43,43,43gz04,M-O,1,0.3347,0.375,0.940052519492782,0.970742908415777,0.960680656173441,0.971322753886703,0.844101222695381,0.940052519492782,0.970742908415777,0.960680656173441,0.971322753886703,0.844101222695381,0.673658308595293,1.01145741209588
-0.786357575534066,1.28385574521832,0,1,1,1,43,43,43gz04,M-O,1,0.2905,0.5982,0.964713310161244,0.984610151640797,0.979001109047714,0.985109759480021,0.900403782867966,0.964713310161244,0.984610151640797,0.979001109047714,0.985109759480021,0.900403782867966,0.786357575534066,1.28385574521832
-0.954181483910283,1.28823398398987,0,1,1,1,43,43,43gz04,M-O,1,0.26,0.3928,0.969383482717363,0.98683016287383,0.98171120039133,0.98527373991844,0.901167737272719,0.969383482717363,0.98683016287383,0.98171120039133,0.98527373991844,0.901167737272719,0.954181483910283,1.28823398398987
-1.89130038834682,0.979764191137652,0,1,1,1,43,43,43gz04,M-O,1,0.2539,0.4957,0.982828294552969,0.991690981788991,0.986785333346885,0.969182072088602,0.83639873408236,0.982828294552969,0.991690981788991,0.986785333346885,0.969182072088602,0.83639873408236,1.89130038834682,0.979764191137652
-1.78595107359971,1.57945220914524,0,1,1,1,43,43,43gz04,M-O,1,0.322,0.1981,0.993007903457543,0.997490616513257,0.99612207610514,0.993217754425945,0.942883814930738,0.993007903457543,0.997490616513257,0.99612207610514,0.993217754425945,0.942883814930738,1.78595107359971,1.57945220914524
-0.340460475906745,1.4969844878065,0,1,1,1,43,43,43gz04,M-O,1,0.1806,0.1209,0.96820199949234,0.986622706284129,0.982404505743135,0.991486554998623,0.932801352794642,0.96820199949234,0.986622706284129,0.982404505743135,0.991486554998623,0.932801352794642,0.340460475906745,1.4969844878065
-0.390685149216416,-1.96146473405713,1,0,0,1,43,43,43gz04,M-O,1,0.686,0.3843,0.368955131584234,0.19002031497883,0.128017595106126,0.141787567261879,0.0249124174940101,0.631044868415766,0.80997968502117,0.871982404893874,0.858212432738121,0.97508758250599,0.390685149216416,1.96146473405713
1.90004995051735,-0.181481959456642,0,0,0,1,43,43,43gz04,M-O,1,0.2284,1.3562,0.50343224061031,0.614309961858177,0.573266455157418,0.760421825604157,0.427994646148769,0.49656775938969,0.385690038141823,0.426733544842582,0.239578174395843,0.572005353851231,1.90004995051735,0.181481959456642
0.51825893848543,1.3184895743067,1,1,1,1,43,43,43gz04,M-O,1,0.3053,0.2816,0.960079137658966,0.982438419074206,0.976623287434591,0.98636501962519,0.906330093578859,0.960079137658966,0.982438419074206,0.976623287434591,0.98636501962519,0.906330093578859,0.51825893848543,1.3184895743067
2.70486971550402,0.342305695369534,1,1,1,1,43,43,43gz04,M-O,1,0.6082,0.9268,0.991509524580604,0.992960553916115,0.986011240622983,0.890922280909529,0.633939575047684,0.991509524580604,0.992960553916115,0.986011240622983,0.890922280909529,0.633939575047684,2.70486971550402,0.342305695369534
0.0282621257081547,-1.2440870439964,0,1,0,0,43,43,43gz04,M-O,1,0.3893,0.4312,0.494626789254461,0.425191705662239,0.339688516798159,0.361315410819331,0.106733764426636,0.505373210745539,0.574808294337761,0.660311483201841,0.638684589180669,0.893266235573363,0.0282621257081547,1.2440870439964
-2.02482451982863,1.3218876103682,0,1,1,1,43,43,43gz04,M-O,1,0.4201,0.1986,0.992063898599045,0.996800368041978,0.99482325290045,0.98648310941209,0.906897210662586,0.992063898599045,0.996800368041978,0.99482325290045,0.98648310941209,0.906897210662586,2.02482451982863,1.3218876103682
-2.69979512942933,2.01466221240671,0,1,1,1,43,43,43gz04,M-O,1,0.2107,0.2544,0.999484648594405,0.999859266087453,0.999747393740396,0.998156707355918,0.978029972950105,0.999484648594405,0.999859266087453,0.999747393740396,0.998156707355918,0.978029972950105,2.69979512942933,2.01466221240671
2.64852008203464,1.79686117023397,1,1,1,1,43,43,43gz04,M-O,1,0.1254,0.5358,0.999050288864268,0.999707899305703,0.999474619662159,0.996384380720541,0.963821168815347,0.999050288864268,0.999707899305703,0.999474619662159,0.996384380720541,0.963821168815347,2.64852008203464,1.79686117023397
2.14014838877821,1.03949120960327,1,1,1,1,43,43,43gz04,M-O,1,0.1589,0.3041,0.989496261514386,0.995046342023598,0.99173677588287,0.973111798297889,0.850711827913626,0.989496261514386,0.995046342023598,0.99173677588287,0.973111798297889,0.850711827913626,2.14014838877821,1.03949120960327
0.329610165566179,-2.10764563154901,0,0,0,1,43,43,43gz04,M-O,1,0.2581,0.6883,0.3769032695769,0.16736045037336,0.107822256594423,0.111516337799409,0.0175308266858974,0.6230967304231,0.83263954962664,0.892177743405577,0.888483662200591,0.982469173314103,0.329610165566179,2.10764563154901
1.59747691862738,0.0632419838187656,1,1,1,1,43,43,43gz04,M-O,1,0.2553,0.5089,0.925115734269334,0.940050358552199,0.909552191768609,0.829548880491321,0.525213093290965,0.925115734269334,0.940050358552199,0.909552191768609,0.829548880491321,0.525213093290965,1.59747691862738,0.0632419838187656
-2.9117187509555,1.85756839140963,0,1,1,1,43,43,43gz04,M-O,1,0.2276,0.408,0.999546156834333,0.999866181460402,0.999745068151939,0.996990187565712,0.968384834664423,0.999546156834333,0.999866181460402,0.999745068151939,0.996990187565712,0.968384834664423,2.9117187509555,1.85756839140963
2.59462043262914,1.35057487634895,1,1,1,1,43,43,43gz04,M-O,1,0.1622,0.3646,0.997394490433828,0.998962517446153,0.998108224844897,0.987445347947597,0.911584173370776,0.997394490433828,0.998962517446153,0.998108224844897,0.987445347947597,0.911584173370776,2.59462043262914,1.35057487634895
-1.64997695805401,-1.58601442268494,1,0,0,1,43,43,43gz04,M-O,1,0.1477,0.3188,0.204203559975845,0.17654620894111,0.136313507151345,0.242941343496291,0.0563680189428469,0.795796440024155,0.82345379105889,0.863686492848655,0.757058656503709,0.943631981057153,1.64997695805401,1.58601442268494
-0.320860603395654,1.73484701211157,0,1,1,1,43,43,43gz04,M-O,1,0.3201,0.3445,0.980205869779216,0.992271359539402,0.989812893689481,0.995654671569427,0.958616046664582,0.980205869779216,0.992271359539402,0.989812893689481,0.995654671569427,0.958616046664582,0.320860603395654,1.73484701211157
-1.02523102176299,1.67610019635601,0,1,1,1,43,43,43gz04,M-O,1,0.502,0.4875,0.986350780499601,0.994974055829476,0.992952360308976,0.994844810755442,0.953140715843611,0.986350780499601,0.994974055829476,0.992952360308976,0.994844810755442,0.953140715843611,1.02523102176299,1.67610019635601
-1.02768100582687,1.98434127524255,0,1,1,1,43,43,43gz04,M-O,1,0.2657,0.3292,0.993138122170397,0.997739601740134,0.996827610399586,0.997970137645458,0.976391096100872,0.993138122170397,0.997739601740134,0.996827610399586,0.997970137645458,0.976391096100872,1.02768100582687,1.98434127524255
0.230385810978781,1.64254459024869,1,1,1,1,43,43,43gz04,M-O,1,0.4455,0.4463,0.974797432596652,0.989763573888287,0.986616343199262,0.994324231124021,0.949761403421468,0.974797432596652,0.989763573888287,0.986616343199262,0.994324231124021,0.949761403421468,0.230385810978781,1.64254459024869
0.765707328937955,-0.185794851380855,0,1,0,0,43,43,43gz04,M-O,1,0.2775,0.4533,0.587220762298725,0.682733382507122,0.632654041662996,0.759080307320601,0.426302821119699,0.412779237701275,0.317266617492878,0.367345958337004,0.240919692679399,0.573697178880301,0.765707328937955,0.185794851380855
-2.49644645212676,0.278298458403376,0,1,1,1,43,43,43gz04,M-O,1,0.2552,0.4311,0.985895352633092,0.988342691330467,0.978213215228973,0.878483745743188,0.609608370294629,0.985895352633092,0.988342691330467,0.978213215228973,0.878483745743188,0.609608370294629,2.49644645212676,0.278298458403376
-2.21592327681177,0.623493179458741,0,1,1,1,43,43,43gz04,M-O,1,0.1866,0.3918,0.983574539054852,0.989923350343243,0.982699364804772,0.934813833525615,0.733519758535892,0.983574539054852,0.989923350343243,0.982699364804772,0.934813833525615,0.733519758535892,2.21592327681177,0.623493179458741
0.262235603809304,-1.22696616999422,0,0,0,1,43,43,43gz04,M-O,1,0.5531,0.5432,0.448544344799423,0.397555321261242,0.318759484836097,0.367747877073835,0.109917653154138,0.551455655200577,0.602444678738758,0.681240515163903,0.632252122926165,0.890082346845862,0.262235603809304,1.22696616999422
2.4488463808279,1.831233611933,1,1,1,1,43,43,43gz04,M-O,1,0.4617,0.4166,0.998666895741873,0.999593558022688,0.999300265031371,0.996739610793187,0.966467159080847,0.998666895741873,0.999593558022688,0.999300265031371,0.996739610793187,0.966467159080847,2.4488463808279,1.831233611933
2.30307232902666,-2.03687499588352,0,0,0,1,43,43,43gz04,M-O,1,0.7356,0.5766,0.118192014437753,0.0743588404034767,0.053850587642005,0.125539419016234,0.0208312852034048,0.881807985562247,0.925641159596523,0.946149412357995,0.874460580983766,0.979168714796595,2.30307232902666,2.03687499588352
0.969056006240524,1.29617362594126,1,1,1,1,43,43,43gz04,M-O,1,0.3389,0.8731,0.970188812040899,0.987230259982669,0.982236864545355,0.98556714666629,0.902542163107518,0.970188812040899,0.987230259982669,0.982236864545355,0.98556714666629,0.902542163107518,0.969056006240524,1.29617362594126
-1.64017702179847,1.69139135863276,0,1,1,1,43,43,43gz04,M-O,1,0.299,0.3283,0.993225510521056,0.997661352216808,0.996468303440746,0.995067609877204,0.95461895919021,0.993225510521056,0.997661352216808,0.996468303440746,0.995067609877204,0.95461895919021,1.64017702179847,1.69139135863276
-2.61772066328913,1.59575624755571,0,1,1,1,43,43,43gz04,M-O,1,0.269,0.3449,0.998449464000853,0.999465859797595,0.999034502206759,0.993520577980532,0.944728387436851,0.998449464000853,0.999465859797595,0.999034502206759,0.993520577980532,0.944728387436851,2.61772066328913,1.59575624755571
0.415359607802202,0.0460230895455827,1,1,1,1,43,43,43gz04,M-O,1,0.2054,0.4198,0.781563963670136,0.841682601736851,0.797951184130558,0.825148407033835,0.518354076695075,0.781563963670136,0.841682601736851,0.797951184130558,0.825148407033835,0.518354076695075,0.415359607802202,0.0460230895455827
2.00294928120058,-1.6838059797241,0,0,0,1,43,43,43gz04,M-O,1,0.3535,0.5219,0.163221102245403,0.139807252078291,0.107458053289898,0.213404518285334,0.0461095856015071,0.836778897754597,0.860192747921709,0.892541946710102,0.786595481714666,0.953890414398493,2.00294928120058,1.6838059797241
-1.9843997827745,2.01306121464697,0,1,1,1,43,43,43gz04,M-O,1,0.2721,0.3034,0.997994699133866,0.999416927753025,0.999080279717385,0.998147260055186,0.977945905066869,0.997994699133866,0.999416927753025,0.999080279717385,0.998147260055186,0.977945905066869,1.9843997827745,2.01306121464697
0.216910898627406,1.45414962937739,1,1,1,1,43,43,43gz04,M-O,1,0.4832,0.3657,0.963151786638171,0.984082828809518,0.9792767343782,0.990442784093629,0.92704758673522,0.963151786638171,0.984082828809518,0.9792767343782,0.990442784093629,0.92704758673522,0.216910898627406,1.45414962937739
-1.4368283444959,0.730694682514363,0,1,1,1,43,43,43gz04,M-O,1,0.1779,0.4003,0.955444085506196,0.97569124615181,0.964161944200357,0.947366326426274,0.767517167874634,0.955444085506196,0.97569124615181,0.964161944200357,0.947366326426274,0.767517167874634,1.4368283444959,0.730694682514363
-2.17672353178959,-0.920587476256775,1,1,0,0,43,43,43gz04,M-O,1,0.2059,0.497,0.267916284219488,0.335695576001072,0.292566392511093,0.487457168644758,0.178632921599084,0.732083715780512,0.664304423998928,0.707433607488907,0.512542831355242,0.821367078400916,2.17672353178959,0.920587476256775
2.88739352826356,0.829956543618594,1,1,1,1,43,43,43gz04,M-O,1,0.25,0.3368,0.996906022737243,0.998185728602537,0.996288257958926,0.957201792217333,0.796718323071149,0.996906022737243,0.998185728602537,0.996288257958926,0.957201792217333,0.796718323071149,2.88739352826356,0.829956543618594
-1.41232850385704,1.03102879287318,0,1,1,1,43,43,43gz04,M-O,1,0.1563,0.4082,0.970184335898915,0.985959532741677,0.979369587097343,0.972581840208344,0.848736341123181,0.970184335898915,0.985959532741677,0.979369587097343,0.972581840208344,0.848736341123181,1.41232850385704,1.03102879287318
1.31817873534433,0.223505126911673,1,1,1,1,43,43,43gz04,M-O,1,0.1625,0.3605,0.90998108624332,0.936416640433777,0.90844917054417,0.867070011064561,0.588428803324867,0.90998108624332,0.936416640433777,0.90844917054417,0.867070011064561,0.588428803324867,1.31817873534433,0.223505126911673
1.08053028114735,1.65914268947217,1,1,1,1,43,43,43gz04,M-O,1,0.2305,0.3267,0.986549581835364,0.995043632466933,0.993009483754964,0.994587296816016,0.951456478600967,0.986549581835364,0.995043632466933,0.993009483754964,0.994587296816016,0.951456478600967,1.08053028114735,1.65914268947217
1.87555010987848,0.527106579637319,1,1,1,1,43,43,43gz04,M-O,1,0.3102,0.6836,0.96786165285961,0.979843892772768,0.967842955937032,0.921648643030052,0.700940211069843,0.96786165285961,0.979843892772768,0.967842955937032,0.921648643030052,0.700940211069843,1.87555010987848,0.527106579637319
-2.4437717947532,1.99884827535127,0,1,1,1,43,43,43gz04,M-O,1,0.2572,0.3595,0.999083907331317,0.999743099192714,0.999561680101081,0.998061441192044,0.97718761366625,0.999083907331317,0.999743099192714,0.999561680101081,0.998061441192044,0.97718761366625,2.4437717947532,1.99884827535127
-2.16079863537432,1.21527422893861,0,1,1,1,43,43,43gz04,M-O,1,0.3634,0.649,0.992386262630126,0.996749335160887,0.994584047600662,0.982328925955447,0.887869241198766,0.992386262630126,0.996749335160887,0.994584047600662,0.982328925955447,0.887869241198766,2.16079863537432,1.21527422893861
-2.15467367521461,1.14300061578437,0,1,1,1,43,43,43gz04,M-O,1,0.2441,0.2624,0.991317847863937,0.996139733104034,0.993561632164536,0.978930393888008,0.8734808323047,0.991317847863937,0.996139733104034,0.993561632164536,0.978930393888008,0.8734808323047,2.15467367521461,1.14300061578437
0.842881826950375,0.986527589836986,1,1,1,1,43,43,43gz04,M-O,1,0.2183,0.3524,0.94506951216666,0.973140844093455,0.963274301438258,0.969649673351591,0.838062858337183,0.94506951216666,0.973140844093455,0.963274301438258,0.969649673351591,0.838062858337183,0.842881826950375,0.986527589836986
-0.387010173120586,0.593008875176237,0,1,1,1,43,43,43gz04,M-O,1,0.3327,0.3115,0.872495315588664,0.925935059616028,0.904063724629256,0.930849933318744,0.723412393666174,0.872495315588664,0.925935059616028,0.904063724629256,0.930849933318744,0.723412393666174,0.387010173120586,0.593008875176237
-1.6352770536707,0.137639369511436,0,1,1,1,43,43,43gz04,M-O,1,0.2572,0.1346,0.933105507177856,0.94849486520814,0.921660979608698,0.84773830662895,0.554737280369388,0.933105507177856,0.94849486520814,0.921660979608698,0.84773830662895,0.554737280369388,1.6352770536707,0.137639369511436
2.37902183500713,0.551775014506869,1,1,1,1,43,43,43gz04,M-O,1,0.1881,0.5049,0.98675884715555,0.991268462648416,0.984350289813593,0.92519594684298,0.709448746167693,0.98675884715555,0.991268462648416,0.984350289813593,0.92519594684298,0.709448746167693,2.37902183500713,0.551775014506869
0.708132703436625,0.638490280922481,1,1,1,1,43,43,43gz04,M-O,1,0.247,0.3027,0.901837999431848,0.944321662286675,0.92544381867947,0.936698078691764,0.738422710628262,0.901837999431848,0.944321662286675,0.92544381867947,0.936698078691764,0.738422710628262,0.708132703436625,0.638490280922481
-2.63732053580022,1.23981197011348,0,1,1,1,43,43,43gz04,M-O,1,0.2631,0.3766,0.9971081992471,0.998763852305535,0.997707220645648,0.983370968832842,0.892477525135479,0.9971081992471,0.998763852305535,0.997707220645648,0.983370968832842,0.892477525135479,2.63732053580022,1.23981197011348
-2.1914234361729,-1.02416222928522,1,1,0,0,43,43,43gz04,M-O,1,0.1766,0.4066,0.244014565143193,0.301315747295158,0.259310983066972,0.446297971311057,0.15287932783269,0.755985434856807,0.698684252704842,0.740689016933028,0.553702028688943,0.84712067216731,2.1914234361729,1.02416222928522
-0.0648372687195277,-1.91209519089436,1,0,0,1,43,43,43gz04,M-O,1,0.35,0.6156,0.441594177291417,0.238832675415659,0.162636765907229,0.15316500782917,0.0279319927917749,0.558405822708583,0.761167324584341,0.837363234092771,0.84683499217083,0.972068007208225,0.0648372687195277,1.91209519089436
-0.563409025720406,-0.813026565540802,1,0,0,1,43,43,43gz04,M-O,1,0.1715,0.5611,0.459900866726025,0.494379571177763,0.425847363992446,0.530336401019598,0.208101413617844,0.540099133273975,0.505620428822237,0.574152636007554,0.469663598980402,0.791898586382156,0.563409025720406,0.813026565540802
0.928631269186399,-1.50821900093077,0,0,0,1,43,43,43gz04,M-O,1,0.5667,0.4096,0.302041465653365,0.244434354684668,0.187067102362635,0.267932842900958,0.0657492428980775,0.697958534346635,0.755565645315332,0.812932897637365,0.732067157099042,0.934250757101923,0.928631269186399,1.50821900093077
2.92046831312602,0.239972532440485,1,1,1,1,43,43,43gz04,M-O,1,0.2339,0.3141,0.994305502746953,0.994494548371585,0.988166475999361,0.870575255868923,0.594824224780259,0.994305502746953,0.994494548371585,0.988166475999361,0.870575255868923,0.594824224780259,2.92046831312602,0.239972532440485
-1.27757938034328,1.01243761480593,0,1,1,1,43,43,43gz04,M-O,1,0.5315,0.375,0.964457157827415,0.983068520263446,0.975586081029282,0.971386937642222,0.844335569474417,0.964457157827415,0.983068520263446,0.975586081029282,0.971386937642222,0.844335569474417,1.27757938034328,1.01243761480593
-0.401710077503905,0.376318729408212,0,1,1,1,43,43,43gz04,M-O,1,0.2958,0.2883,0.838480806050901,0.897792333638711,0.868263594152331,0.897146905528835,0.646660021547213,0.838480806050901,0.897792333638711,0.868263594152331,0.897146905528835,0.646660021547213,0.401710077503905,0.376318729408212
0.493759097846567,1.89854086468965,1,1,1,1,43,43,43gz04,M-O,1,0.1799,0.3611,0.987532270064718,0.995474265374196,0.993942542348996,0.997345676449056,0.971187565027063,0.987532270064718,0.995474265374196,0.993942542348996,0.997345676449056,0.971187565027063,0.493759097846567,1.89854086468965
-1.93417510946483,1.85171984857301,0,1,1,1,43,43,43gz04,M-O,1,0.2602,0.2865,0.996850041205101,0.999011983615525,0.998447040542914,0.996936087400503,0.967966968851425,0.996850041205101,0.999011983615525,0.998447040542914,0.996936087400503,0.967966968851425,1.93417510946483,1.85171984857301
1.65627653616065,0.331131384474983,1,1,1,1,43,43,43gz04,M-O,1,0.3066,0.4242,0.945879697352116,0.962747452852914,0.943041128533064,0.888819387043685,0.62972737688606,0.945879697352116,0.962747452852914,0.943041128533064,0.888819387043685,0.62972737688606,1.65627653616065,0.331131384474983
0.714257663596341,-2.0034174100472,0,1,0,0,43,43,43gz04,M-O,1,0.3137,0.447,0.305710198305997,0.1525574315283,0.102436372962691,0.132580543349584,0.0225662521437982,0.694289801694003,0.8474425684717,0.89756362703731,0.867419456650416,0.977433747856202,0.714257663596341,2.0034174100472
-2.38252219315604,-2.04491265810591,1,0,0,1,43,43,43gz04,M-O,1,0.7236,0.3597,0.112501085553798,0.0715022221091123,0.0519365917935101,0.123887505085261,0.0204317348764732,0.887498914446202,0.928497777890888,0.94806340820649,0.876112494914739,0.979568265123527,2.38252219315604,2.04491265810591
-0.489909503803814,1.10519746460017,0,1,1,1,43,43,43gz04,M-O,1,0.3059,0.2785,0.94164513388202,0.972210672711621,0.963236458204584,0.976942519729283,0.865462982376433,0.94164513388202,0.972210672711621,0.963236458204584,0.976942519729283,0.865462982376433,0.489909503803814,1.10519746460017
0.986205894687728,1.12035793318226,1,1,1,1,43,43,43gz04,M-O,1,0.173,0.2867,0.96043056655037,0.981814105471633,0.974692471124555,0.97775793330467,0.868719368188774,0.96043056655037,0.981814105471633,0.974692471124555,0.97775793330467,0.868719368188774,0.986205894687728,1.12035793318226
-2.01012461544531,2.0711218885055,0,1,1,1,43,43,43gz04,M-O,1,0.4103,0.328,0.998326529055951,0.999526760163309,0.99925179272485,0.998463122236823,0.980826296589795,0.998326529055951,0.999526760163309,0.99925179272485,0.998463122236823,0.980826296589795,2.01012461544531,2.0711218885055
-1.64752697399013,0.688415272287611,0,1,1,1,43,43,43gz04,M-O,1,0.3205,0.3683,0.963688011731454,0.979586720106424,0.968839574610073,0.942666331622141,0.754404345444724,0.963688011731454,0.979586720106424,0.968839574610073,0.942666331622141,0.754404345444724,1.64752697399013,0.688415272287611
0.668932958414443,0.15750481110175,1,1,1,1,43,43,43gz04,M-O,1,0.0734,0.366,0.831243103467025,0.882155994935684,0.844886403645343,0.852368766467243,0.562576491745325,0.831243103467025,0.882155994935684,0.844886403645343,0.852368766467243,0.562576491745325,0.668932958414443,0.15750481110175
-2.61894565532108,1.66087438092659,0,1,1,1,43,43,43gz04,M-O,1,0.2222,0.305,0.998646650468551,0.999550743129912,0.999190799126927,0.994614108336284,0.951630660725903,0.998646650468551,0.999550743129912,0.999190799126927,0.994614108336284,0.951630660725903,2.61894565532108,1.66087438092659
2.10217363578797,0.617873350587797,1,1,1,1,43,43,43gz04,M-O,1,0.3317,0.3766,0.979864061681271,0.987768474501391,0.979542711796865,0.934096648861678,0.731670586457898,0.979864061681271,0.987768474501391,0.979542711796865,0.934096648861678,0.731670586457898,2.10217363578797,0.617873350587797
1.46150280308169,0.0515122247218535,1,1,1,1,43,43,43gz04,M-O,1,0.1225,0.3353,0.910711271222127,0.92944925058991,0.896222985030851,0.82655897818646,0.520541319567203,0.910711271222127,0.92944925058991,0.896222985030851,0.82655897818646,0.520541319567203,1.46150280308169,0.0515122247218535
-1.28492933253494,1.31835888061202,0,1,1,1,43,43,43gz04,M-O,1,0.2433,0.3433,0.978771515151993,0.991172615567376,0.987252953058729,0.986360459986674,0.906308230558919,0.978771515151993,0.991172615567376,0.987252953058729,0.986360459986674,0.906308230558919,1.28492933253494,1.31835888061202
-2.88109395015692,1.11761336559412,0,1,1,1,43,43,43gz04,M-O,1,0.2935,0.3049,0.997962523246728,0.999034942291062,0.998070478471612,0.977612145416264,0.868133921036214,0.997962523246728,0.999034942291062,0.998070478471612,0.977612145416264,0.868133921036214,2.88109395015692,1.11761336559412
0.483959161591021,2.1022269878377,1,1,1,1,43,43,43gz04,M-O,1,0.1047,0.2544,0.992265624186723,0.997360682912665,0.99646294614045,0.998611351950795,0.98223330160413,0.992265624186723,0.997360682912665,0.99646294614045,0.998611351950795,0.98223330160413,0.483959161591021,2.1022269878377
1.52642738077467,0.464765687278243,1,1,1,1,43,43,43gz04,M-O,1,0.3288,0.3846,0.944677677010531,0.965118659659606,0.947870203411449,0.912117097261052,0.678950368811359,0.944677677010531,0.965118659659606,0.947870203411449,0.912117097261052,0.678950368811359,1.52642738077467,0.464765687278243
-0.865982057610374,0.809143572741901,0,1,1,1,43,43,43gz04,M-O,1,0.3481,0.2697,0.93031720510951,0.963331392567914,0.949867418861799,0.955273069275785,0.790783716218047,0.93031720510951,0.963331392567914,0.949867418861799,0.955273069275785,0.790783716218047,0.865982057610374,0.809143572741901
-1.1134304480629,-0.700531967850918,1,1,0,0,43,43,43gz04,M-O,1,0.2184,0.3521,0.411926878514928,0.480577194711368,0.422646119338228,0.574800796262866,0.24179757410083,0.588073121485072,0.519422805288632,0.577353880661772,0.425199203737134,0.75820242589917,1.1134304480629,0.700531967850918
-0.0489123723042663,-0.825083058874396,1,1,0,0,43,43,43gz04,M-O,1,0.2555,0.0546,0.546117488055361,0.553504996720127,0.475422973019037,0.52553838401694,0.204662218518659,0.453882511944639,0.446495003279873,0.524577026980963,0.47446161598306,0.795337781481341,0.0489123723042663,0.825083058874396
-0.249811065542949,0.0878450718409794,0,1,1,1,43,43,43gz04,M-O,1,0.2412,0.3285,0.769044547316897,0.836327434563267,0.794066618967129,0.835712243188123,0.535000092971185,0.769044547316897,0.836327434563267,0.794066618967129,0.835712243188123,0.535000092971185,0.249811065542949,0.0878450718409794
2.65464504219435,1.78983638414529,1,1,1,1,43,43,43gz04,M-O,1,0.2586,0.3615,0.999048308564721,0.999706226891651,0.999470670184257,0.99630764282563,0.96325989091505,0.999048308564721,0.999706226891651,0.999470670184257,0.99630764282563,0.96325989091505,2.65464504219435,1.78983638414529
1.89392499035763,2.08618433681657,1,1,1,1,43,43,43gz04,M-O,1,0.1889,0.2321,0.998067868623764,0.999449902700826,0.999145303108481,0.998536615311701,0.981519035749663,0.998067868623764,0.999449902700826,0.999145303108481,0.998536615311701,0.981519035749663,1.89392499035763,2.08618433681657
-2.84311919716668,1.85227529677537,0,1,1,1,43,43,43gz04,M-O,1,0.159,0.352,0.999459119319484,0.99983974120863,0.999699635804325,0.996941262784896,0.96800684942602,0.999459119319484,0.99983974120863,0.999699635804325,0.996941262784896,0.96800684942602,2.84311919716668,1.85227529677537
-2.64712047205577,-1.66737124761895,1,0,0,1,43,43,43gz04,M-O,1,0.1707,0.3852,0.121832989958601,0.121604323752657,0.0964547205401784,0.218216962000909,0.047720303718545,0.878167010041399,0.878395676247343,0.903545279459822,0.781783037999091,0.952279696281455,2.64712047205577,1.66737124761895
2.04092403419081,0.223243739522326,1,1,1,1,43,43,43gz04,M-O,1,0.1909,0.6005,0.965813043458747,0.973351141078864,0.955786854688826,0.867013850291232,0.588327094207092,0.965813043458747,0.973351141078864,0.955786854688826,0.867013850291232,0.588327094207092,2.04092403419081,0.223243739522326
2.18424810192817,2.01587112908244,1,1,1,1,43,43,43gz04,M-O,1,0.2051,0.3112,0.998572038997404,0.999593567912416,0.999338283419478,0.998163811986421,0.978093273353656,0.998572038997404,0.999593567912416,0.999338283419478,0.998163811986421,0.978093273353656,2.18424810192817,2.01587112908244
-2.18529847601319,2.09513685490168,0,1,1,1,43,43,43gz04,M-O,1,0.4574,0.3126,0.998823684092253,0.999676973896142,0.99947543448979,0.998578762412975,0.981920585718931,0.998823684092253,0.999676973896142,0.99947543448979,0.998578762412975,0.981920585718931,2.18529847601319,2.09513685490168
-1.38415368712234,0.0178585983435264,0,1,1,1,43,43,43gz04,M-O,1,0.3183,0.3232,0.899712666714012,0.920081079065183,0.884099066712665,0.817796780489566,0.507124171261156,0.899712666714012,0.920081079065183,0.884099066712665,0.817796780489566,0.507124171261156,1.38415368712234,0.0178585983435264
2.43414647644458,1.6778645612341,1,1,1,1,43,43,43gz04,M-O,1,0.2441,0.7043,0.998089122312956,0.999368338548557,0.998907726250216,0.994870967599697,0.953313228881337,0.998089122312956,0.999368338548557,0.998907726250216,0.994870967599697,0.953313228881337,2.43414647644458,1.6778645612341
2.87881858403996,-0.398760226850696,0,0,0,1,43,43,43gz04,M-O,1,0.771,1.0884,0.388184697816548,0.493309390744763,0.456969553763179,0.68806814196774,0.345034942932026,0.611815302183452,0.506690609255237,0.543030446236821,0.31193185803226,0.654965057067974,2.87881858403996,0.398760226850696
-0.205711352392994,1.81620383704559,0,1,1,1,43,43,43gz04,M-O,1,0.4733,0.3111,0.982389520085636,0.993200606203365,0.991101979418388,0.996588335250626,0.965330445140046,0.982389520085636,0.993200606203365,0.991101979418388,0.996588335250626,0.965330445140046,0.205711352392994,1.81620383704559
1.30225383892907,0.645351699892819,1,1,1,1,43,43,43gz04,M-O,1,0.2379,0.306,0.942302581662131,0.967256978878924,0.952723986864601,0.937545888720965,0.740650351904113,0.942302581662131,0.967256978878924,0.952723986864601,0.937545888720965,0.740650351904113,1.30225383892907,0.645351699892819
2.45987130911538,0.941732325987776,1,1,1,1,43,43,43gz04,M-O,1,0.2229,0.295,0.993265371091217,0.996555807128318,0.9937955366685,0.966440354289378,0.826835149784712,0.993265371091217,0.996555807128318,0.9937955366685,0.966440354289378,0.826835149784712,2.45987130911538,0.941732325987776
-2.62752059954468,0.628557560127324,0,1,1,1,43,43,43gz04,M-O,1,0.2723,0.409,0.992725662463314,0.995261330725892,0.990931222987202,0.93545493245756,0.735180623930656,0.992725662463314,0.995261330725892,0.990931222987202,0.93545493245756,0.735180623930656,2.62752059954468,0.628557560127324
-2.87374399796526,1.78846410035122,0,1,1,1,43,43,43gz04,M-O,1,0.1523,0.3128,0.999420551719141,0.999822010980776,0.999662339397112,0.996292482699411,0.963149418706972,0.999420551719141,0.999822010980776,0.999662339397112,0.996292482699411,0.963149418706972,2.87374399796526,1.78846410035122
0.904131428547535,-0.778098675639412,0,0,0,1,43,43,43gz04,M-O,1,0.4414,0.3691,0.41910210556621,0.472007642374515,0.409899813642508,0.544209035698511,0.218255421705875,0.58089789443379,0.527992357625485,0.590100186357492,0.455790964301489,0.781744578294125,0.904131428547535,0.778098675639412
2.27979748041974,1.63921190103452,1,1,1,1,43,43,43gz04,M-O,1,0.1242,0.446,0.99722200733136,0.999057207827603,0.99841638081059,0.994270062742387,0.949415431932296,0.99722200733136,0.999057207827603,0.99841638081059,0.994270062742387,0.949415431932296,2.27979748041974,1.63921190103452
0.585633500242306,1.8029057536126,1,1,1,1,43,43,43gz04,M-O,1,0.6211,0.4956,0.985428132197891,0.994606670068554,0.992734604152826,0.996449262031348,0.964298491370538,0.985428132197891,0.994606670068554,0.992734604152826,0.996449262031348,0.964298491370538,0.585633500242306,1.8029057536126
0.414134615770259,-1.49390804136406,0,0,0,1,43,43,43gz04,M-O,1,0.4097,0.366,0.392024421994278,0.300428109695071,0.228143371662123,0.272667256381408,0.0675998281851453,0.607975578005722,0.699571890304929,0.771856628337877,0.727332743618592,0.932400171814855,0.414134615770259,1.49390804136406
-2.52829624495728,0.587650433694639,0,1,1,1,43,43,43gz04,M-O,1,0.2962,0.4883,0.990576449383789,0.993786464505724,0.988419170691735,0.930134367898706,0.721616524174135,0.990576449383789,0.993786464505724,0.988419170691735,0.930134367898706,0.721616524174135,2.52829624495728,0.587650433694639
-2.52952123698922,1.06752500711065,0,1,1,1,43,43,43gz04,M-O,1,0.307,0.3209,0.995175990537658,0.997713234907189,0.995833317060178,0.974806688996849,0.857132586258557,0.995175990537658,0.997713234907189,0.995833317060178,0.974806688996849,0.857132586258557,2.52952123698922,1.06752500711065
-1.77492614531222,1.46071698753472,0,1,1,1,43,43,43gz04,M-O,1,0.2195,0.2173,0.991041599532611,0.996600036664252,0.994743791397928,0.990609739786368,0.927953437420822,0.991041599532611,0.996600036664252,0.994743791397928,0.990609739786368,0.927953437420822,1.77492614531222,1.46071698753472
0.0797117910497686,1.40821079569979,1,1,1,1,43,43,43gz04,M-O,1,0.3353,0.3019,0.957088639869396,0.980932024083987,0.975443401982411,0.98920067611553,0.920465669758309,0.957088639869396,0.980932024083987,0.975443401982411,0.98920067611553,0.920465669758309,0.0797117910497686,1.40821079569979
1.60605186285098,1.10892223489836,1,1,1,1,43,43,43gz04,M-O,1,0.322,0.3039,0.979136975073392,0.990568433409953,0.985737041956983,0.977145155996752,0.866268134558608,0.979136975073392,0.990568433409953,0.985737041956983,0.977145155996752,0.866268134558608,1.60605186285098,1.10892223489836
-2.59444581468221,0.435228912282119,0,1,1,1,43,43,43gz04,M-O,1,0.1443,0.386,0.990221628826895,0.992673371358974,0.985988197704188,0.907310068074437,0.668301860802343,0.990221628826895,0.992673371358974,0.985988197704188,0.907310068074437,0.668301860802343,2.59444581468221,0.435228912282119
2.71466965175957,0.169038529656652,1,1,1,1,43,43,43gz04,M-O,1,0.2905,0.3134,0.990176415640326,0.990562052751642,0.981040745097837,0.855013444964016,0.56711683241297,0.990176415640326,0.990562052751642,0.981040745097837,0.855013444964016,0.56711683241297,2.71466965175957,0.169038529656652
2.18547309396011,0.134502720839281,1,1,1,1,43,43,43gz04,M-O,1,0.2192,0.3034,0.970957725376278,0.975187485373895,0.957296820930709,0.846998461617875,0.553497470139038,0.970957725376278,0.975187485373895,0.957296820930709,0.846998461617875,0.553497470139038,2.18547309396011,0.134502720839281
-1.16120513730868,0.703510394022355,0,1,1,1,43,43,43gz04,M-O,1,0.2647,0.3111,0.938160251625078,0.965960679112857,0.951793948668081,0.944380912498098,0.759131134221204,0.938160251625078,0.965960679112857,0.951793948668081,0.944380912498098,0.759131134221204,1.16120513730868,0.703510394022355
1.64402661584122,-1.12959936746275,0,0,0,1,43,43,43gz04,M-O,1,0.3312,0.361,0.26628415336775,0.298606331918985,0.249825529860884,0.40498788544286,0.129322538834054,0.73371584663225,0.701393668081015,0.750174470139116,0.59501211455714,0.870677461165946,1.64402661584122,1.12959936746275
-0.099137045613937,1.23778621784605,0,1,1,1,43,43,43gz04,M-O,1,0.3099,0.3198,0.942303974171096,0.972961059359115,0.965253462508202,0.983286979344452,0.892102329958982,0.942303974171096,0.972961059359115,0.965253462508202,0.983286979344452,0.892102329958982,0.099137045613937,1.23778621784605
-1.95377498197593,0.834367455813812,0,1,1,1,43,43,43gz04,M-O,1,0.213,0.3842,0.980726013697104,0.989854524850212,0.983626879469048,0.957601788793035,0.797963024812055,0.980726013697104,0.989854524850212,0.983626879469048,0.957601788793035,0.797963024812055,1.95377498197593,0.834367455813812
-0.319635611363711,-1.71729623898408,1,0,0,1,43,43,43gz04,M-O,1,0.2828,0.3679,0.395086113215654,0.253336322819932,0.182139850384047,0.203791600251126,0.0429625294437607,0.604913886784346,0.746663677180068,0.817860149615953,0.796208399748874,0.957037470556239,0.319635611363711,1.71729623898408
-2.89211887844441,2.06769117902033,0,1,1,1,43,43,43gz04,M-O,1,0.1939,0.3453,0.999709038329017,0.999923659175043,0.99985749936623,0.998445919255741,0.980665464043066,0.999709038329017,0.999923659175043,0.99985749936623,0.998445919255741,0.980665464043066,2.89211887844441,2.06769117902033
-1.26165448392802,1.52122816816837,0,1,1,1,43,43,43gz04,M-O,1,0.2532,0.3655,0.985119271924987,0.9943063067363,0.991802979331109,0.992031830609009,0.935898705479068,0.985119271924987,0.9943063067363,0.991802979331109,0.992031830609009,0.935898705479068,1.26165448392802,1.52122816816837
-1.17223006559617,1.29842809217437,0,1,1,1,43,43,43gz04,M-O,1,0.178,0.3354,0.975344705524335,0.989589423917997,0.98517583214278,0.985649536695663,0.902929864475133,0.975344705524335,0.989589423917997,0.98517583214278,0.985649536695663,0.902929864475133,1.17223006559617,1.29842809217437
-0.661408388275861,1.04896650246707,0,1,1,1,43,43,43gz04,M-O,1,0.2372,0.51,0.942953127640876,0.972543667604471,0.963122339276878,0.973695011641986,0.852903232085474,0.942953127640876,0.972543667604471,0.963122339276878,0.973695011641986,0.852903232085474,0.661408388275861,1.04896650246707
2.09114870750049,0.482540029753786,1,1,1,1,43,43,43gz04,M-O,1,0.1836,0.394,0.975943111575008,0.984081309712351,0.973371823730644,0.914918789800839,0.685288815424341,0.975943111575008,0.984081309712351,0.973371823730644,0.914918789800839,0.685288815424341,2.09114870750049,0.482540029753786
0.449659384696612,1.20762864780023,1,1,1,1,43,43,43gz04,M-O,1,0.2015,0.1373,0.949513495321059,0.976766763406078,0.969315515094183,0.981993061945221,0.886404932630603,0.949513495321059,0.976766763406078,0.969315515094183,0.981993061945221,0.886404932630603,0.449659384696612,1.20762864780023
0.724057599851886,-1.94447455374963,0,0,0,1,43,43,43gz04,M-O,1,0.3563,0.3855,0.306369538463534,0.16293102617296,0.111278886059139,0.145636646864249,0.0259191255392162,0.693630461536466,0.83706897382704,0.888721113940861,0.854363353135751,0.974080874460784,0.724057599851886,1.94447455374963
-0.950506507814454,-0.996030411506831,1,1,0,0,43,43,43gz04,M-O,1,0.1541,0.3692,0.369203932016021,0.394436062399694,0.332008465812627,0.45743878474979,0.159617684573094,0.630796067983979,0.605563937600306,0.667991534187373,0.54256121525021,0.840382315426906,0.950506507814454,0.996030411506831
-1.52257778673192,0.752945284032461,0,1,1,1,43,43,43gz04,M-O,1,0.2469,0.4074,0.960918093024697,0.978871482537393,0.968422927299634,0.94971404991004,0.774258602730738,0.960918093024697,0.978871482537393,0.968422927299634,0.94971404991004,0.774258602730738,1.52257778673192,0.752945284032461
2.49172110194591,0.871059710593289,1,1,1,1,43,43,43gz04,M-O,1,0.2267,0.4007,0.993001403501385,0.996236801064939,0.993143330987382,0.960813200665571,0.808139224421438,0.993001403501385,0.996236801064939,0.993143330987382,0.960813200665571,0.808139224421438,2.49172110194591,0.871059710593289
-2.76594469915426,1.40464939251995,0,1,1,1,43,43,43gz04,M-O,1,0.1633,0.1672,0.998381564053093,0.999373016314821,0.998810497270483,0.989098760230144,0.919937219291561,0.998381564053093,0.999373016314821,0.998810497270483,0.989098760230144,0.919937219291561,2.76594469915426,1.40464939251995
-1.66345187040539,-0.13596788028673,1,0,0,1,43,43,43gz04,M-O,1,0.1078,0.37,0.531932699090612,0.642068169278357,0.60022059815414,0.774327379188347,0.445923336464943,0.468067300909388,0.357931830721643,0.39977940184586,0.225672620811653,0.554076663535057,1.66345187040539,0.13596788028673
1.68935132102312,1.10807272588298,1,1,1,1,43,43,43gz04,M-O,1,0.4311,0.3526,0.981268525440881,0.991537673240786,0.987031155175184,0.97709907326923,0.866084795595805,0.981268525440881,0.991537673240786,0.987031155175184,0.97709907326923,0.866084795595805,1.68935132102312,1.10807272588298
1.37207838474983,-1.77274303894915,0,0,0,1,43,43,43gz04,M-O,1,0.4839,0.3993,0.219999561958145,0.15238813976319,0.111654077991692,0.188455830342899,0.0381356479452834,0.780000438041855,0.84761186023681,0.888345922008308,0.811544169657101,0.961864352054717,1.37207838474983,1.77274303894915
0.175261169541337,-1.47381388580807,0,0,0,1,43,43,43gz04,M-O,1,0.4675,0.3169,0.442094779676599,0.336457287968582,0.256117749586994,0.27938420731831,0.070265854282597,0.557905220323401,0.663542712031418,0.743882250413006,0.72061579268169,0.929734145717403,0.175261169541337,1.47381388580807
2.22957280711007,1.19978702611984,1,1,1,1,43,43,43gz04,M-O,1,0.2098,0.3368,0.993075535263025,0.997014291932695,0.994951865129101,0.981642947292414,0.884888967935832,0.993075535263025,0.997014291932695,0.994951865129101,0.981642947292414,0.884888967935832,2.22957280711007,1.19978702611984
0.0209121735164955,-1.4913921877416,0,0,0,1,43,43,43gz04,M-O,1,0.179,0.4882,0.47431216720899,0.353488540659661,0.26797441832794,0.273503832708559,0.0679292789918095,0.52568783279101,0.646511459340339,0.73202558167206,0.726496167291441,0.93207072100819,0.0209121735164955,1.4913921877416
1.97477446446588,0.676326105530348,1,1,1,1,43,43,43gz04,M-O,1,0.276,0.2871,0.976974665572442,0.986677545503794,0.978348161736977,0.9412634141619,0.750583189132062,0.976974665572442,0.986677545503794,0.978348161736977,0.9412634141619,0.750583189132062,1.97477446446588,0.676326105530348
2.03357408199916,0.596439584661406,1,1,1,1,43,43,43gz04,M-O,1,0.2978,0.3195,0.976851455955762,0.985854568015781,0.976688862322995,0.931305095960972,0.72455919862812,0.976851455955762,0.985854568015781,0.976688862322995,0.931305095960972,0.72455919862812,2.03357408199916,0.596439584661406
-1.68060175885259,0.728080808620901,0,1,1,1,43,43,43gz04,M-O,1,0.3425,0.4237,0.966985036715577,0.981807865747086,0.972072991600883,0.947084911219879,0.766717939490691,0.966985036715577,0.981807865747086,0.972072991600883,0.947084911219879,0.766717939490691,1.68060175885259,0.728080808620901
-0.900281834504783,-1.02579590046863,1,0,0,1,43,43,43gz04,M-O,1,0.9623,0.407,0.370772666896594,0.389394646697465,0.325957612933259,0.445652216078308,0.152493899429301,0.629227333103406,0.610605353302535,0.674042387066741,0.554347783921692,0.847506100570699,0.900281834504783,1.02579590046863
-1.29595426082243,1.73791831393639,0,1,1,1,43,43,43gz04,M-O,1,0.3518,0.2962,0.990792421446307,0.996779407117777,0.99534707765587,0.995693697663274,0.958887395899352,0.990792421446307,0.996779407117777,0.99534707765587,0.995693697663274,0.958887395899352,1.29595426082243,1.73791831393639
-1.53115273095553,0.221642741762581,0,1,1,1,43,43,43gz04,M-O,1,0.2387,0.4728,0.929363144369401,0.948930617030375,0.923756149038697,0.866669509153923,0.587703996598678,0.929363144369401,0.948930617030375,0.923756149038697,0.866669509153923,0.587703996598678,1.53115273095553,0.221642741762581
1.53377733296633,1.43173566074095,1,1,1,1,43,43,43gz04,M-O,1,0.2108,0.3759,0.987002270057311,0.994933056411786,0.992439357827622,0.989853278364755,0.923890256706826,0.987002270057311,0.994933056411786,0.992439357827622,0.989853278364755,0.923890256706826,1.53377733296633,1.43173566074095
-0.951731499846397,1.47261011374997,0,1,1,1,43,43,43gz04,M-O,1,0.1589,0.3615,0.97813735179359,0.991246094858997,0.987830451734412,0.990905602068235,0.929571901936138,0.97813735179359,0.991246094858997,0.987830451734412,0.990905602068235,0.929571901936138,0.951731499846397,1.47261011374997
0.912706372771137,0.869622079951885,1,1,1,1,43,43,43gz04,M-O,1,0.1565,0.3746,0.938345485370815,0.968419330567969,0.956551305745016,0.960691212610785,0.807746516372241,0.938345485370815,0.968419330567969,0.956551305745016,0.960691212610785,0.807746516372241,0.912706372771137,0.869622079951885
0.885756548068387,1.39059982034259,1,1,1,1,43,43,43gz04,M-O,1,0.1654,0.2469,0.973061872009071,0.988808105317677,0.984557087662156,0.988688499642302,0.917826594564833,0.973061872009071,0.988808105317677,0.984557087662156,0.988688499642302,0.917826594564833,0.885756548068387,1.39059982034259
-2.8663940457736,0.156655302086374,0,1,1,1,43,43,43gz04,M-O,1,0.1906,0.2795,0.992995237995563,0.992839367195417,0.984837351904676,0.852172704720363,0.562241742102024,0.992995237995563,0.992839367195417,0.984837351904676,0.852172704720363,0.562241742102024,2.8663940457736,0.156655302086374
2.01152422542418,1.45356150775136,1,1,1,1,43,43,43gz04,M-O,1,0.1987,0.2489,0.993639916562858,0.997602462308012,0.996143813660367,0.990427707004481,0.926966042368487,0.993639916562858,0.997602462308012,0.996143813660367,0.990427707004481,0.926966042368487,2.01152422542418,1.45356150775136
0.97150599030441,-1.32675080587715,0,0,0,1,43,43,43gz04,M-O,1,0.5186,0.7254,0.315632358478924,0.29028771786319,0.230775122969233,0.330834971985052,0.0922955642564649,0.684367641521076,0.70971228213681,0.769224877030767,0.669165028014948,0.907704435743535,0.97150599030441,1.32675080587715
-0.578108930103724,1.41409201196008,0,1,1,1,43,43,43gz04,M-O,1,0.2534,0.2957,0.96773255796189,0.986350842675882,0.981709122012713,0.9893671621559,0.921332555879238,0.96773255796189,0.986350842675882,0.981709122012713,0.9893671621559,0.921332555879238,0.578108930103724,1.41409201196008
2.46354628521121,0.805876230375073,1,1,1,1,43,43,43gz04,M-O,1,0.1992,0.3185,0.991886515464194,0.995455925462861,0.991756447400122,0.95496402624284,0.789842890989292,0.991886515464194,0.995455925462861,0.991756447400122,0.95496402624284,0.789842890989292,2.46354628521121,0.805876230375073
-1.14773022495731,0.447154711921041,0,1,1,1,43,43,43gz04,M-O,1,0.2623,0.3206,0.91484799027605,0.946987557474812,0.925326858138277,0.909273857501401,0.672618321040018,0.91484799027605,0.946987557474812,0.925326858138277,0.909273857501401,0.672618321040018,1.14773022495731,0.447154711921041
-2.318822607495,0.513057007459959,0,1,1,1,43,43,43gz04,M-O,1,0.674,0.3917,0.984471930366621,0.989583029129095,0.981596070799766,0.919572097813604,0.696044277993095,0.984471930366621,0.989583029129095,0.981596070799766,0.919572097813604,0.696044277993095,2.318822607495,0.513057007459959
0.0748118229219958,-1.38588970271673,0,1,0,0,43,43,43gz04,M-O,1,0.3218,0.3223,0.471007000660852,0.37594583210644,0.29169489874392,0.309683517174065,0.082890292792338,0.528992999339148,0.62405416789356,0.70830510125608,0.690316482825935,0.917109707207662,0.0748118229219958,1.38588970271673
0.630958205424204,0.354786943210817,1,1,1,1,43,43,43gz04,M-O,1,0.5425,0.3293,0.85689690458117,0.908435745017439,0.879272925343056,0.893237156576722,0.638625394646005,0.85689690458117,0.908435745017439,0.879272925343056,0.893237156576722,0.638625394646005,0.630958205424204,0.354786943210817
1.28510395048187,0.0826826709013914,1,1,1,1,43,43,43gz04,M-O,1,0.3192,0.3431,0.894195761454036,0.919646775693637,0.885223019472053,0.834431129584881,0.532948067848616,0.894195761454036,0.919646775693637,0.885223019472053,0.834431129584881,0.532948067848616,1.28510395048187,0.0826826709013914
-1.59117734052074,1.51080534601819,0,1,1,1,43,43,43gz04,M-O,1,0.1357,0.1519,0.989599126380749,0.996099876940089,0.994137653736865,0.991801286609919,0.934580973871772,0.989599126380749,0.996099876940089,0.994137653736865,0.991801286609919,0.934580973871772,1.59117734052074,1.51080534601819
1.7199761218217,2.01080674841386,1,1,1,1,43,43,43gz04,M-O,1,0.2437,0.3043,0.997024530906508,0.999108483127632,0.9986456389444,0.998133882070754,0.977827063473351,0.997024530906508,0.999108483127632,0.9986456389444,0.998133882070754,0.977827063473351,1.7199761218217,2.01080674841386
-1.17345505762811,1.25075756704236,0,1,1,1,43,43,43gz04,M-O,1,0.3231,0.2899,0.973232727528953,0.988469385722687,0.983581060504599,0.983818561135912,0.894488529753165,0.973232727528953,0.988469385722687,0.983581060504599,0.983818561135912,0.894488529753165,1.17345505762811,1.25075756704236
0.425159544057748,1.58941760336407,1,1,1,1,43,43,43gz04,M-O,1,0.3197,0.2654,0.97475553160026,0.989790008635701,0.986460679856762,0.99340429800652,0.944016928533097,0.97475553160026,0.989790008635701,0.986460679856762,0.99340429800652,0.944016928533097,0.425159544057748,1.58941760336407
-0.689583205010554,0.195438655980621,0,1,1,1,43,43,43gz04,M-O,1,0.553,0.3344,0.839334589128668,0.889586663900316,0.854152940321161,0.860946304328555,0.577475221529608,0.839334589128668,0.889586663900316,0.854152940321161,0.860946304328555,0.577475221529608,0.689583205010554,0.195438655980621
0.0674618707303367,0.926375816863685,1,1,1,1,43,43,43gz04,M-O,1,0.0753,0.3257,0.903900858761619,0.949889189393171,0.936232439789383,0.965277820839613,0.82287464637571,0.903900858761619,0.949889189393171,0.936232439789383,0.965277820839613,0.82287464637571,0.0674618707303367,0.926375816863685
2.06297389076579,0.850671494224283,1,1,1,1,43,43,43gz04,M-O,1,0.1959,0.2002,0.98418238710682,0.991699164467895,0.986306463093398,0.959054120831189,0.802524068847425,0.98418238710682,0.991699164467895,0.986306463093398,0.959054120831189,0.802524068847425,2.06297389076579,0.850671494224283
-1.01910606160327,0.649076470191003,0,1,1,1,43,43,43gz04,M-O,1,0.2194,0.2326,0.924398430080045,0.957360562432684,0.940772131164926,0.93800240647264,0.741855525090719,0.924398430080045,0.957360562432684,0.940772131164926,0.93800240647264,0.741855525090719,1.01910606160327,0.649076470191003
0.648108093871408,0.695047977292271,1,1,1,1,43,43,43gz04,M-O,1,0.4,0.2868,0.904691341777231,0.947144822277792,0.929585290669852,0.943424762280909,0.756487382405532,0.904691341777231,0.947144822277792,0.929585290669852,0.943424762280909,0.756487382405532,0.648108093871408,0.695047977292271
-0.122411894220858,1.05073086734515,0,0,1,0,43,43,43gz04,M-O,1,0.3191,0.6554,0.922409009307136,0.961362904506273,0.950474655966007,0.973802433673436,0.85330889250788,0.922409009307136,0.961362904506273,0.950474655966007,0.973802433673436,0.85330889250788,0.122411894220858,1.05073086734515
-0.0709622288792437,-1.01775823824624,1,0,0,1,43,43,43gz04,M-O,1,0.1865,0.3516,0.513019245137153,0.489308517244962,0.407469394479036,0.448830689656012,0.154396431500722,0.486980754862847,0.510691482755038,0.592530605520964,0.551169310343988,0.845603568499278,0.0709622288792437,1.01775823824624
-0.287785818533188,0.138162144290129,0,1,1,1,43,43,43gz04,M-O,1,0.4705,1.0582,0.783307267136802,0.849343883477024,0.809426555810501,0.847861382833391,0.554943863703102,0.783307267136802,0.849343883477024,0.809426555810501,0.847861382833391,0.554943863703102,0.287785818533188,0.138162144290129
-0.118736918125028,0.0674895288956418,0,0,1,0,43,43,43gz04,M-O,1,0.3336,0.3102,0.749326530926841,0.821472480080809,0.778121595134038,0.830623385376024,0.52690400112447,0.749326530926841,0.821472480080809,0.778121595134038,0.830623385376024,0.52690400112447,0.118736918125028,0.0674895288956418
2.6105453290444,1.48094183678538,1,1,1,1,43,43,43gz04,M-O,1,0.4404,0.2383,0.998025546459868,0.999272784437844,0.998678871867513,0.991107975812226,0.930688963376674,0.998025546459868,0.999272784437844,0.998678871867513,0.991107975812226,0.930688963376674,2.6105453290444,1.48094183678538
1.02295565564602,0.166261288644848,1,1,1,1,43,43,43gz04,M-O,1,0.2379,0.0084,0.873335816940298,0.910075566842752,0.876238398533807,0.854379558332834,0.56602433541346,0.873335816940298,0.910075566842752,0.876238398533807,0.854379558332834,0.56602433541346,1.02295565564602,0.166261288644848
0.287960436480111,0.324988780825346,1,0,1,0,43,43,43gz04,M-O,1,0.2601,0.4725,0.818604705453293,0.882873508291832,0.850869967130121,0.887651121307775,0.627405218587357,0.818604705453293,0.882873508291832,0.850869967130121,0.887651121307775,0.627405218587357,0.287960436480111,0.324988780825346
-1.47112812139031,1.25921998377244,0,1,1,1,43,43,43gz04,M-O,1,0.2021,0.1901,0.980854752730715,0.991906066766673,0.988014719769598,0.984157497955579,0.89602455729832,0.980854752730715,0.991906066766673,0.988014719769598,0.984157497955579,0.89602455729832,1.47112812139031,1.25921998377244
1.70772620150227,1.4386950999823,1,1,1,1,43,43,43gz04,M-O,1,0.2796,0.3923,0.989750069919056,0.996055831584665,0.993963460166904,0.990039624471472,0.924881535869809,0.989750069919056,0.996055831584665,0.993963460166904,0.990039624471472,0.924881535869809,1.70772620150227,1.4386950999823
-2.74021986648345,1.93379548882772,0,1,1,1,43,43,43gz04,M-O,1,0.2974,0.5115,0.999430651503594,0.999838086457224,0.999705306011669,0.997620708144642,0.973430861162309,0.999430651503594,0.999838086457224,0.999705306011669,0.997620708144642,0.973430861162309,2.74021986648345,1.93379548882772
0.57583356398676,-0.163021475084065,0,1,0,0,43,43,43gz04,M-O,1,0.295,0.3575,0.61346479809674,0.704596239483396,0.65396623516057,0.766117580471167,0.435250763091184,0.38653520190326,0.295403760516604,0.34603376483943,0.233882419528833,0.564749236908816,0.57583356398676,0.163021475084065
-1.73695139232198,0.205600090741456,0,1,1,1,43,43,43gz04,M-O,1,0.3606,0.1771,0.945126643635445,0.958853926318881,0.936118587845495,0.86318519583736,0.581448346680784,0.945126643635445,0.958853926318881,0.936118587845495,0.86318519583736,0.581448346680784,1.73695139232198,0.205600090741456
-0.988481260804692,0.989206810577785,0,1,1,1,43,43,43gz04,M-O,1,0.1718,0.1924,0.951483748091349,0.976441548051205,0.967251378774318,0.969833273735122,0.838719016538113,0.951483748091349,0.976441548051205,0.967251378774318,0.969833273735122,0.838719016538113,0.988481260804692,0.989206810577785
-0.118736918125028,1.4448703770556,0,1,1,1,43,43,43gz04,M-O,1,0.2702,0.5133,0.960659590222201,0.982787754750043,0.977755358871567,0.990202465149744,0.925752850795038,0.960659590222201,0.982787754750043,0.977755358871567,0.990202465149744,0.925752850795038,0.118736918125028,1.4448703770556
1.6660764724162,0.768073079190874,1,1,1,1,43,43,43gz04,M-O,1,0.4813,0.3353,0.968081197589242,0.982799035532347,0.973667410214153,0.951262008509261,0.778778115209968,0.968081197589242,0.982799035532347,0.973667410214153,0.951262008509261,0.778778115209968,1.6660764724162,0.768073079190874
2.59217044856525,0.762485923743599,1,1,1,1,43,43,43gz04,M-O,1,0.3339,0.2648,0.993397645198583,0.99612227682898,0.992702931764369,0.95069479606471,0.777114979398705,0.993397645198583,0.99612227682898,0.992702931764369,0.95069479606471,0.777114979398705,2.59217044856525,0.762485923743599
0.551333723347896,-1.49528032515813,0,0,0,1,43,43,43gz04,M-O,1,0.8231,0.3375,0.366145390325588,0.28446791733484,0.216420613536157,0.272211477890598,0.0674206488258911,0.633854609674412,0.71553208266516,0.783579386463843,0.727788522109402,0.932579351174109,0.551333723347896,1.49528032515813
1.16995469947921,0.869033958325856,1,1,1,1,43,43,43gz04,M-O,1,0.1947,0.3852,0.951019090346357,0.975034619003976,0.964545495525605,0.960641219424224,0.807585721473123,0.951019090346357,0.975034619003976,0.964545495525605,0.960641219424224,0.807585721473123,1.16995469947921,0.869033958325856
2.91311836093436,1.44686345589936,1,1,1,1,43,43,43gz04,M-O,1,0.2877,0.2417,0.998941764136385,0.999598372311452,0.99920982261849,0.990254523467158,0.926032414993606,0.998941764136385,0.999598372311452,0.99920982261849,0.990254523467158,0.926032414993606,2.91311836093436,1.44686345589936
-2.41069700989073,2.09925370628389,0,1,1,1,43,43,43gz04,M-O,1,0.3181,0.0934,0.999232953172177,0.999794434105324,0.999653026402666,0.998597769379446,0.982102729023803,0.999232953172177,0.999794434105324,0.999653026402666,0.998597769379446,0.982102729023803,2.41069700989073,2.09925370628389
2.09482368359631,0.551350259999182,1,1,1,1,43,43,43gz04,M-O,1,0.1074,0.3616,0.977914969939536,0.986015094454419,0.9766171625763,0.925135922043099,0.709303204537592,0.977914969939536,0.986015094454419,0.9766171625763,0.925135922043099,0.709303204537592,2.09482368359631,0.551350259999182
2.78571918961227,1.84949805576356,1,1,1,1,43,43,43gz04,M-O,1,0.2298,0.3356,0.999378032305939,0.999815092993259,0.999658042673687,0.996915306908352,0.967807035857527,0.999378032305939,0.999815092993259,0.999658042673687,0.996915306908352,0.967807035857527,2.78571918961227,1.84949805576356
2.48559614178619,0.112644200405203,1,0,1,0,43,43,43gz04,M-O,1,1.7073,1.1349,0.98318997898761,0.984221449336396,0.970460120448313,0.841776587360107,0.544843679410206,0.98318997898761,0.984221449336396,0.970460120448313,0.841776587360107,0.544843679410206,2.48559614178619,0.112644200405203
0.580733532114533,0.16318998682003,1,1,1,1,43,43,43gz04,M-O,1,0.2213,0.1822,0.821804229642921,0.876324971277487,0.838764490134984,0.853676387599721,0.564815575057253,0.821804229642921,0.876324971277487,0.838764490134984,0.853676387599721,0.564815575057253,0.580733532114533,0.16318998682003
1.85595023736739,1.23592383269696,1,1,1,1,43,43,43gz04,M-O,1,0.4284,0.385,0.988024723958815,0.994939434154879,0.99203960371663,0.983209443261448,0.891756561398803,0.988024723958815,0.994939434154879,0.99203960371663,0.983209443261448,0.891756561398803,1.85595023736739,1.23592383269696
0.904131428547535,1.15339076451089,1,1,1,1,43,43,43gz04,M-O,1,0.2145,0.3205,0.95983202847722,0.981704847995448,0.97476416024074,0.97945064751904,0.875624984756077,0.95983202847722,0.981704847995448,0.97476416024074,0.97945064751904,0.875624984756077,0.904131428547535,1.15339076451089
-0.396810109376132,-2.01544122995713,1,1,0,0,43,43,43gz04,M-O,1,0.2833,0.3442,0.365771502467462,0.178465860067163,0.118372941690948,0.130019458529039,0.0219292190393226,0.634228497532538,0.821534139932837,0.881627058309052,0.869980541470961,0.978070780960677,0.396810109376132,2.01544122995713
-2.00644963934948,2.01185229797124,0,1,1,1,43,43,43gz04,M-O,1,0.3184,0.2415,0.998058185480586,0.999436388747797,0.999107957742909,0.998140097233839,0.97788224544495,0.998058185480586,0.999436388747797,0.999107957742909,0.998140097233839,0.97788224544495,2.00644963934948,2.01185229797124
-0.698158149234156,-0.133321332969599,1,0,0,1,43,43,43gz04,M-O,1,0.3354,0.326,0.608788540994918,0.704013957942109,0.655230281206289,0.775121661769371,0.446969628466098,0.391211459005082,0.295986042057891,0.344769718793711,0.224878338230629,0.553030371533902,0.698158149234156,0.133321332969599
-1.70020163136368,0.8226376967169,0,1,1,1,43,43,43gz04,M-O,1,0.1778,0.4315,0.971692141377901,0.985167557289029,0.977165975055284,0.956531369759926,0.794642972515619,0.971692141377901,0.985167557289029,0.977165975055284,0.956531369759926,0.794642972515619,1.70020163136368,0.8226376967169
-1.53482770705135,0.110128346782746,0,1,1,1,43,43,43gz04,M-O,1,0.2989,0.5482,0.922199990235671,0.93997388318383,0.910442755603968,0.84116814607759,0.543846206298399,0.922199990235671,0.93997388318383,0.910442755603968,0.84116814607759,0.543846206298399,1.53482770705135,0.110128346782746
-1.07300571100877,1.06063091471664,0,1,1,1,43,43,43gz04,M-O,1,0.2707,0.3034,0.959704275697318,0.981083689261933,0.973420297646121,0.974398409113243,0.855571166287097,0.959704275697318,0.981083689261933,0.973420297646121,0.974398409113243,0.855571166287097,1.07300571100877,1.06063091471664
-0.548709121337087,1.49437061391304,0,1,1,1,43,43,43gz04,M-O,1,0.2784,0.4732,0.971765277940187,0.988355593736164,0.984418906828737,0.991425853455619,0.932460611064345,0.971765277940187,0.988355593736164,0.984418906828737,0.991425853455619,0.932460611064345,0.548709121337087,1.49437061391304
-0.32698556355537,1.21625443164865,0,1,1,1,43,43,43gz04,M-O,1,0.2516,0.2968,0.946635250841035,0.975279998058139,0.967682209598065,0.982371596356896,0.8880559928059,0.946635250841035,0.975279998058139,0.967682209598065,0.982371596356896,0.8880559928059,0.32698556355537,1.21625443164865
1.4223030580595,0.494367809121703,1,1,1,1,43,43,43gz04,M-O,1,0.2015,0.3765,0.939485275133722,0.962707775053627,0.945215535136104,0.916745711247729,0.689476778018316,0.939485275133722,0.962707775053627,0.945215535136104,0.916745711247729,0.689476778018316,1.4223030580595,0.494367809121703
1.87187513378265,1.30329643230095,1,1,1,1,43,43,43gz04,M-O,1,0.3225,0.1825,0.989601206524635,0.995754366259707,0.99331189845903,0.985826070790522,0.903763210672821,0.989601206524635,0.995754366259707,0.99331189845903,0.985826070790522,0.903763210672821,1.87187513378265,1.30329643230095
-1.46010319310282,0.61421392713695,0,0,1,0,43,43,43gz04,M-O,1,0.3368,0.7768,0.949722214018339,0.970851180326937,0.956885752589823,0.933626367556569,0.730463014320351,0.949722214018339,0.970851180326937,0.956885752589823,0.933626367556569,0.730463014320351,1.46010319310282,0.61421392713695
0.148311344838587,1.42471087465227,1,1,1,1,43,43,43gz04,M-O,1,0.5828,0.1589,0.959707641227561,0.982309248616233,0.977096823318031,0.989662105241667,0.92287960283587,0.959707641227561,0.982309248616233,0.977096823318031,0.989662105241667,0.92287960283587,0.148311344838587,1.42471087465227
-2.31514763139917,2.01459686555938,0,1,1,1,43,43,43gz04,M-O,1,0.2171,0.3446,0.998869714789361,0.999681983135207,0.999470424327949,0.998156322610779,0.978026546911823,0.998869714789361,0.999681983135207,0.999470424327949,0.998156322610779,0.978026546911823,2.31514763139917,2.01459686555938
-0.677333284691122,1.0259644122046,0,1,1,1,43,43,43gz04,M-O,1,0.2991,0.2809,0.941527555602308,0.971629617014478,0.961849033966663,0.972260537914952,0.847545820450631,0.941527555602308,0.971629617014478,0.961849033966663,0.972260537914952,0.847545820450631,0.677333284691122,1.0259644122046
1.47987768356083,-1.93506460773316,0,0,0,1,43,43,43gz04,M-O,1,0.6927,0.3453,0.197688267296033,0.117352258007325,0.0830829592353191,0.147798401001942,0.0264911839724539,0.802311732703967,0.882647741992675,0.916917040764681,0.852201598998058,0.973508816027546,1.47987768356083,1.93506460773316
2.31409725731415,1.13179363146615,1,1,1,1,43,43,43gz04,M-O,1,0.4507,0.3519,0.99335857291087,0.997012664184542,0.994842785581838,0.978356789684119,0.871139397094658,0.99335857291087,0.997012664184542,0.994842785581838,0.978356789684119,0.871139397094658,2.31409725731415,1.13179363146615
-1.57035247597771,0.327602654718809,0,1,1,1,43,43,43gz04,M-O,1,0.3224,0.3347,0.939348632229387,0.958549764335021,0.937621583219875,0.888149323365923,0.628393942777264,0.939348632229387,0.958549764335021,0.937621583219875,0.888149323365923,0.628393942777264,1.57035247597771,0.327602654718809
2.91679333703019,1.40157809069513,1,1,1,1,43,43,43gz04,M-O,1,0.262,0.2966,0.998858209459716,0.99955348811102,0.999117489873369,0.989010198346029,0.919479363366982,0.998858209459716,0.99955348811102,0.999117489873369,0.989010198346029,0.919479363366982,2.91679333703019,1.40157809069513
1.19077956402224,-0.522755869671813,0,0,0,1,43,43,43gz04,M-O,1,0.1672,0.3192,0.449742357339605,0.536823283772291,0.482455956000787,0.642961545626614,0.300572076637611,0.550257642660395,0.463176716227709,0.517544043999212,0.357038454373386,0.699427923362389,1.19077956402224,0.522755869671813
1.78980066764246,1.06246062644207,1,1,1,1,43,43,43gz04,M-O,1,0.4268,0.2703,0.982466144558591,0.991894318085825,0.987358581089016,0.974507304102997,0.855986688253093,0.982466144558591,0.991894318085825,0.987358581089016,0.974507304102997,0.855986688253093,1.78980066764246,1.06246062644207
-2.54177115730866,0.580658321029627,0,1,1,1,43,43,43gz04,M-O,1,0.1731,0.3846,0.990757747743107,0.99385980539228,0.988508864622322,0.929192089606622,0.719264621361101,0.990757747743107,0.99385980539228,0.988508864622322,0.929192089606622,0.719264621361101,2.54177115730866,0.580658321029627
1.11360506600982,0.28600938638909,1,0,1,0,43,43,43gz04,M-O,1,0.296,0.4403,0.895903194862142,0.929933267981424,0.902069806312036,0.880032938151709,0.612564533787205,0.895903194862142,0.929933267981424,0.902069806312036,0.880032938151709,0.612564533787205,1.11360506600982,0.28600938638909
2.0433740182547,1.33361736946511,1,1,1,1,43,43,43gz04,M-O,1,0.1879,0.2969,0.992459483655475,0.996979339392703,0.995097614815492,0.986883987574773,0.908835356240628,0.992459483655475,0.996979339392703,0.995097614815492,0.986883987574773,0.908835356240628,2.0433740182547,1.33361736946511
-0.597708802614815,0.664008224807407,0,1,1,1,43,43,43gz04,M-O,1,0.1223,0.2651,0.89741651966519,0.942325319879683,0.923615425677464,0.939806384651909,0.746657476513834,0.89741651966519,0.942325319879683,0.923615425677464,0.939806384651909,0.746657476513834,0.597708802614815,0.664008224807407
0.757132384714352,0.240920061726865,1,1,1,1,43,43,43gz04,M-O,1,0.433,0.2842,0.853409219551633,0.901021480982772,0.868051560346926,0.870774979461387,0.595191463487933,0.853409219551633,0.901021480982772,0.868051560346926,0.870774979461387,0.595191463487933,0.757132384714352,0.240920061726865
0.600333404625624,-0.2866903836685,0,1,0,0,43,43,43gz04,M-O,1,0.3453,0.3933,0.577676654735223,0.664482999209773,0.609754248682628,0.726563246057459,0.3871747006878,0.422323345264777,0.335517000790227,0.390245751317372,0.273436753942541,0.6128252993122,0.600333404625624,0.2866903836685
-1.27635438831134,0.334562093960152,0,1,1,1,43,43,43gz04,M-O,1,0.2566,0.2456,0.915643426508722,0.94400252307149,0.919757304128519,0.889468077558633,0.631022278400445,0.915643426508722,0.94400252307149,0.919757304128519,0.889468077558633,0.631022278400445,1.27635438831134,0.334562093960152
-2.33842248000609,2.04468908875786,0,1,1,1,43,43,43gz04,M-O,1,0.1541,0.1585,0.998993413468967,0.999721354395747,0.999534643587959,0.998325968641995,0.979557239986881,0.998993413468967,0.999721354395747,0.999534643587959,0.998325968641995,0.979557239986881,2.33842248000609,2.04468908875786
1.17485466760698,-0.74111236004692,0,1,0,0,43,43,43gz04,M-O,1,0.1891,0.5126,0.395413411198449,0.461447784682636,0.40406168058019,0.558840342874436,0.229312657975281,0.604586588801551,0.538552215317364,0.59593831941981,0.441159657125564,0.770687342024719,1.17485466760698,0.74111236004692
-1.5985272927124,1.36700960845409,0,1,1,1,43,43,43gz04,M-O,1,0.1134,0.0083,0.986483785950288,0.994593446396587,0.991852354511916,0.987969433484935,0.914188853089253,0.986483785950288,0.994593446396587,0.991852354511916,0.987969433484935,0.914188853089253,1.5985272927124,1.36700960845409
-0.83780724087568,1.32015591891378,0,1,1,1,43,43,43gz04,M-O,1,0.2225,0.3781,0.968194579362435,0.986372869148219,0.981301646957908,0.98642303981909,0.906608516970308,0.968194579362435,0.986372869148219,0.981301646957908,0.98642303981909,0.906608516970308,0.83780724087568,1.32015591891378
2.92659327328574,1.25114964812638,1,1,1,1,43,43,43gz04,M-O,1,0.1633,0.2849,0.998539978518895,0.999367359382158,0.998731171346474,0.983834400929911,0.894560057659478,0.998539978518895,0.999367359382158,0.998731171346474,0.983834400929911,0.894560057659478,2.92659327328574,1.25114964812638
2.22834781507812,-0.0146514582064109,0,1,0,0,43,43,43gz04,M-O,1,0.1559,0.3192,0.547177773347055,0.65818620614026,0.622758394225834,0.809074437116879,0.494155122967986,0.452822226652945,0.34181379385974,0.377241605774166,0.190925562883121,0.505844877032014,2.22834781507812,0.0146514582064109
0.792657153640705,-0.876511027728267,0,0,0,1,43,43,43gz04,M-O,1,0.2783,0.2555,0.413648386577236,0.44926623736286,0.384249861294297,0.50503892642455,0.190376141999204,0.586351613422764,0.55073376263714,0.615750138705703,0.49496107357545,0.809623858000796,0.792657153640705,0.876511027728267
-1.42580341620841,1.82411080557331,0,1,1,1,43,43,43gz04,M-O,1,0.3421,0.2471,0.993387472669804,0.997794224375275,0.996765104131578,0.996668687983571,0.965932338867149,0.993387472669804,0.997794224375275,0.996765104131578,0.996668687983571,0.965932338867149,1.42580341620841,1.82411080557331
-2.49154648399898,1.39393250955675,0,1,1,1,43,43,43gz04,M-O,1,0.2005,0.2969,0.997019867121598,0.998846361738081,0.997951583899364,0.988787012438831,0.918331006967594,0.997019867121598,0.998846361738081,0.997951583899364,0.988787012438831,0.918331006967594,2.49154648399898,1.39393250955675
-2.211023308684,1.25131301524472,0,1,1,1,43,43,43gz04,M-O,1,0.2942,0.3372,0.993445842299884,0.997256012116451,0.995386788507944,0.983840996922163,0.894589850600076,0.993445842299884,0.997256012116451,0.995386788507944,0.983840996922163,0.894589850600076,2.211023308684,1.25131301524472
0.774282273161557,1.40236225286317,1,1,1,1,43,43,43gz04,M-O,1,0.4214,0.2893,0.971253360446312,0.987998283905454,0.983622244281158,0.989032869191277,0.919596450356209,0.971253360446312,0.987998283905454,0.983622244281158,0.989032869191277,0.919596450356209,0.774282273161557,1.40236225286317
-1.71612652777895,0.268529104726561,0,1,1,1,43,43,43gz04,M-O,1,0.2598,0.3029,0.946829505757235,0.961738319151417,0.940830453549397,0.876500876099962,0.60585396254578,0.946829505757235,0.961738319151417,0.940830453549397,0.876500876099962,0.60585396254578,1.71612652777895,0.268529104726561
2.77959422945256,1.26699625860549,1,1,1,1,43,43,43gz04,M-O,1,0.1537,0.15,0.997990128628606,0.999148345211037,0.998363046844613,0.984463567653036,0.897421686155401,0.997990128628606,0.999148345211037,0.998363046844613,0.984463567653036,0.897421686155401,2.77959422945256,1.26699625860549
-0.21918626474437,0.601798026143004,0,1,1,1,43,43,43gz04,M-O,1,0.3539,0.1837,0.861936257727715,0.91972452057704,0.897523660338241,0.932011389644716,0.72634570540669,0.861936257727715,0.91972452057704,0.897523660338241,0.932011389644716,0.72634570540669,0.21918626474437,0.601798026143004
-0.368635292641439,0.828780300366536,0,1,1,1,43,43,43gz04,M-O,1,0.244,0.1529,0.905152547253641,0.949613881010581,0.934446721030431,0.957094612892746,0.796385631311981,0.905152547253641,0.949613881010581,0.934446721030431,0.957094612892746,0.796385631311981,0.368635292641439,0.828780300366536
-2.12282388238409,0.628394193008983,0,1,1,1,43,43,43gz04,M-O,1,0.1865,0.3107,0.980804911270313,0.988390783645067,0.980497226056914,0.935434328580463,0.73512712988078,0.980804911270313,0.988390783645067,0.980497226056914,0.935434328580463,0.73512712988078,2.12282388238409,0.628394193008983
-1.72715145606644,0.0324962921469153,0,1,1,1,43,43,43gz04,M-O,1,0.1896,0.3021,0.935281327048626,0.946045745221411,0.916493960464206,0.821641381677229,0.512961863546107,0.935281327048626,0.946045745221411,0.916493960464206,0.821641381677229,0.512961863546107,1.72715145606644,0.0324962921469153
0.056436942442848,0.539195746394582,1,1,1,1,43,43,43gz04,M-O,1,0.6906,0.4981,0.839217539114586,0.903890293516372,0.879157880614386,0.923402677252487,0.705124102464761,0.839217539114586,0.903890293516372,0.879157880614386,0.923402677252487,0.705124102464761,0.056436942442848,0.539195746394582
-0.264510969926268,0.230137831916333,0,1,1,1,43,43,43gz04,M-O,1,0.2013,0.2574,0.798408698866444,0.864911277287677,0.828918891417353,0.86848962832494,0.59100766593248,0.798408698866444,0.864911277287677,0.828918891417353,0.86848962832494,0.59100766593248,0.264510969926268,0.230137831916333
-1.47847807358197,1.37070170532861,0,1,1,1,43,43,43gz04,M-O,1,0.385,0.4811,0.984441410754648,0.993747277692548,0.990737434721198,0.988084526052657,0.914766018496264,0.984441410754648,0.993747277692548,0.990737434721198,0.988084526052657,0.914766018496264,1.47847807358197,1.37070170532861
-1.40742853572926,1.5901037452611,0,1,1,1,43,43,43gz04,M-O,1,0.1583,0.2325,0.988918893377838,0.995928091167591,0.994032523435905,0.993416973450676,0.944094289043531,0.988918893377838,0.995928091167591,0.994032523435905,0.993416973450676,0.944094289043531,1.40742853572926,1.5901037452611
2.1597482612893,-0.241078284227583,0,0,0,1,43,43,43gz04,M-O,1,0.2793,0.3283,0.470228697533162,0.580784622992859,0.540678707431998,0.741528155154693,0.404747221577754,0.529771302466838,0.419215377007141,0.459321292568002,0.258471844845307,0.595252778422246,2.1597482612893,0.241078284227583
2.47824618959453,1.24062880570519,1,1,1,1,43,43,43gz04,M-O,1,0.2419,0.1912,0.995975273129232,0.998293379649688,0.99695565867744,0.983404733238066,0.892628547210291,0.995975273129232,0.998293379649688,0.99695565867744,0.983404733238066,0.892628547210291,2.47824618959453,1.24062880570519
1.5497022293816,0.155184998021302,1,1,1,1,43,43,43gz04,M-O,1,0.1997,0.2935,0.926595143557713,0.944723950449404,0.917257225943056,0.851832955265288,0.561662262572556,0.926595143557713,0.944723950449404,0.917257225943056,0.851832955265288,0.561662262572556,1.5497022293816,0.155184998021302
2.57134558402222,0.818880252995048,1,1,1,1,43,43,43gz04,M-O,1,0.126,0.225,0.99361062266062,0.99640440388571,0.99329174772383,0.9561839005921,0.793572631298234,0.99361062266062,0.99640440388571,0.99329174772383,0.9561839005921,0.793572631298234,2.57134558402222,0.818880252995048
1.41862808196367,1.40857020336014,1,1,1,1,43,43,43gz04,M-O,1,0.4685,0.2082,0.984445509755487,0.993830246771361,0.990936194398009,0.989210914980835,0.920518852655373,0.984445509755487,0.993830246771361,0.990936194398009,0.989210914980835,0.920518852655373,1.41862808196367,1.40857020336014
0.488859129718794,0.762061169235911,1,1,1,1,43,43,43gz04,M-O,1,0.2272,0.3693,0.903207213793317,0.947508540442633,0.931061214991007,0.950651459961988,0.77698825148748,0.903207213793317,0.947508540442633,0.931061214991007,0.950651459961988,0.77698825148748,0.488859129718794,0.762061169235911
-2.09954903377716,2.00352057493583,0,1,1,1,43,43,43gz04,M-O,1,0.3909,0.2411,0.998299522867494,0.999509267549956,0.999211696390943,0.998090043320924,0.977439279284339,0.998299522867494,0.999509267549956,0.999211696390943,0.998090043320924,0.977439279284339,2.09954903377716,2.00352057493583
1.27775399829021,0.102286725102359,1,1,1,1,43,43,43gz04,M-O,1,0.2662,0.3114,0.895155321467066,0.921278499794091,0.887640378705663,0.839261879467248,0.54073545406328,0.895155321467066,0.921278499794091,0.887640378705663,0.839261879467248,0.54073545406328,1.27775399829021,0.102286725102359
-2.50134642025453,1.18165327598395,0,1,1,1,43,43,43gz04,M-O,1,0.0834,0.3031,0.99575495284513,0.99813154160339,0.996638660174896,0.980811037747232,0.881328347524532,0.99575495284513,0.99813154160339,0.996638660174896,0.980811037747232,0.881328347524532,2.50134642025453,1.18165327598395
0.474159225335476,0.505182712355904,1,1,1,1,43,43,43gz04,M-O,1,0.4204,0.4072,0.86567805851762,0.919320407903143,0.894966805843296,0.918390226100245,0.693284744317975,0.86567805851762,0.919320407903143,0.894966805843296,0.918390226100245,0.693284744317975,0.474159225335476,0.505182712355904
1.66852645648009,1.57226405593822,1,1,1,1,43,43,43gz04,M-O,1,0.3573,0.2321,0.991666606183055,0.996975569984704,0.995406746414291,0.993080319720374,0.942055337334421,0.991666606183055,0.996975569984704,0.995406746414291,0.993080319720374,0.942055337334421,1.66852645648009,1.57226405593822
-2.8749689899972,0.477998423863896,0,1,1,1,43,43,43gz04,M-O,1,0.122,0.3659,0.995040500682432,0.99615260455215,0.991973987451321,0.914209364997554,0.683674336575722,0.995040500682432,0.99615260455215,0.991973987451321,0.914209364997554,0.683674336575722,2.8749689899972,0.477998423863896
1.43087800228311,0.220270457968513,1,1,1,1,43,43,43gz04,M-O,1,0.4044,0.3833,0.920335497516909,0.942997883332473,0.916383882723383,0.866373871790269,0.587169736863308,0.920335497516909,0.942997883332473,0.916383882723383,0.866373871790269,0.587169736863308,1.43087800228311,0.220270457968513
1.39167825726092,-0.629892025880099,0,0,0,1,43,43,43gz04,M-O,1,0.149,0.182,0.401654502735717,0.484143858515582,0.430910414713927,0.602278843002678,0.264382615212283,0.598345497264283,0.515856141484418,0.569089585286073,0.397721156997322,0.735617384787717,1.39167825726092,0.629892025880099
0.247535699425985,-0.799499768142134,0,1,0,0,43,43,43gz04,M-O,1,0.7633,0.3037,0.514350771279812,0.535759174108348,0.461799982160521,0.535714269748594,0.212000340520894,0.485649228720188,0.464240825891652,0.538200017839479,0.464285730251406,0.787999659479106,0.247535699425985,0.799499768142134
2.63259518561937,1.18691369719454,1,1,1,1,43,43,43gz04,M-O,1,0.8165,0.28,0.996803910658424,0.998587036230073,0.997374267672376,0.981055603662122,0.882369168024321,0.996803910658424,0.998587036230073,0.997374267672376,0.981055603662122,0.882369168024321,2.63259518561937,1.18691369719454
1.41740308993173,1.21419600595755,1,1,1,1,43,43,43gz04,M-O,1,0.255,0.1607,0.977984952328113,0.990478400531587,0.986003954338132,0.982281886742076,0.887663557331705,0.977984952328113,0.990478400531587,0.986003954338132,0.982281886742076,0.887663557331705,1.41740308993173,1.21419600595755
1.21160442856528,1.89102597724595,1,1,1,1,43,43,43gz04,M-O,1,0.2227,0.1183,0.992839861569586,0.997615521350629,0.996589209178343,0.997283461327615,0.97068956168896,0.992839861569586,0.997615521350629,0.996589209178343,0.997283461327615,0.97068956168896,1.21160442856528,1.89102597724595
2.74039448443038,1.94264998664183,1,1,1,1,43,43,43gz04,M-O,1,0.1425,0.0328,0.999442440819081,0.999842195010631,0.999712936686846,0.997685603058204,0.973970768548703,0.999442440819081,0.999842195010631,0.999712936686846,0.997685603058204,0.973970768548703,2.74039448443038,1.94264998664183
-1.1220053922865,1.14747687482693,0,1,1,1,43,43,43gz04,M-O,1,0.1948,0.0083,0.966521975653987,0.984890523212241,0.978629843070539,0.979155879050701,0.874407707363631,0.966521975653987,0.984890523212241,0.978629843070539,0.979155879050701,0.874407707363631,1.1220053922865,1.14747687482693
2.81634399041085,0.397981209300281,1,1,1,1,43,43,43gz04,M-O,1,0.1556,0.063,0.993784541706762,0.994925989459229,0.989572577383958,0.900974340252045,0.654677981522421,0.993784541706762,0.994925989459229,0.989572577383958,0.900974340252045,0.654677981522421,2.81634399041085,0.397981209300281
-2.16079863537432,0.0911124142078073,0,1,1,1,43,43,43gz04,M-O,1,0.1589,0.0085,0.968514415677363,0.972406110250389,0.952787548706399,0.836519744187635,0.536298365718906,0.968514415677363,0.972406110250389,0.952787548706399,0.836519744187635,0.536298365718906,2.16079863537432,0.0911124142078073
1.17730465167087,0.673908272178895,1,1,1,1,43,43,43gz04,M-O,1,0.3041,0.1212,0.936769265329933,0.964697562894001,0.949912096173136,0.940979623914599,0.749815183678821,0.936769265329933,0.964697562894001,0.949912096173136,0.940979623914599,0.749815183678821,1.17730465167087,0.673908272178895
1.71630114572587,-0.29067654135603,0,1,0,0,43,43,43gz04,M-O,1,0.1614,0.15,0.477624159609563,0.585076563765166,0.540412929190566,0.725235326400809,0.385649357279472,0.522375840390437,0.414923436234834,0.459587070809434,0.274764673599191,0.614350642720528,1.71630114572587,0.29067654135603
-0.869657033706203,-2.05742657937087,1,0,0,1,43,43,43gz04,M-O,1,0.5815,0.3025,0.277252673737472,0.131607413100854,0.0875156421383105,0.121346012661799,0.0198226053110073,0.722747326262528,0.868392586899146,0.912484357861689,0.878653987338201,0.980177394688993,0.869657033706203,2.05742657937087
0.0025372930373476,-1.35517668446855,1,0,0,1,43,43,43gz04,M-O,1,0.383,0.2813,0.489479253536725,0.39570795943679,0.309081883584567,0.320595365277031,0.0876806356247328,0.510520746463275,0.60429204056321,0.690918116415433,0.679404634722969,0.912319364375267,0.0025372930373476,1.35517668446855
-2.67162031269463,0.618984246992518,0,1,1,1,43,43,43gz04,M-O,1,0.2302,0.056,0.99331148845331,0.995574574594493,0.991415549010372,0.934238900714299,0.732036631680822,0.99331148845331,0.995574574594493,0.991415549010372,0.934238900714299,0.732036631680822,2.67162031269463,0.618984246992518
0.0968616794969732,-1.98717871848407,0,0,0,1,43,43,43gz04,M-O,1,0.249,0.3937,0.431668938505919,0.217919715085971,0.145229375726916,0.136094245249796,0.0234512976654919,0.568331061494081,0.782080284914029,0.854770624273084,0.863905754750204,0.976548702334508,0.0968616794969732,1.98717871848407
-1.8766004839635,0.417617936924917,0,0,1,0,43,43,43gz04,M-O,1,0.2728,0.9046,0.963721642178444,0.975673818227688,0.961146919101082,0.9043528856845,0.661886759862556,0.963721642178444,0.975673818227688,0.961146919101082,0.9043528856845,0.661886759862556,1.8766004839635,0.417617936924917
2.43169649238069,1.95718966017421,1,1,1,1,43,43,43gz04,M-O,1,0.3636,0.1208,0.998965111362474,0.999703509585754,0.999494301572765,0.997788695255784,0.974837412988061,0.998965111362474,0.999703509585754,0.999494301572765,0.997788695255784,0.974837412988061,2.43169649238069,1.95718966017421
-0.0979120535819938,1.43294457741668,0,1,1,1,43,43,43gz04,M-O,1,0.2157,0.0401,0.95937130347406,0.982119578077767,0.976931606934006,0.989885864987674,0.924063161713742,0.95937130347406,0.982119578077767,0.976931606934006,0.989885864987674,0.924063161713742,0.0979120535819938,1.43294457741668
-2.77451964337786,1.89194083310866,0,1,1,1,43,43,43gz04,M-O,1,0.1864,0.2095,0.999420201138108,0.999831573616176,0.999690215236895,0.997291105084228,0.97075056775768,0.999420201138108,0.999831573616176,0.999690215236895,0.997291105084228,0.97075056775768,2.77451964337786,1.89194083310866
0.835531874758716,0.990971175455872,1,1,1,1,43,43,43gz04,M-O,1,0.2046,0.2881,0.945123444801077,0.973207432893787,0.963392334270121,0.969953677782239,0.839150172299159,0.945123444801077,0.973207432893787,0.963392334270121,0.969953677782239,0.839150172299159,0.835531874758716,0.990971175455872
-2.76226972305843,0.221610068338913,0,1,1,1,43,43,43gz04,M-O,1,0.4057,0.0085,0.991595280891877,0.992161521086298,0.984038226125671,0.866662475402671,0.587691278013156,0.991595280891877,0.992161521086298,0.984038226125671,0.866662475402671,0.587691278013156,2.76226972305843,0.221610068338913
-2.14609873099101,1.99162744872058,0,1,1,1,43,43,43gz04,M-O,1,0.0945,0.2956,0.998383840477368,0.999533206233367,0.99924416862802,0.998016471971689,0.976794025304096,0.998383840477368,0.999533206233367,0.99924416862802,0.998016471971689,0.976794025304096,2.14609873099101,1.99162744872058
-1.30820418114186,-1.26209010043762,1,1,0,0,43,43,43gz04,M-O,1,0.6474,0.3291,0.2803571923139,0.281867639913755,0.228727488137168,0.354593565137471,0.103458183524217,0.7196428076861,0.718132360086245,0.771272511862832,0.645406434862529,0.896541816475783,1.30820418114186,1.26209010043762
1.74325097042862,1.22177624024859,1,1,1,1,43,43,43gz04,M-O,1,0.3337,0.0482,0.985587199246649,0.993852818193962,0.990509392953638,0.982610333405191,0.889103872036335,0.985587199246649,0.993852818193962,0.990509392953638,0.982610333405191,0.889103872036335,1.74325097042862,1.22177624024859
0.438634456409123,0.735791736606615,1,1,1,1,43,43,43gz04,M-O,1,0.1734,0.2487,0.896690674639569,0.943303232047247,0.925934821008444,0.947911669038861,0.769071274569778,0.896690674639569,0.943303232047247,0.925934821008444,0.947911669038861,0.769071274569778,0.438634456409123,0.735791736606615
1.23610426920414,0.552363136132898,1,0,1,0,43,43,43gz04,M-O,1,0.2145,0.4364,0.930805644409339,0.958962548691005,0.941373548155958,0.925278997476158,0.709650209038074,0.930805644409339,0.958962548691005,0.941373548155958,0.925278997476158,0.709650209038074,1.23610426920414,0.552363136132898
0.831856898662887,2.00685326414999,1,1,1,1,43,43,43gz04,M-O,1,0.1624,0.11,0.992341872771897,0.99743169632968,0.996460648517374,0.99811020995648,0.977617355280249,0.992341872771897,0.99743169632968,0.996460648517374,0.99811020995648,0.977617355280249,0.831856898662887,2.00685326414999
0.60645836478534,1.44241987028048,1,1,1,1,43,43,43gz04,M-O,1,0.3763,0.1749,0.969971299190839,0.987457462269538,0.983143088749457,0.99013812623586,0.925408019173066,0.969971299190839,0.987457462269538,0.983143088749457,0.99013812623586,0.925408019173066,0.60645836478534,1.44241987028048
0.839206850854546,1.71717068990703,1,1,1,1,43,43,43gz04,M-O,1,0.1696,0.0081,0.985380789980268,0.994589815139824,0.992551077280873,0.995423857709945,0.95702600539687,0.985380789980268,0.994589815139824,0.992551077280873,0.995423857709945,0.95702600539687,0.839206850854546,1.71717068990703
-2.2820728465367,1.17338689979587,0,1,1,1,43,43,43gz04,M-O,1,0.2033,0.0086,0.993419829842296,0.997115268059373,0.995062826884079,0.980421299236695,0.879679655907401,0.993419829842296,0.997115268059373,0.995062826884079,0.980421299236695,0.879679655907401,2.2820728465367,1.17338689979587
-2.35679736048523,-1.39431944602315,1,1,0,0,43,43,43gz04,M-O,1,0.3662,0.0084,0.169519143172043,0.189547825166183,0.155488840809136,0.306717132708193,0.0816105806227278,0.830480856827957,0.810452174833817,0.844511159190864,0.693282867291807,0.918389419377272,2.35679736048523,1.39431944602315
-1.34862891819599,-0.988123442979107,1,1,0,0,43,43,43gz04,M-O,1,0.232,0.0085,0.322582169403031,0.363940751515787,0.308943869214797,0.460576533426045,0.16154609793718,0.677417830596969,0.636059248484213,0.691056130785203,0.539423466573955,0.83845390206282,1.34862891819599,0.988123442979107
-2.22449822103537,-0.0600021702579818,1,0,0,1,43,43,43gz04,M-O,1,0.2066,0.4372,0.531143802042475,0.642631866468204,0.606256983907941,0.796487378352,0.476076953095333,0.468856197957525,0.357368133531796,0.393743016092059,0.203512621648,0.523923046904667,2.22449822103537,0.0600021702579818
-1.89497536444265,-0.807439410093526,1,0,0,1,43,43,43gz04,M-O,1,0.1796,0.264,0.314300172060778,0.389222638773177,0.341975129382115,0.532558422025998,0.209706684579557,0.685699827939222,0.610777361226823,0.658024870617885,0.467441577974002,0.790293315420443,1.89497536444265,0.807439410093526
-0.432334878302484,-0.0990469115415749,1,0,0,1,43,43,43gz04,M-O,1,0.2014,0.3662,0.646221348333488,0.734807070614837,0.685726409428273,0.785263904059988,0.460550511586945,0.353778651666512,0.265192929385163,0.314273590571727,0.214736095940012,0.539449488413055,0.432334878302484,0.0990469115415749
-0.886806922153408,-0.824527610672036,1,0,0,1,43,43,43gz04,M-O,1,0.2773,0.2066,0.411392064776785,0.457777831480015,0.394916060027126,0.525759517652667,0.204819917006045,0.588607935223215,0.542222168519985,0.605083939972874,0.474240482347333,0.795180082993955,0.886806922153408,0.824527610672036
-1.14283025682953,-1.96335979262989,1,0,0,1,43,43,43gz04,M-O,1,0.2033,0.4306,0.239448424272169,0.130372071855953,0.0900993054324332,0.141362557528211,0.0248021911445549,0.760551575727831,0.869627928144047,0.909900694567567,0.85863744247179,0.975197808855445,1.14283025682953,1.96335979262989
-0.347810428098404,0.585984089087557,0,1,1,1,43,43,43gz04,M-O,1,0.0008,0.0235,0.86854155205193,0.923363431514918,0.901106770114605,0.929910686823894,0.721056896446757,0.86854155205193,0.923363431514918,0.901106770114605,0.929910686823894,0.721056896446757,0.347810428098404,0.585984089087557
0.367584918556418,0.67818849067944,1,1,1,1,43,43,43gz04,M-O,1,0.2622,1.1127,0.88402350507471,0.934776045129508,0.915471591978057,0.941481278257989,0.751173905479182,0.88402350507471,0.934776045129508,0.915471591978057,0.941481278257989,0.751173905479182,0.367584918556418,0.67818849067944
1.25080417358746,0.708346060725261,1,1,1,1,43,43,43gz04,M-O,1,0.1418,0.1692,0.943807445997296,0.969110835419939,0.955706909604922,0.944921530330468,0.760634810041523,0.943807445997296,0.969110835419939,0.955706909604922,0.944921530330468,0.760634810041523,1.25080417358746,0.708346060725261
-1.95132499791204,-1.70461895060079,1,1,0,0,43,43,43gz04,M-O,1,0.1097,0.0248,0.165783873018004,0.137842031642624,0.105258160426154,0.207399699097526,0.0441327573292513,0.834216126981996,0.862157968357376,0.894741839573846,0.792600300902474,0.955867242670749,1.95132499791204,1.70461895060079
1.19567953215001,-1.94440920690229,0,1,0,0,43,43,43gz04,M-O,1,0.0007,0.0084,0.232999169396876,0.130581331394077,0.0909271922445355,0.145651585365065,0.0259230622421358,0.767000830603124,0.869418668605923,0.909072807755465,0.854348414634935,0.974076937757864,1.19567953215001,1.94440920690229
2.90331842467882,0.443429941622857,1,1,1,1,43,43,43gz04,M-O,1,0.0712,0.2327,0.995184426358094,0.996123583445234,0.991817387026371,0.908663853943117,0.671272608610473,0.995184426358094,0.996123583445234,0.991817387026371,0.908663853943117,0.671272608610473,2.90331842467882,0.443429941622857
-1.75532627280113,-1.68713866893826,1,0,0,1,43,43,43gz04,M-O,1,0.2297,0.502,0.184864603543807,0.149796244273225,0.113788932672982,0.212436234513942,0.045788345549397,0.815135396456193,0.850203755726775,0.886211067327018,0.787563765486058,0.954211654450603,1.75532627280113,1.68713866893826
1.30347883096101,1.17881068812481,1,1,1,1,43,43,43gz04,M-O,1,0.311,0.3281,0.973507938203544,0.988302636192279,0.983068696510589,0.980677767606208,0.880763216295689,0.973507938203544,0.988302636192279,0.983068696510589,0.980677767606208,0.880763216295689,1.30347883096101,1.17881068812481
2.16954819754485,0.284375715205676,1,1,1,1,43,43,43gz04,M-O,1,0.2931,0.2376,0.974047414534916,0.980123343283765,0.966004204096091,0.879705887316372,0.611938766228515,0.974047414534916,0.980123343283765,0.966004204096091,0.879705887316372,0.611938766228515,2.16954819754485,0.284375715205676
0.621158269168658,-1.63636416855776,0,0,0,1,43,43,43gz04,M-O,1,0.1444,0.1616,0.342167467103662,0.240471357202732,0.177346424364973,0.227464756163182,0.0508816968175982,0.657832532896338,0.759528642797269,0.822653575635028,0.772535243836818,0.949118303182402,0.621158269168658,1.63636416855776
-2.59199583061833,-1.20079475763593,1,1,0,0,43,43,43gz04,M-O,1,0.2658,0.2632,0.186571078749806,0.23141348693043,0.196598487880701,0.377652247449233,0.114915412957937,0.813428921250194,0.76858651306957,0.803401512119299,0.622347752550767,0.885084587042062,2.59199583061833,1.20079475763593
-2.70959506568487,-0.996683879980196,1,1,0,0,43,43,43gz04,M-O,1,0.1661,0.4092,0.222008783059065,0.287905199505142,0.251528914846951,0.457179582614332,0.159458988326726,0.777991216940935,0.712094800494858,0.748471085153049,0.542820417385668,0.840541011673274,2.70959506568487,0.996683879980196
-0.101587029677823,-0.0219049582607688,1,0,0,1,43,43,43gz04,M-O,1,0.0812,0.3205,0.703363298011048,0.782504996838159,0.73538898568226,0.807093949441813,0.491261884802491,0.296636701988952,0.217495003161841,0.26461101431774,0.192906050558187,0.508738115197509,0.101587029677823,0.0219049582607688
2.26142259994059,-0.946660868344062,0,1,0,0,43,43,43gz04,M-O,1,0.5015,0.5596,0.256704464984351,0.322983618746278,0.281101395709442,0.477065969591377,0.171905808326255,0.743295535015649,0.677016381253722,0.718898604290558,0.522934030408623,0.828094191673745,2.26142259994059,0.946660868344062
-2.34944740829358,-1.10466954520386,1,1,0,0,43,43,43gz04,M-O,1,0.2633,2.7691,0.217915517692236,0.269159041347405,0.230105957836442,0.41467805014892,0.134651402178189,0.782084482307764,0.730840958652595,0.769894042163558,0.58532194985108,0.865348597821811,2.34944740829358,1.10466954520386
