s1,s2,r1,r2,acc1,acc2,id,seq,id_sess,task,dataset,rt1,rt2,p_r2_discrete,p_r2_bayesian,p_r2_optimal,p_r2_fixed,p_r2_naive,p_c2_discrete,p_c2_bayesian,p_c2_optimal,p_c2_fixed,p_c2_naive,abs1,abs2
2.45368295620734,1.28042741247507,1,0,1,0,19,1,19ll03,O-M,1,0.2139,0.6171,0.954440949743558,0.962069384612851,0.997111143991257,0.939044096418506,0.89980257087304,0.954440949743558,0.962069384612851,0.997111143991257,0.939044096418506,0.89980257087304,2.45368295620734,1.28042741247507
-1.08210530476622,1.11278403636244,0,1,1,1,19,1,19ll03,O-M,1,0.2012,0.2466,0.922290300382997,0.916412082387371,0.976253794478702,0.91607655680487,0.86709940345304,0.922290300382997,0.916412082387371,0.976253794478702,0.91607655680487,0.86709940345304,1.08210530476622,1.11278403636244
2.00748546296326,2.0593670771752,1,1,1,1,19,1,19ll03,O-M,1,0.1901,0.1812,0.992659378196385,0.992962314536003,0.999222757779539,0.989983742270648,0.980270456419575,0.992659378196385,0.992962314536003,0.999222757779539,0.989983742270648,0.980270456419575,2.00748546296326,2.0593670771752
-0.458545894719683,-1.41020246380777,1,0,0,1,19,1,19ll03,O-M,1,0.3924,0.0181,0.114000469709891,0.103587032640003,0.246594391653973,0.126346817410144,0.0792399542661006,0.885999530290108,0.896412967359997,0.753405608346027,0.873653182589856,0.920760045733899,0.458545894719683,1.41020246380777
1.87749791443354,2.72160472314498,1,1,1,1,19,1,19ll03,O-M,1,0.4182,0.0279,0.9989803508162,0.998977174298884,0.9998810634427,0.998595841763284,0.996751710125927,0.9989803508162,0.998977174298884,0.9998810634427,0.998595841763284,0.996751710125927,1.87749791443354,2.72160472314498
2.60758618261107,2.7651364285444,1,1,1,1,19,1,19ll03,O-M,1,0.2192,0.0371,0.99924791972075,0.999441823077451,0.999973125522748,0.998783321271574,0.997155050338365,0.99924791972075,0.999441823077451,0.999973125522748,0.998783321271574,0.997155050338365,2.60758618261107,2.7651364285444
0.387871074114714,0.670057330385433,0,1,1,1,19,1,19ll03,O-M,1,0.3634,0.2618,0.818945394218967,0.807027316335834,0.915220423930821,0.825473711171383,0.748589377876733,0.818945394218967,0.807027316335834,0.915220423930821,0.825473711171383,0.748589377876733,0.387871074114714,0.670057330385433
0.288907897519241,-0.156118865705546,1,1,0,0,19,1,19ll03,O-M,1,0.2031,0.7885,0.514361759665283,0.497947700293578,0.678739173014674,0.54389538351837,0.437969664006431,0.485638240334717,0.502052299706422,0.321260826985326,0.45610461648163,0.562030335993569,0.288907897519241,0.156118865705546
-1.01028210656494,1.35452393230386,0,1,1,1,19,1,19ll03,O-M,1,0.2718,0.1988,0.95051573490506,0.946385078645956,0.984885935144872,0.947479937951706,0.912215358298655,0.95051573490506,0.946385078645956,0.984885935144872,0.947479937951706,0.912215358298655,1.01028210656494,1.35452393230386
1.44396912953249,0.895125509365375,1,0,1,0,19,1,19ll03,O-M,1,0.2398,0.2325,0.893064394968332,0.888412014949326,0.973856258736459,0.877280026225604,0.814640000520461,0.893064394968332,0.888412014949326,0.973856258736459,0.877280026225604,0.814640000520461,1.44396912953249,0.895125509365375
-0.619176992287553,1.18410193669765,0,1,1,1,19,1,19ll03,O-M,1,0.3247,0.2627,0.924966096546019,0.918982212494451,0.971009156955517,0.926536691959227,0.881813643205831,0.924966096546019,0.918982212494451,0.971009156955517,0.926536691959227,0.881813643205831,0.619176992287553,1.18410193669765
1.97262747387511,1.82040580072736,1,1,1,1,19,1,19ll03,O-M,1,0.2476,0.1835,0.986130782880603,0.986607207740676,0.998403635667682,0.981545852920627,0.965651385141581,0.986130782880603,0.986607207740676,0.998403635667682,0.981545852920627,0.965651385141581,1.97262747387511,1.82040580072736
-0.417975562190292,0.370892631576704,0,1,1,1,19,1,19ll03,O-M,1,0.2247,0.1165,0.733023857490278,0.716887490592331,0.868278746729908,0.738023507567954,0.644641248240148,0.733023857490278,0.716887490592331,0.868278746729908,0.738023507567954,0.644641248240148,0.417975562190292,0.370892631576704
-0.101359406386765,2.07048155514951,0,1,1,1,19,1,19ll03,O-M,1,0.1962,0.1524,0.987818910179785,0.987199162583269,0.995139047403322,0.990276580016292,0.980796364218496,0.987818910179785,0.987199162583269,0.995139047403322,0.990276580016292,0.980796364218496,0.101359406386765,2.07048155514951
-0.914390901331206,0.498709128281362,0,1,1,1,19,1,19ll03,O-M,1,0.1995,0.2636,0.788217290247755,0.774631741849852,0.918368662328857,0.777888153070928,0.691007843529303,0.788217290247755,0.774631741849852,0.918368662328857,0.777888153070928,0.691007843529303,0.914390901331206,0.498709128281362
-0.249829559473047,0.0633920742872365,1,0,0,1,19,1,19ll03,O-M,1,0.4321,0.4249,0.551834750864541,0.535657044207522,0.711062136339942,0.580424338631002,0.474727149180814,0.448165249135459,0.464342955792478,0.288937863660058,0.419575661368998,0.525272850819186,0.249829559473047,0.0633920742872365
-0.23848103716977,1.52309351491435,0,1,1,1,19,1,19ll03,O-M,1,0.2622,0.1303,0.958149950983918,0.955386507177884,0.98243957065188,0.963229999995686,0.936132344453944,0.958149950983918,0.955386507177884,0.98243957065188,0.963229999995686,0.936132344453944,0.23848103716977,1.52309351491435
1.61493322168075,2.44096415429345,1,1,1,1,19,1,19ll03,O-M,1,0.3495,0.166,0.997302119560692,0.997158446016641,0.999566027181361,0.996608715094648,0.992675945676681,0.997302119560692,0.997158446016641,0.999566027181361,0.996608715094648,0.992675945676681,1.61493322168075,2.44096415429345
1.14504854430029,1.66850793507834,1,1,1,1,19,1,19ll03,O-M,1,0.3947,0.1673,0.975737777530544,0.973671819417507,0.993567082122308,0.973497437391709,0.952392530979292,0.975737777530544,0.973671819417507,0.993567082122308,0.973497437391709,0.952392530979292,1.14504854430029,1.66850793507834
0.1371118911405,2.24460837674716,0,1,1,1,19,1,19ll03,O-M,1,0.3073,0.1494,0.992352903083189,0.991971667767112,0.997062552635649,0.993980167437007,0.987603357735256,0.992352903083189,0.991971667767112,0.997062552635649,0.993980167437007,0.987603357735256,0.1371118911405,2.24460837674716
1.90303843666419,2.42984967631913,1,1,1,1,19,1,19ll03,O-M,1,0.246,0.1331,0.997433058709307,0.99745362415323,0.999702011089037,0.99649344302332,0.992447456855614,0.997433058709307,0.99745362415323,0.999702011089037,0.99649344302332,0.992447456855614,1.90303843666419,2.42984967631913
2.21031173741714,0.601518049543805,1,1,1,1,19,1,19ll03,O-M,1,0.2598,0.2313,0.842339425180367,0.856130133184123,0.981815112680656,0.807272526431714,0.726252503209832,0.842339425180367,0.856130133184123,0.981815112680656,0.807272526431714,0.726252503209832,2.21031173741714,0.601518049543805
0.319018294502882,0.019860368887824,1,1,0,0,19,1,19ll03,O-M,1,0.2493,0.3138,0.56611329384848,0.551020121050795,0.719040677708516,0.597356601897891,0.492077379975152,0.43388670615152,0.448979878949205,0.280959322291484,0.402643398102109,0.507922620024848,0.319018294502882,0.019860368887824
1.09472914563117,2.71326886466424,1,1,1,1,19,1,19ll03,O-M,1,0.3105,0.3912,0.998607649424677,0.998475699974542,0.999669304530454,0.998557063845044,0.996668848639628,0.998607649424677,0.998475699974542,0.999669304530454,0.998557063845044,0.996668848639628,1.09472914563117,2.71326886466424
1.95495729149685,1.4341776911198,1,1,1,1,19,1,19ll03,O-M,1,0.2637,0.2601,0.96539679769245,0.966555929315244,0.995615721957349,0.955486138884297,0.924239219185596,0.96539679769245,0.966555929315244,0.995615721957349,0.955486138884297,0.924239219185596,1.95495729149685,1.4341776911198
0.173823218322915,1.55828936183302,0,1,1,1,19,1,19ll03,O-M,1,0.2651,0.0731,0.960574828380637,0.958123052667419,0.983221992186394,0.965973868340387,0.940417665191178,0.960574828380637,0.958123052667419,0.983221992186394,0.965973868340387,0.940417665191178,0.173823218322915,1.55828936183302
1.53953028825629,1.48789766799567,1,1,1,1,19,1,19ll03,O-M,1,0.2403,0.1338,0.966837711425334,0.965319150958987,0.993420354997515,0.960307778959909,0.93161105860452,0.966837711425334,0.965319150958987,0.993420354997515,0.960307778959909,0.93161105860452,1.53953028825629,1.48789766799567
1.78681128877961,0.720998687767724,1,1,1,1,19,1,19ll03,O-M,1,0.1987,0.3057,0.864081967512817,0.864977824834134,0.974936496928565,0.838269337496481,0.764544838948484,0.864081967512817,0.864977824834134,0.974936496928565,0.838269337496481,0.764544838948484,1.78681128877961,0.720998687767724
0.260904720560594,2.1723642699141,0,1,1,1,19,1,19ll03,O-M,1,0.3013,0.1241,0.991034326176775,0.990492998854683,0.996645720661024,0.992630624191502,0.985085901092398,0.991034326176775,0.990492998854683,0.996645720661024,0.992630624191502,0.985085901092398,0.260904720560594,2.1723642699141
1.52566833483886,1.47770939651922,1,1,1,1,19,1,19ll03,O-M,1,0.2953,0.1225,0.965989610212403,0.964375693746659,0.993150828321025,0.959427484311773,0.93025721089046,0.965989610212403,0.964375693746659,0.993150828321025,0.959427484311773,0.93025721089046,1.52566833483886,1.47770939651922
-0.56606489238049,1.65461483761045,0,0,1,0,19,1,19ll03,O-M,1,0.5419,0.4142,0.970855919319577,0.968463727503598,0.989399253053292,0.972633268144891,0.950998674098541,0.970855919319577,0.968463727503598,0.989399253053292,0.972633268144891,0.950998674098541,0.56606489238049,1.65461483761045
-0.319113938367107,1.87227336460751,0,1,1,1,19,1,19ll03,O-M,1,1.1252,0.3396,0.981215249729606,0.979930054612163,0.99276510217517,0.98376776860781,0.969415603123563,0.981215249729606,0.979930054612163,0.99276510217517,0.98376776860781,0.969415603123563,0.319113938367107,1.87227336460751
0.16067213431151,-0.813725479186034,1,0,0,1,19,1,19ll03,O-M,1,0.4988,0.2481,0.275982374875965,0.258181948178327,0.466406863393336,0.292067690932633,0.207901117196268,0.724017625124035,0.741818051821673,0.533593136606664,0.707932309067367,0.792098882803732,0.16067213431151,0.813725479186034
1.64336799792163,1.4434397560984,1,1,1,1,19,1,19ll03,O-M,1,0.2861,0.4364,0.964215842662523,0.963172089285372,0.993536654506041,0.95634958478749,0.92555168417984,0.964215842662523,0.963172089285372,0.993536654506041,0.95634958478749,0.92555168417984,1.64336799792163,1.4434397560984
-0.469919805216033,-0.472881487973612,1,0,0,1,19,1,19ll03,O-M,1,0.6275,0.2443,0.385873728508475,0.370295419030366,0.5551056762657,0.418196177199066,0.31814886643005,0.614126271491525,0.629704580969634,0.4448943237343,0.581803822800934,0.68185113356995,0.469919805216033,0.472881487973612
-0.441408864395941,1.65646725060616,0,1,1,1,19,1,19ll03,O-M,1,0.4624,0.1662,0.970054666239969,0.967765972952429,0.988557475180299,0.972749831254923,0.951186384063409,0.970054666239969,0.967765972952429,0.988557475180299,0.972749831254923,0.951186384063409,0.441408864395941,1.65646725060616
2.63165418964353,0.762677980171417,1,0,1,0,19,1,19ll03,O-M,1,0.2688,0.2783,0.880679812837634,0.903853731891686,0.993180379574299,0.848271724978522,0.777172267048989,0.880679812837634,0.903853731891686,0.993180379574299,0.848271724978522,0.777172267048989,2.63165418964353,0.762677980171417
0.896117311227279,0.346811262632348,0,0,0,1,19,1,19ll03,O-M,1,0.4217,0.2311,0.420078365886567,0.409791067032913,0.566562176154094,0.467943645153575,0.364366557665163,0.579921634113433,0.590208932967087,0.433437823845906,0.532056354846425,0.635633442334837,0.896117311227279,0.346811262632348
1.85799978215409,2.61416476939324,1,1,1,1,19,1,19ll03,O-M,1,0.2552,0.1732,0.998542812910104,0.99853355819635,0.999824259311983,0.998015001952129,0.995527705554765,0.998542812910104,0.99853355819635,0.999824259311983,0.998015001952129,0.995527705554765,1.85799978215409,2.61416476939324
-0.464232849967858,-0.0236713365115886,1,1,0,0,19,1,19ll03,O-M,1,0.988,0.4559,0.559542841000287,0.546026224169799,0.707289545206571,0.595881055842364,0.490557384873659,0.440457158999713,0.453973775830201,0.292710454793429,0.404118944157636,0.509442615126341,0.464232849967858,0.0236713365115886
-0.154700000031478,0.635787689964619,0,1,1,1,19,1,19ll03,O-M,1,0.2732,0.2608,0.803287217344405,0.79186022576985,0.900025782242409,0.816513773801587,0.737542593984428,0.803287217344405,0.79186022576985,0.900025782242409,0.816513773801587,0.737542593984428,0.154700000031478,0.635787689964619
1.91007096614519,1.21466675112702,1,1,1,1,19,1,19ll03,O-M,1,0.2516,0.4387,0.944808758627422,0.946198277702912,0.992232301508353,0.930701773922741,0.887753390708971,0.944808758627422,0.946198277702912,0.992232301508353,0.930701773922741,0.887753390708971,1.91007096614519,1.21466675112702
0.550609391707578,1.81670097473592,0,1,1,1,19,1,19ll03,O-M,1,0.3016,0.3737,0.979832102764389,0.978188753991845,0.992812108066504,0.981377678843487,0.965368543790094,0.979832102764389,0.978188753991845,0.992812108066504,0.981377678843487,0.965368543790094,0.550609391707578,1.81670097473592
1.4655237054508,1.99360641582715,1,1,1,1,19,1,19ll03,O-M,1,0.5099,0.2336,0.990011234532934,0.989350309220935,0.998041910333814,0.988088680937027,0.976902458161576,0.990011234532934,0.989350309220935,0.998041910333814,0.988088680937027,0.976902458161576,1.4655237054508,1.99360641582715
1.17922105217549,1.84911820216101,1,1,1,1,19,1,19ll03,O-M,1,0.5961,0.2921,0.984368658407956,0.983012271100506,0.996066129876797,0.982805872749866,0.967779626701326,0.984368658407956,0.983012271100506,0.996066129876797,0.982805872749866,0.967779626701326,1.17922105217549,1.84911820216101
-1.09667812758967,0.0745065522615546,1,0,0,1,19,1,19ll03,O-M,1,0.4856,0.184,0.52029389228548,0.513697692512971,0.650524259878015,0.576075897615242,0.470303663854766,0.47970610771452,0.486302307487029,0.349475740121985,0.423924102384758,0.529696336145234,1.09667812758967,0.0745065522615546
2.20332998432228,0.867339314429579,1,1,1,1,19,1,19ll03,O-M,1,0.2138,0.1955,0.897648329250883,0.906952700820859,0.989157644937845,0.871542007885667,0.807121939142747,0.897648329250883,0.906952700820859,0.989157644937845,0.871542007885667,0.807121939142747,2.20332998432228,0.867339314429579
0.859431372237936,0.560764963637972,1,1,1,1,19,1,19ll03,O-M,1,0.3662,0.3397,0.803801564225616,0.790673562218505,0.923250307446224,0.795920064694618,0.712521112881228,0.803801564225616,0.790673562218505,0.923250307446224,0.795920064694618,0.712521112881228,0.859431372237936,0.560764963637972
0.687375587787571,-2.04094908885032,1,0,0,1,19,1,19ll03,O-M,1,0.3565,0.1501,0.0327209139896494,0.0285989170125374,0.0980995348159824,0.0379838080688654,0.0206279438912013,0.967279086010351,0.971401082987463,0.901900465184018,0.962016191931135,0.979372056108799,0.687375587787571,2.04094908885032
-1.17190334366263,-1.59729617637546,1,0,0,1,19,1,19ll03,O-M,1,0.5564,0.3266,0.0739491778093306,0.0688112749142882,0.153770683780074,0.0916068543068025,0.0550998513665066,0.926050822190669,0.931188725085712,0.846229316219926,0.908393145693198,0.944900148633493,1.17190334366263,1.59729617637546
1.41032977371181,1.48604525499995,1,0,1,0,19,1,19ll03,O-M,1,0.5998,0.3156,0.965755900475132,0.963649255611454,0.992365252161371,0.960148890753133,0.931366424420935,0.965755900475132,0.963649255611454,0.992365252161371,0.960148890753133,0.931366424420935,1.41032977371181,1.48604525499995
2.41064996894994,1.90376438553474,1,1,1,1,19,1,19ll03,O-M,1,0.3053,0.3799,0.989515490552404,0.991282180311307,0.999387716224247,0.985001713177447,0.971529561605332,0.989515490552404,0.991282180311307,0.999387716224247,0.985001713177447,0.971529561605332,2.41064996894994,1.90376438553474
1.46742781993121,-0.0690554549067209,0,1,0,0,19,1,19ll03,O-M,1,0.6346,0.3186,0.513166366118966,0.51050865694162,0.633352488486107,0.578209783197687,0.472472739087636,0.486833633881034,0.48949134305838,0.366647511513893,0.421790216802313,0.527527260912364,1.46742781993121,0.0690554549067209
1.69521068817508,1.67777000005694,1,1,1,1,19,1,19ll03,O-M,1,0.1991,0.1031,0.9792118286319,0.97869473796495,0.996589976427655,0.974060788872654,0.95330399598259,0.9792118286319,0.97869473796495,0.996589976427655,0.974060788872654,0.95330399598259,1.69521068817508,1.67777000005694
2.40915206555868,1.25727225002857,1,1,1,1,19,1,19ll03,O-M,1,0.2105,0.5804,0.952030712115992,0.959406145037706,0.99670481503919,0.936201102545354,0.895672465579425,0.952030712115992,0.959406145037706,0.99670481503919,0.936201102545354,0.895672465579425,2.40915206555868,1.25727225002857
1.5872093148459,-1.54635481899317,0,0,0,1,19,1,19ll03,O-M,1,0.5352,0.3605,0.0770171415499558,0.0735853969637053,0.14675432700946,0.100275454193672,0.0610094497056561,0.922982858450044,0.926414603036295,0.85324567299054,0.899724545806328,0.938990550294344,1.5872093148459,1.54635481899317
0.395766802160172,-0.60069798467827,1,1,0,0,19,1,19ll03,O-M,1,0.3154,0.5641,0.341472515109173,0.325095534021019,0.516628970491356,0.369066502560975,0.274020580797284,0.658527484890827,0.674904465978981,0.483371029508644,0.630933497439025,0.725979419202716,0.395766802160172,0.60069798467827
0.405820526616767,-0.767415154293042,1,1,0,0,19,1,19ll03,O-M,1,0.6969,0.4902,0.283540052879537,0.267725326696085,0.456735006974205,0.308170105898401,0.221417360618605,0.716459947120463,0.732274673303915,0.543264993025794,0.691829894101599,0.778582639381395,0.405820526616767,0.767415154293042
0.958902312694853,-1.91220638564781,0,0,0,1,19,1,19ll03,O-M,1,0.6168,0.3891,0.0410365828235725,0.0368627492946436,0.105254837338797,0.0498988513184572,0.0279248636964098,0.958963417176428,0.963137250705356,0.894745162661203,0.950101148681543,0.97207513630359,0.958902312694853,1.91220638564781
0.60222358822338,-1.25923080465662,1,1,0,0,19,1,19ll03,O-M,1,0.3621,0.4538,0.14217695589108,0.131322261323105,0.277153260478194,0.160389196813359,0.10397348902093,0.85782304410892,0.868677738676895,0.722846739521806,0.839610803186641,0.89602651097907,0.60222358822338,1.25923080465662
-0.962907738292199,-0.334876719792496,1,0,0,1,19,1,19ll03,O-M,1,1.0965,0.4324,0.422703100591546,0.413241902164025,0.566312529286759,0.472691625911065,0.368859042047452,0.577296899408454,0.586758097835975,0.433687470713241,0.527308374088935,0.631140957952548,0.962907738292199,0.334876719792496
2.73772606029922,1.51753627592719,1,1,1,1,19,1,19ll03,O-M,1,0.2589,0.747,0.973440473424169,0.980487944549701,0.999061188436163,0.962780652146583,0.935434329070057,0.973440473424169,0.980487944549701,0.999061188436163,0.962780652146583,0.935434329070057,2.73772606029922,1.51753627592719
-1.01396339456041,1.92599334148338,0,1,1,1,19,1,19ll03,O-M,1,0.341,0.0653,0.986454635667406,0.985202567972673,0.99624333937918,0.985823403742353,0.97294739736989,0.986454635667406,0.985202567972673,0.99624333937918,0.985823403742353,0.97294739736989,1.01396339456041,1.92599334148338
0.426384963005256,-1.17216739385779,1,1,0,0,19,1,19ll03,O-M,1,0.2562,0.2642,0.166043440956684,0.153164428026169,0.319319620827317,0.182521876491602,0.120564928251755,0.833956559043316,0.846835571973831,0.680680379172683,0.817478123508398,0.879435071748245,0.426384963005256,1.17216739385779
1.76119460196975,1.24708397855211,1,0,1,0,19,1,19ll03,O-M,1,0.2817,0.5502,0.947131076337853,0.946867699278044,0.991228272948566,0.934917965033405,0.893816646572717,0.947131076337853,0.946867699278044,0.991228272948566,0.934917965033405,0.893816646572717,1.76119460196975,1.24708397855211
2.38868918194248,0.674688362874732,1,1,1,1,19,1,19ll03,O-M,1,0.2452,0.131,0.860776212768933,0.878863035270858,0.987870429717991,0.826662840022375,0.750063110228611,0.860776212768933,0.878863035270858,0.987870429717991,0.826662840022375,0.750063110228611,2.38868918194248,0.674688362874732
0.201851783474634,-0.344138784771094,1,0,0,1,19,1,19ll03,O-M,1,0.5698,0.8575,0.444459470685124,0.426244154806876,0.624526214791485,0.46900647875051,0.365370958107497,0.555540529314876,0.573755845193124,0.375473785208515,0.53099352124949,0.634629041892503,0.201851783474634,0.344138784771094
2.30358795876444,0.810840718060129,1,1,1,1,19,1,19ll03,O-M,1,0.2159,0.2121,0.888066005210031,0.90079263152131,0.989512326929841,0.859307206137988,0.79127142607895,0.888066005210031,0.90079263152131,0.989512326929841,0.859307206137988,0.79127142607895,2.30358795876444,0.810840718060129
1.30913243612599,1.73982583541355,1,1,1,1,19,1,19ll03,O-M,1,0.3111,0.2154,0.980336097534427,0.978830686988225,0.995433004165706,0.977582386686367,0.95905519773777,0.980336097534427,0.978830686988225,0.995433004165706,0.977582386686367,0.95905519773777,1.30913243612599,1.73982583541355
-0.602192291122245,1.97878711186139,0,1,1,1,19,1,19ll03,O-M,1,0.4084,0.9503,0.986604781417003,0.985486646476213,0.995447504387798,0.987621015393736,0.976080009918906,0.986604781417003,0.985486646476213,0.995447504387798,0.987621015393736,0.976080009918906,0.602192291122245,1.97878711186139
1.10762634771186,2.75772677656152,1,1,1,1,19,1,19ll03,O-M,1,0.2663,0.5363,0.998799803796695,0.998686278720617,0.999718717383815,0.998753121815922,0.997089758755607,0.998799803796695,0.998686278720617,0.999718717383815,0.998753121815922,0.997089758755607,1.10762634771186,2.75772677656152
-0.603131654265916,1.73426859642639,0,1,1,1,19,1,19ll03,O-M,1,0.2377,0.5427,0.975897633067343,0.97387900716371,0.991483808411068,0.9772843909185,0.958564781631916,0.975897633067343,0.97387900716371,0.991483808411068,0.9772843909185,0.958564781631916,0.603131654265916,1.73426859642639
2.75146107275129,-1.92980430910714,0,0,0,1,19,1,19ll03,O-M,1,0.6473,0.3212,0.0313648732500674,0.0313575954747059,0.0592792055987307,0.0481128883060548,0.0268155446919834,0.968635126749933,0.968642404525294,0.940720794401269,0.951887111693945,0.973184455308017,2.75146107275129,1.92980430910714
0.834804824957893,1.30543498791728,1,1,1,1,19,1,19ll03,O-M,1,0.6319,0.2973,0.943192193365224,0.938396988498141,0.980655221923451,0.942002250708367,0.904127614468688,0.943192193365224,0.938396988498141,0.980655221923451,0.942002250708367,0.904127614468688,0.834804824957893,1.30543498791728
-0.200906511422899,0.238445102382747,1,0,0,1,19,1,19ll03,O-M,1,0.4879,0.7445,0.485539367375268,0.467731774839413,0.6596837817381,0.511139465980706,0.405767944681721,0.514460632624732,0.532268225160587,0.3403162182619,0.488860534019294,0.594232055318278,0.200906511422899,0.238445102382747
0.371901900672295,-1.16105291588347,1,1,0,0,19,1,19ll03,O-M,1,0.2869,0.7248,0.170015112594913,0.156637919426713,0.328096031076325,0.185478636308997,0.122810190387206,0.829984887405087,0.843362080573287,0.671903968923675,0.814521363691003,0.877189809612794,0.371901900672295,1.16105291588347
1.07505329600021,0.944214453751946,1,1,1,1,19,1,19ll03,O-M,1,0.5504,0.4232,0.895160109540999,0.887653649407891,0.96669361439888,0.886972883526891,0.827469964692172,0.895160109540999,0.887653649407891,0.96669361439888,0.886972883526891,0.827469964692172,1.07505329600021,0.944214453751946
0.354688705769336,2.66788474626911,0,1,1,1,19,1,19ll03,O-M,1,0.2473,0.4049,0.997892868247647,0.997774068077216,0.999290943992319,0.998328258292358,0.99618347812693,0.997892868247647,0.997774068077216,0.999290943992319,0.998328258292358,0.99618347812693,0.354688705769336,2.66788474626911
-1.00317341250472,0.671909743381153,0,0,1,0,19,1,19ll03,O-M,1,0.3115,0.4694,0.836349074770011,0.825427945984852,0.942343294680173,0.825949983046855,0.749179421413319,0.836349074770011,0.825427945984852,0.942343294680173,0.825949983046855,0.749179421413319,1.00317341250472,0.671909743381153
0.66173351278464,-1.45188175621146,1,1,0,0,19,1,19ll03,O-M,1,0.2275,0.4833,0.103101023975268,0.0942533127836875,0.219073449837708,0.117907828062402,0.0732672430546481,0.896898976024732,0.905746687216312,0.780926550162292,0.882092171937598,0.926732756945352,0.66173351278464,1.45188175621146
2.62246366375139,2.64843440981406,1,1,1,1,19,1,19ll03,O-M,1,0.3838,0.2482,0.99888660785066,0.999178178885342,0.999960902519002,0.998220449422448,0.995956723032591,0.99888660785066,0.999178178885342,0.999960902519002,0.998220449422448,0.995956723032591,2.62246366375139,2.64843440981406
-0.378928521245233,-1.05453916862959,1,0,0,1,19,1,19ll03,O-M,1,0.5013,0.5159,0.197490978857404,0.183239562148501,0.361587254440356,0.215299240657691,0.14581806886338,0.802509021142596,0.816760437851499,0.638412745559644,0.784700759342309,0.85418193113662,0.378928521245233,1.05453916862959
1.25365923426321,1.06554750497159,1,1,1,1,19,1,19ll03,O-M,1,0.2807,0.3833,0.91808013933943,0.912762449354703,0.977559024110132,0.908556553382843,0.85668587989328,0.91808013933943,0.912762449354703,0.977559024110132,0.908556553382843,0.85668587989328,1.25365923426321,1.06554750497159
-0.43346235996434,2.42799726332341,0,1,1,1,19,1,19ll03,O-M,1,0.9194,0.4164,0.995796428114118,0.995510716070426,0.998574224354966,0.996473892540408,0.992408771081194,0.995796428114118,0.995510716070426,0.998574224354966,0.996473892540408,0.992408771081194,0.43346235996434,2.42799726332341
0.441998701744665,0.664500091398274,0,1,1,1,19,1,19ll03,O-M,1,0.9378,0.467,0.819041803961729,0.806909123514065,0.916814045593247,0.824039935071069,0.746814854771289,0.819041803961729,0.806909123514065,0.916814045593247,0.824039935071069,0.746814854771289,0.441998701744665,0.664500091398274
1.01153203693354,2.44930001277419,1,1,1,1,19,1,19ll03,O-M,1,0.4052,0.4381,0.996758205947251,0.996450174944656,0.999162982415419,0.996692921966358,0.992843291457449,0.996758205947251,0.996450174944656,0.999162982415419,0.996692921966358,0.992843291457449,1.01153203693354,2.44930001277419
0.125128664010417,0.484816030813465,0,1,1,1,19,1,19ll03,O-M,1,2.1262,0.4738,0.758913666219271,0.745637494223301,0.872618954715263,0.7737300177217,0.686096574906646,0.758913666219271,0.745637494223301,0.872618954715263,0.7737300177217,0.686096574906646,0.125128664010417,0.484816030813465
-0.393171297558743,1.79447201878728,0,1,1,1,19,1,19ll03,O-M,1,0.6572,0.3441,0.977854104926598,0.976228727773948,0.991581949243146,0.980341001633132,0.963631069570863,0.977854104926598,0.976228727773948,0.991581949243146,0.980341001633132,0.963631069570863,0.393171297558743,1.79447201878728
1.43574335497709,2.70771162567709,1,1,1,1,19,1,19ll03,O-M,1,0.3864,0.3239,0.998757578336729,0.998658367216318,0.999770285092563,0.998530671443869,0.996612556909895,0.998757578336729,0.998658367216318,0.999770285092563,0.998530671443869,0.996612556909895,1.43574335497709,2.70771162567709
0.641296017361511,-0.550682833793839,1,1,0,0,19,1,19ll03,O-M,1,0.3282,0.4044,0.351621851601745,0.337923558899084,0.512441145980744,0.388085798005864,0.290925557120401,0.648378148398255,0.662076441100916,0.487558854019256,0.611914201994136,0.709074442879599,0.641296017361511,0.550682833793839
1.83311935294332,1.81392235524234,1,1,1,1,19,1,19ll03,O-M,1,0.2589,0.276,0.985515589209274,0.985525578118407,0.998012373272014,0.981250693687789,0.965155159763742,0.985515589209274,0.985525578118407,0.998012373272014,0.981250693687789,0.965155159763742,1.83311935294332,1.81392235524234
-0.738273005989288,1.63053346866609,0,1,1,1,19,1,19ll03,O-M,1,0.6892,0.7402,0.970579519789187,0.968005580735143,0.990058864165211,0.971079741534172,0.948505601215185,0.970579519789187,0.968005580735143,0.990058864165211,0.971079741534172,0.948505601215185,0.738273005989288,1.63053346866609
1.36625587053846,0.691360079836209,1,1,1,1,19,1,19ll03,O-M,1,0.3363,0.3209,0.849656035984688,0.842753549763933,0.958861265374152,0.830900868372245,0.755330357747112,0.849656035984688,0.842753549763933,0.958861265374152,0.830900868372245,0.755330357747112,1.36625587053846,0.691360079836209
0.299393221258064,0.92105929130545,0,1,1,1,19,1,19ll03,O-M,1,0.2889,0.3204,0.874383583380878,0.866014256464261,0.942308904834772,0.882471076936788,0.821490263817979,0.874383583380878,0.866014256464261,0.942308904834772,0.882471076936788,0.821490263817979,0.299393221258064,0.92105929130545
-0.438996986054081,-1.34351559596186,1,0,0,1,19,1,19ll03,O-M,1,1.0692,0.2626,0.127440909617371,0.1162575567855,0.266949984806349,0.140707888074664,0.0895525397176901,0.872559090382629,0.8837424432145,0.733050015193651,0.859292111925336,0.91044746028231,0.438996986054081,1.34351559596186
1.43330608844216,1.00441787611284,1,1,1,1,19,1,19ll03,O-M,1,0.261,0.3101,0.911448370448148,0.907255568710487,0.978691645792753,0.898098157718693,0.84241138141262,0.911448370448148,0.907255568710487,0.978691645792753,0.898098157718693,0.84241138141262,1.43330608844216,1.00441787611284
-0.79148665866864,1.40083425719685,0,1,1,1,19,1,19ll03,O-M,1,0.6463,0.2763,0.952605067787687,0.94854332059285,0.983774696232659,0.952263224201247,0.919368179050259,0.952605067787687,0.94854332059285,0.983774696232659,0.952263224201247,0.919368179050259,0.79148665866864,1.40083425719685
2.30483198022498,1.56662522031376,1,1,1,1,19,1,19ll03,O-M,1,0.2159,0.0158,0.97549227321872,0.978656961245805,0.998167881305416,0.966598450672903,0.941398840387758,0.97549227321872,0.978656961245805,0.998167881305416,0.966598450672903,0.941398840387758,2.30483198022498,1.56662522031376
0.629236625652211,0.515380845242839,0,1,1,1,19,1,19ll03,O-M,1,0.2364,0.2492,0.784076261429266,0.769709160730344,0.904904327085149,0.782819855150608,0.696856542523837,0.784076261429266,0.769709160730344,0.904904327085149,0.782819855150608,0.696856542523837,0.629236625652211,0.515380845242839
2.6223621109791,2.14828290096974,1,1,1,1,19,1,19ll03,O-M,1,0.222,0.1442,0.994764316707331,0.996072718969502,0.999801948484114,0.992124921227957,0.98415435579363,0.994764316707331,0.996072718969502,0.999801948484114,0.992124921227957,0.98415435579363,2.6223621109791,2.14828290096974
2.02271837880658,2.62157442137612,1,1,1,1,19,1,19ll03,O-M,1,0.2555,0.0893,0.998640487230201,0.998693622380648,0.999867823884704,0.998061165680299,0.995623767476232,0.998640487230201,0.998693622380648,0.999867823884704,0.998061165680299,0.995623767476232,2.02271837880658,2.62157442137612
-0.158330511640804,2.6058289109125,0,1,1,1,19,1,19ll03,O-M,1,0.2513,0.0747,0.99729177899722,0.997177658224479,0.999022186326357,0.997961876418674,0.995417388522893,0.99729177899722,0.997177658224479,0.999022186326357,0.997961876418674,0.995417388522893,0.158330511640804,2.6058289109125
1.68051092438627,1.92969816747482,1,1,1,1,19,1,19ll03,O-M,1,0.3743,0.0984,0.988844001657413,0.988481838078357,0.998212952654851,0.985956511782043,0.973177876418902,0.988844001657413,0.988481838078357,0.998212952654851,0.985956511782043,0.973177876418902,1.68051092438627,1.92969816747482
-1.05768186303076,0.62652562498602,0,1,1,1,19,1,19ll03,O-M,1,0.195,0.5237,0.826569330577853,0.815554717857566,0.940247220864374,0.814043794825,0.734514882717059,0.826569330577853,0.815554717857566,0.940247220864374,0.814043794825,0.734514882717059,1.05768186303076,0.62652562498602
-0.384260041790397,0.63115665747532,0,0,1,0,19,1,19ll03,O-M,1,0.3344,0.6049,0.808649081813969,0.796203799739957,0.909567380235438,0.81528135091007,0.736030950774819,0.808649081813969,0.796203799739957,0.909567380235438,0.81528135091007,0.736030950774819,0.384260041790397,0.63115665747532
0.200150774538796,-1.09436604803757,1,0,0,1,19,1,19ll03,O-M,1,1.0665,0.2762,0.191346525234415,0.176120667829174,0.367408737837848,0.203836717898282,0.136897234207167,0.808653474765585,0.823879332170826,0.632591262162152,0.796163282101718,0.863102765792833,0.200150774538796,1.09436604803757
0.914549139397703,1.42028459365191,1,1,1,1,19,1,19ll03,O-M,1,0.3314,0.408,0.955770892936754,0.95195840391088,0.985874700233135,0.954165224618565,0.92223757773065,0.955770892936754,0.95195840391088,0.985874700233135,0.954165224618565,0.92223757773065,0.914549139397703,1.42028459365191
2.07024507623776,1.37119564926533,1,1,1,1,19,1,19ll03,O-M,1,0.2391,0.2965,0.96096026512581,0.963383361292549,0.995688749071962,0.949243961755278,0.914843012947715,0.96096026512581,0.963383361292549,0.995688749071962,0.949243961755278,0.914843012947715,2.07024507623776,1.37119564926533
-0.727229142002877,0.720998687767724,0,1,1,1,19,1,19ll03,O-M,1,0.406,0.1835,0.840857858414711,0.829401360242628,0.935831374229775,0.838269337496481,0.764544838948484,0.840857858414711,0.829401360242628,0.935831374229775,0.838269337496481,0.764544838948484,0.727229142002877,0.720998687767724
2.18934108993949,2.05658845768162,1,1,1,1,19,1,19ll03,O-M,1,0.23,0.1137,0.992843173336666,0.993530029464978,0.999416853701998,0.989909340983243,0.980137085280641,0.992843173336666,0.993530029464978,0.999416853701998,0.989909340983243,0.980137085280641,2.18934108993949,2.05658845768162
1.1850603365821,0.937731008266927,1,1,1,1,19,1,19ll03,O-M,1,0.422,0.4354,0.896092221454785,0.889236468194621,0.969279844538164,0.885724967944386,0.82580866788656,0.896092221454785,0.889236468194621,0.969279844538164,0.885724967944386,0.82580866788656,1.1850603365821,0.937731008266927
1.44242044975509,2.15198772696118,1,1,1,1,19,1,19ll03,O-M,1,0.7316,0.4862,0.993431768929012,0.992960648559902,0.99871340492793,0.992204655847257,0.984300839495968,0.993431768929012,0.992960648559902,0.99871340492793,0.992204655847257,0.984300839495968,1.44242044975509,2.15198772696118
0.223609464937518,2.20570770383705,0,1,1,1,19,1,19ll03,O-M,1,0.4447,0.1695,0.991709375341513,0.991236293760075,0.996877997467128,0.993283507394138,0.986297763915645,0.991709375341513,0.991236293760075,0.996877997467128,0.993283507394138,0.986297763915645,0.223609464937518,2.20570770383705
0.958953089080998,1.28505844496437,1,1,1,1,19,1,19ll03,O-M,1,0.4841,0.1645,0.942496674670935,0.93771868503535,0.981656836120888,0.939600626095934,0.900614069305284,0.942496674670935,0.93771868503535,0.981656836120888,0.939600626095934,0.900614069305284,0.958953089080998,1.28505844496437
1.32060789939462,2.68640887622631,1,1,1,1,19,1,19ll03,O-M,1,0.3379,0.1623,0.998609753592595,0.998486698380679,0.999717104265863,0.99842536896577,0.996388767713039,0.998609753592595,0.998486698380679,0.999717104265863,0.99842536896577,0.996388767713039,1.32060789939462,2.68640887622631
-0.610900441346013,0.366261599087405,0,1,1,1,19,1,19ll03,O-M,1,0.2757,0.1178,0.738287149462392,0.721900488617775,0.879935495926288,0.736513278900794,0.64291505940535,0.738287149462392,0.721900488617775,0.879935495926288,0.736513278900794,0.64291505940535,0.610900441346013,0.366261599087405
2.38787675976417,1.26560810850931,1,1,1,1,19,1,19ll03,O-M,1,0.2929,0.0968,0.952774479137569,0.959755714390787,0.996651109313145,0.937236233539653,0.897173289178701,0.952774479137569,0.959755714390787,0.996651109313145,0.937236233539653,0.897173289178701,2.38787675976417,1.26560810850931
2.75057248599376,2.41039933986408,1,1,1,1,19,1,19ll03,O-M,1,0.2175,0.0803,0.99763526519846,0.998361023382701,0.99993404611081,0.996283224109883,0.992032466053788,0.99763526519846,0.998361023382701,0.99993404611081,0.996283224109883,0.992032466053788,2.75057248599376,2.41039933986408
-0.629992362536314,2.33908143952887,0,1,1,1,19,1,19ll03,O-M,1,0.2141,0.022,0.994915373985194,0.994497770839494,0.998382930481988,0.995412352559871,0.990334390468082,0.994915373985194,0.994497770839494,0.998382930481988,0.995412352559871,0.990334390468082,0.629992362536314,2.33908143952887
-0.763508869903065,2.46134069724637,0,1,1,1,19,1,19ll03,O-M,1,0.2679,0.061,0.99658365686829,0.996283886596963,0.998994827111349,0.996811236213056,0.993079057363003,0.99658365686829,0.996283886596963,0.998994827111349,0.996811236213056,0.993079057363003,0.763508869903065,2.46134069724637
-0.992510371414396,-1.33888456347256,1,0,0,1,19,1,19ll03,O-M,1,0.7575,0.2912,0.118899315381468,0.11130561272863,0.226147083027472,0.141744764672344,0.0903041278486908,0.881100684618532,0.88869438727137,0.773852916972528,0.858255235327656,0.909695872151309,0.992510371414396,1.33888456347256
-1.12447819900374,2.25942768071292,0,1,1,1,19,1,19ll03,O-M,1,0.1942,0.1205,0.994608152050406,0.994103361862959,0.998670618835495,0.994228223318035,0.988071602918274,0.994608152050406,0.994103361862959,0.998670618835495,0.994228223318035,0.988071602918274,1.12447819900374,2.25942768071292
0.705020381972757,-0.886895792516961,1,1,0,0,19,1,19ll03,O-M,1,0.5602,0.138,0.23724526624375,0.224881794527762,0.387865095358452,0.26745624468947,0.187567503565453,0.76275473375625,0.775118205472238,0.612134904641548,0.73254375531053,0.812432496434547,0.705020381972757,0.886895792516961
0.249226151747378,2.41503037235338,0,1,1,1,19,1,19ll03,O-M,1,0.2438,0.1656,0.995383928696401,0.995132596482093,0.998330710957432,0.996334276429155,0.992133051181276,0.995383928696401,0.995132596482093,0.998330710957432,0.996334276429155,0.992133051181276,0.249226151747378,2.41503037235338
0.227722352215216,0.168979615043259,1,1,0,0,19,1,19ll03,O-M,1,0.5047,0.8413,0.5116195627489,0.494474721661703,0.67977704755927,0.538792299163062,0.432906337824755,0.4883804372511,0.505525278338297,0.32022295244073,0.461207700836938,0.567093662175245,0.227722352215216,0.168979615043259
1.66040347547308,2.60860753040608,1,1,1,1,19,1,19ll03,O-M,1,0.2598,0.1335,0.998421884826418,0.998345764423963,0.999761831959915,0.997979726626092,0.995454427818966,0.998421884826418,0.998345764423963,0.999761831959915,0.997979726626092,0.995454427818966,1.66040347547308,2.60860753040608
1.70216705307686,2.06862914215379,1,1,1,1,19,1,19ll03,O-M,1,0.2659,0.3223,0.992325887774357,0.992087446873714,0.99882208132495,0.990228299407838,0.980709549458277,0.992325887774357,0.992087446873714,0.99882208132495,0.990228299407838,0.980709549458277,1.70216705307686,2.06862914215379
1.36166060759239,1.40453908318829,1,1,1,1,19,1,19ll03,O-M,1,0.6277,0.4853,0.958776655924299,0.956118817137133,0.990285167477508,0.952630303140468,0.919920809019138,0.958776655924299,0.956118817137133,0.990285167477508,0.952630303140468,0.919920809019138,1.36166060759239,1.40453908318829
1.72821533916895,2.06307190316664,1,1,1,1,19,1,19ll03,O-M,1,0.3935,0.4256,0.992260394354952,0.992060019161128,0.998844653910691,0.990082198913655,0.980447101407789,0.992260394354952,0.992060019161128,0.998844653910691,0.990082198913655,0.980447101407789,1.72821533916895,2.06307190316664
1.78643046588353,2.02417123025652,1,1,1,1,19,1,19ll03,O-M,1,0.4065,0.2589,0.991524031630932,0.991412922578447,0.998809219887448,0.989005055001276,0.978523731677062,0.991524031630932,0.991412922578447,0.998809219887448,0.989005055001276,0.978523731677062,1.78643046588353,2.02417123025652
2.42931029085802,1.5795921112838,1,1,1,1,19,1,19ll03,O-M,1,0.2494,0.3579,0.976516591734361,0.98046504954847,0.998572386041638,0.967551235942787,0.942899846494412,0.976516591734361,0.98046504954847,0.998572386041638,0.967551235942787,0.942899846494412,2.42931029085802,1.5795921112838
1.76304794006402,0.941435834258367,1,1,1,1,19,1,19ll03,O-M,1,0.2552,0.2003,0.905809701137671,0.905800084528664,0.983226295641454,0.886439258617256,0.826759221406775,0.905809701137671,0.905800084528664,0.983226295641454,0.886439258617256,0.826759221406775,1.76304794006402,0.941435834258367
2.19012812392473,0.909018606833272,1,1,1,1,19,1,19ll03,O-M,1,0.345,0.3297,0.904750791377893,0.913173972618544,0.98986305469367,0.880080606607097,0.818329847917912,0.904750791377893,0.913173972618544,0.98986305469367,0.880080606607097,0.818329847917912,2.19012812392473,0.909018606833272
-0.563373743914836,0.991450985142798,0,1,1,1,19,1,19ll03,O-M,1,0.3352,0.1342,0.893376605557231,0.885319195269257,0.956231529920075,0.895771970558343,0.839267292563062,0.893376605557231,0.885319195269257,0.956231529920075,0.895771970558343,0.839267292563062,0.563373743914836,0.991450985142798
1.66042886366615,1.98804917683999,1,1,1,1,19,1,19ll03,O-M,1,0.2354,0.1824,0.990375880118694,0.990017727819622,0.998438245159578,0.987915133723245,0.976596874283295,0.990375880118694,0.990017727819622,0.998438245159578,0.987915133723245,0.976596874283295,1.66042886366615,1.98804917683999
-0.325562539407449,1.33785221534238,0,1,1,1,19,1,19ll03,O-M,1,0.2744,0.042,0.940338317851962,0.936127564035656,0.974871054378956,0.945667595952514,0.90952769166035,0.940338317851962,0.936127564035656,0.974871054378956,0.945667595952514,0.90952769166035,0.325562539407449,1.33785221534238
-0.297711691607235,1.60552589322387,0,1,1,1,19,1,19ll03,O-M,1,0.2047,0.2778,0.965345720983689,0.962955011611122,0.985940825594563,0.969389581310807,0.945810940240278,0.965345720983689,0.962955011611122,0.985940825594563,0.969389581310807,0.945810940240278,0.297711691607235,1.60552589322387
2.58615854765813,1.32859015036378,1,1,1,1,19,1,19ll03,O-M,1,0.2848,0.1045,0.959217846754278,0.967740820127266,0.997971227055109,0.94463956413774,0.90800838830911,0.959217846754278,0.967740820127266,0.997971227055109,0.94463956413774,0.90800838830911,2.58615854765813,1.32859015036378
0.272405572022305,1.95563194941489,0,1,1,1,19,1,19ll03,O-M,1,0.5332,0.3252,0.984465047670574,0.98346293672089,0.994005133489344,0.986858454705068,0.974745736798053,0.984465047670574,0.98346293672089,0.994005133489344,0.986858454705068,0.974745736798053,0.272405572022305,1.95563194941489
0.459846601474429,0.597813223552365,0,0,1,0,19,1,19ll03,O-M,1,0.2129,0.1825,0.80189672496736,0.788798380310908,0.90827486601359,0.806256715047318,0.725017716865602,0.80189672496736,0.788798380310908,0.90827486601359,0.806256715047318,0.725017716865602,0.459846601474429,0.597813223552365
1.82796554974966,1.85838026713961,1,1,1,1,19,1,19ll03,O-M,1,0.3045,0.2003,0.987041139137935,0.987025938864079,0.998223302894197,0.983196323118696,0.968442483757587,0.987041139137935,0.987025938864079,0.998223302894197,0.983196323118696,0.968442483757587,1.82796554974966,1.85838026713961
0.827112202457013,2.51320826112652,1,1,1,1,19,1,19ll03,O-M,1,0.3071,0.1477,0.997136670042567,0.996874905730325,0.99918517577739,0.997278533508748,0.994018065761538,0.997136670042567,0.996874905730325,0.99918517577739,0.997278533508748,0.994018065761538,0.827112202457013,2.51320826112652
0.947706119550009,1.92969816747482,1,1,1,1,19,1,19ll03,O-M,1,0.2803,0.2325,0.986314315162033,0.985045114237954,0.996054299368798,0.985956511782043,0.973177876418902,0.986314315162033,0.985045114237954,0.996054299368798,0.985956511782043,0.973177876418902,0.947706119550009,1.92969816747482
-0.976465033392759,-0.762784121803743,1,0,0,1,19,1,19ll03,O-M,1,0.3603,0.2596,0.269195425674231,0.259250158858595,0.409974940356803,0.309801566400364,0.222796076039599,0.730804574325769,0.740749841141405,0.590025059643197,0.690198433599637,0.777203923960401,0.976465033392759,0.762784121803743
-0.510642466903857,-0.703506905940713,1,0,0,1,19,1,19ll03,O-M,1,0.7379,0.1537,0.301807517690223,0.28684304756553,0.469289043044706,0.331006478584388,0.240869952267549,0.698192482309777,0.71315695243447,0.530710956955294,0.668993521415612,0.759130047732451,0.510642466903857,0.703506905940713
-0.0270735534574799,0.696917318823368,0,1,1,1,19,1,19ll03,O-M,1,0.6731,0.1162,0.816024005420584,0.806100497372976,0.904284272225238,0.832298631374042,0.757072730669988,0.816024005420584,0.806100497372976,0.904284272225238,0.832298631374042,0.757072730669988,0.0270735534574799,0.696917318823368
-0.924013026505574,-1.23144460972082,1,0,0,1,19,1,19ll03,O-M,1,1.0313,0.1383,0.142304677645259,0.133605397807352,0.26080904638476,0.167254030137501,0.109078310577969,0.857695322354741,0.866394602192648,0.73919095361524,0.832745969862499,0.890921689422031,0.924013026505574,1.23144460972082
0.53867694096364,0.431096053937594,0,1,1,1,19,1,19ll03,O-M,1,0.9157,0.1965,0.756091499504858,0.740569419256253,0.886446344631487,0.757244797274541,0.666800735120911,0.756091499504858,0.740569419256253,0.886446344631487,0.757244797274541,0.666800735120911,0.53867694096364,0.431096053937594
0.682272560980057,2.4029896878812,0,1,1,1,19,1,19ll03,O-M,1,0.2576,0.2013,0.995835901450862,0.995484961156564,0.998717526104384,0.996200213034697,0.991869177004447,0.995835901450862,0.995484961156564,0.998717526104384,0.996200213034697,0.991869177004447,0.682272560980057,2.4029896878812
1.48319388782905,1.01275373459357,1,1,1,1,19,1,19ll03,O-M,1,0.3912,0.17,0.913490135441184,0.90985926264668,0.980100241396821,0.899573473509128,0.844411097794266,0.913490135441184,0.90985926264668,0.980100241396821,0.899573473509128,0.844411097794266,1.48319388782905,1.01275373459357
2.38927311038314,1.87227336460751,1,1,1,1,19,1,19ll03,O-M,1,0.2212,0.0007,0.988585690336727,0.990420461614013,0.999304347449025,0.98376776860781,0.969415603123563,0.988585690336727,0.990420461614013,0.999304347449025,0.98376776860781,0.969415603123563,2.38927311038314,1.87227336460751
-0.999289018964676,2.30203317961447,0,1,1,1,19,1,19ll03,O-M,1,0.2421,0.1201,0.995012231155249,0.994539088178034,0.99867722045161,0.994891605733804,0.989333349440437,0.995012231155249,0.994539088178034,0.99867722045161,0.994891605733804,0.989333349440437,0.999289018964676,2.30203317961447
2.18956958367714,1.42862045213264,1,1,1,1,19,1,19ll03,O-M,1,0.2187,0.1501,0.96604579531297,0.969239957956236,0.996874221744731,0.954961500850294,0.923443323726644,0.96604579531297,0.969239957956236,0.996874221744731,0.954961500850294,0.923443323726644,2.18956958367714,1.42862045213264
2.27982461004885,1.07388336345232,1,1,1,1,19,1,19ll03,O-M,1,0.2601,0.07,0.930181124062545,0.938120918143171,0.993799366154092,0.909918706276201,0.858562519693702,0.930181124062545,0.938120918143171,0.993799366154092,0.909918706276201,0.858562519693702,2.27982461004885,1.07388336345232
0.811930062999832,-1.16475774187491,0,1,0,0,19,1,19ll03,O-M,1,0.5516,0.1009,0.159671395061713,0.149715590131262,0.288785022833422,0.184489762991396,0.122058534338641,0.840328604938287,0.850284409868738,0.711214977166578,0.815510237008604,0.877941465661359,0.811930062999832,1.16475774187491
-0.189735706471127,1.21374054462916,0,1,1,1,19,1,19ll03,O-M,1,0.4657,0.1308,0.922497788145103,0.917553844110865,0.965102586578452,0.930578290399592,0.887576591717803,0.922497788145103,0.917553844110865,0.965102586578452,0.930578290399592,0.887576591717803,0.189735706471127,1.21374054462916
2.6619169157856,1.58607555676882,1,1,1,1,19,1,19ll03,O-M,1,0.4142,0.1067,0.977276604345865,0.982817347780561,0.99909056327486,0.968019154086898,0.943638914535828,0.977276604345865,0.982817347780561,0.99909056327486,0.968019154086898,0.943638914535828,2.6619169157856,1.58607555676882
2.52063162133876,1.22485502260348,1,1,1,1,19,1,19ll03,O-M,1,0.1996,0.3438,0.949115665014727,0.958541607098934,0.997065589894434,0.932048948589319,0.889685075304216,0.949115665014727,0.958541607098934,0.997065589894434,0.932048948589319,0.889685075304216,2.52063162133876,1.22485502260348
-0.526687804925493,2.49653654416504,0,1,1,1,19,1,19ll03,O-M,1,0.2989,0.7756,0.996660735110663,0.996416164504589,0.998917307205005,0.997135552452231,0.993729362715059,0.996660735110663,0.996416164504589,0.998917307205005,0.997135552452231,0.993729362715059,0.526687804925493,2.49653654416504
-0.684196154745482,-0.448800119029256,1,0,0,1,19,1,19ll03,O-M,1,0.4213,0.1379,0.387892853860024,0.37481541771504,0.545604345203643,0.427623078847405,0.326787926434361,0.612107146139976,0.62518458228496,0.454395654796357,0.572376921152595,0.673212073565639,0.684196154745482,0.448800119029256
1.10498597563235,-1.95481188454936,0,0,0,1,19,1,19ll03,O-M,1,0.4737,0.2619,0.0365766925978006,0.0330636715743135,0.0927483637468367,0.0456633361713184,0.0253026389500071,0.963423307402199,0.966936328425686,0.907251636253163,0.954336663828682,0.974697361049993,1.10498597563235,1.95481188454936
2.68522327702589,0.881232411897477,1,1,1,1,19,1,19ll03,O-M,1,0.2102,0.0043,0.902834753579675,0.923736168526641,0.995192227598521,0.874433887613428,0.810903980170251,0.902834753579675,0.923736168526641,0.995192227598521,0.874433887613428,0.810903980170251,2.68522327702589,0.881232411897477
1.84941857289568,2.09919395658317,1,1,1,1,19,1,19ll03,O-M,1,0.2757,0.0571,0.993191990112927,0.993191146453702,0.999121432633,0.990998713180476,0.982100096730876,0.993191990112927,0.993191146453702,0.999121432633,0.990998713180476,0.982100096730876,1.84941857289568,2.09919395658317
-0.356688464113977,2.64658199681834,0,1,1,1,19,1,19ll03,O-M,1,0.4447,0.1177,0.99775152013043,0.997623117898266,0.999241527666534,0.998209858892022,0.995934510495288,0.99775152013043,0.997623117898266,0.999241527666534,0.998209858892022,0.995934510495288,0.356688464113977,2.64658199681834
0.875755980383367,0.737670404729201,1,1,1,1,19,1,19ll03,O-M,1,0.4778,0.2322,0.848603813514934,0.837783732742659,0.943537519202749,0.842320727599179,0.769642619680212,0.848603813514934,0.837783732742659,0.943537519202749,0.842320727599179,0.769642619680212,0.875755980383367,0.737670404729201
-0.400533873549684,1.29987774893013,0,1,1,1,19,1,19ll03,O-M,1,0.2729,0.5974,0.936808107518918,0.932148154976805,0.97390555783694,0.941354830069193,0.90317856375588,0.936808107518918,0.932148154976805,0.97390555783694,0.941354830069193,0.90317856375588,0.400533873549684,1.29987774893013
1.43668271812077,1.68147482604838,1,1,1,1,19,1,19ll03,O-M,1,0.3386,0.0545,0.978139089568548,0.97676061344913,0.995391634145507,0.97428330709531,0.95366463891208,0.978139089568548,0.97676061344913,0.995391634145507,0.97428330709531,0.95366463891208,1.43668271812077,1.68147482604838
1.1716299824469,2.1769953024034,1,1,1,1,19,1,19ll03,O-M,1,0.2593,0.2748,0.993325545097483,0.992714743343372,0.998388618565376,0.992724524717045,0.985259541030706,0.993325545097483,0.992714743343372,0.998388618565376,0.992724524717045,0.985259541030706,1.1716299824469,2.1769953024034
2.56935156384433,1.62590243617679,1,1,1,1,19,1,19ll03,O-M,1,0.2482,0.164,0.979203702509896,0.983672569478255,0.999022783841462,0.970772736294833,0.948014794097968,0.979203702509896,0.983672569478255,0.999022783841462,0.970772736294833,0.948014794097968,2.56935156384433,1.62590243617679
-0.801286501194513,0.682098014857611,0,1,1,1,19,1,19ll03,O-M,1,0.1912,0.1794,0.833463179386044,0.821670127611099,0.934676701762058,0.828554689268453,0.752411512106745,0.833463179386044,0.821670127611099,0.934676701762058,0.828554689268453,0.752411512106745,0.801286501194513,0.682098014857611
0.810025948519416,2.32704075505669,1,1,1,1,19,1,19ll03,O-M,1,0.4043,0.1821,0.995044896043963,0.994595328821414,0.99854789193313,0.995248557077211,0.990018451886758,0.995044896043963,0.994595328821414,0.99854789193313,0.995248557077211,0.990018451886758,0.810025948519416,2.32704075505669
0.904901626030264,1.70277757549916,1,1,1,1,19,1,19ll03,O-M,1,0.269,0.1973,0.976097971502137,0.973938129726731,0.992683279739344,0.975531997259726,0.955695149544984,0.976097971502137,0.973938129726731,0.992683279739344,0.975531997259726,0.955695149544984,0.904901626030264,1.70277757549916
-0.0699795997495142,-0.655344168052001,1,0,0,1,19,1,19ll03,O-M,1,0.8371,0.2773,0.333147560404671,0.313815242504507,0.531595286341154,0.348648083484619,0.25612309480924,0.666852439595329,0.686184757495493,0.468404713658846,0.651351916515381,0.74387690519076,0.0699795997495142,0.655344168052001
-1.17200489643492,0.74415385021422,0,1,1,1,19,1,19ll03,O-M,1,0.3478,2.8192,0.857237885993311,0.848471905369072,0.955538505487229,0.843878105678422,0.771608297959756,0.857237885993311,0.848471905369072,0.955538505487229,0.843878105678422,0.771608297959756,1.17200489643492,0.74415385021422
0.355729621685297,1.29154189044939,0,1,1,1,19,1,19ll03,O-M,1,0.7731,0.1834,0.935184236473862,0.930532020884134,0.972759318703336,0.940373077984422,0.901742080458817,0.935184236473862,0.930532020884134,0.972759318703336,0.940373077984422,0.901742080458817,0.355729621685297,1.29154189044939
-0.611255876049023,1.91580507000692,0,1,1,1,19,1,19ll03,O-M,1,0.2643,0.146,0.984379531196258,0.983066179415505,0.994659093704834,0.985451738214384,0.972305043915932,0.984379531196258,0.983066179415505,0.994659093704834,0.985451738214384,0.972305043915932,0.611255876049023,1.91580507000692
2.11721323342135,1.48141422251065,1,1,1,1,19,1,19ll03,O-M,1,0.2696,0.2785,0.96954132739749,0.971809306266667,0.996926390497574,0.959749407546614,0.930751886465389,0.96954132739749,0.971809306266667,0.996926390497574,0.959749407546614,0.930751886465389,2.11721323342135,1.48141422251065
0.0756978520988247,2.35760556948606,0,1,1,1,19,1,19ll03,O-M,1,0.3084,0.1357,0.994298150734365,0.994056094051601,0.997810555485962,0.995654514777299,0.990803387711167,0.994298150734365,0.994056094051601,0.997810555485962,0.995654514777299,0.990803387711167,0.0756978520988247,2.35760556948606
0.509734400861321,2.44559518678275,0,1,1,1,19,1,19ll03,O-M,1,0.4053,0.1493,0.996101898051215,0.995817331157839,0.998718305268535,0.996655731577964,0.992769336515548,0.996101898051215,0.995817331157839,0.998718305268535,0.996655731577964,0.992769336515548,0.509734400861321,2.44559518678275
0.912492695758854,2.1260539450211,1,1,1,1,19,1,19ll03,O-M,1,0.8327,0.242,0.991673355305677,0.990894160746449,0.997621118595672,0.991631279791217,0.983250615964695,0.991673355305677,0.990894160746449,0.997621118595672,0.991631279791217,0.983250615964695,0.912492695758854,2.1260539450211
1.75553303491465,0.855298629957401,1,1,1,1,19,1,19ll03,O-M,1,0.2592,0.3135,0.890570912841356,0.890549747050053,0.979906873643414,0.868998582377823,0.80380707709018,0.890570912841356,0.890549747050053,0.979906873643414,0.868998582377823,0.80380707709018,1.75553303491465,0.855298629957401
1.42129747311901,0.80343106607725,1,1,1,1,19,1,19ll03,O-M,1,0.4695,0.1965,0.875033181049386,0.869587335821866,0.968175541920876,0.857645846186357,0.789137187452816,0.875033181049386,0.869587335821866,0.968175541920876,0.857645846186357,0.789137187452816,1.42129747311901,0.80343106607725
-0.47149387318651,1.16557780674045,0,1,1,1,19,1,19ll03,O-M,1,0.3494,0.118,0.919975893917693,0.913947131934809,0.967024253707555,0.923920796822432,0.878107407431929,0.919975893917693,0.913947131934809,0.967024253707555,0.923920796822432,0.878107407431929,0.47149387318651,1.16557780674045
-0.318479233540302,2.54192066256017,0,1,1,1,19,1,19ll03,O-M,1,0.2497,0.1791,0.996877361874243,0.996700132627921,0.998916567437219,0.997509746960608,0.994487740265293,0.996877361874243,0.996700132627921,0.998916567437219,0.997509746960608,0.994487740265293,0.318479233540302,2.54192066256017
1.67093957559804,1.85838026713961,1,1,1,1,19,1,19ll03,O-M,1,0.2549,0.1045,0.986578154254035,0.986137914328062,0.997804935854275,0.983196323118696,0.968442483757587,0.986578154254035,0.986137914328062,0.997804935854275,0.983196323118696,0.968442483757587,1.67093957559804,1.85838026713961
-0.348970453420026,1.54532247086298,0,1,1,1,19,1,19ll03,O-M,1,0.3012,0.2167,0.961046697255145,0.958246516489422,0.984310579481911,0.964983231422125,0.938865858606276,0.961046697255145,0.958246516489422,0.984310579481911,0.964983231422125,0.938865858606276,0.348970453420026,1.54532247086298
0.8192672507977,1.79725063828086,1,1,1,1,19,1,19ll03,O-M,1,0.4253,0.0974,0.980383895474762,0.978606376091292,0.993806625462966,0.98047320884047,0.963852080626384,0.980383895474762,0.978606376091292,0.993806625462966,0.98047320884047,0.963852080626384,0.8192672507977,1.79725063828086
-0.734083954132374,0.752489708694959,0,0,1,0,19,1,19ll03,O-M,1,1.0074,0.2429,0.848395259357135,0.837365221467503,0.939471730380671,0.845865505389819,0.774121691776344,0.848395259357135,0.837365221467503,0.939471730380671,0.845865505389819,0.774121691776344,0.734083954132374,0.752489708694959
-0.909211709944476,2.35297453699677,0,1,1,1,19,1,19ll03,O-M,1,0.3964,0.0344,0.995550750962749,0.995134381241613,0.998766527739816,0.995595069992838,0.990688045318209,0.995550750962749,0.995134381241613,0.998766527739816,0.995595069992838,0.990688045318209,0.909211709944476,2.35297453699677
0.468884798208135,2.00657330679718,0,1,1,1,19,1,19ll03,O-M,1,0.9093,0.0152,0.98702420685028,0.986035335227458,0.995366379191127,0.988485238831272,0.977602442036628,0.98702420685028,0.986035335227458,0.995366379191127,0.988485238831272,0.977602442036628,0.468884798208135,2.00657330679718
2.45330213331126,1.75557134587717,1,1,1,1,19,1,19ll03,O-M,1,0.2658,0.0419,0.984719553229947,0.987470278668166,0.999144892916441,0.978408857801194,0.960419185765121,0.984719553229947,0.987470278668166,0.999144892916441,0.978408857801194,0.960419185765121,2.45330213331126,1.75557134587717
2.26032647776939,2.55766617302379,1,0,1,0,19,1,19ll03,O-M,1,0.2513,0.4059,0.998415637742723,0.998604800935217,0.999891647504281,0.997628857497817,0.994731140127043,0.998415637742723,0.998604800935217,0.999891647504281,0.997628857497817,0.994731140127043,2.26032647776939,2.55766617302379
0.590341913865586,2.63546751884402,0,1,1,1,19,1,19ll03,O-M,1,0.2456,0.3554,0.997851021722394,0.997689945571467,0.99933397882254,0.998145102788054,0.995798926655287,0.997851021722394,0.997689945571467,0.99933397882254,0.998145102788054,0.995798926655287,0.590341913865586,2.63546751884402
2.12472813857072,1.98249193785283,1,1,1,1,19,1,19ll03,O-M,1,0.2397,0.2334,0.991150106459911,0.991822798961573,0.999196571045125,0.987739398577365,0.976287895584822,0.991150106459911,0.991822798961573,0.999196571045125,0.987739398577365,0.976287895584822,2.12472813857072,1.98249193785283
2.78471960567588,2.61323856289538,1,1,1,1,19,1,19ll03,O-M,1,0.2274,0.1169,0.998769466379561,0.99917179739778,0.999969034180048,0.998009161845895,0.99551556634506,0.998769466379561,0.99917179739778,0.999969034180048,0.998009161845895,0.99551556634506,2.78471960567588,2.61323856289538
1.91606257971023,2.6011978784232,1,1,1,1,19,1,19ll03,O-M,1,0.4156,0.0947,0.998505811955904,0.998519028810521,0.99983223504404,0.997931807736535,0.995355057406963,0.998505811955904,0.998519028810521,0.99983223504404,0.997931807736535,0.995355057406963,1.91606257971023,2.6011978784232
0.590646572182453,0.223625798416989,1,0,0,1,19,1,19ll03,O-M,1,0.765,0.2663,0.477405326880901,0.464046405527981,0.632296352737211,0.517047769111721,0.41152424388039,0.522594673119099,0.535953594472019,0.367703647262789,0.482952230888279,0.58847575611961,0.590646572182453,0.223625798416989
2.67417941303948,1.46381629905132,1,1,1,1,19,1,19ll03,O-M,1,0.2264,0.2302,0.969868553213751,0.977171839194604,0.998777300521289,0.958201612321988,0.928377926096565,0.969868553213751,0.977171839194604,0.998777300521289,0.958201612321988,0.928377926096565,2.67417941303948,1.46381629905132
-0.213930654468943,-1.37408041039124,1,0,0,1,19,1,19ll03,O-M,1,0.5886,0.2622,0.125536588828734,0.113384283993876,0.280033555211746,0.133993717120263,0.0847083601589492,0.874463411171266,0.886615716006124,0.719966444788254,0.866006282879737,0.915291639841051,0.213930654468943,1.37408041039124
0.537356754923885,-1.48615139663228,1,0,0,1,19,1,19ll03,O-M,1,0.5441,0.4255,0.0990850140847421,0.0898422224399649,0.219867128749828,0.111274111351257,0.0686195400527866,0.900914985915258,0.910157777560035,0.780132871250172,0.888725888648743,0.931380459947213,0.537356754923885,1.48615139663228
0.382285671638828,-1.58803411139686,1,0,0,1,19,1,19ll03,O-M,1,0.4715,0.1371,0.0849536984129432,0.0759427109245638,0.207135523610734,0.093140217415606,0.0561393129308615,0.915046301587057,0.924057289075436,0.792864476389266,0.906859782584394,0.943860687069139,0.382285671638828,1.58803411139686
1.81042230833676,1.0951861129031,1,1,1,1,19,1,19ll03,O-M,1,0.1983,0.0502,0.929364860886434,0.929815382177243,0.988508347194474,0.913331187782382,0.863282445808935,0.929364860886434,0.929815382177243,0.988508347194474,0.913331187782382,0.863282445808935,1.81042230833676,1.0951861129031
2.46287348209948,2.53914204306659,1,1,1,1,19,1,19ll03,O-M,1,0.2272,0.5473,0.99837478603506,0.998693645928189,0.999921540614473,0.997488174401028,0.994443765192656,0.99837478603506,0.998693645928189,0.999921540614473,0.997488174401028,0.994443765192656,2.46287348209948,2.53914204306659
1.69759717832387,1.17761849121263,1,1,1,1,19,1,19ll03,O-M,1,0.3924,0.3431,0.938692246786686,0.937771979211395,0.988942110713718,0.925629066945215,0.880525632660679,0.938692246786686,0.937771979211395,0.988942110713718,0.925629066945215,0.880525632660679,1.69759717832387,1.17761849121263
0.733277440862126,0.696917318823368,0,1,1,1,19,1,19ll03,O-M,1,0.5507,0.7733,0.835236455712705,0.823471140573175,0.933414186006513,0.832298631374042,0.757072730669988,0.835236455712705,0.823471140573175,0.933414186006513,0.832298631374042,0.757072730669988,0.733277440862126,0.696917318823368
0.0344674265495563,-0.5423469753131,1,0,0,1,19,1,19ll03,O-M,1,0.572,0.3881,0.375508835229583,0.355590811457262,0.574501591289975,0.391283348570466,0.29378975023131,0.624491164770417,0.644409188542738,0.425498408710025,0.608716651429534,0.70621024976869,0.0344674265495563,0.5423469753131
0.655894228378031,2.30110697311661,0,1,1,1,19,1,19ll03,O-M,1,0.8491,0.1958,0.994390835402179,0.99391989867228,0.998226247288927,0.994877938550303,0.98930720735664,0.994390835402179,0.99391989867228,0.998226247288927,0.994877938550303,0.98930720735664,0.655894228378031,2.30110697311661
0.480411037862918,-1.19347014330857,1,0,0,1,19,1,19ll03,O-M,1,0.2927,0.6903,0.159724164740167,0.147429798924913,0.307657907544046,0.176937590714632,0.116342649212329,0.840275835259833,0.852570201075087,0.692342092455954,0.823062409285368,0.883657350787671,0.480411037862918,1.19347014330857
1.2965145041691,2.55488755353021,1,1,1,1,19,1,19ll03,O-M,1,0.3578,0.0601,0.997876753297209,0.997687615649066,0.999553440873484,0.99760822015751,0.99468889466061,0.997876753297209,0.997687615649066,0.999553440873484,0.99760822015751,0.99468889466061,1.2965145041691,2.55488755353021
1.911061105675,0.893273096369655,1,1,1,1,19,1,19ll03,O-M,1,0.2308,0.0686,0.899366480706845,0.902138883952271,0.984623410617339,0.876903177471866,0.814144529120916,0.899366480706845,0.902138883952271,0.984623410617339,0.876903177471866,0.814144529120916,1.911061105675,0.893273096369655
-1.09875995942159,2.51783929361582,0,1,1,1,19,1,19ll03,O-M,1,0.3517,0.0443,0.997442484924688,0.997199379931755,0.999379650455942,0.997317090316847,0.994096140879385,0.997442484924688,0.997199379931755,0.999379650455942,0.997317090316847,0.994096140879385,1.09875995942159,2.51783929361582
-0.707680233337276,1.86208509313105,0,1,1,1,19,1,19ll03,O-M,1,0.3004,0.2295,0.982673360020324,0.98115100878853,0.994278995652143,0.983350366298617,0.968704451567316,0.982673360020324,0.98115100878853,0.994278995652143,0.983350366298617,0.968704451567316,0.707680233337276,1.86208509313105
1.22568144549763,0.658942852411115,1,1,1,1,19,1,19ll03,O-M,1,0.236,0.3895,0.838804492676136,0.829816105919437,0.950644628302506,0.822598722741938,0.745033766634823,0.838804492676136,0.829816105919437,0.950644628302506,0.822598722741938,0.745033766634823,1.22568144549763,0.658942852411115
1.59845628437689,0.449620183894791,1,1,1,1,19,1,19ll03,O-M,1,0.2391,0.2924,0.792827147061481,0.789486169879973,0.950226467258018,0.763001675348492,0.673507834065814,0.792827147061481,0.789486169879973,0.950226467258018,0.763001675348492,0.673507834065814,1.59845628437689,0.449620183894791
0.0448258093230178,0.319025067696553,1,1,0,0,19,1,19ll03,O-M,1,0.4133,0.3295,0.460177666199525,0.440540962446848,0.648252038701285,0.479003860925752,0.374853751970599,0.539822333800475,0.559459037553152,0.351747961298715,0.520996139074248,0.625146248029401,0.0448258093230178,0.319025067696553
0.091590860962028,1.97971331835925,0,1,1,1,19,1,19ll03,O-M,1,0.2782,0.5022,0.984673961486951,0.983879006832725,0.993775690516894,0.987650703632874,0.97613212441123,0.984673961486951,0.983879006832725,0.993775690516894,0.987650703632874,0.97613212441123,0.091590860962028,1.97971331835925
1.88689154587026,0.776571077639315,1,1,1,1,19,1,19ll03,O-M,1,0.2528,0.5696,0.87711218493667,0.880008564618102,0.980029194679239,0.851512493758613,0.781294064579697,0.87711218493667,0.880008564618102,0.980029194679239,0.851512493758613,0.781294064579697,1.88689154587026,0.776571077639315
1.82359878054124,0.633009070471039,1,1,1,1,19,1,19ll03,O-M,1,0.2038,0.3076,0.84475358745487,0.846843336874075,0.971744796118022,0.815774936336956,0.736636140132929,0.84475358745487,0.846843336874075,0.971744796118022,0.815774936336956,0.736636140132929,1.82359878054124,0.633009070471039
0.931381511404578,0.366261599087405,1,1,1,1,19,1,19ll03,O-M,1,0.2019,0.2254,0.749228182052325,0.734210745901201,0.901146420470966,0.736513278900794,0.64291505940535,0.749228182052325,0.734210745901201,0.901146420470966,0.736513278900794,0.64291505940535,0.931381511404578,0.366261599087405
-1.14092974811453,2.01027813278862,0,1,1,1,19,1,19ll03,O-M,1,0.2924,0.3035,0.989483318735635,0.988529806372555,0.997345895328165,0.98859641375372,0.977799120029336,0.989483318735635,0.988529806372555,0.997345895328165,0.98859641375372,0.977799120029336,1.14092974811453,2.01027813278862
0.0652633047461466,1.79725063828086,0,1,1,1,19,1,19ll03,O-M,1,0.2347,0.3189,0.97617068959891,0.974907884864575,0.989950598119794,0.98047320884047,0.963852080626384,0.97617068959891,0.974907884864575,0.989950598119794,0.98047320884047,0.963852080626384,0.0652633047461466,1.79725063828086
2.30493353299726,1.22115019661204,1,1,1,1,19,1,19ll03,O-M,1,0.2524,0.2623,0.947893125553556,0.954321848047519,0.995737060980126,0.931561426054797,0.888985421512447,0.947893125553556,0.954321848047519,0.995737060980126,0.931561426054797,0.888985421512447,2.30493353299726,1.22115019661204
-0.594956656096665,-1.59822238287332,1,0,0,1,19,1,19ll03,O-M,1,0.1984,0.4509,0.0805476682773208,0.0726232358121608,0.187968906623352,0.0914545528785804,0.0549967470379583,0.919452331722679,0.927376764187839,0.812031093376648,0.90854544712142,0.945003252962042,0.594956656096665,1.59822238287332
-0.464816778408518,1.03868751653365,0,1,1,1,19,1,19ll03,O-M,1,0.3362,0.5842,0.899746193783414,0.892363448246457,0.957663945855821,0.90406357804661,0.850524955601866,0.899746193783414,0.892363448246457,0.957663945855821,0.90406357804661,0.850524955601866,0.464816778408518,1.03868751653365
-0.20103345238826,-1.99186014446375,1,0,0,1,19,1,19ll03,O-M,1,0.3414,0.2952,0.0399855467527406,0.0343516475598621,0.136096326791594,0.042219700126991,0.0231932024877198,0.960014453247259,0.965648352440138,0.863903673208406,0.957780299873009,0.97680679751228,0.20103345238826,1.99186014446375
1.01919927124135,1.85930647363747,1,1,1,1,19,1,19ll03,O-M,1,0.5966,0.4667,0.984043367453084,0.982581386261804,0.995543893842822,0.983234947752282,0.968508145038909,0.984043367453084,0.982581386261804,0.995543893842822,0.983234947752282,0.968508145038909,1.01919927124135,1.85930647363747
1.84380778222672,2.65306544230335,1,1,1,1,19,1,19ll03,O-M,1,0.3445,0.282,0.998709733531426,0.998696243744156,0.999842230756471,0.998246676841012,0.996011779778044,0.998709733531426,0.998696243744156,0.999842230756471,0.998246676841012,0.996011779778044,1.84380778222672,2.65306544230335
1.3012620962736,2.7234571361407,1,1,1,1,19,1,19ll03,O-M,1,0.301,0.2931,0.99875715918379,0.998645601117455,0.999744348206259,0.998604328791664,0.996769870090863,0.99875715918379,0.998645601117455,0.999744348206259,0.998604328791664,0.996769870090863,1.3012620962736,2.7234571361407
2.18852866776118,2.75772677656152,1,1,1,1,19,1,19ll03,O-M,1,0.2384,0.5339,0.999168927675295,0.999245772740167,0.999937402953793,0.998753121815922,0.997089758755607,0.999168927675295,0.999245772740167,0.999937402953793,0.998753121815922,0.997089758755607,2.18852866776118,2.75772677656152
1.70419810852264,1.92414092848766,1,1,1,1,19,1,19ll03,O-M,1,0.1466,0.1749,0.988746429788978,0.988431932183154,0.998241296942925,0.985756443078373,0.972831539462176,0.988746429788978,0.988431932183154,0.998241296942925,0.985756443078373,0.972831539462176,1.70419810852264,1.92414092848766
1.86229038678329,1.57125625280306,1,1,1,1,19,1,19ll03,O-M,1,0.2525,0.206,0.974182411123692,0.974460530170749,0.996431090612807,0.966941342043781,0.941938430811658,0.974182411123692,0.974460530170749,0.996431090612807,0.966941342043781,0.941938430811658,1.86229038678329,1.57125625280306
1.02389608695971,-1.21847771875078,0,1,0,0,19,1,19ll03,O-M,1,0.3324,0.5233,0.143425744972959,0.135395149458301,0.257896528928679,0.17052148982774,0.111521243431612,0.856574255027041,0.864604850541699,0.742103471071321,0.82947851017226,0.888478756568388,1.02389608695971,1.21847771875078
-0.788059252603892,2.70771162567709,0,1,1,1,19,1,19ll03,O-M,1,0.4452,0.0864,0.99840446032382,0.998267521104207,0.999551210380125,0.998530671443869,0.996612556909895,0.99840446032382,0.998267521104207,0.999551210380125,0.998530671443869,0.996612556909895,0.788059252603892,2.70771162567709
0.199211411395125,-1.977040840498,1,0,0,1,19,1,19ll03,O-M,1,0.5043,0.307,0.0412656295279086,0.0354956300071214,0.138937337418372,0.0435710605514428,0.0240185069836095,0.958734370472091,0.964504369992879,0.861062662581628,0.956428939448557,0.97598149301639,0.199211411395125,1.977040840498
1.83829854433005,2.33445040703957,1,1,1,1,19,1,19ll03,O-M,1,0.3093,0.1967,0.996519424405982,0.996496408835446,0.999557675458195,0.995349960362487,0.990213925006661,0.996519424405982,0.996496408835446,0.999557675458195,0.995349960362487,0.990213925006661,1.83829854433005,2.33445040703957
1.54163750828128,2.29184490813802,1,1,1,1,19,1,19ll03,O-M,1,0.2457,0.2593,0.995706530193143,0.995441257731626,0.999245242674046,0.994739466173986,0.989042702880895,0.995706530193143,0.995441257731626,0.999245242674046,0.994739466173986,0.989042702880895,1.54163750828128,2.29184490813802
-0.480862116430155,0.507044986762101,0,1,1,1,19,1,19ll03,O-M,1,0.5975,0.9491,0.776936034257136,0.762531053020274,0.89554504788218,0.780361952816715,0.693938373090166,0.776936034257136,0.762531053020274,0.89554504788218,0.780361952816715,0.693938373090166,0.480862116430155,0.507044986762101
0.744676739551549,-0.964697138337188,1,1,0,0,19,1,19ll03,O-M,1,0.3646,0.6023,0.213426993275117,0.201787157424494,0.358203793651829,0.24248670076365,0.167348264502596,0.786573006724883,0.798212842575506,0.641796206348171,0.75751329923635,0.832651735497404,0.744676739551549,0.964697138337188
1.0576116073596,2.42892346982127,1,1,1,1,19,1,19ll03,O-M,1,0.1375,0.3257,0.996613160354916,0.996290869249229,0.999147407684755,0.996483679983311,0.992428135726092,0.996613160354916,0.996290869249229,0.999147407684755,0.996483679983311,0.992428135726092,1.0576116073596,2.42892346982127
1.75469522454326,2.19181460636915,1,1,1,1,19,1,19ll03,O-M,1,0.217,0.2303,0.994620302250829,0.994497478703707,0.999233266198003,0.993017955344883,0.985803551998395,0.994620302250829,0.994497478703707,0.999233266198003,0.993017955344883,0.985803551998395,1.75469522454326,2.19181460636915
0.463045513801527,-0.790570316739538,1,0,0,1,19,1,19ll03,O-M,1,0.6072,0.2557,0.274209110523427,0.259054315088254,0.443062669844981,0.300070038762598,0.214597387039665,0.725790889476573,0.740945684911746,0.556937330155019,0.699929961237402,0.785402612960335,0.463045513801527,0.790570316739538
0.0355337306585891,1.56940383980734,0,1,1,1,19,1,19ll03,O-M,1,0.6803,0.1738,0.960330037467174,0.958193597316332,0.982463269622515,0.966804535149156,0.941723065041448,0.960330037467174,0.958193597316332,0.982463269622515,0.966804535149156,0.941723065041448,0.0355337306585891,1.56940383980734
0.675646242588211,-1.76679196548381,1,0,0,1,19,1,19ll03,O-M,1,0.6257,0.2623,0.0578395849162898,0.0516856537982338,0.14613381115045,0.0667527260902347,0.0386315373877448,0.94216041508371,0.948314346201766,0.85386618884955,0.933247273909765,0.961368462612255,0.675646242588211,1.76679196548381
2.5406882938658,0.411645717482537,1,1,1,1,19,1,19ll03,O-M,1,0.3239,0.4888,0.79560283465519,0.826903994046851,0.984052692889586,0.751119526782106,0.659700441351087,0.79560283465519,0.826903994046851,0.984052692889586,0.751119526782106,0.659700441351087,2.5406882938658,0.411645717482537
-0.902560003359557,1.80836511625518,0,1,1,1,19,1,19ll03,O-M,1,0.438,0.2634,0.981337819569325,0.979630577653591,0.994375591426604,0.980994511671792,0.96472515328988,0.981337819569325,0.979630577653591,0.994375591426604,0.980994511671792,0.96472515328988,0.902560003359557,1.80836511625518
-0.777523152478924,1.02849924505719,0,1,1,1,19,1,19ll03,O-M,1,0.2944,0.1509,0.903987806349484,0.896402309375344,0.964517031919654,0.90231754277838,0.848142477113979,0.903987806349484,0.896402309375344,0.964517031919654,0.90231754277838,0.848142477113979,0.777523152478924,1.02849924505719
-0.103771284728625,-1.48707760313014,1,0,0,1,19,1,19ll03,O-M,1,0.8139,0.2008,0.106038948866128,0.0947015683680238,0.260016317344983,0.111098607343711,0.068497158042554,0.893961051133872,0.905298431631976,0.739983682655017,0.888901392656289,0.931502841957446,0.103771284728625,1.48707760313014
1.43383924049668,0.951624105734825,1,1,1,1,19,1,19ll03,O-M,1,0.5151,0.3587,0.902812857201669,0.898344073595718,0.97634504397049,0.888387127793166,0.829356174129732,0.902812857201669,0.898344073595718,0.97634504397049,0.888387127793166,0.829356174129732,1.43383924049668,0.951624105734825
1.61465395155696,1.76761203034935,1,1,1,1,19,1,19ll03,O-M,1,0.264,0.2981,0.982956407465817,0.982265255666775,0.997003735014373,0.979023358479821,0.961437107284178,0.982956407465817,0.982265255666775,0.997003735014373,0.979023358479821,0.961437107284178,1.61465395155696,1.76761203034935
0.935799056999143,1.36841702977175,1,1,1,1,19,1,19ll03,O-M,1,0.3382,0.2905,0.951055033107312,0.946891620321823,0.984413691231555,0.948953278855478,0.914409211670286,0.951055033107312,0.946891620321823,0.984413691231555,0.948953278855478,0.914409211670286,0.935799056999143,1.36841702977175
-0.508890681581874,1.84078234368027,0,1,1,1,19,1,19ll03,O-M,1,0.1552,0.0239,0.98073706522501,0.979207829831773,0.993045104184889,0.982447865221273,0.967173269375589,0.98073706522501,0.979207829831773,0.993045104184889,0.982447865221273,0.967173269375589,0.508890681581874,1.84078234368027
2.61180062266106,2.32704075505669,1,1,1,1,19,1,19ll03,O-M,1,0.1515,0.2067,0.996905952192876,0.997681382886318,0.999884118056393,0.995248557077211,0.990018451886758,0.996905952192876,0.997681382886318,0.999884118056393,0.995248557077211,0.990018451886758,2.61180062266106,2.32704075505669
0.662495158576806,-1.98074566648943,1,0,0,1,19,1,19ll03,O-M,1,0.2559,0.136,0.0374371258382275,0.0328450468699963,0.108631976472921,0.0432299903566037,0.0238099013704617,0.962562874161772,0.967154953130004,0.891368023527079,0.956770009643396,0.976190098629538,0.662495158576806,1.98074566648943
0.842446671072628,0.461660868366969,1,1,1,1,19,1,19ll03,O-M,1,0.4287,0.1514,0.77526501962421,0.760799464684362,0.909281084135933,0.76670303184695,0.677837731366937,0.77526501962421,0.760799464684362,0.909281084135933,0.76670303184695,0.677837731366937,0.842446671072628,0.461660868366969
1.75799568964265,1.5564369488373,1,1,1,1,19,1,19ll03,O-M,1,0.2846,0.1985,0.972775288629533,0.972482330424399,0.995740776157806,0.96583377588062,0.940197887605235,0.972775288629533,0.972482330424399,0.995740776157806,0.96583377588062,0.940197887605235,1.75799568964265,1.5564369488373
-0.428867097018269,0.523716703723578,0,0,1,0,19,1,19ll03,O-M,1,0.7661,0.3396,0.780127104163477,0.766062750587208,0.895414441687678,0.785261792547671,0.6997622020517,0.780127104163477,0.766062750587208,0.895414441687678,0.785261792547671,0.6997622020517,0.428867097018269,0.523716703723578
-1.16728269252349,0.481111204822025,0,1,1,1,19,1,19ll03,O-M,1,0.3406,0.0987,0.790701559699957,0.77936349754344,0.930332606290435,0.772613799762189,0.684781267520557,0.790701559699957,0.77936349754344,0.930332606290435,0.772613799762189,0.684781267520557,1.16728269252349,0.481111204822025
0.830133397432606,1.58978038276026,1,1,1,1,19,1,19ll03,O-M,1,0.445,0.2122,0.968554451918897,0.965769118218928,0.989786798980802,0.96828402475634,0.944057841371916,0.968554451918897,0.965769118218928,0.989786798980802,0.96828402475634,0.944057841371916,0.830133397432606,1.58978038276026
1.48761143342362,0.9821889201642,1,1,1,1,19,1,19ll03,O-M,1,0.2782,0.0367,0.908705531001088,0.904987544674766,0.978936144702593,0.894087002753395,0.836996607473895,0.908705531001088,0.904987544674766,0.978936144702593,0.894087002753395,0.836996607473895,1.48761143342362,0.9821889201642
2.76275881866842,0.525569116719298,1,1,1,1,19,1,19ll03,O-M,1,0.1866,0.3766,0.827503284610239,0.863996724769162,0.991125254194526,0.785802270646888,0.700406190418357,0.827503284610239,0.863996724769162,0.991125254194526,0.785802270646888,0.700406190418357,2.76275881866842,0.525569116719298
0.299342444871919,2.01120433928648,0,1,1,1,19,1,19ll03,O-M,1,0.2979,0.228,0.986562854111972,0.985682010984265,0.994906466191942,0.988624061334498,0.97784806118277,0.986562854111972,0.985682010984265,0.994906466191942,0.988624061334498,0.97784806118277,0.299342444871919,2.01120433928648
-0.0427634567761054,0.131931355128865,1,1,0,0,19,1,19ll03,O-M,1,0.4163,0.3752,0.533120067740164,0.514410719124162,0.707587072590154,0.553472624729649,0.447519293793959,0.466879932259836,0.485589280875838,0.292412927409846,0.446527375270351,0.552480706206041,0.0427634567761054,0.131931355128865
1.15342664801412,1.57681349179022,1,1,1,1,19,1,19ll03,O-M,1,0.3087,0.5207,0.970199131874881,0.967725500164112,0.992024314566814,0.967348977751664,0.942580776848956,0.970199131874881,0.967725500164112,0.992024314566814,0.967348977751664,0.942580776848956,1.15342664801412,1.57681349179022
1.75824957157337,0.714515242282705,1,1,1,1,19,1,19ll03,O-M,1,0.257,0.2489,0.862229714527842,0.862512786264316,0.973771811819308,0.836675635934276,0.762545682797675,0.862229714527842,0.862512786264316,0.973771811819308,0.836675635934276,0.762545682797675,1.75824957157337,0.714515242282705
0.3163525342303,-0.204281603594258,1,0,0,1,19,1,19ll03,O-M,1,0.5814,0.2114,0.494569974874256,0.47816916083058,0.660785166200881,0.524754271855749,0.419066722529061,0.505430025125744,0.52183083916942,0.339214833799119,0.475245728144251,0.580933277470939,0.3163525342303,0.204281603594258
1.63247646309365,1.53976523187582,1,1,1,1,19,1,19ll03,O-M,1,0.2476,0.1837,0.971016529590526,0.970062126877853,0.994799919474902,0.964551486835043,0.938191205154672,0.971016529590526,0.970062126877853,0.994799919474902,0.964551486835043,0.938191205154672,1.63247646309365,1.53976523187582
1.52333262107622,2.03343329523512,1,1,1,1,19,1,19ll03,O-M,1,0.6104,0.3592,0.991152065270015,0.990624934283396,0.998364395238515,0.989270351572907,0.978995616811479,0.991152065270015,0.990624934283396,0.998364395238515,0.989270351572907,0.978995616811479,1.52333262107622,2.03343329523512
-0.862878257587693,-1.83070021383614,1,0,0,1,19,1,19ll03,O-M,1,0.4704,0.1963,0.0493367504814182,0.0443367037622178,0.123588418749661,0.0588701646712819,0.0335726505801094,0.950663249518582,0.955663296237782,0.876411581250339,0.941129835328718,0.966427349419891,0.862878257587693,1.83070021383614
-1.01662915483299,2.10012016308103,0,1,1,1,19,1,19ll03,O-M,1,0.4855,0.073,0.991367922363216,0.990556981678451,0.997670043673032,0.991021204150617,0.982140863974794,0.991367922363216,0.990556981678451,0.997670043673032,0.991021204150617,0.982140863974794,1.01662915483299,2.10012016308103
2.22069550838367,1.96026298190419,1,1,1,1,19,1,19ll03,O-M,1,0.3001,0.1861,0.990749717670883,0.991729745823815,0.999270596176201,0.987014134808334,0.975017469802196,0.990749717670883,0.991729745823815,0.999270596176201,0.987014134808334,0.975017469802196,2.22069550838367,1.96026298190419
1.90438401089701,2.78180814550587,1,1,1,1,19,1,19ll03,O-M,1,0.3095,0.2822,0.999173247801167,0.999175716993074,0.999907210595606,0.998848837741239,0.997297150712911,0.999173247801167,0.999175716993074,0.999907210595606,0.998848837741239,0.997297150712911,1.90438401089701,2.78180814550587
2.33308903911434,1.65368863111259,1,1,1,1,19,1,19ll03,O-M,1,0.2747,0.26,0.980125258452312,0.98289027038186,0.998607892878558,0.972574830835803,0.950904603103994,0.980125258452312,0.98289027038186,0.998607892878558,0.972574830835803,0.950904603103994,2.33308903911434,1.65368863111259
2.5736675566666,0.507044986762101,1,1,1,1,19,1,19ll03,O-M,1,0.1892,0.5843,0.82173366259298,0.85129116893057,0.987386666650658,0.780361952816715,0.693938373090166,0.82173366259298,0.85129116893057,0.987386666650658,0.780361952816715,0.693938373090166,2.5736675566666,0.507044986762101
2.442664480414,1.99175400283143,1,1,1,1,19,1,19ll03,O-M,1,0.151,0.2952,0.991745107161068,0.99324009271636,0.999551621990764,0.988031073611663,0.976800972342679,0.991745107161068,0.99324009271636,0.999551621990764,0.988031073611663,0.976800972342679,2.442664480414,1.99175400283143
2.72739306571883,1.64257415313827,1,1,1,1,19,1,19ll03,O-M,1,0.2677,0.1955,0.980227379939758,0.985526709880356,0.999313497105506,0.971865431294505,0.949764463928707,0.980227379939758,0.985526709880356,0.999313497105506,0.971865431294505,0.949764463928707,2.72739306571883,1.64257415313827
1.32888445033616,0.966443409700582,1,0,1,0,19,1,19ll03,O-M,1,0.6041,0.5021,0.903594442336876,0.898157310902446,0.974527891727893,0.891177536332685,0.833088824405546,0.903594442336876,0.898157310902446,0.974527891727893,0.891177536332685,0.833088824405546,1.32888445033616,0.966443409700582
2.10660096871716,1.29617292293869,1,1,1,1,19,1,19ll03,O-M,1,0.1492,0.2616,0.954443648909153,0.957688621467154,0.995125954472791,0.940920073808331,0.902542042035031,0.954443648909153,0.957688621467154,0.995125954472791,0.940920073808331,0.902542042035031,2.10660096871716,1.29617292293869
2.31026505354243,2.72994058162572,1,1,1,1,19,1,19ll03,O-M,1,0.3697,0.198,0.999110459776719,0.999232895434035,0.999944873647803,0.998633665761197,0.996832712915521,0.999110459776719,0.999232895434035,0.999944873647803,0.998633665761197,0.996832712915521,2.31026505354243,2.72994058162572
0.46147144583105,2.45115242576991,0,1,1,1,19,1,19ll03,O-M,1,0.4964,0.2968,0.996103862502636,0.995832984316984,0.998696467328295,0.996711377346096,0.992880018094962,0.996103862502636,0.995832984316984,0.998696467328295,0.996711377346096,0.992880018094962,0.46147144583105,2.45115242576991
-0.97590649314517,-0.548830420798119,1,0,0,1,19,1,19ll03,O-M,1,0.4954,0.5216,0.342513828053464,0.332609611612381,0.487270204067544,0.388795717861587,0.291560915732277,0.657486171946536,0.667390388387619,0.512729795932456,0.611204282138413,0.708439084267723,0.97590649314517,0.548830420798119
-0.544027940793812,0.727482133252743,0,1,1,1,19,1,19ll03,O-M,1,0.7245,0.5048,0.83752994656359,0.826101224557093,0.929128205342943,0.839852869504881,0.766534671773378,0.83752994656359,0.826101224557093,0.929128205342943,0.839852869504881,0.766534671773378,0.544027940793812,0.727482133252743
-1.14255459247115,2.44003794779559,0,1,1,1,19,1,19ll03,O-M,1,0.2802,0.3392,0.99682054674759,0.99652086115761,0.999243281349738,0.996599240820662,0.992657140425227,0.99682054674759,0.99652086115761,0.999243281349738,0.996599240820662,0.992657140425227,1.14255459247115,2.44003794779559
0.488636812418314,-1.35555628043404,1,0,0,1,19,1,19ll03,O-M,1,0.5694,0.2434,0.124088479102714,0.113329662545643,0.259125473738154,0.13803614549474,0.0876201951036229,0.875911520897286,0.886670337454357,0.740874526261846,0.86196385450526,0.912379804896377,0.488636812418314,1.35555628043404
1.97234820375132,1.67684379355908,1,1,1,1,19,1,19ll03,O-M,1,0.4342,0.1212,0.980239892871552,0.980944833161605,0.997666761539207,0.974004908319056,0.953213484246016,0.980239892871552,0.980944833161605,0.997666761539207,0.974004908319056,0.953213484246016,1.97234820375132,1.67684379355908
-0.260492600563375,2.31963110307381,0,1,1,1,19,1,19ll03,O-M,1,0.3601,0.2309,0.99398231678327,0.993636605514576,0.997799534571697,0.995145186364206,0.989819579099733,0.99398231678327,0.993636605514576,0.997799534571697,0.995145186364206,0.989819579099733,0.260492600563375,2.31963110307381
0.0771195909108685,-1.44910313671789,1,0,0,1,19,1,19ll03,O-M,1,0.6206,0.3076,0.113487191195535,0.101583655209145,0.273427063730269,0.118457707785673,0.0736543910944221,0.886512808804465,0.898416344790855,0.726572936269731,0.881542292214327,0.926345608905578,0.0771195909108685,1.44910313671789
-0.164982218225723,2.52895377159014,0,1,1,1,19,1,19ll03,O-M,1,0.2875,0.1238,0.996600272093812,0.996447701867632,0.998760526021709,0.997407621843177,0.99427984527552,0.996600272093812,0.996447701867632,0.998760526021709,0.997407621843177,0.99427984527552,0.164982218225723,2.52895377159014
0.250063962118761,-0.838733054628249,1,0,0,1,19,1,19ll03,O-M,1,0.4512,0.4377,0.265091763214192,0.248199068475615,0.447927681732332,0.283538437253574,0.200809562523552,0.734908236785808,0.751800931524385,0.552072318267668,0.716461562746426,0.799190437476448,0.250063962118761,0.838733054628249
0.124392406411323,0.351442295121647,1,1,0,0,19,1,19ll03,O-M,1,0.3123,0.0779,0.444562848392623,0.425563097782278,0.629610229843217,0.466102447640704,0.362628278268781,0.555437151607377,0.574436902217722,0.370389770156783,0.533897552359296,0.637371721731219,0.124392406411323,0.351442295121647
0.732363465911527,-0.518265606368744,1,1,0,0,19,1,19ll03,O-M,1,0.54,0.8183,0.360643245609075,0.348010629518159,0.51669597588274,0.400561354062635,0.302136483080371,0.639356754390925,0.651989370481841,0.48330402411726,0.599438645937365,0.697863516919629,0.732363465911527,0.518265606368744
2.11937122983248,1.9046905920326,1,1,1,1,19,1,19ll03,O-M,1,0.344,0.1408,0.989113948840968,0.989926936623384,0.998991327867551,0.985036750344206,0.971589848672492,0.989113948840968,0.989926936623384,0.998991327867551,0.985036750344206,0.971589848672492,2.11937122983248,1.9046905920326
0.0974555335617084,-1.00081919175372,1,0,0,1,19,1,19ll03,O-M,1,0.1986,0.2139,0.220150138166372,0.203336093481641,0.409980081589445,0.231337883030582,0.158457114699548,0.779849861833628,0.796663906518359,0.590019918410555,0.768662116969418,0.841542885300452,0.0974555335617084,1.00081919175372
2.40874585446953,1.63794312064897,1,1,1,1,19,1,19ll03,O-M,1,0.2233,0.2779,0.97951763622438,0.982853688220581,0.998729064092045,0.971565371966543,0.949283220177266,0.97951763622438,0.982853688220581,0.998729064092045,0.971565371966543,0.949283220177266,2.40874585446953,1.63794312064897
-1.11165716150228,1.85467544114817,0,1,1,1,19,1,19ll03,O-M,1,0.6729,0.1207,0.984282657548931,0.982875908071722,0.995860208452237,0.983041062552491,0.968178706084691,0.984282657548931,0.982875908071722,0.995860208452237,0.983041062552491,0.968178706084691,1.11165716150228,1.85467544114817
2.18337486456752,1.5795921112838,1,1,1,1,19,1,19ll03,O-M,1,0.1996,0.2972,0.975882044752792,0.978130788870899,0.997835204803112,0.967551235942787,0.942899846494412,0.975882044752792,0.978130788870899,0.997835204803112,0.967551235942787,0.942899846494412,2.18337486456752,1.5795921112838
1.97925379226696,1.5471748838587,1,1,1,1,19,1,19ll03,O-M,1,0.4208,0.3504,0.973240356677547,0.97427032070308,0.99678955843447,0.965126183680304,0.93908945968592,0.973240356677547,0.97427032070308,0.99678955843447,0.965126183680304,0.93908945968592,1.97925379226696,1.5471748838587
1.89539659054945,-1.08695639605469,0,0,0,1,19,1,19ll03,O-M,1,0.5047,0.6224,0.160635820365444,0.158401194850133,0.251572150819745,0.205941300612809,0.138528040290263,0.839364179634556,0.841598805149867,0.748427849180255,0.794058699387191,0.861471959709737,1.89539659054945,1.08695639605469
2.57242353520606,0.773792458145735,1,1,1,1,19,1,19ll03,O-M,1,0.2324,0.4996,0.882591900128706,0.903677882402788,0.992633133548057,0.850868071194455,0.780473233408686,0.882591900128706,0.903677882402788,0.992633133548057,0.850868071194455,0.780473233408686,2.57242353520606,0.773792458145735
0.0841267321987984,1.19151158868052,0,1,1,1,19,1,19ll03,O-M,1,0.6739,0.5355,0.917680696697729,0.912864054934674,0.96160222912905,0.927563577699215,0.883273595012909,0.917680696697729,0.912864054934674,0.96160222912905,0.927563577699215,0.883273595012909,0.0841267321987984,1.19151158868052
0.121421987821874,1.6601720765976,0,1,1,1,19,1,19ll03,O-M,1,0.6328,0.2288,0.967971870586005,0.96610699493164,0.986395682974405,0.972981715212149,0.951560079821401,0.967971870586005,0.96610699493164,0.986395682974405,0.972981715212149,0.951560079821401,0.121421987821874,1.6601720765976
0.499635334779222,2.43743451264113,1,1,1,1,19,1,19ll04,M-O,1,0.2774,0.146,0.995995387417171,0.995705238496251,0.99867658909924,0.996572482455929,0.992604053390627,0.995995387417171,0.995705238496251,0.99867658909924,0.996572482455929,0.992604053390627,0.499635334779222,2.43743451264113
1.03776131003579,2.48521509200302,1,1,1,1,19,1,19ll04,M-O,1,0.2252,0.2602,0.997114595701842,0.996840053108231,0.999270024243698,0.997034630677836,0.993526341046011,0.997114595701842,0.996840053108231,0.999270024243698,0.997034630677836,0.993526341046011,1.03776131003579,2.48521509200302
0.137488594116024,-1.02706370218567,1,0,0,1,19,1,19ll04,M-O,1,0.287,0.2921,0.211511863096343,0.19521337338142,0.396584315633577,0.223420386713995,0.152195234546941,0.788488136903657,0.80478662661858,0.603415684366422,0.776579613286005,0.847804765453059,0.137488594116024,1.02706370218567
-2.05484218631822,1.64641458109029,0,1,1,1,19,1,19ll04,M-O,1,0.2306,0.2263,0.979027277534753,0.980231119955908,0.997769690296945,0.972112260966625,0.950160783441995,0.979027277534753,0.980231119955908,0.997769690296945,0.972112260966625,0.950160783441995,2.05484218631822,1.64641458109029
0.232887863395588,1.18028735628452,0,1,1,1,19,1,19ll04,M-O,1,0.398,0.5469,0.918315114289181,0.912944391120634,0.963490142954723,0.926003715884845,0.881057027423921,0.918315114289181,0.912944391120634,0.963490142954723,0.926003715884845,0.881057027423921,0.232887863395588,1.18028735628452
0.346811262632348,-0.658858738059417,1,1,0,0,19,1,19ll04,M-O,1,0.3818,0.5722,0.322451635362591,0.305683360577084,0.50083603973677,0.347349020576076,0.254993242186829,0.677548364637409,0.694316639422916,0.49916396026323,0.652650979423924,0.745006757813171,0.346811262632348,0.658858738059417
-1.53616654751671,1.0815526734267,0,1,1,1,19,1,19ll04,M-O,1,0.2888,0.069,0.924386998389075,0.92158648022588,0.983671405086776,0.911158570818863,0.860274328248504,0.924386998389075,0.92158648022588,0.983671405086776,0.911158570818863,0.860274328248504,1.53616654751671,1.0815526734267
1.77409547583436,1.30077972060523,1,1,1,1,19,1,19ll04,M-O,1,0.2283,0.2302,0.952715115731843,0.952553700880707,0.99235535478488,0.941460294130124,0.903333067325163,0.952715115731843,0.952553700880707,0.99235535478488,0.941460294130124,0.903333067325163,1.77409547583436,1.30077972060523
-0.612738669150448,1.21753183552145,0,1,1,1,19,1,19ll04,M-O,1,0.1053,0.167,0.929391822732059,0.923739042888818,0.972811485216124,0.931082681030133,0.888299034284624,0.929391822732059,0.923739042888818,0.972811485216124,0.931082681030133,0.888299034284624,0.612738669150448,1.21753183552145
2.44837380627633,2.08103505829345,1,1,1,1,19,1,19ll04,M-O,1,0.1216,0.1164,0.993550467056604,0.994741387742854,0.999658729115104,0.990547686054609,0.981284651382203,0.993550467056604,0.994741387742854,0.999658729115104,0.990547686054609,0.981284651382203,2.44837380627633,2.08103505829345
1.89820714654758,2.04955369888391,1,1,1,1,19,1,19ll04,M-O,1,0.6631,0.2329,0.992285405654166,0.992381780142572,0.999056377815451,0.989718816088873,0.979795998698044,0.992285405654166,0.992381780142572,0.999056377815451,0.989718816088873,0.979795998698044,1.89820714654758,2.04955369888391
2.35760556948606,1.8328654710126,1,1,1,1,19,1,19ll04,M-O,1,0.2357,0.1953,0.987313807892981,0.989211540930971,0.999178205660866,0.982101979978615,0.966588710107925,0.987313807892981,0.989211540930971,0.999178205660866,0.982101979978615,0.966588710107925,2.35760556948606,1.8328654710126
-1.1027019065183,1.81420514910452,0,1,1,1,19,1,19ll04,M-O,1,0.2094,0.0491,0.982606983401088,0.981055865589995,0.995362840108011,0.98126365118876,0.965176926132389,0.982606983401088,0.981055865589995,0.995362840108011,0.98126365118876,0.965176926132389,1.1027019065183,1.81420514910452
1.13038195982177,2.40031697436956,1,1,1,1,19,1,19ll04,M-O,1,0.2533,0.2912,0.99640955380795,0.996070879825407,0.999134195307668,0.996169864893059,0.991809559868043,0.99640955380795,0.996070879825407,0.999134195307668,0.996169864893059,0.991809559868043,1.13038195982177,2.40031697436956
1.33229497635522,0.870246742486698,1,0,1,0,19,1,19ll04,M-O,1,0.1901,0.2271,0.886464693568895,0.880382482130688,0.969429386479979,0.872150988697389,0.807917211669989,0.886464693568895,0.880382482130688,0.969429386479979,0.872150988697389,0.807917211669989,1.33229497635522,0.870246742486698
0.893273096369655,1.46133465359388,1,1,1,1,19,1,19ll04,M-O,1,0.3978,0.2903,0.959192097041194,0.955642160759148,0.986905685145891,0.957979516098531,0.928038187884275,0.959192097041194,0.955642160759148,0.986905685145891,0.957979516098531,0.928038187884275,0.893273096369655,1.46133465359388
-0.60347660417185,2.05696705126099,0,1,1,1,19,1,19ll04,M-O,1,0.25,0.3133,0.989022657868526,0.988109763472042,0.996316354910579,0.989919506630965,0.980155302320284,0.989022657868526,0.988109763472042,0.996316354910579,0.989919506630965,0.980155302320284,0.60347660417185,2.05696705126099
2.12883256451468,2.01802156308822,1,1,1,1,19,1,19ll04,M-O,1,0.0869,0.1614,0.991965464121196,0.992585100253768,0.999278964765659,0.988825771689825,0.97820549217648,0.991965464121196,0.992585100253768,0.999278964765659,0.988825771689825,0.97820549217648,2.12883256451468,2.01802156308822
-0.590509713201812,2.76392667554974,0,1,1,1,19,1,19ll04,M-O,1,0.1972,0.1154,0.998563899686775,0.998460196858128,0.999562821710706,0.998778436865955,0.997144481435454,0.998563899686775,0.998460196858128,0.999562821710706,0.998778436865955,0.997144481435454,0.590509713201812,2.76392667554974
2.27795181067012,1.56083098224387,1,1,1,1,19,1,19ll04,M-O,1,0.1126,0.1643,0.975086064219519,0.978098875224196,0.998054644044556,0.966165314470141,0.940718182394347,0.975086064219519,0.978098875224196,0.998054644044556,0.966165314470141,0.940718182394347,2.27795181067012,1.56083098224387
1.61478795820247,1.38126029264413,1,1,1,1,19,1,19ll04,M-O,1,0.1692,0.2258,0.958890678677097,0.957557712350283,0.9922655070736,0.950285846356402,0.916400528804772,0.958890678677097,0.957557712350283,0.9922655070736,0.950285846356402,0.916400528804772,1.61478795820247,1.38126029264413
-1.64453270776631,1.25188206074815,0,1,1,1,19,1,19ll04,M-O,1,0.1872,0.3352,0.946609055088113,0.945269305470524,0.989991827436257,0.935524721334737,0.894693578764926,0.946609055088113,0.945269305470524,0.989991827436257,0.935524721334737,0.894693578764926,1.64453270776631,1.25188206074815
0.193060983987614,1.29717459718897,0,1,1,1,19,1,19ll04,M-O,1,0.6638,0.227,0.933709390079218,0.929464381651493,0.970630068739214,0.941037867513427,0.90271444045694,0.933709390079218,0.929464381651493,0.970630068739214,0.941037867513427,0.90271444045694,0.193060983987614,1.29717459718897
-0.0384906404773461,2.76765873993136,0,1,1,1,19,1,19ll04,M-O,1,0.4723,0.2115,0.998296960575949,0.998250886158176,0.99937968218049,0.998793447726209,0.997176972902025,0.998296960575949,0.998250886158176,0.99937968218049,0.998793447726209,0.997176972902025,0.0384906404773461,2.76765873993136
-1.85570778927836,2.31582506782524,0,1,1,1,19,1,19ll04,M-O,1,0.2374,0.3228,0.996338786100208,0.996331027409767,0.999543502185279,0.995091313680093,0.989716089028742,0.996338786100208,0.996331027409767,0.999543502185279,0.995091313680093,0.989716089028742,1.85570778927836,2.31582506782524
1.90654300502832,1.91895683372046,1,1,1,1,19,1,19ll04,M-O,1,0.304,0.275,0.989093542670778,0.989272498181737,0.998654516070917,0.985567599505611,0.972505101491197,0.989093542670778,0.989272498181737,0.998654516070917,0.985567599505611,0.972505101491197,1.90654300502832,1.91895683372046
0.463513281362688,-0.749418422747988,0,1,0,0,19,1,19ll04,M-O,1,0.3095,0.7231,0.287761218746879,0.272452109675831,0.457476351401961,0.314531114721862,0.226802525248197,0.712238781253121,0.727547890324169,0.542523648598039,0.685468885278138,0.773197474751803,0.463513281362688,0.749418422747988
-1.93906637408574,1.47963954079895,0,1,1,1,19,1,19ll04,M-O,1,0.2978,0.4343,0.968629797865812,0.969551081949374,0.995983049699298,0.959595460052875,0.930515265852728,0.968629797865812,0.969551081949374,0.995983049699298,0.959595460052875,0.930515265852728,1.93906637408574,1.47963954079895
-0.840585467623969,2.74711969173594,0,1,1,1,19,1,19ll04,M-O,1,0.2314,0.2105,0.998620591521946,0.998499391419941,0.999623764523718,0.998708696169634,0.996993940531264,0.998620591521946,0.998499391419941,0.999623764523718,0.998708696169634,0.996993940531264,0.840585467623969,2.74711969173594
-0.712768970919311,2.60941413251227,0,1,1,1,19,1,19ll04,M-O,1,0.2867,0.1002,0.997771343981255,0.997585941599658,0.999342192468582,0.997984881698439,0.995465129741041,0.997771343981255,0.997585941599658,0.999342192468582,0.997984881698439,0.995465129741041,0.712768970919311,2.60941413251227
0.62652562498602,1.70686386879522,1,1,1,1,19,1,19ll04,M-O,1,0.1154,0.1161,0.97449461888544,0.972337376805183,0.991039069533057,0.975765608453331,0.956076321080922,0.97449461888544,0.972337376805183,0.991039069533057,0.975765608453331,0.956076321080922,0.62652562498602,1.70686386879522
-1.90109190767349,2.42283630162461,0,1,1,1,19,1,19ll04,M-O,1,0.1539,0.0982,0.997376099917568,0.99739607391837,0.999694421491044,0.996418906174748,0.992300067817539,0.997376099917568,0.99739607391837,0.999694421491044,0.996418906174748,0.992300067817539,1.90109190767349,2.42283630162461
-0.298754666375962,1.88023983928534,0,1,1,1,19,1,19ll04,M-O,1,0.306,0.0996,0.981473309497025,0.98023071945063,0.992824767002382,0.984087871119818,0.969962300858766,0.981473309497025,0.98023071945063,0.992824767002382,0.984087871119818,0.969962300858766,0.298754666375962,1.88023983928534
-0.326540861311757,2.04175952361074,0,1,1,1,19,1,19ll04,M-O,1,0.19,0.1174,0.987650425733827,0.986823736040407,0.99538398528952,0.989504067483719,0.979412304446216,0.987650425733827,0.986823736040407,0.99538398528952,0.989504067483719,0.979412304446216,0.326540861311757,2.04175952361074
-1.96870498201726,1.14007245845814,0,1,1,1,19,1,19ll04,M-O,1,0.1097,0.1628,0.936543432958369,0.938981709690019,0.991536918541479,0.920203792853845,0.872871942475103,0.936543432958369,0.938981709690019,0.991536918541479,0.920203792853845,0.872871942475103,1.96870498201726,1.14007245845814
-1.38241626887198,2.36962264894525,0,1,1,1,19,1,19ll04,M-O,1,0.0951,0.1646,0.996397996011257,0.996106241526704,0.999277082877405,0.995805437785239,0.991096875913308,0.996397996011257,0.996106241526704,0.999277082877405,0.995805437785239,0.991096875913308,1.38241626887198,2.36962264894525
-1.73344853156086,1.8860283473058,0,1,1,1,19,1,19ll04,M-O,1,0.1042,0.4022,0.987670484545979,0.987404593559757,0.998123506890332,0.984317051597304,0.970354432604796,0.987670484545979,0.987404593559757,0.998123506890332,0.984317051597304,0.970354432604796,1.73344853156086,1.8860283473058
0.462587074864828,1.65090829126407,1,1,1,1,19,1,19ll04,M-O,1,0.2113,0.13,0.969841740369999,0.967505423809093,0.988557974647508,0.972398785054673,0.950621348722479,0.969841740369999,0.967505423809093,0.988557974647508,0.972398785054673,0.950621348722479,0.462587074864828,1.65090829126407
-1.48429898363656,1.46212168757912,0,1,1,1,19,1,19ll04,M-O,1,0.099,0.1796,0.964504874489095,0.962643199711365,0.992553231734715,0.958050055340313,0.928146066676703,0.964504874489095,0.962643199711365,0.992553231734715,0.958050055340313,0.928146066676703,1.48429898363656,1.46212168757912
0.412571923980397,-0.861354966003361,0,0,0,1,19,1,19ll04,M-O,1,0.2217,0.259,0.253086219106973,0.237790703212407,0.423346249799816,0.275927172011358,0.194521285513829,0.746913780893027,0.762209296787594,0.576653750200184,0.724072827988642,0.805478714486171,0.412571923980397,0.861354966003361
2.6475082033162,0.470484254371685,0,1,0,0,19,1,19ll04,M-O,1,0.1974,0.2202,0.339015857131625,0.343504351600598,0.436497230033802,0.419132589140963,0.319004540548392,0.660984142868375,0.656495648399402,0.563502769966198,0.580867410859037,0.680995459451608,2.6475082033162,0.470484254371685
2.69196611521347,1.98400138437146,1,1,1,1,19,1,19ll04,M-O,1,0.1171,0.1259,0.991760412426303,0.993985236181755,0.999718917511039,0.987787349106584,0.976372157198245,0.991760412426303,0.993985236181755,0.999718917511039,0.987787349106584,0.976372157198245,2.69196611521347,1.98400138437146
2.0223188172608,2.65414812870551,1,1,1,1,19,1,19ll04,M-O,1,0.1353,0.1315,0.99877736849996,0.998824490421462,0.99988140523789,0.998252757582621,0.996024554238706,0.99877736849996,0.998824490421462,0.99988140523789,0.998252757582621,0.996024554238706,2.0223188172608,2.65414812870551
0.549650485663653,0.799921447676677,1,0,1,0,19,1,19ll04,M-O,1,0.3304,0.2694,0.854477923768578,0.84401809577712,0.937596218376089,0.85685432122754,0.788121844757082,0.854477923768578,0.84401809577712,0.937596218376089,0.85685432122754,0.788121844757082,0.549650485663653,0.799921447676677
-1.47966795114726,2.7820538454033,0,1,1,1,19,1,19ll04,M-O,1,0.0969,0.056,0.999042615170863,0.998969771235216,0.999830862550942,0.998849778657732,0.997299196131207,0.999042615170863,0.998969771235216,0.999830862550942,0.998849778657732,0.997299196131207,1.47966795114726,2.7820538454033
-1.91591121163925,2.21140342971924,0,0,1,0,19,1,19ll04,M-O,1,0.096,0.4512,0.995111613363503,0.995183166633901,0.999427653675667,0.993389769463146,0.986496043720689,0.995111613363503,0.995183166633901,0.999427653675667,0.993389769463146,0.986496043720689,1.91591121163925,2.21140342971924
-1.93628775459216,2.04478071858633,0,1,1,1,19,1,19ll04,M-O,1,0.0949,0.0994,0.992248377180648,0.992420852890737,0.999096179948136,0.98958776834306,0.979561759245291,0.992248377180648,0.992420852890737,0.999096179948136,0.98958776834306,0.979561759245291,1.93628775459216,2.04478071858633
2.71049024517067,1.80019086652866,1,1,1,1,19,1,19ll04,M-O,1,0.1618,0.2899,0.986629890347104,0.990230205871635,0.999540452825269,0.980612282356142,0.96408474724139,0.986629890347104,0.990230205871635,0.999540452825269,0.980612282356142,0.96408474724139,2.71049024517067,1.80019086652866
-0.851699945598287,2.06186697252393,0,1,1,1,19,1,19ll04,M-O,1,0.2571,0.1936,0.989947779858266,0.989019758078731,0.997004067965224,0.990050270715065,0.980389798643843,0.989947779858266,0.989019758078731,0.997004067965224,0.990050270715065,0.980389798643843,0.851699945598287,2.06186697252393
1.51475765643361,1.14977074821173,1,1,1,1,19,1,19ll04,M-O,1,0.2493,0.2756,0.933265908475402,0.930506383144864,0.985518682259357,0.921633030482984,0.874880846881465,0.933265908475402,0.930506383144864,0.985518682259357,0.921633030482984,0.874880846881465,1.51475765643361,1.14977074821173
-0.564575931261736,2.72612365606522,0,1,1,1,19,1,19ll04,M-O,1,0.0995,0.1465,0.998365432913001,0.998249073160212,0.999494599535846,0.998616463494859,0.996795850727633,0.998365432913001,0.998249073160212,0.999494599535846,0.998616463494859,0.996795850727633,0.564575931261736,2.72612365606522
0.0004100324327672,2.35342498176518,0,1,1,1,19,1,19ll04,M-O,1,0.1373,0.1509,0.994114578117742,0.993898182354254,0.997692274323856,0.995600883714315,0.990699319580114,0.994114578117742,0.993898182354254,0.997692274323856,0.995600883714315,0.990699319580114,0.0004100324327672,2.35342498176518
-1.49078242912158,1.4288885428476,0,1,1,1,19,1,19ll04,M-O,1,0.2981,0.3904,0.961921125978703,0.959983943027853,0.992009521109477,0.954986924027965,0.923481864517176,0.961921125978703,0.959983943027853,0.992009521109477,0.954986924027965,0.923481864517176,1.49078242912158,1.4288885428476
1.66758172858048,1.73192201535749,1,1,1,1,19,1,19ll04,M-O,1,0.2743,0.197,0.981633368146626,0.981066022358384,0.996925169627992,0.97715756142421,0.958356275814872,0.981633368146626,0.981066022358384,0.996925169627992,0.97715756142421,0.958356275814872,1.66758172858048,1.73192201535749
1.41380114816689,0.0917431901204612,0,1,0,0,19,1,19ll04,M-O,1,0.4443,0.3759,0.505511270826977,0.502198669645239,0.627873591373295,0.569314043598165,0.46345104065744,0.494488729173023,0.497801330354761,0.372126408626705,0.430685956401835,0.53654895934256,1.41380114816689,0.0917431901204612
2.76606263504226,1.39659476125975,1,1,1,1,19,1,19ll04,M-O,1,0.0983,0.1359,0.965151302767333,0.974490544662322,0.99878604206113,0.951840378563628,0.918732266723857,0.965151302767333,0.974490544662322,0.99878604206113,0.951840378563628,0.918732266723857,2.76606263504226,1.39659476125975
0.525569116719298,1.54404938662314,1,1,1,1,19,1,19ll04,M-O,1,0.3068,0.2635,0.96253695558565,0.959536917819704,0.985880849526735,0.964884707895228,0.938711815569677,0.96253695558565,0.959536917819704,0.985880849526735,0.964884707895228,0.938711815569677,0.525569116719298,1.54404938662314
0.364409186091685,2.07242846084197,1,1,1,1,19,1,19ll04,M-O,1,0.2654,0.2,0.98869840177231,0.987918342480381,0.995850735799196,0.990327098686465,0.98088724927823,0.98869840177231,0.987918342480381,0.995850735799196,0.990327098686465,0.98088724927823,0.364409186091685,2.07242846084197
-0.175569202160603,1.50657641364856,0,1,1,1,19,1,19ll04,M-O,1,0.2332,0.0971,0.956088454001325,0.953340470382583,0.98115389627193,0.961881308727417,0.934040366549977,0.956088454001325,0.953340470382583,0.98115389627193,0.961881308727417,0.934040366549977,0.175569202160603,1.50657641364856
-0.327467067809617,-0.0983382114111723,1,0,0,1,19,1,19ll04,M-O,1,0.536,0.7235,0.53544733367017,0.519842511580379,0.694040833671782,0.566721349190721,0.460831868446107,0.46455266632983,0.480157488419621,0.305959166328218,0.433278650809279,0.539168131553893,0.327467067809617,0.0983382114111723
2.7141950711621,1.38288513700075,1,1,1,1,19,1,19ll04,M-O,1,0.2362,0.244,0.963996531752785,0.973035795821308,0.998608641271969,0.950452437945394,0.91664995582842,0.963996531752785,0.973035795821308,0.998608641271969,0.950452437945394,0.91664995582842,2.7141950711621,1.38288513700075
0.125447909643846,-0.0946315352226298,1,1,0,0,19,1,19ll04,M-O,1,0.6391,0.3242,0.544406317615322,0.526733829432321,0.711719584768165,0.568178912087786,0.462303750371351,0.455593682384678,0.473266170567679,0.288280415231835,0.431821087912214,0.537696249628649,0.125447909643846,0.0946315352226298
-1.76679196548381,1.65174610163545,0,1,1,1,19,1,19ll04,M-O,1,0.2093,0.0342,0.97821281065461,0.977980157874213,0.996682128016105,0.972451932482093,0.950706839845837,0.97821281065461,0.977980157874213,0.996682128016105,0.972451932482093,0.950706839845837,1.76679196548381,1.65174610163545
2.41966140484267,2.36434190478623,1,1,1,1,19,1,19ll04,M-O,1,0.1267,0.1359,0.997172714363828,0.99767551731723,0.999849237894166,0.995739703849583,0.990968932693385,0.997172714363828,0.99767551731723,0.999849237894166,0.995739703849583,0.990968932693385,2.41966140484267,2.36434190478623
-0.846142706611128,2.21376453167496,0,1,1,1,19,1,19ll04,M-O,1,0.0962,0.1374,0.993288619180309,0.992669424192966,0.998037865909043,0.993433381662276,0.986577509427411,0.993288619180309,0.992669424192966,0.998037865909043,0.993433381662276,0.986577509427411,0.846142706611128,2.21376453167496
2.5252489455987,1.89346708787596,1,1,1,1,19,1,19ll04,M-O,1,0.5373,0.2117,0.9893528316852,0.991566618751492,0.999491313310358,0.98460740599916,0.970852109475329,0.9893528316852,0.991566618751492,0.999491313310358,0.98460740599916,0.970852109475329,2.5252489455987,1.89346708787596
0.876601379408178,-1.03369002057752,0,0,0,1,19,1,19ll04,M-O,1,0.9069,0.2598,0.191398444886021,0.181275600019428,0.325158332476544,0.221446000131361,0.150640549946107,0.808601555113979,0.818724399980572,0.674841667523456,0.778553999868639,0.849359450053893,0.876601379408178,1.03369002057752
1.61200933870889,2.62929308768781,1,1,1,1,19,1,19ll04,M-O,1,0.1022,0.1301,0.998498527108474,0.998413470448454,0.999762387218939,0.99810821557244,0.995721870850886,0.998498527108474,0.998413470448454,0.999762387218939,0.99810821557244,0.995721870850886,1.61200933870889,2.62929308768781
0.758046947682118,1.45869428151437,1,1,1,1,19,1,19ll04,M-O,1,0.3,0.1472,0.95760077908665,0.953951588186097,0.985388830787933,0.95774216668468,0.927675364635321,0.95760077908665,0.953951588186097,0.985388830787933,0.95774216668468,0.927675364635321,0.758046947682118,1.45869428151437
1.26931293450075,2.31397172973097,1,1,1,1,19,1,19ll04,M-O,1,0.1808,0.1959,0.995601561779254,0.995212486409376,0.99902807466264,0.995064888179091,0.989665363543099,0.995601561779254,0.995212486409376,0.99902807466264,0.995064888179091,0.989665363543099,1.26931293450075,2.31397172973097
0.138414800613884,-0.538747196634793,1,0,0,1,19,1,19ll04,M-O,1,0.2909,0.6434,0.373020119354189,0.354002993184479,0.564406436671196,0.392666475923906,0.295030651411498,0.626979880645811,0.645997006815521,0.435593563328804,0.607333524076094,0.704969348588502,0.138414800613884,0.538747196634793
-1.48429898363656,1.05875407604785,0,1,1,1,19,1,19ll04,M-O,1,0.2123,0.4215,0.920437971167919,0.9170217384841,0.981902408931775,0.907435203327779,0.855144103316825,0.920437971167919,0.9170217384841,0.981902408931775,0.907435203327779,0.855144103316825,1.48429898363656,1.05875407604785
1.03868751653365,1.55544868531256,1,1,1,1,19,1,19ll04,M-O,1,0.1696,0.1955,0.967842553969124,0.965055672186187,0.990683017254374,0.965758842706704,0.940080376612166,0.967842553969124,0.965055672186187,0.990683017254374,0.965758842706704,0.940080376612166,1.03868751653365,1.55544868531256
2.55303514053449,1.15172563907829,1,1,1,1,19,1,19ll04,M-O,1,0.1375,0.1141,0.941138124615471,0.952426457422039,0.996707452251741,0.921918757692282,0.87528308347795,0.941138124615471,0.952426457422039,0.996707452251741,0.921918757692282,0.87528308347795,2.55303514053449,1.15172563907829
1.3026563684237,1.64453585480295,1,1,1,1,19,1,19ll04,M-O,1,0.1611,0.0975,0.975375840297118,0.973527018434579,0.994163055223199,0.971991738913169,0.949967217799824,0.975375840297118,0.973527018434579,0.994163055223199,0.971991738913169,0.949967217799824,1.3026563684237,1.64453585480295
-1.17216739385779,2.41560066659903,0,1,1,1,19,1,19ll04,M-O,1,0.2368,0.2792,0.996617667140995,0.996301700683807,0.999208583911847,0.996340519624226,0.992145360288967,0.996617667140995,0.996301700683807,0.999208583911847,0.996340519624226,0.992145360288967,1.17216739385779,2.41560066659903
-0.480291139956491,0.563125770892178,1,1,0,0,19,1,19ll04,M-O,1,0.6579,0.8552,0.352247800063023,0.336749143892814,0.522076263580935,0.383326957780671,0.286674622046756,0.647752199936977,0.663250856107186,0.477923736419065,0.616673042219329,0.713325377953244,0.480291139956491,0.563125770892178
2.40113727488548,2.4306050887047,1,1,1,1,19,1,19ll04,M-O,1,0.0527,0.2283,0.997688522800109,0.998084795596554,0.999873710781144,0.996501387710117,0.992463182972469,0.997688522800109,0.998084795596554,0.999873710781144,0.996501387710117,0.992463182972469,2.40113727488548,2.4306050887047
-1.34444180245972,2.70731100499871,0,1,1,1,19,1,19ll04,M-O,1,0.0906,0.2447,0.998712098728874,0.998599861045069,0.999743329106507,0.998528751899487,0.996608465998467,0.998712098728874,0.998599861045069,0.999743329106507,0.998528751899487,0.996608465998467,1.34444180245972,2.70731100499871
1.18224952370193,1.12362090934735,1,1,1,1,19,1,19ll04,M-O,1,0.5384,0.3875,0.925341098311813,0.920037690124816,0.978720116200116,0.917734368150874,0.869413059068408,0.925341098311813,0.920037690124816,0.978720116200116,0.917734368150874,0.869413059068408,1.18224952370193,1.12362090934735
1.05443302699727,1.21745567094224,1,1,1,1,19,1,19ll04,M-O,1,0.3757,0.5025,0.935787116750563,0.930702373153309,0.980428794133135,0.931072576030298,0.8882845536464,0.935787116750563,0.930702373153309,0.980428794133135,0.931072576030298,0.8882845536464,1.05443302699727,1.21745567094224
-1.86126502826552,2.075957419679,0,1,1,1,19,1,19ll04,M-O,1,0.1667,0.2114,0.992762520979012,0.992784704681558,0.999076538837305,0.990418084320599,0.981051055337568,0.992762520979012,0.992784704681558,0.999076538837305,0.990418084320599,0.981051055337568,1.86126502826552,2.075957419679
-0.165380930684144,2.47635461262082,0,1,1,1,19,1,19ll04,M-O,1,0.4607,0.099,0.996034976532888,0.995851230770948,0.998542941563957,0.99695342332828,0.993363416410675,0.996034976532888,0.995851230770948,0.998542941563957,0.99695342332828,0.993363416410675,0.165380930684144,2.47635461262082
0.316246448202973,0.198094330899947,1,1,0,0,19,1,19ll04,M-O,1,0.3187,0.4829,0.496987327916149,0.480619925088422,0.662824604327069,0.527217394322291,0.421485630116558,0.503012672083851,0.519380074911578,0.337175395672931,0.472782605677709,0.578514369883442,0.316246448202973,0.198094330899947
0.0883996497294523,-0.724512605344151,1,0,0,1,19,1,19ll04,M-O,1,0.6462,0.2437,0.308308661902562,0.289424158779725,0.505527629681366,0.32342543820779,0.234375545623587,0.691691338097438,0.710575841220275,0.494472370318634,0.67657456179221,0.765624454376413,0.0883996497294523,0.724512605344151
-0.403416000634124,2.4554601297224,0,1,1,1,19,1,19ll04,M-O,1,0.3873,0.1788,0.996080398573723,0.995824750011889,0.998661668244817,0.996753936878115,0.992964782001051,0.996080398573723,0.995824750011889,0.998661668244817,0.996753936878115,0.992964782001051,0.403416000634124,2.4554601297224
2.65677026829479,2.12038675755537,1,1,1,1,19,1,19ll04,M-O,1,0.1107,0.0231,0.994347252056769,0.995827367557717,0.999799048173797,0.991501161751276,0.983013278728534,0.994347252056769,0.995827367557717,0.999799048173797,0.991501161751276,0.983013278728534,2.65677026829479,2.12038675755537
1.44066113660482,2.34060394426372,1,1,1,1,19,1,19ll04,M-O,1,0.1168,0.0841,0.996152957245819,0.995864606117314,0.999262714279803,0.995432700885439,0.990373710814171,0.996152957245819,0.995864606117314,0.999262714279803,0.995432700885439,0.990373710814171,1.44066113660482,2.34060394426372
-0.831323402645371,1.05484429431473,0,1,1,1,19,1,19ll04,M-O,1,0.3934,0.0694,0.909286390962066,0.902072597481731,0.967552375955492,0.906785244644262,0.854251728617402,0.909286390962066,0.902072597481731,0.967552375955492,0.906785244644262,0.854251728617402,0.831323402645371,1.05484429431473
-0.450652532024976,-0.100978583490682,1,0,0,1,19,1,19ll04,M-O,1,0.2219,0.2283,0.530038245920206,0.515794233958747,0.683725438232311,0.565682530237235,0.459783730581397,0.469961754079794,0.484205766041253,0.316274561767689,0.434317469762765,0.540216269418603,0.450652532024976,0.100978583490682
1.45640664706844,0.968600602448437,1,1,1,1,19,1,19ll04,M-O,1,0.8167,0.309,0.906008967863735,0.90187753996745,0.977646210147604,0.891579506674002,0.83362774866466,0.906008967863735,0.90187753996745,0.977646210147604,0.891579506674002,0.83362774866466,1.45640664706844,0.968600602448437
2.14735669447188,0.813758012901031,1,0,1,0,19,1,19ll04,M-O,1,0.2077,0.2957,0.887308862324285,0.89600921344008,0.986885466491189,0.859957684762433,0.792108203623552,0.887308862324285,0.89600921344008,0.986885466491189,0.859957684762433,0.792108203623552,2.14735669447188,0.813758012901031
1.62127140368749,2.27865675316753,1,1,1,1,19,1,19ll04,M-O,1,0.0916,0.1654,0.995645176141229,0.995429971861783,0.999291106556158,0.994536550969092,0.988656261286989,0.995645176141229,0.995429971861783,0.999291106556158,0.994536550969092,0.988656261286989,1.62127140368749,2.27865675316753
1.95285332992131,2.51156803641198,1,1,1,1,19,1,19ll04,M-O,1,0.1169,0.1821,0.998033164938076,0.998072965608691,0.999787678047773,0.997264757908844,0.993990194294193,0.998033164938076,0.998072965608691,0.999787678047773,0.997264757908844,0.993990194294193,1.95285332992131,2.51156803641198
1.07944060243948,1.9740999890733,1,1,1,1,19,1,19ll04,M-O,1,0.1291,0.34,0.988239827199161,0.987158701735574,0.996892227827559,0.987469826459226,0.975814812700853,0.988239827199161,0.987158701735574,0.996892227827559,0.987469826459226,0.975814812700853,1.07944060243948,1.9740999890733
-1.28331217360097,1.62932832715269,0,1,1,1,19,1,19ll04,M-O,1,0.2603,0.1788,0.974377737488755,0.972424130975652,0.993818827227219,0.971000108180807,0.948378233731736,0.974377737488755,0.972424130975652,0.993818827227219,0.971000108180807,0.948378233731736,1.28331217360097,1.62932832715269
0.0800637912487137,2.60479348137313,0,1,1,1,19,1,19ll04,M-O,1,0.2423,0.13,0.99722021169936,0.997120731542258,0.998973790194537,0.997955188160755,0.995403517386753,0.99722021169936,0.997120731542258,0.998973790194537,0.997955188160755,0.995403517386753,0.0800637912487137,2.60479348137313
-1.53616654751671,1.53777850293431,0,1,1,1,19,1,19ll04,M-O,1,0.1297,0.1313,0.970289477382749,0.968882120196126,0.994138943065258,0.964396081642624,0.937948609258804,0.970289477382749,0.968882120196126,0.994138943065258,0.964396081642624,0.937948609258804,1.53616654751671,1.53777850293431
-1.8594126152698,0.820460495872094,0,1,1,1,19,1,19ll04,M-O,1,0.0546,0.1797,0.885390590175983,0.887482501803073,0.981028785284856,0.861444408493062,0.794023179697192,0.885390590175983,0.887482501803073,0.981028785284856,0.861444408493062,0.794023179697192,1.8594126152698,0.820460495872094
-1.28701699959241,1.54082508610297,0,1,1,1,19,1,19ll04,M-O,1,0.1393,0.1495,0.968760219210505,0.966447478549189,0.992372635738508,0.964634162599425,0.938320318878844,0.968760219210505,0.966447478549189,0.992372635738508,0.964634162599425,0.938320318878844,1.28701699959241,1.54082508610297
-0.182052647645622,2.14628271448903,0,1,1,1,19,1,19ll04,M-O,1,0.2687,0.1788,0.990189721693866,0.98964813264528,0.996222997058136,0.992081576067651,0.984074785085558,0.990189721693866,0.98964813264528,0.996222997058136,0.992081576067651,0.984074785085558,0.182052647645622,2.14628271448903
0.483889824315605,0.971367915493308,1,1,1,1,19,1,19ll04,M-O,1,0.7544,0.2433,0.888074576939034,0.879873646819397,0.952374401338405,0.892093600759163,0.834317450116252,0.888074576939034,0.879873646819397,0.952374401338405,0.892093600759163,0.834317450116252,0.483889824315605,0.971367915493308
2.76606263504226,1.43274754819457,1,1,1,1,19,1,19ll04,M-O,1,0.3044,0.2435,0.967839758373446,0.976521972083233,0.998893549165388,0.955351597245679,0.924035002077829,0.967839758373446,0.976521972083233,0.998893549165388,0.955351597245679,0.924035002077829,2.76606263504226,1.43274754819457
-1.35740869342976,1.65357405153665,0,1,1,1,19,1,19ll04,M-O,1,0.2632,0.0994,0.976210629355594,0.974531671662149,0.994611554482182,0.972567594419521,0.950892955706905,0.976210629355594,0.974531671662149,0.994611554482182,0.972567594419521,0.950892955706905,1.35740869342976,1.65357405153665
-1.08047295056967,1.34503134113009,0,1,1,1,19,1,19ll04,M-O,1,0.3393,0.2121,0.950357007287669,0.94632812361047,0.985469405449388,0.946453996630189,0.910692443184756,0.950357007287669,0.94632812361047,0.985469405449388,0.946453996630189,0.910692443184756,1.08047295056967,1.34503134113009
0.801578653081531,0.927649447022963,1,1,1,1,19,1,19ll04,M-O,1,0.4198,0.1916,0.886575204125847,0.877863959811635,0.957745808378899,0.883765060471537,0.823205280282845,0.886575204125847,0.877863959811635,0.957745808378899,0.883765060471537,0.823205280282845,0.801578653081531,0.927649447022963
2.02046640426508,2.5991573025111,1,1,1,1,19,1,19ll04,M-O,1,0.3652,0.179,0.998537353620513,0.998593943028066,0.999857064907051,0.997918431242373,0.995327353094874,0.998537353620513,0.998593943028066,0.999857064907051,0.997918431242373,0.995327353094874,2.02046640426508,2.5991573025111
-1.31109836853677,0.450833792933794,1,0,0,1,19,1,19ll04,M-O,1,0.478,0.2133,0.369682569838396,0.363681853167861,0.501745803327469,0.42682529764694,0.326054671876437,0.630317430161604,0.636318146832139,0.498254196672531,0.57317470235306,0.673945328123563,1.31109836853677,0.450833792933794
2.56785444450025,1.47423185567456,1,1,1,1,19,1,19ll04,M-O,1,0.1592,0.3556,0.970375917494935,0.976567304022486,0.998544058467311,0.959123411986179,0.929790412204596,0.970375917494935,0.976567304022486,0.998544058467311,0.959123411986179,0.929790412204596,2.56785444450025,1.47423185567456
2.7605053960551,1.94591909476315,1,1,1,1,19,1,19ll04,M-O,1,0.163,0.2592,0.990908490673291,0.993572511137865,0.999727391209714,0.986526694477189,0.974167770571783,0.990908490673291,0.993572511137865,0.999727391209714,0.986526694477189,0.974167770571783,2.7605053960551,1.94591909476315
0.45147259689051,2.21498316494243,1,1,1,1,19,1,19ll04,M-O,1,0.2679,0.3064,0.992426675832499,0.991875509643128,0.997364743912269,0.993455791475333,0.986619389963038,0.992426675832499,0.991875509643128,0.997364743912269,0.993455791475333,0.986619389963038,0.45147259689051,2.21498316494243
2.69289232171133,1.36714445729598,1,1,1,1,19,1,19ll04,M-O,1,0.1317,0.2913,0.96269705985927,0.971785688234856,0.9984915559212,0.948819708153305,0.914209984616803,0.96269705985927,0.971785688234856,0.9984915559212,0.948819708153305,0.914209984616803,2.69289232171133,1.36714445729598
2.31036903809521,1.21560233284797,1,1,1,1,19,1,19ll04,M-O,1,0.1378,0.3077,0.947326955636102,0.953898990283433,0.995719545352807,0.930826335517212,0.88793177746928,0.947326955636102,0.953898990283433,0.995719545352807,0.930826335517212,0.88793177746928,2.31036903809521,1.21560233284797
-1.88905122320131,-0.141650468792362,1,0,0,1,19,1,19ll04,M-O,1,0.1487,0.3399,0.475919674173058,0.476747680624607,0.588515702620684,0.549627690510144,0.443678050244419,0.524080325826942,0.523252319375393,0.411484297379316,0.450372309489856,0.556321949755581,1.88905122320131,0.141650468792362
-0.620148321133327,-0.823247288201974,1,0,0,1,19,1,19ll04,M-O,1,0.2596,0.5004,0.259209486567591,0.24575391744567,0.417204472835192,0.288806057496895,0.205183691238648,0.740790513432409,0.75424608255433,0.582795527164808,0.711193942503105,0.794816308761352,0.620148321133327,0.823247288201974
-0.411751859114862,2.67400169568798,0,1,1,1,19,1,19ll04,M-O,1,0.3728,0.6111,0.997971163277764,0.997847863537074,0.999331093659739,0.998360912837396,0.996252396373875,0.997971163277764,0.997847863537074,0.999331093659739,0.998360912837396,0.996252396373875,0.411751859114862,2.67400169568798
2.63454131234616,1.35348560942314,1,1,1,1,19,1,19ll04,M-O,1,0.2244,0.211,0.961454070139303,0.970123954294342,0.998256347151459,0.947368483676378,0.912049727845609,0.961454070139303,0.970123954294342,0.998256347151459,0.947368483676378,0.912049727845609,2.63454131234616,1.35348560942314
-1.7093671626165,2.28246498212836,0,1,1,1,19,1,19ll04,M-O,1,0.2402,0.1795,0.995800658167806,0.995659506502757,0.999377364585521,0.994595847614958,0.988769048682419,0.995800658167806,0.995659506502757,0.999377364585521,0.994595847614958,0.988769048682419,1.7093671626165,2.28246498212836
-1.96963118851512,1.47910638874443,0,1,1,1,19,1,19ll04,M-O,1,0.1709,0.099,0.968740156931372,0.96988593773404,0.996149496629106,0.95954911767856,0.930444058508638,0.968740156931372,0.96988593773404,0.996149496629106,0.95954911767856,0.930444058508638,1.96963118851512,1.47910638874443
-0.881338553529802,0.888475465112544,0,1,1,1,19,1,19ll04,M-O,1,0.1757,0.1954,0.880777254813832,0.871806442529788,0.957061146387126,0.875923394793235,0.812857476151731,0.880777254813832,0.871806442529788,0.957061146387126,0.875923394793235,0.812857476151731,0.881338553529802,0.888475465112544
2.65862268129051,0.903657604569725,1,1,1,1,19,1,19ll04,M-O,1,0.146,0.0497,0.906526979086512,0.926083380723084,0.995202404510572,0.879005317816731,0.816911507002479,0.906526979086512,0.926083380723084,0.995202404510572,0.879005317816731,0.816911507002479,2.65862268129051,0.903657604569725
2.10289878257461,1.4470664890873,1,1,1,1,19,1,19ll04,M-O,1,0.1793,0.1795,0.967054784947782,0.969380199445943,0.996581790716981,0.956683979168359,0.92606084875174,0.967054784947782,0.969380199445943,0.996581790716981,0.956683979168359,0.92606084875174,2.10289878257461,1.4470664890873
2.17514288940768,1.69797800121995,1,1,1,1,19,1,19ll04,M-O,1,0.1101,0.1792,0.981799512949011,0.983460954919622,0.998386464185455,0.975255197081948,0.955244043036806,0.981799512949011,0.983460954919622,0.998386464185455,0.975255197081948,0.955244043036806,2.17514288940768,1.69797800121995
-0.25244434148297,0.992795550446253,0,1,1,1,19,1,19ll04,M-O,1,0.1591,0.3704,0.887350722621606,0.879973548624974,0.948178690983196,0.896014951583116,0.839595200609123,0.887350722621606,0.879973548624974,0.948178690983196,0.896014951583116,0.839595200609123,0.25244434148297,0.992795550446253
0.318098861198693,0.0221033765233902,1,1,0,0,19,1,19ll04,M-O,1,0.2551,0.4198,0.565283088816652,0.550161616916751,0.718426503217088,0.596488311481653,0.491182746529495,0.434716911183348,0.449838383083249,0.281573496782912,0.403511688518347,0.508817253470505,0.318098861198693,0.0221033765233902
1.32859015036378,2.28043392668258,1,1,1,1,19,1,19ll04,M-O,1,0.2218,0.2579,0.99525222185552,0.994852541916833,0.998993677043256,0.994564294316004,0.988709017313314,0.99525222185552,0.994852541916833,0.998993677043256,0.994564294316004,0.988709017313314,1.32859015036378,2.28043392668258
-1.66861407671067,2.61525341691888,0,1,1,1,19,1,19ll04,M-O,1,0.2292,0.1163,0.998459204187491,0.998386975574891,0.99976960095024,0.998021846424063,0.995541936250979,0.998459204187491,0.998386975574891,0.99976960095024,0.998021846424063,0.995541936250979,1.66861407671067,2.61525341691888
1.88431404907969,2.60032515939242,1,1,1,1,19,1,19ll04,M-O,1,0.2661,0.2096,0.998488097892397,0.998488879013595,0.999823276395676,0.997926096416077,0.995343226739811,0.998488097892397,0.998488879013595,0.999823276395676,0.997926096416077,0.995343226739811,1.88431404907969,2.60032515939242
-1.12770948196052,2.05277799940408,0,1,1,1,19,1,19ll04,M-O,1,0.1268,0.1638,0.990550629567675,0.989685078467503,0.997608386171168,0.989806526939085,0.979952943395608,0.990550629567675,0.989685078467503,0.997608386171168,0.989806526939085,0.979952943395608,1.12770948196052,2.05277799940408
-1.80939746438536,-0.942292525517565,1,0,0,1,19,1,19ll04,M-O,1,0.3706,0.7389,0.199065115124782,0.196434317157148,0.300463652539201,0.249545308819474,0.173021446937774,0.800934884875218,0.803565682842852,0.699536347460799,0.750454691180526,0.826978553062226,1.80939746438536,0.942292525517565
-1.79087333442817,0.990383672104393,0,1,1,1,19,1,19ll04,M-O,1,0.4874,0.2455,0.91401344476885,0.914367737155593,0.985327028468465,0.895578799941796,0.839006688441573,0.91401344476885,0.914367737155593,0.985327028468465,0.895578799941796,0.839006688441573,1.79087333442817,0.990383672104393
0.188429951498315,-0.618237629143881,1,1,0,0,19,1,19ll04,M-O,1,0.8763,0.6909,0.342241654256029,0.32383007332325,0.531443520062759,0.362469230467217,0.268209354455729,0.657758345743971,0.67616992667675,0.468556479937241,0.637530769532783,0.731790645544271,0.188429951498315,0.618237629143881
-1.43150521325855,2.67996792105994,0,1,1,1,19,1,19ll04,M-O,1,0.3343,0.0193,0.998638824165158,0.998529929858147,0.999746702848274,0.99839220194955,0.99631853920559,0.998638824165158,0.998529929858147,0.999746702848274,0.99839220194955,0.99631853920559,1.43150521325855,2.67996792105994
1.97786090536353,2.77192395636749,1,1,1,1,19,1,19ll04,M-O,1,0.1816,0.1485,0.999163554663558,0.999183345446584,0.999914624823202,0.998810396140799,0.997213697349372,0.999163554663558,0.999183345446584,0.999914624823202,0.998810396140799,0.997213697349372,1.97786090536353,2.77192395636749
-0.152414039714107,0.929756667047957,0,1,1,1,19,1,19ll04,M-O,1,0.2658,0.1924,0.872978913304581,0.865249079317379,0.939003418927171,0.884176674094822,0.823751456459385,0.872978913304581,0.865249079317379,0.939003418927171,0.884176674094822,0.823751456459385,0.152414039714107,0.929756667047957
-0.399711174642684,-0.25239376697334,1,0,0,1,19,1,19ll04,M-O,1,0.1407,0.3217,0.472806679025213,0.457087814357095,0.637746148430467,0.505576020261377,0.400368358734608,0.527193320974787,0.542912185642905,0.362253851569533,0.494423979738623,0.599631641265392,0.399711174642684,0.25239376697334
1.80743890975732,1.86041166049595,1,1,1,1,19,1,19ll04,M-O,1,0.1811,0.0061,0.987051555081148,0.986977269085966,0.998181755485824,0.983280936819806,0.968586346897907,0.987051555081148,0.986977269085966,0.998181755485824,0.983280936819806,0.968586346897907,1.80743890975732,1.86041166049595
2.00286848080575,2.03835750573906,1,1,1,1,19,1,19ll04,M-O,1,0.1665,0.0692,0.992218529555277,0.992531376837322,0.999168408961679,0.989409114820299,0.979242903622267,0.992218529555277,0.992531376837322,0.999168408961679,0.989409114820299,0.979242903622267,2.00286848080575,2.03835750573906
-1.90942776615423,0.861106992980702,0,1,1,1,19,1,19ll04,M-O,1,0.302,0.0061,0.893608326334248,0.896522540415944,0.983562914637302,0.870229829072094,0.805410440963667,0.893608326334248,0.896522540415944,0.983562914637302,0.870229829072094,0.805410440963667,1.90942776615423,0.861106992980702
1.73519480292425,1.32241046110275,1,1,1,1,19,1,19ll04,M-O,1,0.1201,0.2252,0.954492035308632,0.953991565083668,0.99235632228383,0.943945156141208,0.9069842463696,0.954492035308632,0.953991565083668,0.99235632228383,0.943945156141208,0.9069842463696,1.73519480292425,1.32241046110275
1.84356096317385,1.93261568159331,1,1,1,1,19,1,19ll04,M-O,1,0.1615,0.196,0.989335357605765,0.989347901305095,0.998581033629944,0.986060573589861,0.973358220412852,0.989335357605765,0.989347901305095,0.998581033629944,0.986060573589861,0.973358220412852,1.84356096317385,1.93261568159331
2.70122818019207,2.7533651872317,1,1,1,1,19,1,19ll04,M-O,1,0.2695,0.1308,0.999225588667727,0.999455262646488,0.999977120816805,0.998735026232775,0.997050697086412,0.999225588667727,0.999455262646488,0.999977120816805,0.998735026232775,0.997050697086412,2.70122818019207,2.7533651872317
0.458882248873389,0.0192598988993027,0,1,0,0,19,1,19ll04,M-O,1,0.1773,0.3142,0.561428800416698,0.547886523992277,0.70904507633668,0.597588968488467,0.492316887016148,0.438571199583302,0.452113476007723,0.29095492366332,0.402411031511533,0.507683112983852,0.458882248873389,0.0192598988993027
1.76853823684721,2.59014449397047,1,1,1,1,19,1,19ll04,M-O,1,0.2024,0.2169,0.99838323035209,0.998340022244089,0.999782780841826,0.997858406071606,0.995203217280698,0.99838323035209,0.998340022244089,0.999782780841826,0.997858406071606,0.995203217280698,1.76853823684721,2.59014449397047
-1.55839550346535,1.1311612026898,0,1,1,1,19,1,19ll04,M-O,1,0.1272,0.4542,0.931379446609313,0.928963978852296,0.985642450313262,0.91887323995616,0.87100637589566,0.931379446609313,0.928963978852296,0.985642450313262,0.91887323995616,0.87100637589566,1.55839550346535,1.1311612026898
-1.06380123360819,1.06680213325174,0,1,1,1,19,1,19ll04,M-O,1,0.1137,0.1374,0.915210062820555,0.908833675557805,0.973543410025774,0.908762541121286,0.856969402459848,0.915210062820555,0.908833675557805,0.973543410025774,0.908762541121286,0.856969402459848,1.06380123360819,1.06680213325174
0.180094093017577,-0.0632771167784508,1,1,0,0,19,1,19ll04,M-O,1,0.3288,0.3715,0.554472486478708,0.537578595737402,0.716697166991272,0.580469264424698,0.474772918702399,0.445527513521292,0.462421404262598,0.283302833008728,0.419530735575302,0.525227081297601,0.180094093017577,0.0632771167784508
-1.88997742969917,2.71520673304417,0,1,1,1,19,1,19ll04,M-O,1,0.1299,0.0673,0.998962395092822,0.998962608422342,0.999880774416072,0.998566164910387,0.996688279507392,0.998962395092822,0.998962608422342,0.999880774416072,0.998566164910387,0.996688279507392,1.88997742969917,2.71520673304417
2.53914204306659,1.16081461219814,1,1,1,1,19,1,19ll04,M-O,1,0.2247,0.1462,0.942147291912252,0.95303138056539,0.99669665571171,0.923236833179355,0.877141350339734,0.942147291912252,0.95303138056539,0.99669665571171,0.923236833179355,0.877141350339734,2.53914204306659,1.16081461219814
2.66881095276697,1.45125554094421,1,1,1,1,19,1,19ll04,M-O,1,0.1906,0.1465,0.96899350347049,0.976438055004206,0.998724051835239,0.957067643157853,0.926645641874037,0.96899350347049,0.976438055004206,0.998724051835239,0.957067643157853,0.926645641874037,2.66881095276697,1.45125554094421
-0.490479411432949,0.942552316356351,0,1,1,1,19,1,19ll04,M-O,1,0.2178,0.2429,0.882758497801722,0.874197796026246,0.949960589911857,0.886653890882535,0.827045030213436,0.882758497801722,0.874197796026246,0.949960589911857,0.886653890882535,0.827045030213436,0.490479411432949,0.942552316356351
2.1260539450211,0.800657705275771,1,1,1,1,19,1,19ll04,M-O,1,0.1873,0.2433,0.884593573189743,0.892936491220048,0.986124348232887,0.857020615490232,0.788335082948788,0.884593573189743,0.892936491220048,0.986124348232887,0.857020615490232,0.788335082948788,2.1260539450211,0.800657705275771
-0.861888217074745,2.61703059043394,0,1,1,1,19,1,19ll04,M-O,1,0.1419,0.2594,0.997939008710312,0.997752678410136,0.999434430007467,0.99803297371373,0.995565080404768,0.997939008710312,0.997752678410136,0.999434430007467,0.99803297371373,0.995565080404768,0.861888217074745,2.61703059043394
-0.911903367959177,1.26632794260624,0,1,1,1,19,1,19ll04,M-O,1,0.3352,0.0678,0.939727060820318,0.93470336288736,0.980178215528318,0.937325003691007,0.897302151521366,0.939727060820318,0.93470336288736,0.980178215528318,0.937325003691007,0.897302151521366,0.911903367959177,1.26632794260624
0.946066866747666,-0.61788219444087,0,0,0,1,19,1,19ll04,M-O,1,0.9618,0.2751,0.318811595947257,0.308504132204057,0.464246913501652,0.362602524912347,0.268326498460989,0.681188404052743,0.691495867795943,0.535753086498348,0.637397475087653,0.731673501539011,0.946066866747666,0.61788219444087
2.73179299462144,1.16317571415385,1,1,1,1,19,1,19ll04,M-O,1,0.2246,0.2444,0.942971485082261,0.956916573811189,0.997690088121542,0.923576454131211,0.877620891095912,0.942971485082261,0.956916573811189,0.997690088121542,0.923576454131211,0.877620891095912,2.73179299462144,1.16317571415385
-0.0107044455415508,1.79833752843439,0,1,1,1,19,1,19ll04,M-O,1,0.3729,0.1955,0.975934720682734,0.974746375343312,0.989700235015336,0.98052471741192,0.963938231975324,0.975934720682734,0.974746375343312,0.989700235015336,0.98052471741192,0.963938231975324,0.0107044455415508,1.79833752843439
0.462587074864828,0.772578363737907,0,1,0,0,19,1,19ll04,M-O,1,0.4328,0.2278,0.280115140040659,0.26488298803252,0.449416989560636,0.306355624540481,0.219885976649176,0.719884859959341,0.73511701196748,0.550583010439364,0.693644375459519,0.780114023350824,0.462587074864828,0.772578363737907
-1.42502176777353,2.33928375822396,0,1,1,1,19,1,19ll04,M-O,1,0.2265,0.3861,0.996118356179535,0.995821188986254,0.999245803924502,0.995415061209574,0.990339623642261,0.996118356179535,0.995821188986254,0.999245803924502,0.995415061209574,0.990339623642261,1.42502176777353,2.33928375822396
-0.323762241818177,2.48427572885935,0,1,1,1,19,1,19ll04,M-O,1,0.1464,0.1701,0.996305076065986,0.996088692644871,0.998709146113888,0.997026114714373,0.993509237532368,0.996305076065986,0.996088692644871,0.998709146113888,0.997026114714373,0.993509237532368,0.323762241818177,2.48427572885935
-1.30276251005603,1.94419269763424,0,1,1,1,19,1,19ll04,M-O,1,0.1953,0.1791,0.988112566639123,0.987150418614435,0.997309437913771,0.986466975555918,0.974063890973027,0.988112566639123,0.987150418614435,0.997309437913771,0.986466975555918,0.974063890973027,1.30276251005603,1.94419269763424
-0.466398042488593,2.64168252590705,0,1,1,1,19,1,19ll04,M-O,1,0.2353,0.084,0.997799346195276,0.997654525828484,0.99928518631159,0.998181570935557,0.995875232850339,0.997799346195276,0.997654525828484,0.99928518631159,0.998181570935557,0.995875232850339,0.466398042488593,2.64168252590705
-1.60192720886476,1.71237310669189,0,1,1,1,19,1,19ll04,M-O,1,0.1153,0.0662,0.980461846122006,0.979652300986778,0.996489988517151,0.976077600917216,0.956586034065244,0.980461846122006,0.979652300986778,0.996489988517151,0.976077600917216,0.956586034065244,1.60192720886476,1.71237310669189
2.6104599434018,1.46026834948485,1,1,1,1,19,1,19ll04,M-O,1,0.1751,0.1489,0.969510996141393,0.976278585904037,0.998606702514506,0.957883793675225,0.927891831468372,0.969510996141393,0.976278585904037,0.998606702514506,0.957883793675225,0.927891831468372,2.6104599434018,1.46026834948485
-0.692392427966394,2.16062704357482,0,1,1,1,19,1,19ll04,M-O,1,0.1998,0.0671,0.991860697958765,0.991154114292618,0.997414860306588,0.992387835894045,0.984637919670938,0.991860697958765,0.991154114292618,0.997414860306588,0.992387835894045,0.984637919670938,0.692392427966394,2.16062704357482
2.22978907278141,1.58004984439953,1,1,1,1,19,1,19ll04,M-O,1,0.1929,0.1635,0.976045442447249,0.978603256538685,0.997994499048689,0.967584455372838,0.94295227396052,0.976045442447249,0.978603256538685,0.997994499048689,0.967584455372838,0.94295227396052,2.22978907278141,1.58004984439953
-0.0301547819966075,-0.455042324075718,1,0,0,1,19,1,19ll04,M-O,1,0.1912,0.2595,0.408455303580655,0.388449730584268,0.604615772595808,0.425175304963617,0.324539395078478,0.591544696419345,0.611550269415732,0.395384227404192,0.574824695036383,0.675460604921521,0.0301547819966075,0.455042324075718
2.55673996652593,1.03024313522776,1,1,1,1,19,1,19ll04,M-O,1,0.2434,0.5139,0.925542907025128,0.939509765741353,0.995674920552463,0.902618046749003,0.848552057250487,0.925542907025128,0.939509765741353,0.995674920552463,0.902618046749003,0.848552057250487,2.55673996652593,1.03024313522776
1.77594788883008,2.04546619979928,1,1,1,1,19,1,19ll04,M-O,1,0.2949,0.21,0.991976867758143,0.991850639396645,0.998862459587156,0.98960667811439,0.979595540891374,0.991976867758143,0.991850639396645,0.998862459587156,0.98960667811439,0.979595540891374,1.77594788883008,2.04546619979928
0.719146274772005,1.45397207760294,1,1,1,1,19,1,19ll04,M-O,1,0.3131,0.2422,0.956780050518768,0.953092134669228,0.984808922845092,0.957314972382479,0.927022976135357,0.956780050518768,0.953092134669228,0.984808922845092,0.957314972382479,0.927022976135357,0.719146274772005,1.45397207760294
1.95563194941489,2.06671611740072,1,1,1,1,19,1,19ll04,M-O,1,0.2119,0.2262,0.992729034447323,0.992925711258935,0.999175834789238,0.990178219360146,0.980619544224383,0.992729034447323,0.992925711258935,0.999175834789238,0.990178219360146,0.980619544224383,1.95563194941489,2.06671611740072
2.70308059318779,2.38973009785844,1,1,1,1,19,1,19ll04,M-O,1,0.1024,0.2593,0.99746832095886,0.998196772136624,0.999921815071817,0.996047507126447,0.991569620762675,0.99746832095886,0.998196772136624,0.999921815071817,0.996047507126447,0.991569620762675,2.70308059318779,2.38973009785844
0.507971193259961,1.61871606244851,1,1,1,1,19,1,19ll04,M-O,1,0.3343,0.3222,0.967985717005069,0.965439231818759,0.98800266624176,0.970290973442955,0.947245815373771,0.967985717005069,0.965439231818759,0.98800266624176,0.970290973442955,0.947245815373771,0.507971193259961,1.61871606244851
0.579289093595168,2.3683024629055,1,1,1,1,19,1,19ll04,M-O,1,0.2665,0.2577,0.995241343005918,0.994866553383359,0.998460666182111,0.995789089912909,0.991065039906115,0.995241343005918,0.994866553383359,0.998460666182111,0.995789089912909,0.991065039906115,0.579289093595168,2.3683024629055
1.18780676268908,1.02130649126634,1,1,1,1,19,1,19ll04,M-O,1,0.2586,0.2277,0.910203085085846,0.904092525430128,0.973966893317397,0.901070914405052,0.846445374024947,0.910203085085846,0.904092525430128,0.973966893317397,0.901070914405052,0.846445374024947,1.18780676268908,1.02130649126634
-1.96592636252368,1.36242225338455,0,1,1,1,19,1,19ll04,M-O,1,0.2957,0.0196,0.959653771832942,0.961130297298112,0.99487929825986,0.948321627874905,0.913467667624876,0.959653771832942,0.961130297298112,0.99487929825986,0.948321627874905,0.913467667624876,1.96592636252368,1.36242225338455
-0.292271220890943,1.49045491104771,0,1,1,1,19,1,19ll04,M-O,1,0.5023,0.3403,0.955744927274501,0.952690556265522,0.981650939394335,0.96052627622726,0.931947668208041,0.955744927274501,0.952690556265522,0.981650939394335,0.96052627622726,0.931947668208041,0.292271220890943,1.49045491104771
1.75464513937931,2.30320713586835,1,1,1,1,19,1,19ll04,M-O,1,0.3585,0.0996,0.996096639029111,0.995999769836059,0.999451000854782,0.994908882077424,0.989366404235988,0.996096639029111,0.995999769836059,0.999451000854782,0.994908882077424,0.989366404235988,1.75464513937931,2.30320713586835
-1.12493086246694,1.41020283274645,0,1,1,1,19,1,19ll04,M-O,1,0.2992,0.0061,0.957022594535036,0.95354985859132,0.987928193296089,0.953187099089215,0.920760100187891,0.957022594535036,0.95354985859132,0.987928193296089,0.953187099089215,0.920760100187891,1.12493086246694,1.41020283274645
1.36008117129102,2.39447768996295,1,1,1,1,19,1,19ll04,M-O,1,0.2573,0.0511,0.99662724812821,0.996346695015244,0.99931259735379,0.996102803924768,0.991677972008396,0.99662724812821,0.996346695015244,0.99931259735379,0.996102803924768,0.991677972008396,1.36008117129102,2.39447768996295
0.542240833680775,-0.663301671847053,0,0,0,1,19,1,19ll04,M-O,1,0.4404,0.7874,0.314672360524575,0.299955396633218,0.480703729396088,0.345709378278101,0.253568683024222,0.685327639475425,0.700044603366782,0.519296270603912,0.654290621721899,0.746431316975778,0.542240833680775,0.663301671847053
-1.80569263839392,-0.823628111098057,1,1,0,0,19,1,19ll04,M-O,1,0.3821,0.4996,0.233300602337835,0.230857839628431,0.340410674096907,0.288675966476103,0.205075449064543,0.766699397662165,0.769142160371569,0.659589325903093,0.711324033523897,0.794924550935457,1.80569263839392,0.823628111098057
1.2452315655564,0.875654427611078,1,1,1,1,19,1,19ll04,M-O,1,0.2293,0.1764,0.885836829080987,0.878937206758684,0.967219893117888,0.873278323022325,0.809391036472096,0.885836829080987,0.878937206758684,0.967219893117888,0.873278323022325,0.809391036472096,1.2452315655564,0.875654427611078
-1.64175408827273,2.51641718128877,0,1,1,1,19,1,19ll04,M-O,1,0.3856,0.2361,0.997877974369248,0.997771832820191,0.999670488799171,0.997305302977882,0.994072262026898,0.997877974369248,0.997771832820191,0.999670488799171,0.997305302977882,0.994072262026898,1.64175408827273,2.51641718128877
0.672835949879013,0.502016390167369,0,1,0,0,19,1,19ll04,M-O,1,0.754,0.3869,0.368452226360455,0.355161412802225,0.527360474568247,0.406854014494679,0.307827995882667,0.631547773639545,0.644838587197775,0.472639525431753,0.593145985505321,0.692172004117333,0.672835949879013,0.502016390167369
1.35637634529958,1.6954645701058,1,1,1,1,19,1,19ll04,M-O,1,0.2308,0.1461,0.978421173516144,0.976876655622567,0.995141222110569,0.975109198022777,0.955006337069799,0.978421173516144,0.976876655622567,0.995141222110569,0.975109198022777,0.955006337069799,1.35637634529958,1.6954645701058
-1.63897546877915,1.61889377980002,0,1,1,1,19,1,19ll04,M-O,1,0.2777,0.1473,0.975843634324012,0.975034550592059,0.995754238708888,0.970302966300657,0.947264940273906,0.975843634324012,0.975034550592059,0.995754238708888,0.970302966300657,0.947264940273906,1.63897546877915,1.61889377980002
-1.20921565377219,1.47245468215951,0,1,1,1,19,1,19ll04,M-O,1,0.5114,0.3379,0.96306326395816,0.960189113252124,0.990326349756464,0.95896730557007,0.929550931967727,0.96306326395816,0.960189113252124,0.990326349756464,0.95896730557007,0.929550931967727,1.20921565377219,1.47245468215951
-0.0588671834302626,-0.326908113640276,1,0,0,1,19,1,19ll04,M-O,1,0.3021,0.5158,0.456574836655909,0.43703849470593,0.644261164700567,0.475864021253626,0.371868692085868,0.543425163344091,0.56296150529407,0.355738835299433,0.524135978746374,0.628131307914132,0.0588671834302626,0.326908113640276
2.50579860914364,1.53214232407227,1,1,1,1,19,1,19ll04,M-O,1,0.2603,0.3226,0.97393682277399,0.978919584260574,0.998593559093198,0.963952168820152,0.937256341279229,0.97393682277399,0.978919584260574,0.998593559093198,0.963952168820152,0.937256341279229,2.50579860914364,1.53214232407227
1.2267074355992,-0.805881764140583,0,1,0,0,19,1,19ll04,M-O,1,0.436,0.4516,0.249685589311108,0.242260292372568,0.377866485720629,0.294767315891722,0.210155513475082,0.750314410688892,0.757739707627432,0.62213351427937,0.705232684108278,0.789844486524918,1.2267074355992,0.805881764140583
-1.67880234818713,2.0809842819073,0,1,1,1,19,1,19ll04,M-O,1,0.185,0.1962,0.992534636023386,0.992268258990291,0.998826858073635,0.990546397663389,0.981282327608988,0.992534636023386,0.992268258990291,0.998826858073635,0.990546397663389,0.981282327608988,1.67880234818713,2.0809842819073
1.14797988328111,2.16504458916939,1,1,1,1,19,1,19ll04,M-O,1,0.3002,0.2427,0.993050828486628,0.992410229659423,0.998292003897413,0.992480028647831,0.984807864627298,0.993050828486628,0.992410229659423,0.998292003897413,0.992480028647831,0.984807864627298,1.14797988328111,2.16504458916939
-0.204281603594258,1.11808628325761,0,1,1,1,19,1,19ll04,M-O,1,0.3976,0.2752,0.908248596700429,0.902359448074493,0.958140737738664,0.916890795883961,0.868234927918353,0.908248596700429,0.902359448074493,0.958140737738664,0.916890795883961,0.868234927918353,0.204281603594258,1.11808628325761
-1.84181469181046,0.895533382786618,0,1,1,1,19,1,19ll04,M-O,1,0.2559,0.0673,0.898946872507813,0.900402688548562,0.983291977923902,0.877362893822881,0.814748985594903,0.898946872507813,0.900402688548562,0.983291977923902,0.877362893822881,0.814748985594903,1.84181469181046,0.895533382786618
-1.33703215047684,-1.02952635691368,1,0,0,1,19,1,19ll04,M-O,1,0.5109,0.3301,0.183458756382873,0.177231963152486,0.296316123934526,0.222685443946339,0.151616200457539,0.816541243617127,0.822768036847514,0.703683876065474,0.777314556053661,0.848383799542461,1.33703215047684,1.02952635691368
0.39219538102748,0.92267336118081,1,1,1,1,19,1,19ll04,M-O,1,0.5426,0.2463,0.87673565826179,0.868125919641813,0.945199790916077,0.882788940233282,0.821911273920525,0.87673565826179,0.868125919641813,0.945199790916077,0.882788940233282,0.821911273920525,0.39219538102748,0.92267336118081
-0.802611001211716,1.07317456971287,0,1,1,1,19,1,19ll04,M-O,1,0.3964,0.2715,0.911674742290124,0.904612297097184,0.968048765045961,0.909803472859834,0.85840360082447,0.911674742290124,0.904612297097184,0.968048765045961,0.909803472859834,0.85840360082447,0.802611001211716,1.07317456971287
-1.17587221984923,0.478608476154792,1,1,0,0,19,1,19ll04,M-O,1,0.4092,0.9466,0.362789605584469,0.35525262161429,0.499693530426333,0.415960975999407,0.316108593607964,0.637210394415531,0.64474737838571,0.500306469573667,0.584039024000593,0.683891406392036,1.17587221984923,0.478608476154792
1.38416254023537,1.85617183225289,1,1,1,1,19,1,19ll04,M-O,1,0.7117,0.2761,0.985485038416261,0.984436135902514,0.996884895233785,0.983103919823638,0.968285465176417,0.985485038416261,0.984436135902514,0.996884895233785,0.983103919823638,0.968285465176417,1.38416254023537,1.85617183225289
1.78057892131938,1.90382547064942,1,1,1,1,19,1,19ll04,M-O,1,0.3287,0.1483,0.988346952962616,0.988204208617362,0.998322937938144,0.985004026116655,0.971533540929976,0.988346952962616,0.988204208617362,0.998322937938144,0.985004026116655,0.971533540929976,1.78057892131938,1.90382547064942
0.850667597468102,1.56763501798722,1,1,1,1,19,1,19ll04,M-O,1,0.2946,0.3533,0.967161614844831,0.964256560290588,0.989410411955753,0.96667346680845,0.941516832572342,0.967161614844831,0.964256560290588,0.989410411955753,0.96667346680845,0.941516832572342,0.850667597468102,1.56763501798722
0.535757388195756,0.921200845982622,1,1,1,1,19,1,19ll04,M-O,1,0.1928,0.1635,0.879591712585527,0.870707398760197,0.949316213604923,0.882498978085237,0.821527211659096,0.879591712585527,0.870707398760197,0.949316213604923,0.882498978085237,0.821527211659096,0.535757388195756,0.921200845982622
-0.119996812289012,0.910994792367594,0,1,1,1,19,1,19ll04,M-O,1,0.3223,0.1328,0.868417978502141,0.860608869441346,0.935982150972121,0.880475277714235,0.818850941220798,0.868417978502141,0.860608869441346,0.935982150972121,0.880475277714235,0.818850941220798,0.119996812289012,0.910994792367594
0.934026182275488,2.12988194176438,1,1,1,1,19,1,19ll04,M-O,1,0.1873,0.4039,0.991814401622214,0.99104610163698,0.997690716423393,0.991718177460791,0.983409319315085,0.991814401622214,0.99104610163698,0.997690716423393,0.991718177460791,0.983409319315085,0.934026182275488,2.12988194176438
0.779349697132894,1.4270605929464,1,1,1,1,19,1,19ll04,M-O,1,0.3688,0.1627,0.954957639632384,0.951086641955628,0.984556747491163,0.954813349297897,0.9232187850157,0.954957639632384,0.951086641955628,0.984556747491163,0.954813349297897,0.9232187850157,0.779349697132894,1.4270605929464
-1.45466037570504,0.882737733478225,0,1,1,1,19,1,19ll04,M-O,1,0.2625,0.0368,0.890979879187822,0.886395407930061,0.97351127488465,0.874744474044863,0.811311005101976,0.890979879187822,0.886395407930061,0.97351127488465,0.874744474044863,0.811311005101976,1.45466037570504,0.882737733478225
0.0420893248364602,2.23440513264267,0,1,1,1,19,1,19ll04,M-O,1,0.5061,0.1649,0.991940592714126,0.991594226832071,0.996815307291889,0.993803929830215,0.987271785851367,0.991940592714126,0.991594226832071,0.996815307291889,0.993803929830215,0.987271785851367,0.0420893248364602,2.23440513264267
-1.17494601335137,2.48846478071627,0,1,1,1,19,1,19ll04,M-O,1,0.2386,0.1147,0.997281453140718,0.997026726807115,0.999370783669836,0.997063922049296,0.993585202815421,0.997281453140718,0.997026726807115,0.999370783669836,0.997063922049296,0.993585202815421,1.17494601335137,2.48846478071627
-0.736850339863667,1.64308872779783,0,0,1,0,19,1,19ll04,M-O,1,0.3377,0.3409,0.971381747748754,0.968875986308195,0.990343526545806,0.971898608887195,0.94981771162653,0.971381747748754,0.968875986308195,0.990343526545806,0.971898608887195,0.94981771162653,0.736850339863667,1.64308872779783
1.74260445490713,2.08113661106574,1,1,1,1,19,1,19ll04,M-O,1,0.2455,0.1489,0.992658418932975,0.992487173858888,0.99892411364085,0.990550262376391,0.981289298192051,0.992658418932975,0.992487173858888,0.99892411364085,0.990550262376391,0.981289298192051,1.74260445490713,2.08113661106574
-1.03045779968524,1.65580821252701,0,1,1,1,19,1,19ll04,M-O,1,0.2526,0.006,0.974257481060147,0.971977642138294,0.99262719541423,0.972708408826897,0.9511196679355,0.974257481060147,0.971977642138294,0.99262719541423,0.972708408826897,0.9511196679355,1.03045779968524,1.65580821252701
1.38786736622681,1.94307561713906,1,1,1,1,19,1,19ll04,M-O,1,0.1962,0.131,0.988362331958512,0.987505849824541,0.997541663496704,0.986428212267726,0.973996488709385,0.988362331958512,0.987505849824541,0.997541663496704,0.986428212267726,0.973996488709385,1.38786736622681,1.94307561713906
2.18440495438627,1.20620870141125,1,1,1,1,19,1,19ll04,M-O,1,0.3117,0.1473,0.945676729846006,0.950605607657361,0.994665869042765,0.929567830565944,0.886131485155231,0.945676729846006,0.950605607657361,0.994665869042765,0.929567830565944,0.886131485155231,2.18440495438627,1.20620870141125
-1.48893001612586,2.67659129138134,0,1,1,1,19,1,19ll04,M-O,1,0.14,0.1959,0.998652765181064,0.998553073064026,0.99976150451282,0.998374561153351,0.996281234967966,0.998652765181064,0.998553073064026,0.99976150451282,0.998374561153351,0.996281234967966,1.48893001612586,2.67659129138134
-1.18420807832997,1.71473420864761,0,1,1,1,19,1,19ll04,M-O,1,0.0647,0.0061,0.978434884491345,0.976619672516239,0.9944778339437,0.976210274862609,0.956803015667373,0.978434884491345,0.976619672516239,0.9944778339437,0.976210274862609,0.956803015667373,1.18420807832997,1.71473420864761
1.43232527812408,1.07566261263395,1,1,1,1,19,1,19ll04,M-O,1,0.341,0.2306,0.922172760915711,0.918342134755647,0.9815464832998,0.910207488949209,0.858960913008551,0.922172760915711,0.918342134755647,0.9815464832998,0.910207488949209,0.858960913008551,1.43232527812408,1.07566261263395
-0.699802079949273,2.07768381680792,0,1,1,1,19,1,19ll04,M-O,1,0.1389,0.0199,0.989892727723173,0.989008563325156,0.996760572348961,0.990462322134085,0.981130754722583,0.989892727723173,0.989008563325156,0.996760572348961,0.990462322134085,0.981130754722583,0.699802079949273,2.07768381680792
-1.3657445519105,2.16255654624831,0,1,1,1,19,1,19ll04,M-O,1,0.1524,0.0989,0.993469382602613,0.992950353825379,0.998636389013167,0.992428225705536,0.984712348254754,0.993469382602613,0.992950353825379,0.998636389013167,0.992428225705536,0.984712348254754,1.3657445519105,2.16255654624831
0.874748966412458,0.800683093468843,1,1,1,1,19,1,19ll04,M-O,1,0.3821,0.3345,0.862609771378778,0.852563589339455,0.949420450285883,0.857026347445874,0.788342433748773,0.862609771378778,0.852563589339455,0.949420450285883,0.857026347445874,0.788342433748773,0.874748966412458,0.800683093468843
-1.25552597866518,2.42438498140201,0,1,1,1,19,1,19ll04,M-O,1,0.1969,0.1155,0.996799832585638,0.996511030811384,0.999295192947727,0.996435486536038,0.992332830029388,0.996799832585638,0.996511030811384,0.999295192947727,0.996435486536038,0.992332830029388,1.25552597866518,2.42438498140201
-1.18235566533425,2.77941347332379,0,1,1,1,19,1,19ll04,M-O,1,0.373,0.1316,0.998914580728882,0.998812676961173,0.999758362086349,0.998839630269593,0.997277142027235,0.998914580728882,0.998812676961173,0.999758362086349,0.998839630269593,0.997277142027235,1.18235566533425,2.77941347332379
-2.01594151340811,1.45145864648879,0,1,1,1,19,1,19ll04,M-O,1,0.1909,0.1792,0.96698527343317,0.968576173388072,0.996149032292417,0.95708617502757,0.926673905298019,0.96698527343317,0.968576173388072,0.996149032292417,0.95708617502757,0.926673905298019,2.01594151340811,1.45145864648879
-1.60748444785192,2.54802548166367,0,1,1,1,19,1,19ll04,M-O,1,0.1284,0.1306,0.998055332531278,0.9979461342857,0.999688350064387,0.997556556056651,0.994583272120858,0.998055332531278,0.9979461342857,0.999688350064387,0.997556556056651,0.994583272120858,1.60748444785192,2.54802548166367
1.95192712342345,1.6858678331245,1,1,1,1,19,1,19ll04,M-O,1,0.2603,0.6097,0.980596606186872,0.981187889814986,0.997651330139882,0.974545085923205,0.954089370590154,0.980596606186872,0.981187889814986,0.997651330139882,0.974545085923205,0.954089370590154,1.95192712342345,1.6858678331245
1.39527701820969,2.7449616953248,1,1,1,1,19,1,19ll04,M-O,1,0.1942,0.1156,0.998882588132688,0.998789072658616,0.999787068972618,0.998699482523031,0.99697410195232,0.998882588132688,0.998789072658616,0.999787068972618,0.998699482523031,0.99697410195232,1.39527701820969,2.7449616953248
0.124521703145986,1.5757846279634,0,1,1,1,19,1,19ll04,M-O,1,0.1111,0.0988,0.961598110579466,0.959326172676938,0.983464957871161,0.967273822570243,0.942462276896327,0.961598110579466,0.959326172676938,0.983464957871161,0.967273822570243,0.942462276896327,0.124521703145986,1.5757846279634
-0.652565548558421,2.58587927753434,0,1,1,1,19,1,19ll04,M-O,1,0.0662,0.0927,0.997553083636859,0.997357437061538,0.999255954429862,0.997829456262837,0.995143452817045,0.997553083636859,0.997357437061538,0.999255954429862,0.997829456262837,0.995143452817045,0.652565548558421,2.58587927753434
-0.30616431835884,1.21595776755098,0,1,1,1,19,1,19ll04,M-O,1,0.0305,0.01,0.924553981394194,0.919331099423255,0.967296154131807,0.930873612181442,0.887999494821663,0.924553981394194,0.919331099423255,0.967296154131807,0.930873612181442,0.887999494821663,0.30616431835884,1.21595776755098
0.113407225171668,1.4650667179755,0,1,1,1,19,1,19ll04,M-O,1,0.3386,0.2149,0.9515551224872,0.948684087632238,0.978664849098462,0.95831315855365,0.928548642033712,0.9515551224872,0.948684087632238,0.978664849098462,0.95831315855365,0.928548642033712,0.113407225171668,1.4650667179755
1.85745406064175,1.84340157113756,1,1,1,1,19,1,19ll04,M-O,1,0.1084,0.248,0.986620508919053,0.986697635376879,0.998225334139038,0.982561034940335,0.967364799566443,0.986620508919053,0.986697635376879,0.998225334139038,0.982561034940335,0.967364799566443,1.85745406064175,1.84340157113756
2.30110697311661,1.03278195453498,1,1,1,1,19,1,19ll04,M-O,1,0.0878,0.2771,0.924660277695683,0.93358182193326,0.99343282788709,0.903054318317761,0.849147024779595,0.924660277695683,0.93358182193326,0.99343282788709,0.903054318317761,0.849147024779595,2.30110697311661,1.03278195453498
-1.74271059653946,1.99367428593197,0,1,1,1,19,1,19ll04,M-O,1,0.0678,0.0852,0.990708383950845,0.990506731868645,0.998622118824766,0.988090787022388,0.976906169365004,0.990708383950845,0.990506731868645,0.998622118824766,0.988090787022388,0.976906169365004,1.74271059653946,1.99367428593197
1.06832612446517,1.06822387206379,1,1,1,1,19,1,19ll04,M-O,1,0.1059,0.2288,0.915501989953215,0.909158977489571,0.973717798647256,0.908995549374283,0.857290230535616,0.915501989953215,0.909158977489571,0.973717798647256,0.908995549374283,0.857290230535616,1.06832612446517,1.06822387206379
-0.0579409769324028,1.23426265475604,0,1,1,1,19,1,19ll04,M-O,1,0.1147,0.1526,0.923476302336406,0.919106144152394,0.964321249013132,0.933274859212789,0.89144747646694,0.923476302336406,0.919106144152394,0.964321249013132,0.933274859212789,0.89144747646694,0.0579409769324028,1.23426265475604
-0.0310809884944674,1.04194709223405,0,1,1,1,19,1,19ll04,M-O,1,0.1912,0.1307,0.892161295203545,0.886143115390559,0.947524934440338,0.90461731880212,0.851281895434501,0.892161295203545,0.886143115390559,0.947524934440338,0.90461731880212,0.851281895434501,0.0310809884944674,1.04194709223405
2.10104636957889,0.970047729453553,1,1,1,1,19,1,19ll04,M-O,1,0.2027,0.1001,0.913923354075687,0.919793538267174,0.989856348210167,0.891848564264688,0.833988649160767,0.913923354075687,0.919793538267174,0.989856348210167,0.891848564264688,0.833988649160767,2.10104636957889,0.970047729453553
1.33229497635522,0.92968050246874,1,1,1,1,19,1,19ll04,M-O,1,0.2025,0.1147,0.897324471925389,0.891662949245799,0.972722310291866,0.884161814547785,0.823731733771186,0.897324471925389,0.891662949245799,0.972722310291866,0.884161814547785,0.823731733771186,1.33229497635522,0.92968050246874
-1.31017216203891,1.26650565995775,0,1,1,1,19,1,19ll04,M-O,1,0.1984,0.0498,0.944716516528432,0.941085589301716,0.986065919264802,0.937346904777918,0.897333947826289,0.944716516528432,0.941085589301716,0.986065919264802,0.937346904777918,0.897333947826289,1.31017216203891,1.26650565995775
-0.0533099444431036,1.5566927067731,0,1,1,1,19,1,19ll04,M-O,1,0.1969,0.0062,0.95940492785955,0.957170054675961,0.982102662381697,0.96585314625815,0.940228269469889,0.95940492785955,0.957170054675961,0.982102662381697,0.96585314625815,0.940228269469889,0.0533099444431036,1.5566927067731
2.45485725176135,2.11025686851956,1,1,1,1,19,1,19ll04,M-O,1,0.1362,0.1491,0.994063492838546,0.995176395470931,0.999691035863429,0.991264153203588,0.982581881728697,0.994063492838546,0.995176395470931,0.999691035863429,0.991264153203588,0.982581881728697,2.45485725176135,2.11025686851956
0.166200995549679,2.59496825065419,0,1,1,1,19,1,19ll04,M-O,1,0.0406,0.3086,0.997208256899647,0.997087937631219,0.99899268420294,0.99789072468067,0.995270017144417,0.997208256899647,0.997087937631219,0.99899268420294,0.99789072468067,0.995270017144417,0.166200995549679,2.59496825065419
0.843257945485223,2.2290736120975,1,0,1,0,19,1,19ll04,M-O,1,0.2487,0.7871,0.993558566744082,0.992964953434599,0.998118086809165,0.993710034454845,0.987095496334577,0.993558566744082,0.992964953434599,0.998118086809165,0.993710034454845,0.987095496334577,0.843257945485223,2.2290736120975
-1.77327541096883,1.33771954152529,0,1,1,1,19,1,19ll04,M-O,1,0.1746,0.2922,0.956204123812295,0.956022250155223,0.992968191258487,0.945652977347067,0.909506060831646,0.956204123812295,0.956022250155223,0.992968191258487,0.945652977347067,0.909506060831646,1.77327541096883,1.33771954152529
0.115259638167388,0.760366642870174,1,0,0,1,19,1,19ll04,M-O,1,0.2114,0.2257,0.295185836444997,0.276704494164758,0.490026957317962,0.31065471029097,0.223517728269044,0.704814163555003,0.723295505835242,0.509973042682038,0.68934528970903,0.776482271730956,0.115259638167388,0.760366642870174
-1.73530094455658,1.81788643709999,0,1,1,1,19,1,19ll04,M-O,1,0.1554,0.1811,0.985356027323248,0.98506409377955,0.997752473360599,0.981431632206934,0.965459254148248,0.985356027323248,0.98506409377955,0.997752473360599,0.981431632206934,0.965459254148248,1.73530094455658,1.81788643709999
1.33692600884452,2.36947031978682,1,1,1,1,19,1,19ll04,M-O,1,0.1195,0.0674,0.996340771184205,0.996030942438543,0.999237908570954,0.995803554393884,0.991093207607599,0.996340771184205,0.996030942438543,0.999237908570954,0.995803554393884,0.991093207607599,1.33692600884452,2.36947031978682
-1.57228860093324,0.843487586988588,0,1,1,1,19,1,19ll04,M-O,1,0.1391,0.1135,0.885582726494005,0.882481646971124,0.974727553632592,0.866470065801782,0.800522097430269,0.885582726494005,0.882481646971124,0.974727553632592,0.866470065801782,0.800522097430269,1.57228860093324,0.843487586988588
0.709884209793406,0.906374141228452,1,1,1,1,19,1,19ll04,M-O,1,0.1967,0.2091,0.880517903567468,0.871421495920976,0.953251947297035,0.879551034948077,0.817631072537861,0.880517903567468,0.871421495920976,0.953251947297035,0.879551034948077,0.817631072537861,0.709884209793406,0.906374141228452
0.200470635970493,-0.0263372958583858,1,1,0,0,19,1,19ll04,M-O,1,0.3263,0.4671,0.567949588365678,0.551560522020405,0.726179738019167,0.594848025909112,0.489494153713588,0.432050411634322,0.448439477979595,0.273820261980833,0.405151974090888,0.510505846286412,0.200470635970493,0.0263372958583858
1.96489401439349,1.19173743136009,1,1,1,1,19,1,19ll04,M-O,1,0.3641,0.2155,0.942646190842736,0.944787979614391,0.992413075451729,0.927594703102943,0.883317891954232,0.942646190842736,0.944787979614391,0.992413075451729,0.927594703102943,0.883317891954232,1.96489401439349,1.19173743136009
2.49653654416504,1.2362175456226,1,1,1,1,19,1,19ll04,M-O,1,0.1369,0.2575,0.950211441201809,0.959102702588381,0.997020226269805,0.933527440472619,0.891811144751538,0.950211441201809,0.959102702588381,0.997020226269805,0.933527440472619,0.891811144751538,2.49653654416504,1.2362175456226
-0.174642995662743,1.48664668208687,0,1,1,1,19,1,19ll04,M-O,1,0.3205,0.2265,0.954237541447459,0.95137172198198,0.980285351172897,0.960200533926435,0.931445924230419,0.954237541447459,0.95137172198198,0.980285351172897,0.960200533926435,0.931445924230419,0.174642995662743,1.48664668208687
2.7558743635658,1.65040052740263,1,1,1,1,19,1,19ll04,M-O,1,0.1253,0.1948,0.980629370938642,0.986011895957958,0.999365526653044,0.972366532916521,0.950569478338264,0.980629370938642,0.986011895957958,0.999365526653044,0.972366532916521,0.950569478338264,2.7558743635658,1.65040052740263
1.03405648404435,0.69298637845653,0,0,0,1,19,1,19ll04,M-O,1,0.412,0.4837,0.290764238229021,0.281382829570474,0.430800950848541,0.334829831932875,0.244159049941654,0.709235761770979,0.718617170429526,0.569199049151459,0.665170168067125,0.755840950058346,1.03405648404435,0.69298637845653
-1.74363680303732,2.31747530037494,0,1,1,1,19,1,19ll04,M-O,1,0.2875,0.1464,0.996245286858368,0.996142557924408,0.999466186460176,0.995114737039465,0.989761072693601,0.996245286858368,0.996142557924408,0.999466186460176,0.995114737039465,0.989761072693601,1.74363680303732,2.31747530037494
-0.288566394899503,0.156965458122968,1,0,0,1,19,1,19ll04,M-O,1,0.4815,0.4365,0.514044297986568,0.497621205605803,0.678495336567525,0.543559672879024,0.437636035510939,0.485955702013432,0.502378794394197,0.321504663432475,0.456440327120976,0.562363964489061,0.288566394899503,0.156965458122968
-0.795201349228837,1.18280078739867,0,1,1,1,19,1,19ll04,M-O,1,0.2413,0.0837,0.927531408508022,0.921578441602922,0.974231513141361,0.926355225289994,0.881555945771673,0.927531408508022,0.921578441602922,0.974231513141361,0.926355225289994,0.881555945771673,0.795201349228837,1.18280078739867
-1.82792159434256,1.50893751560428,0,1,1,1,19,1,19ll04,M-O,1,0.2096,0.0234,0.970072966385344,0.970199125040776,0.99563908920041,0.962076539099349,0.934342624245456,0.970072966385344,0.970199125040776,0.99563908920041,0.962076539099349,0.934342624245456,1.82792159434256,1.50893751560428
1.32025429188304,0.3939134640659,0,1,0,0,19,1,19ll04,M-O,1,0.3647,0.0878,0.390741842931112,0.385040578086872,0.52235466787021,0.449255624921944,0.3468224647641,0.609258157068888,0.614959421913128,0.47764533212979,0.550744375078056,0.6531775352359,1.32025429188304,0.3939134640659
2.30203317961447,1.41540741232625,1,1,1,1,19,1,19ll04,M-O,1,0.1052,0.0364,0.965461076677382,0.969813512736933,0.997308556256078,0.953694114353847,0.921525461204185,0.965461076677382,0.969813512736933,0.997308556256078,0.953694114353847,0.921525461204185,2.30203317961447,1.41540741232625
0.239371308880607,1.50360599505911,0,1,1,1,19,1,19ll04,M-O,1,0.4394,0.1183,0.956426619859817,0.953544249244338,0.981659472519594,0.961634532779388,0.933658576699979,0.956426619859817,0.953544249244338,0.981659472519594,0.961634532779388,0.933658576699979,0.239371308880607,1.50360599505911
2.61231235639752,2.77568140894217,1,1,1,1,19,1,19ll04,M-O,1,0.2881,0.0062,0.999275120705653,0.999463564297402,0.999974367396901,0.998825146008299,0.997245692080709,0.999275120705653,0.999463564297402,0.999974367396901,0.998825146008299,0.997245692080709,2.61231235639752,2.77568140894217
1.54995350335228,1.58979891053926,1,1,1,1,19,1,19ll04,M-O,1,0.3304,0.0832,0.973666677104571,0.972439867871862,0.994919169882554,0.968285344801616,0.944059930229027,0.973666677104571,0.972439867871862,0.994919169882554,0.968285344801616,0.944059930229027,1.54995350335228,1.58979891053926
1.94081264544914,2.34976908196279,1,1,1,1,19,1,19ll04,M-O,1,0.3631,0.084,0.996760145709893,0.996822492248774,0.999638612765291,0.995553499775063,0.990607469543043,0.996760145709893,0.996822492248774,0.999638612765291,0.995553499775063,0.990607469543043,1.94081264544914,2.34976908196279
-1.09714466753115,1.24954634698551,0,1,1,1,19,1,19ll04,M-O,1,0.2217,0.1309,0.940202175477439,0.935517631456993,0.982377527808186,0.935229902674604,0.894267343530007,0.940202175477439,0.935517631456993,0.982377527808186,0.935229902674604,0.894267343530007,1.09714466753115,1.24954634698551
-1.23607564221012,1.68695952542661,0,1,1,1,19,1,19ll04,M-O,1,0.382,0.1153,0.977298550246032,0.97546673760282,0.994376933205406,0.974609792412413,0.954194432558576,0.977298550246032,0.97546673760282,0.994376933205406,0.974609792412413,0.954194432558576,1.23607564221012,1.68695952542661
1.37953150774607,1.92007391421564,1,1,1,1,19,1,19ll04,M-O,1,0.2673,0.1323,0.987628407302693,0.986713386361301,0.997359520973967,0.985608473147228,0.972575718132633,0.987628407302693,0.986713386361301,0.997359520973967,0.985608473147228,0.972575718132633,1.37953150774607,1.92007391421564
1.57866590478594,0.946842920985554,1,1,1,1,19,1,19ll04,M-O,1,0.3989,0.1154,0.904219158758808,0.901494894592948,0.97949459854377,0.887476022816079,0.828140586491925,0.904219158758808,0.901494894592948,0.97949459854377,0.887476022816079,0.828140586491925,1.57866590478594,0.946842920985554
2.77995573251015,1.19673890539531,1,1,1,1,19,1,19ll04,M-O,1,0.1991,0.115,0.946809626407744,0.96067657444637,0.998057110637141,0.928281377817086,0.884295831119235,0.946809626407744,0.96067657444637,0.998057110637141,0.928281377817086,0.884295831119235,2.77995573251015,1.19673890539531
-1.70103130413576,1.16180475172795,0,1,1,1,19,1,19ll04,M-O,1,0.1516,0.0061,0.936810222086895,0.935916080916579,0.98860332112429,0.923379394322925,0.877342608258761,0.936810222086895,0.935916080916579,0.98860332112429,0.923379394322925,0.877342608258761,1.70103130413576,1.16180475172795
-1.6010010023669,2.21868984113097,0,1,1,1,19,1,19ll04,M-O,1,0.2063,0.0831,0.994798826552367,0.994530326790417,0.999129560028683,0.993523539475694,0.986746083682387,0.994798826552367,0.994530326790417,0.999129560028683,0.993523539475694,0.986746083682387,1.6010010023669,2.21868984113097
1.48511904850209,0.970885539824936,1,1,1,1,19,1,19ll04,M-O,1,0.3218,0.0669,0.906824685523095,0.903027980776624,0.978399112421902,0.892004114590153,0.834197360158353,0.906824685523095,0.903027980776624,0.978399112421902,0.892004114590153,0.834197360158353,1.48511904850209,0.970885539824936
-1.76771817198167,1.40461743027057,0,1,1,1,19,1,19ll04,M-O,1,0.1243,0.0522,0.961964616512829,0.961724960739603,0.993939019526102,0.95263804137913,0.919932464658822,0.961964616512829,0.961724960739603,0.993939019526102,0.95263804137913,0.919932464658822,1.76771817198167,1.40461743027057
2.21960080130495,-0.0275305409327796,0,1,0,0,19,1,19ll04,M-O,1,0.2761,0.1472,0.515224181704414,0.518989016391366,0.618347427404272,0.59438544192615,0.489018290466215,0.484775818295586,0.481010983608634,0.381652572595728,0.40561455807385,0.510981709533785,2.21960080130495,0.0275305409327796
2.51783929361582,2.19312393070725,1,0,1,0,19,1,19ll04,M-O,1,0.156,0.1619,0.995350913842558,0.996336798747558,0.999787201504078,0.993043371373783,0.985850774358086,0.995350913842558,0.996336798747558,0.999787201504078,0.993043371373783,0.985850774358086,2.51783929361582,2.19312393070725
0.266231297318542,2.19827773390091,0,1,1,1,19,1,19ll04,M-O,1,0.3196,0.147,0.991642918688909,0.991139107233154,0.996891456532344,0.993142622954785,0.986035339934595,0.991642918688909,0.991139107233154,0.996891456532344,0.993142622954785,0.986035339934595,0.266231297318542,2.19827773390091
-1.74919404202447,2.47511059116029,0,1,1,1,19,1,19ll04,M-O,1,0.1626,0.0667,0.997667836290402,0.997600375087671,0.999676072713207,0.996941862763791,0.993340253776974,0.997667836290402,0.997600375087671,0.999676072713207,0.996941862763791,0.993340253776974,1.74919404202447,2.47511059116029
-1.78716850843673,2.19695754786116,0,1,1,1,19,1,19ll04,M-O,1,0.1501,0.0671,0.994742565799861,0.994658609673053,0.999278541158813,0.993117318784976,0.985988260887504,0.994742565799861,0.994658609673053,0.999278541158813,0.993117318784976,0.985988260887504,1.78716850843673,2.19695754786116
-1.05361296213173,2.03551402811498,0,1,1,1,19,1,19ll04,M-O,1,0.2301,0.0981,0.989885067130244,0.988943910330477,0.997306766138392,0.989329178170075,0.979100410751896,0.989885067130244,0.988943910330477,0.997306766138392,0.989329178170075,0.979100410751896,1.05361296213173,2.03551402811498
1.51661006942933,-0.235916829669476,0,0,0,1,19,1,19ll04,M-O,1,0.3185,0.2443,0.446726578061561,0.443727408136306,0.570412863126407,0.512147670971055,0.406748604311302,0.553273421938439,0.556272591863694,0.429587136873593,0.487852329028945,0.593251395688698,1.51661006942933,0.235916829669476
1.24430535905853,0.987489418094161,1,1,1,1,19,1,19ll04,M-O,1,0.366,0.1326,0.905672716571095,0.899681830994643,0.973550636093461,0.895053670107917,0.838298616013026,0.905672716571095,0.899681830994643,0.973550636093461,0.895053670107917,0.838298616013026,1.24430535905853,0.987489418094161
-1.57599342692468,1.1870660038348,0,0,1,0,19,1,19ll04,M-O,1,0.1314,0.3314,0.938569060148452,0.936480670581416,0.987510858708429,0.926948802886718,0.882399206673948,0.938569060148452,0.936480670581416,0.987510858708429,0.926948802886718,0.882399206673948,1.57599342692468,1.1870660038348
0.963664790207003,2.33095643089628,1,1,1,1,19,1,19ll04,M-O,1,0.2051,0.1039,0.99534955686732,0.994909745484542,0.998745701603058,0.995302387354753,0.990122171402521,0.99534955686732,0.994909745484542,0.998745701603058,0.995302387354753,0.990122171402521,0.963664790207003,2.33095643089628
-0.905419922474158,0.874892781818912,0,1,1,1,19,1,19ll04,M-O,1,0.1391,0.1645,0.878635309471084,0.869587766617977,0.956739078412473,0.873119963704369,0.809183876537151,0.878635309471084,0.869587766617977,0.956739078412473,0.873119963704369,0.809183876537151,0.905419922474158,0.874892781818912
-1.45373416920718,1.27818422877096,0,1,1,1,19,1,19ll04,M-O,1,0.3119,0.0509,0.947534398502866,0.944817980535343,0.988287745035633,0.938773086772445,0.899407762174074,0.947534398502866,0.944817980535343,0.988287745035633,0.938773086772445,0.899407762174074,1.45373416920718,1.27818422877096
1.10630059087742,1.00028506740256,1,0,1,0,19,1,19ll04,M-O,1,0.2741,0.2748,0.905375910140024,0.898587596891591,0.970881894584012,0.897360893907494,0.841413714202793,0.905375910140024,0.898587596891591,0.970881894584012,0.897360893907494,0.841413714202793,1.10630059087742,1.00028506740256
2.74290747259576,1.17749465504658,1,1,1,1,19,1,19ll04,M-O,1,0.1624,0.1644,0.944614464432703,0.958384388175355,0.997814661794645,0.925611648021858,0.88050093518162,0.944614464432703,0.958384388175355,0.997814661794645,0.925611648021858,0.88050093518162,2.74290747259576,1.17749465504658
0.740449024222781,1.34759554863038,1,1,1,1,19,1,19ll04,M-O,1,0.2668,0.1797,0.946606304657241,0.942104039587856,0.981071492884014,0.946732684027725,0.911105748460595,0.946606304657241,0.942104039587856,0.981071492884014,0.946732684027725,0.911105748460595,0.740449024222781,1.34759554863038
1.0905550804138,1.53704224533521,1,1,1,1,19,1,19ll04,M-O,1,0.3568,0.3073,0.96695025088087,0.964148355850303,0.990709351563203,0.964338348723529,0.9378585177224,0.96695025088087,0.964148355850303,0.990709351563203,0.964338348723529,0.9378585177224,1.0905550804138,1.53704224533521
0.441284325414052,2.68397925556535,1,1,1,1,19,1,19ll04,M-O,1,0.6306,0.1796,0.99805256594924,0.997930185623468,0.999365523429329,0.998412931853511,0.996362418989638,0.99805256594924,0.997930185623468,0.999365523429329,0.998412931853511,0.996362418989638,0.441284325414052,2.68397925556535
0.237518895884887,-0.0409608950679785,1,0,0,1,19,1,19ll04,M-O,1,0.3255,0.1789,0.560950431877977,0.544821665800305,0.718873115514027,0.589169964628991,0.483663535448202,0.439049568122023,0.455178334199695,0.281126884485973,0.410830035371009,0.516336464551798,0.237518895884887,0.0409608950679785
2.0269498497501,0.999396480645028,1,1,1,1,19,1,19ll04,M-O,1,0.3241,0.196,0.917787882768852,0.922024836367924,0.989421264475865,0.897201871145027,0.841198667985784,0.917787882768852,0.922024836367924,0.989421264475865,0.897201871145027,0.841198667985784,2.0269498497501,0.999396480645028
1.05258061400155,1.9338089266677,1,1,1,1,19,1,19ll04,M-O,1,0.4184,0.1788,0.98686889055158,0.985660952829856,0.996448755482181,0.986102942280281,0.973431687576312,0.98686889055158,0.985660952829856,0.996448755482181,0.986102942280281,0.973431687576312,1.05258061400155,1.9338089266677
-0.512708367381585,2.45708497407902,0,1,1,1,19,1,19ll04,M-O,1,0.2417,0.0693,0.996233737399075,0.995958801706812,0.998765152543362,0.996769860997376,0.992996522451458,0.996233737399075,0.995958801706812,0.998765152543362,0.996769860997376,0.992996522451458,0.512708367381585,2.45708497407902
-1.17772463284495,1.14669877684999,0,1,1,1,19,1,19ll04,M-O,1,0.3436,0.0685,0.928421797951574,0.923276597237905,0.979627228379859,0.921182429787148,0.874246931911327,0.928421797951574,0.923276597237905,0.979627228379859,0.921182429787148,0.874246931911327,1.17772463284495,1.14669877684999
0.33754919765375,-0.859603180681378,1,0,0,1,19,1,19ll04,M-O,1,0.621,0.2114,0.255829762323765,0.239836531196818,0.43151313477684,0.276512967100647,0.195003910558261,0.744170237676235,0.760163468803182,0.56848686522316,0.723487032899353,0.804996089441739,0.33754919765375,0.859603180681378
1.61664037119819,2.42936106724416,1,1,1,1,19,1,19ll04,M-O,1,0.2117,0.1149,0.997207139697004,0.997059719560436,0.999550959832895,0.996488295687127,0.99243726964455,0.997207139697004,0.997059719560436,0.999550959832895,0.996488295687127,0.99243726964455,1.61664037119819,2.42936106724416
-0.319131209328878,1.66223142537428,0,1,1,1,19,1,19ll04,M-O,1,0.7457,0.1325,0.969542516224062,0.967412619513684,0.987850964366218,0.973109895558481,0.951766809333296,0.969542516224062,0.967412619513684,0.987850964366218,0.973109895558481,0.951766809333296,0.319131209328878,1.66223142537428
0.013376923402805,-1.01264320852066,1,1,0,0,19,1,19ll04,M-O,1,0.5082,0.0997,0.219135524110592,0.201905100140349,0.416150255127644,0.227751568164229,0.155615306689008,0.780864475889408,0.798094899859651,0.583849744872356,0.772248431835771,0.844384693310992,0.013376923402805,1.01264320852066
