s1,s2,r1,r2,acc1,acc2,id,seq,id_sess,task,dataset,rt1,rt2,p_r2_discrete,p_r2_bayesian,p_r2_optimal,p_r2_fixed,p_r2_naive,p_c2_discrete,p_c2_bayesian,p_c2_optimal,p_c2_fixed,p_c2_naive,abs1,abs2
1.34162114745447,0.950935462704757,1,1,1,1,21,1,21zf03,O-M,1,0.7308,0.9207,0.984059832541826,0.991847906478021,0.974060206064935,0.980604368368395,0.829181430856074,0.984059832541826,0.991847906478021,0.974060206064935,0.980604368368395,0.829181430856074,1.34162114745447,0.950935462704757
-1.44981057815334,0.807621468651975,0,1,1,1,21,1,21zf03,O-M,1,0.423,0.5692,0.983076970437048,0.99075707602821,0.969300218106062,0.972765017676071,0.790345737986371,0.983076970437048,0.99075707602821,0.969300218106062,0.972765017676071,0.790345737986371,1.44981057815334,0.807621468651975
0.989353135396245,1.61744938577052,1,1,1,1,21,1,21zf03,O-M,1,0.4404,0.0028,0.992517714887473,0.997047219745265,0.991611957015957,0.99686110892415,0.947109343616792,0.992517714887473,0.997047219745265,0.991611957015957,0.99686110892415,0.947109343616792,0.989353135396245,1.61744938577052
-0.9575397437699,1.6853677568651,0,1,1,1,21,1,21zf03,O-M,1,0.8988,0.1087,0.993275915200615,0.997406553786857,0.992693377793522,0.997451405006782,0.954041179776434,0.993275915200615,0.997406553786857,0.992693377793522,0.997451405006782,0.954041179776434,0.9575397437699,1.6853677568651
0.886738809028376,2.18405891588066,1,1,1,1,21,1,21zf03,O-M,1,0.4362,0.3194,0.997721924767879,0.999253948329085,0.997936255162561,0.999515744501131,0.985521040449061,0.997721924767879,0.999253948329085,0.997936255162561,0.999515744501131,0.985521040449061,0.886738809028376,2.18405891588066
1.46311721573354,2.22061436943615,1,1,1,1,21,1,21zf03,O-M,1,0.3068,0.2543,0.998954880228265,0.999675867521878,0.998972314169007,0.999575146080407,0.986811454145298,0.998954880228265,0.999675867521878,0.998972314169007,0.999575146080407,0.986811454145298,1.46311721573354,2.22061436943615
-0.289289310125315,0.42898174233571,0,1,1,1,21,1,21zf03,O-M,1,0.6036,0.3801,0.912749987835283,0.944103252710379,0.871285920969706,0.938759182695829,0.66603174421561,0.912749987835283,0.944103252710379,0.871285920969706,0.938759182695829,0.66603174421561,0.289289310125315,0.42898174233571
-0.367419134715813,0.612174412994484,0,1,1,1,21,1,21zf03,O-M,1,1.0981,0.2471,0.933293538024515,0.960392394728808,0.90600734819469,0.957973001616727,0.729788815733634,0.933293538024515,0.960392394728808,0.90600734819469,0.957973001616727,0.729788815733634,0.367419134715813,0.612174412994484
-1.39312123620032,1.01407670066424,0,1,1,1,21,1,21zf03,O-M,1,0.9464,0.0238,0.986462581873568,0.993271782826538,0.978236348203388,0.983395011252289,0.844726922643435,0.986462581873568,0.993271782826538,0.978236348203388,0.983395011252289,0.844726922643435,1.39312123620032,1.01407670066424
0.54446312066848,0.621520977824014,1,1,1,1,21,1,21zf03,O-M,1,0.8543,0.4234,0.942578578192115,0.966036165291685,0.91562839517656,0.958804633534827,0.732871551843758,0.942578578192115,0.966036165291685,0.91562839517656,0.958804633534827,0.732871551843758,0.54446312066848,0.621520977824014
-1.08435181648892,0.868893393645556,0,1,1,1,21,1,21zf03,O-M,1,0.6326,0.0256,0.975467865242496,0.986970025438635,0.961906317887063,0.976391706611543,0.807547278332898,0.975467865242496,0.986970025438635,0.961906317887063,0.976391706611543,0.807547278332898,1.08435181648892,0.868893393645556
0.961824614478983,-1.07830761250638,0,1,0,0,21,1,21zf03,O-M,1,0.5116,0.2925,0.578482918557803,0.534727537504226,0.304691808371717,0.514817787542466,0.140448250483335,0.421517081442197,0.465272462495774,0.695308191628283,0.485182212457534,0.859551749516665,0.961824614478983,1.07830761250638
-0.925511368471933,0.172885866006607,0,1,1,1,21,1,21zf03,O-M,1,0.3143,0.0005,0.934753893834347,0.952255529522164,0.869261584829245,0.901187001658808,0.568629429174179,0.934753893834347,0.952255529522164,0.869261584829245,0.901187001658808,0.568629429174179,0.925511368471933,0.172885866006607
-0.675548869245643,1.62721135348137,0,1,1,1,21,1,21zf03,O-M,1,0.3884,0.2735,0.99003797323409,0.996019293981118,0.989510159226351,0.996952907028069,0.948153891372845,0.99003797323409,0.996019293981118,0.989510159226351,0.996952907028069,0.948153891372845,0.675548869245643,1.62721135348137
-1.31741780367785,0.282136823791772,0,1,1,1,21,1,21zf03,O-M,1,0.3113,0.0725,0.962554114970404,0.973589589606008,0.916021756491978,0.918882739692318,0.611080700815588,0.962554114970404,0.973589589606008,0.916021756491978,0.918882739692318,0.611080700815588,1.31741780367785,0.282136823791772
-0.792765664241099,0.424827713522586,0,1,1,1,21,1,21zf03,O-M,1,0.3376,0.2325,0.942131123769866,0.962575316052113,0.90096922136491,0.938254740272117,0.664518863310759,0.942131123769866,0.962575316052113,0.90096922136491,0.938254740272117,0.664518863310759,0.792765664241099,0.424827713522586
-0.783788013589396,-0.823665646261873,1,1,0,0,21,1,21zf03,O-M,1,0.6677,0.0006,0.63457747984634,0.626665516091859,0.403276240732966,0.614777626036062,0.20506478219566,0.36542252015366,0.373334483908141,0.596723759267034,0.385222373963938,0.79493521780434,0.783788013589396,0.823665646261873
0.679436693979958,1.94354064760077,1,1,1,1,21,1,21zf03,O-M,1,0.4095,0.0006,0.995026166049678,0.998214412790759,0.995275640735646,0.998889612358623,0.974024565440403,0.995026166049678,0.998214412790759,0.995275640735646,0.998889612358623,0.974024565440403,0.679436693979958,1.94354064760077
0.308463404888206,1.28263466343272,1,1,1,1,21,1,21zf03,O-M,1,0.8588,0.2941,0.974278105022464,0.988191535575145,0.971513837459366,0.991759671225886,0.900189949975403,0.974278105022464,0.988191535575145,0.971513837459366,0.991759671225886,0.900189949975403,0.308463404888206,1.28263466343272
-0.48728290287639,1.77592558499121,0,1,1,1,21,1,21zf03,O-M,1,0.3673,0.3381,0.99147326517155,0.996726623404798,0.991695091243563,0.998082256824053,0.962127408346293,0.99147326517155,0.996726623404798,0.991695091243563,0.998082256824053,0.962127408346293,0.48728290287639,1.77592558499121
0.906899921302716,1.93460948565255,1,1,1,1,21,1,21zf03,O-M,1,0.5557,0.9643,0.995911799850996,0.998549511490343,0.995965886807188,0.998856053454206,0.973480882435409,0.995911799850996,0.998549511490343,0.995965886807188,0.998856053454206,0.973480882435409,0.906899921302716,1.93460948565255
1.14949501188608,0.369994533189347,1,1,1,1,21,1,21zf03,O-M,1,0.283,0.3132,0.957925743097602,0.971800100186287,0.915937749604658,0.931288117228885,0.644306718147366,0.957925743097602,0.971800100186287,0.915937749604658,0.931288117228885,0.644306718147366,1.14949501188608,0.369994533189347
-0.343662550558849,-0.127658118622924,1,1,0,0,21,1,21zf03,O-M,1,0.2666,0.2624,0.790733045274065,0.833455994697504,0.683422714099957,0.838374873403329,0.449209767663735,0.209266954725935,0.166544005302496,0.316577285900043,0.161625126596671,0.550790232336265,0.343662550558849,0.127658118622924
0.268758807411386,-1.84161040691794,0,1,0,0,21,1,21zf03,O-M,1,0.2339,0.0005,0.646023101752493,0.441973867418425,0.15970971891636,0.233872930371977,0.0327660788425517,0.353976898247507,0.558026132581575,0.84029028108364,0.766127069628023,0.967233921157448,0.268758807411386,1.84161040691794
0.947905947252387,1.08282587752145,1,1,1,1,21,1,21zf03,O-M,1,0.2351,0.1166,0.979392182452329,0.989983940521507,0.971869845104284,0.98603558868744,0.860557141439132,0.979392182452329,0.989983940521507,0.971869845104284,0.98603558868744,0.860557141439132,0.947905947252387,1.08282587752145
-0.458298546718311,1.18875361225611,0,1,1,1,21,1,21zf03,O-M,1,0.5833,0.0166,0.972986973677855,0.98732132430577,0.968280485124996,0.98939463978755,0.882731681561108,0.972986973677855,0.98732132430577,0.968280485124996,0.98939463978755,0.882731681561108,0.458298546718311,1.18875361225611
0.619923913984147,1.1281047915845,1,1,1,1,21,1,21zf03,O-M,1,0.626,0.0005,0.973848457606526,0.987415108630191,0.967568730695752,0.987569754345587,0.870362167103256,0.973848457606526,0.987415108630191,0.967568730695752,0.987569754345587,0.870362167103256,0.619923913984147,1.1281047915845
0.815138184911844,0.472599044873513,1,1,1,1,21,1,21zf03,O-M,1,0.1876,0.1482,0.946268156405429,0.965985256784281,0.909217685313509,0.943863375005753,0.681750367982884,0.946268156405429,0.965985256784281,0.909217685313509,0.943863375005753,0.681750367982884,0.815138184911844,0.472599044873513
-0.389543418754285,1.71403055567566,0,1,1,1,21,1,21zf03,O-M,1,0.7671,0.0006,0.989495061397904,0.995860212886469,0.989714728505189,0.997668882763349,0.956738442863613,0.989495061397904,0.995860212886469,0.989714728505189,0.997668882763349,0.956738442863613,0.389543418754285,1.71403055567566
0.608961033458603,-0.785448581181131,0,1,0,0,21,1,21zf03,O-M,1,0.9485,0.0007,0.664028545244156,0.657200597295084,0.431430676191834,0.629303895503241,0.216095303273013,0.335971454755844,0.342799402704916,0.568569323808166,0.370696104496759,0.783904696726987,0.608961033458603,0.785448581181131
-1.04241934993146,1.27141878563728,0,1,1,1,21,1,21zf03,O-M,1,0.9594,0.2,0.986404671191079,0.993891597757472,0.982373515260832,0.991503926866929,0.898210148489242,0.986404671191079,0.993891597757472,0.982373515260832,0.991503926866929,0.898210148489242,1.04241934993146,1.27141878563728
-0.847447718210563,1.45689617214328,0,1,1,1,21,1,21zf03,O-M,1,0.5964,2.6143,0.988126723849586,0.994996354918548,0.986287413557927,0.994949537307257,0.927427478576791,0.988126723849586,0.994996354918548,0.986287413557927,0.994949537307257,0.927427478576791,0.847447718210563,1.45689617214328
-0.468687916391412,1.17483761573215,0,1,1,1,21,1,21zf03,O-M,1,0.4108,0.0006,0.972575407966733,0.986976333701479,0.967577623516514,0.98899793148803,0.879970156078651,0.972575407966733,0.986976333701479,0.967577623516514,0.98899793148803,0.879970156078651,0.468687916391412,1.17483761573215
0.70189184966407,1.09009542794442,1,1,1,1,21,1,21zf03,O-M,1,0.7536,0.3414,0.974133303962566,0.987393336703739,0.966866815352003,0.986292388011224,0.862164444952779,0.974133303962566,0.987393336703739,0.966866815352003,0.986292388011224,0.862164444952779,0.70189184966407,1.09009542794442
-0.966517394421604,0.883640195932146,0,1,1,1,21,1,21zf03,O-M,1,0.3852,0.3088,0.972687975241255,0.985574171344764,0.959329431697022,0.977201180396566,0.811554763404926,0.972687975241255,0.985574171344764,0.959329431697022,0.977201180396566,0.811554763404926,0.966517394421604,0.883640195932146
-0.944018122518073,1.27245729284057,0,1,1,1,21,1,21zf03,O-M,1,0.4921,0.0006,0.984923187130509,0.993207663659463,0.98092711413221,0.991527896058546,0.898394655578382,0.984923187130509,0.993207663659463,0.98092711413221,0.991527896058546,0.898394655578382,0.944018122518073,1.27245729284057
1.482131306303,-0.173144734126634,0,1,0,0,21,1,21zf03,O-M,1,0.7245,0.0005,0.673798777868688,0.743327709209007,0.595173338959863,0.826984076347617,0.431268831586772,0.326201222131312,0.256672290790993,0.404826661040137,0.173015923652383,0.568731168413227,1.482131306303,0.173144734126634
0.111969763597367,0.152115721940986,0,1,0,0,21,1,21zf03,O-M,1,0.5143,0.4839,0.811395307162975,0.847003679822879,0.69519666111516,0.832312319678271,0.439547832097565,0.188604692837025,0.152996320177121,0.30480333888484,0.167687680321729,0.560452167902435,0.111969763597367,0.152115721940986
0.871342248451253,2.09204717766996,1,1,1,1,21,1,21zf03,O-M,1,0.3166,0.4362,0.997089241803941,0.999017150280486,0.997289399997995,0.999330543708023,0.981782852178003,0.997089241803941,0.999017150280486,0.997289399997995,0.999330543708023,0.981782852178003,0.871342248451253,2.09204717766996
-0.962039598150607,0.499184829277508,0,1,1,1,21,1,21zf03,O-M,1,0.8235,0.1164,0.955029676570583,0.971801663161218,0.921079849765398,0.946806058819997,0.691175409463934,0.955029676570583,0.971801663161218,0.921079849765398,0.946806058819997,0.691175409463934,0.962039598150607,0.499184829277508
-0.717635742571072,0.399488137762528,0,1,1,1,21,1,21zf03,O-M,1,0.4167,0.3583,0.936217410220883,0.958337185396895,0.892356803152211,0.935107084165594,0.655233218741657,0.936217410220883,0.958337185396895,0.892356803152211,0.935107084165594,0.655233218741657,0.717635742571072,0.399488137762528
0.912458564949471,0.894648372286925,1,1,1,1,21,1,21zf03,O-M,1,0.5659,0.3911,0.971566687737781,0.985044800976097,0.958502532542971,0.977790078660002,0.814512457468214,0.971566687737781,0.985044800976097,0.958502532542971,0.977790078660002,0.814512457468214,0.912458564949471,0.894648372286925
-0.160822879178094,-1.07498438945588,1,1,0,0,21,1,21zf03,O-M,1,0.3638,3.8457,0.703093943881644,0.64442239789296,0.378127482486994,0.516142562894415,0.14119085871281,0.296906056118356,0.35557760210704,0.621872517513006,0.483857437105585,0.85880914128719,0.160822879178094,1.07498438945588
0.561491981364094,-1.22681414257557,0,1,0,0,21,1,21zf03,O-M,1,0.6377,0.2133,0.626178753946983,0.546852857948881,0.290271540565052,0.455667302283768,0.109946227023169,0.373821246053017,0.453147142051119,0.709728459434948,0.544332697716232,0.890053772976831,0.561491981364094,1.22681414257557
0.335440473062734,1.43757993816225,1,1,1,1,21,1,21zf03,O-M,1,1.7147,0.1011,0.980974808818854,0.99174102223905,0.979858558282344,0.994660619719403,0.924723361732068,0.980974808818854,0.99174102223905,0.979858558282344,0.994660619719403,0.924723361732068,0.335440473062734,1.43757993816225
-1.46132491142161,0.415065745811744,0,1,1,1,21,1,21zf03,O-M,1,0.559,1.9725,0.973065401111624,0.982148371176029,0.939841364824405,0.937056533944266,0.660953112783379,0.973065401111624,0.982148371176029,0.939841364824405,0.937056533944266,0.660953112783379,1.46132491142161,0.415065745811744
1.14395842634904,-0.262871756490115,0,1,0,0,21,1,21zf03,O-M,1,1.0,3.7212,0.685686018858283,0.743052579227579,0.580940497501714,0.803055836608496,0.396324712992526,0.314313981141717,0.256947420772421,0.419059502498286,0.196944163391504,0.603675287007474,1.14395842634904,0.262871756490115
0.0829854074392883,-0.0005448369413257,0,1,0,0,21,1,21zf03,O-M,1,0.6166,0.2917,0.834397435590347,0.8738458620686,0.743081432447056,0.867556362733298,0.499782641518934,0.165602564409653,0.1261541379314,0.256918567552944,0.132443637266702,0.500217358481066,0.0829854074392883,0.0005448369413257
-0.0528484321508539,2.22518380113059,0,1,1,1,21,1,21zf03,O-M,1,0.3977,0.2622,0.996018470983221,0.998628907362473,0.996749507333798,0.999582076342187,0.986965549075815,0.996018470983221,0.998628907362473,0.996749507333798,0.999582076342187,0.986965549075815,0.0528484321508539,2.22518380113059
-1.52072740086888,1.84529786617038,0,1,1,1,21,1,21zf03,O-M,1,0.3496,0.1832,0.997625963049743,0.999162391844494,0.997260387224064,0.99846557872774,0.96750288963777,0.997625963049743,0.999162391844494,0.997260387224064,0.99846557872774,0.96750288963777,1.52072740086888,1.84529786617038
0.51790515657843,-0.791887325841473,0,1,0,0,21,1,21zf03,O-M,1,0.3115,0.0421,0.676205813226851,0.666401837143931,0.43742719333413,0.626868772246469,0.214213188853682,0.323794186773149,0.333598162856069,0.56257280666587,0.373131227753531,0.785786811146318,0.51790515657843,0.791887325841473
1.30765165850208,1.48389735942858,1,1,1,1,21,1,21zf03,O-M,1,0.308,0.7602,0.993280933727365,0.997250348398286,0.991455057887449,0.995330059958737,0.931081923740686,0.993280933727365,0.997250348398286,0.991455057887449,0.995330059958737,0.931081923740686,1.30765165850208,1.48389735942858
0.562991932824329,0.538232700120875,1,1,1,1,21,1,21zf03,O-M,1,0.3752,1.0008,0.937508472478511,0.961694583261031,0.904728475670843,0.95090489899566,0.7047917964105,0.937508472478511,0.961694583261031,0.904728475670843,0.95090489899566,0.7047917964105,0.562991932824329,0.538232700120875
0.742831701284613,1.29073501961831,1,1,1,1,21,1,21zf03,O-M,1,0.3793,0.0955,0.982212480282602,0.991988550238276,0.978647273415137,0.991940145940654,0.901602211521139,0.982212480282602,0.991988550238276,0.978647273415137,0.991940145940654,0.901602211521139,0.742831701284613,1.29073501961831
1.30646052057778,0.931203825842418,1,1,1,1,21,1,21zf03,O-M,1,0.9237,0.8984,0.982827322780682,0.991137851707239,0.972130943415306,0.979654391435311,0.824125930383369,0.982827322780682,0.991137851707239,0.972130943415306,0.979654391435311,0.824125930383369,1.30646052057778,0.931203825842418
0.657555049148288,1.80168056363258,1,1,1,1,21,1,21zf03,O-M,1,0.3526,2.2964,0.993011233857586,0.997366800639859,0.993074503448347,0.998233710760329,0.964202161111167,0.993011233857586,0.997366800639859,0.993074503448347,0.998233710760329,0.964202161111167,0.657555049148288,1.80168056363258
-0.28306892318728,0.993098855157967,0,1,1,1,21,1,21zf03,O-M,1,0.6705,0.3262,0.957928551088619,0.97849168171187,0.949002029566345,0.982508611213662,0.839669109072223,0.957928551088619,0.97849168171187,0.949002029566345,0.982508611213662,0.839669109072223,0.28306892318728,0.993098855157967
-0.275128003691916,1.13537434200747,0,1,1,1,21,1,21zf03,O-M,1,0.8539,0.0005,0.966195162832149,0.983608522071339,0.960961067635206,0.98780194754206,0.871890747273497,0.966195162832149,0.983608522071339,0.960961067635206,0.98780194754206,0.871890747273497,0.275128003691916,1.13537434200747
0.161512278004554,-1.77992307904305,0,1,0,0,21,1,21zf03,O-M,1,0.5459,0.0689,0.667136622635735,0.475613582737541,0.181899194232447,0.253196615517075,0.0375442750502682,0.332863377364265,0.524386417262459,0.818100805767553,0.746803384482924,0.962455724949732,0.161512278004554,1.77992307904305
-0.120081550544935,1.55596975933629,0,1,1,1,21,1,21zf03,O-M,1,0.5665,0.2796,0.982472478343571,0.99261365961785,0.982658809719995,0.996223543070594,0.940142358239165,0.982472478343571,0.99261365961785,0.982658809719995,0.996223543070594,0.940142358239165,0.120081550544935,1.55596975933629
-1.35573274024298,-0.431317624862299,1,1,0,0,21,1,21zf03,O-M,1,0.4685,0.677,0.630339767893836,0.681491673599754,0.506414427010962,0.753057001515617,0.333118718388867,0.369660232106164,0.318508326400246,0.493585572989038,0.246942998484383,0.666881281611133,1.35573274024298,0.431317624862299
1.56586389075967,1.15365206878522,1,1,1,1,21,1,21zf03,O-M,1,0.5637,0.3759,0.991493668400648,0.996034769098357,0.98642698435088,0.988369208983923,0.875678578972984,0.991493668400648,0.996034769098357,0.98642698435088,0.988369208983923,0.875678578972984,1.56586389075967,1.15365206878522
-1.39603290668196,1.5027981905283,0,1,1,1,21,1,21zf03,O-M,1,0.3696,0.4248,0.994229522806644,0.997664319471353,0.992548049289466,0.995580989722773,0.933554453652658,0.994229522806644,0.997664319471353,0.992548049289466,0.995580989722773,0.933554453652658,1.39603290668196,1.5027981905283
-0.258893234945839,-1.14726449080424,1,1,0,0,21,1,21zf03,O-M,1,0.6039,0.2554,0.681624500163554,0.611938421573194,0.344039872533404,0.487313520937545,0.125636162508011,0.318375499836446,0.388061578426806,0.655960127466596,0.512686479062455,0.874363837491989,0.258893234945839,1.14726449080424
0.794910898308375,-0.587924511117078,0,1,0,0,21,1,21zf03,O-M,1,0.3418,3.2135,0.666832892806736,0.688700060696666,0.486529087122815,0.701088708849819,0.278291481671225,0.333167107193264,0.311299939303334,0.513470912877185,0.298911291150181,0.721708518328775,0.794910898308375,0.587924511117078
1.29031398427054,0.433135771148834,1,1,1,1,21,1,21zf03,O-M,1,0.5364,0.0988,0.966865336755338,0.978372188354457,0.931991924641813,0.939260399157187,0.667541931567423,0.966865336755338,0.978372188354457,0.931991924641813,0.939260399157187,0.667541931567423,1.29031398427054,0.433135771148834
-0.436174262679839,0.773766133825013,0,1,1,1,21,1,21zf03,O-M,1,0.4114,0.1742,0.948552362828854,0.97141496348922,0.930455365361967,0.970569155281022,0.780465448496529,0.948552362828854,0.97141496348922,0.930455365361967,0.970569155281022,0.780465448496529,0.436174262679839,0.773766133825013
1.22312498209588,0.548825473594341,1,1,1,1,21,1,21zf03,O-M,1,0.3516,0.3517,0.968413225083736,0.980550287333778,0.940385039972019,0.951972187373563,0.708437386561715,0.968413225083736,0.980550287333778,0.940385039972019,0.951972187373563,0.708437386561715,1.22312498209588,0.548825473594341
0.438010683211185,-1.00955843564918,0,1,0,0,21,1,21zf03,O-M,1,0.3815,0.2708,0.664727961036338,0.620846732419367,0.370592534750663,0.542169314195681,0.156353445833543,0.335272038963662,0.379153267580633,0.629407465249337,0.457830685804319,0.843646554166458,0.438010683211185,1.00955843564918
-1.07094048578564,1.54870020891332,0,1,1,1,21,1,21zf03,O-M,1,0.2701,0.1815,0.992141684678379,0.996831264042263,0.990800465363895,0.996140946949833,0.939273098175652,0.992141684678379,0.996831264042263,0.990800465363895,0.996140946949833,0.939273098175652,1.07094048578564,1.54870020891332
0.278949654097103,-1.88024287488,0,1,0,0,21,1,21zf03,O-M,1,0.3367,0.3878,0.643176380928408,0.431322751385273,0.151178134375999,0.222200078640699,0.0300374923788347,0.356823619071592,0.568677248614727,0.848821865624001,0.777799921359301,0.969962507621165,0.278949654097103,1.88024287488
-1.07169046151576,1.33912945529121,0,1,1,1,21,1,21zf03,O-M,1,0.3628,0.0005,0.988329218404084,0.994899752281292,0.985165588066916,0.992947698949316,0.909735733539454,0.988329218404084,0.994899752281292,0.985165588066916,0.992947698949316,0.909735733539454,1.07169046151576,1.33912945529121
1.57671648073666,2.13005654131004,1,1,1,1,21,1,21zf03,O-M,1,0.2839,0.3914,0.998883316350376,0.999645633816481,0.998836817534004,0.999413808849806,0.983416527174582,0.998883316350376,0.999645633816481,0.998836817534004,0.999413808849806,0.983416527174582,1.57671648073666,2.13005654131004
0.063552212785356,0.972536412533003,1,1,1,1,21,1,21zf03,O-M,1,0.5572,0.0552,0.94981231128971,0.974002305446088,0.941215465310624,0.981600868626109,0.834608120400113,0.94981231128971,0.974002305446088,0.941215465310624,0.981600868626109,0.834608120400113,0.063552212785356,0.972536412533003
-0.754141914140037,0.275074974809461,0,1,1,1,21,1,21zf03,O-M,1,0.7729,0.0006,0.929943723874682,0.95149654351629,0.873956337017602,0.917816581099654,0.608370681291444,0.929943723874682,0.95149654351629,0.873956337017602,0.917816581099654,0.608370681291444,0.754141914140037,0.275074974809461
-0.30190654887906,1.47185067587052,0,1,1,1,21,1,21zf03,O-M,1,0.4848,0.2195,0.981738256709277,0.992153798929992,0.980974801534197,0.995163566985902,0.929469397215301,0.981738256709277,0.992153798929992,0.980974801534197,0.995163566985902,0.929469397215301,0.30190654887906,1.47185067587052
0.253207840066298,-0.328505411737476,0,1,0,0,21,1,21zf03,O-M,1,0.3661,0.3793,0.771732517207928,0.801891210566257,0.624965515142195,0.784345435944814,0.371264776576931,0.228267482792072,0.198108789433743,0.375034484857805,0.215654564055186,0.628735223423069,0.253207840066298,0.328505411737476
-0.315494344460016,2.13774149461432,0,1,1,1,21,1,21zf03,O-M,1,0.9545,0.0006,0.995828482976302,0.99855474631642,0.996425929754512,0.999429434929849,0.983731135131183,0.995828482976302,0.99855474631642,0.996425929754512,0.999429434929849,0.983731135131183,0.315494344460016,2.13774149461432
-1.38751847633415,0.430435652420303,0,1,1,1,21,1,21zf03,O-M,1,0.2638,0.0922,0.970710742848694,0.980792506235597,0.937230879700594,0.938934974795103,0.666560617269242,0.970710742848694,0.980792506235597,0.937230879700594,0.938934974795103,0.666560617269242,1.38751847633415,0.430435652420303
-0.0730977768640319,1.72150780753928,0,1,1,1,21,1,21zf03,O-M,1,0.5901,0.0239,0.987155898546613,0.994857106177812,0.987956022243714,0.99772278154778,0.957420641680702,0.987155898546613,0.994857106177812,0.987956022243714,0.99772278154778,0.957420641680702,0.0730977768640319,1.72150780753928
1.47487418820862,2.12154078224314,1,1,1,1,21,1,21zf03,O-M,1,0.5575,0.4046,0.998679572807282,0.99957676490107,0.998648813012919,0.999396032146098,0.983061840122111,0.998679572807282,0.99957676490107,0.998648813012919,0.999396032146098,0.983061840122111,1.47487418820862,2.12154078224314
-0.894674131098269,1.38129284774442,0,1,1,1,21,1,21zf03,O-M,1,0.6716,0.1802,0.986952291139696,0.994353853737716,0.984345495153429,0.993733165603034,0.916405531781258,0.986952291139696,0.994353853737716,0.984345495153429,0.993733165603034,0.916405531781258,0.894674131098269,1.38129284774442
0.394225335438136,-0.432148430624923,0,1,0,0,21,1,21zf03,O-M,1,0.4542,0.0005,0.740251418011519,0.766503960096563,0.576288125174171,0.752794641678625,0.332816768592009,0.259748581988481,0.233496039903437,0.423711874825829,0.247205358321375,0.667183231407991,0.394225335438136,0.432148430624923
-0.93773156125091,1.93232476980533,0,1,1,1,21,1,21zf03,O-M,1,0.2976,0.2945,0.99601817952361,0.998588952835254,0.996047562616456,0.998847320659665,0.973340283496108,0.99601817952361,0.998588952835254,0.996047562616456,0.998847320659665,0.973340283496108,0.93773156125091,1.93232476980533
-0.246562751618315,-0.0894410535421822,1,1,0,0,21,1,21zf03,O-M,1,0.3694,0.339,0.806200094509258,0.847641294033476,0.703282134129229,0.847558400344067,0.464365699091344,0.193799905490742,0.152358705966524,0.296717865870771,0.152441599655933,0.535634300908656,0.246562751618315,0.0894410535421822
0.203069756696959,1.95060249658308,1,1,1,1,21,1,21zf03,O-M,1,0.3012,0.2789,0.99291487025041,0.997380958135519,0.993678866412532,0.998915505931864,0.974447824999045,0.99291487025041,0.997380958135519,0.993678866412532,0.998915505931864,0.974447824999045,0.203069756696959,1.95060249658308
-0.496745831941698,0.270297841674368,0,1,1,1,21,1,21zf03,O-M,1,0.3456,0.1177,0.912080748420409,0.939442313876221,0.854210457682874,0.917089393410763,0.606534437160932,0.912080748420409,0.939442313876221,0.854210457682874,0.917089393410763,0.606534437160932,0.496745831941698,0.270297841674368
-0.905923767050035,1.39043171113329,0,1,1,1,21,1,21zf03,O-M,1,0.5399,0.1691,0.987315586321729,0.994532474965672,0.984795844832452,0.993892828928744,0.917801088704466,0.987315586321729,0.994532474965672,0.984795844832452,0.993892828928744,0.917801088704466,0.905923767050035,1.39043171113329
0.537978036413933,2.17159682944128,1,1,1,1,21,1,21zf03,O-M,1,0.3026,0.3275,0.996770709459145,0.998910581294371,0.997191848575984,0.999493795915233,0.98505695680898,0.996770709459145,0.998910581294371,0.997191848575984,0.999493795915233,0.98505695680898,0.537978036413933,2.17159682944128
-0.0892222550615626,-0.615341101283698,1,1,0,0,21,1,21zf03,O-M,1,0.413,0.3763,0.757189795017172,0.759269740658051,0.543270958869861,0.691503912500687,0.269164739740571,0.242810204982828,0.240730259341949,0.456729041130139,0.308496087499313,0.730835260259429,0.0892222550615626,0.615341101283698
0.851710530809937,-1.07269967360866,0,1,0,0,21,1,21zf03,O-M,1,0.9274,0.005,0.595291876960934,0.549753165197127,0.314495202131771,0.517053243474432,0.141702943435653,0.404708123039066,0.450246834802873,0.685504797868229,0.482946756525568,0.858297056564347,0.851710530809937,1.07269967360866
-1.17836348007015,1.25023323869035,0,1,1,1,21,1,21zf03,O-M,1,0.3603,0.0005,0.987925814945985,0.994550508685899,0.983636147817562,0.991001797400129,0.89439282095673,0.987925814945985,0.994550508685899,0.983636147817562,0.991001797400129,0.89439282095673,1.17836348007015,1.25023323869035
0.483119517566794,-0.112288212014365,0,1,0,0,21,1,21zf03,O-M,1,0.4424,0.0005,0.77901437504494,0.826009200172569,0.67763154124738,0.842110729468161,0.455297444070684,0.22098562495506,0.173990799827431,0.32236845875262,0.157889270531839,0.544702555929315,0.483119517566794,0.112288212014365
-0.359147343574809,-0.309396879197105,1,1,0,0,21,1,21zf03,O-M,1,0.3137,0.3106,0.762082860396534,0.796223836210899,0.621891647722846,0.789896438847814,0.378509822027686,0.237917139603466,0.203776163789101,0.378108352277154,0.210103561152186,0.621490177972314,0.359147343574809,0.309396879197105
-0.94209906697336,1.62866526356596,0,1,1,1,21,1,21zf03,O-M,1,0.3641,0.7074,0.992314327826055,0.996972152723265,0.991500842651534,0.996966370226149,0.948308049960129,0.992314327826055,0.996972152723265,0.991500842651534,0.996966370226149,0.948308049960129,0.94209906697336,1.62866526356596
0.53605898086922,-0.380430771901528,0,1,0,0,21,1,21zf03,O-M,1,1.2827,0.2458,0.730759927221456,0.76470867559524,0.582079519087518,0.768838800499588,0.351812838003558,0.269240072778544,0.23529132440476,0.417920480912482,0.231161199500412,0.648187161996442,0.53605898086922,0.380430771901528
-1.22038417906645,1.05374767582958,0,1,1,1,21,1,21zf03,O-M,1,0.41,3.2181,0.984130136237855,0.992231102543055,0.976304048394186,0.984966495735758,0.854000772503225,0.984130136237855,0.992231102543055,0.976304048394186,0.984966495735758,0.854000772503225,1.22038417906645,1.05374767582958
1.22409553892309,1.19560775979777,1,1,1,1,21,1,21zf03,O-M,1,0.3273,0.0006,0.987455995211236,0.994216683289962,0.982375541964181,0.98958541180057,0.884075169063797,0.987455995211236,0.994216683289962,0.982375541964181,0.98958541180057,0.884075169063797,1.22409553892309,1.19560775979777
-0.0987513584559993,0.296260521756394,0,0,1,0,21,1,21zf03,O-M,1,0.9072,0.0264,0.886162275714573,0.923084335456803,0.832384022696297,0.920983695275155,0.616484433796344,0.886162275714573,0.923084335456803,0.832384022696297,0.920983695275155,0.616484433796344,0.0987513584559993,0.296260521756394
1.47480801387949,1.6934681130507,1,1,1,1,21,1,21zf03,O-M,1,0.4419,0.0006,0.99647738304577,0.998680799945845,0.995717727852591,0.997514653840485,0.954816800288478,0.99647738304577,0.998680799945845,0.995717727852591,0.997514653840485,0.954816800288478,1.47480801387949,1.6934681130507
1.00139686329755,2.09786281800833,1,1,1,1,21,1,21zf03,O-M,1,0.3702,0.0005,0.997491997928216,0.999162447914342,0.997622167055713,0.999343953728814,0.982041367301803,0.997491997928216,0.999162447914342,0.997622167055713,0.999343953728814,0.982041367301803,1.00139686329755,2.09786281800833
-0.720525354942996,2.08498532868765,0,1,1,1,21,1,21zf03,O-M,1,0.5768,0.0005,0.996579953372266,0.99883019196445,0.996875525434932,0.999313920252097,0.981464683850569,0.996579953372266,0.99883019196445,0.996875525434932,0.999313920252097,0.981464683850569,0.720525354942996,2.08498532868765
0.731229135577498,1.50632911501945,1,1,1,1,21,1,21zf03,O-M,1,0.4982,0.3272,0.987942371045422,0.994984018813874,0.98663067597098,0.995626508302474,0.934008646209342,0.987942371045422,0.994984018813874,0.98663067597098,0.995626508302474,0.934008646209342,0.731229135577498,1.50632911501945
-1.43053179026737,0.391803184458249,0,1,1,1,21,1,21zf03,O-M,1,0.5884,1.2712,0.971189357834055,0.980699035812532,0.935763237649163,0.93412824651686,0.652398179022399,0.971189357834055,0.980699035812532,0.935763237649163,0.93412824651686,0.652398179022399,1.43053179026737,0.391803184458249
-0.898887230052754,0.395541810390061,0,1,1,1,21,1,21zf03,O-M,1,0.9968,0.1176,0.946190388691854,0.964639046526786,0.903316545106668,0.934605857680308,0.653778464165221,0.946190388691854,0.964639046526786,0.903316545106668,0.934605857680308,0.653778464165221,0.898887230052754,0.395541810390061
-0.4374977492624,-1.0805923283536,1,1,0,0,21,1,21zf03,O-M,1,0.7969,0.3907,0.658286119608142,0.602641071545241,0.347354047481238,0.513906908722189,0.1399392482912,0.341713880391858,0.397358928454759,0.652645952518762,0.486093091277811,0.8600607517088,0.4374977492624,1.0805923283536
0.126506057895825,-0.735600235423641,0,1,0,0,21,1,21zf03,O-M,1,0.4317,4.2547,0.739104655263198,0.728419491511759,0.497344088654283,0.647974812321189,0.230987009636957,0.260895344736802,0.271580508488241,0.502655911345717,0.352025187678811,0.769012990363042,0.126506057895825,0.735600235423641
1.03891770791314,1.02820039862887,1,1,1,1,21,1,21zf03,O-M,1,0.4124,1.5278,0.979629879169725,0.989890104876738,0.970848237352121,0.983969899840701,0.848072214516706,0.979629879169725,0.989890104876738,0.970848237352121,0.983969899840701,0.848072214516706,1.03891770791314,1.02820039862887
-1.16965052673496,0.472599044873513,0,1,1,1,21,1,21zf03,O-M,1,0.8289,0.3432,0.963236453186558,0.976546418062066,0.929509263100042,0.943863375005753,0.681750367982884,0.963236453186558,0.976546418062066,0.929509263100042,0.943863375005753,0.681750367982884,1.16965052673496,0.472599044873513
1.13292937149437,1.61454156560134,1,1,1,1,21,1,21zf03,O-M,1,0.6168,0.4897,0.99358400009471,0.997483022193197,0.992575574431802,0.996833287638607,0.946794995714229,0.99358400009471,0.997483022193197,0.992575574431802,0.996833287638607,0.946794995714229,1.13292937149437,1.61454156560134
0.340050617991987,0.657453327057537,1,1,1,1,21,1,21zf03,O-M,1,0.4205,2.9019,0.935656224305193,0.9624955075602,0.911374830194011,0.961878369060512,0.744555263938761,0.935656224305193,0.9624955075602,0.911374830194011,0.961878369060512,0.744555263938761,0.340050617991987,0.657453327057537
0.543249924634466,1.6967913361012,1,1,1,1,21,1,21zf03,O-M,1,3.6207,0.4663,0.990345613236767,0.996206498248287,0.990277328156107,0.997540188864115,0.955131941341714,0.990345613236767,0.996206498248287,0.990277328156107,0.997540188864115,0.955131941341714,0.543249924634466,1.6967913361012
-0.41899099521626,1.74248565304556,0,1,1,1,21,1,21zf03,O-M,1,0.4432,0.3754,0.990332432862302,0.996232307009529,0.990577977010068,0.997868025151748,0.959288250119565,0.990332432862302,0.996232307009529,0.990577977010068,0.997868025151748,0.959288250119565,0.41899099521626,1.74248565304556
0.161556394223973,0.954881790077225,1,1,1,1,21,1,21zf03,O-M,1,1.6362,0.0033,0.951594355123246,0.974820918309272,0.941953049069393,0.980789771445098,0.830181260219906,0.951594355123246,0.974820918309272,0.941953049069393,0.980789771445098,0.830181260219906,0.161556394223973,0.954881790077225
0.447076566301725,2.15373450554485,1,1,1,1,21,1,21zf03,O-M,1,0.3879,0.2831,0.996367826864085,0.998759690662348,0.996857767329733,0.999460727128388,0.98436950074622,0.996367826864085,0.998759690662348,0.996857767329733,0.999460727128388,0.98436950074622,0.447076566301725,2.15373450554485
-1.07782261601495,0.168731837193483,0,1,1,1,21,1,21zf03,O-M,1,0.6225,0.1184,0.944397832380031,0.958933309992529,0.881224983812179,0.900462377159907,0.566996212322596,0.944397832380031,0.958933309992529,0.881224983812179,0.900462377159907,0.566996212322596,1.07782261601495,0.168731837193483
1.28967429908897,0.938265674824729,1,1,1,1,21,1,21zf03,O-M,1,0.2509,0.2576,0.98263875384312,0.991067817102308,0.972075279012544,0.979998818870931,0.825946052490015,0.98263875384312,0.991067817102308,0.972075279012544,0.979998818870931,0.825946052490015,1.28967429908897,0.938265674824729
1.57601062122597,1.9177856689594,1,1,1,1,21,1,21zf03,O-M,1,0.2418,0.0007,0.998141639724264,0.999363684014785,0.997891142710747,0.998790302596662,0.972430903168419,0.998141639724264,0.999363684014785,0.997891142710747,0.998790302596662,0.972430903168419,1.57601062122597,1.9177856689594
-1.09288830494644,1.85630604252516,0,1,1,1,21,1,21zf03,O-M,1,0.5576,0.0992,0.995997312225471,0.998557897778239,0.995803896929552,0.998519533323177,0.968295025845749,0.995997312225471,0.998557897778239,0.995803896929552,0.998519533323177,0.968295025845749,1.09288830494644,1.85630604252516
-1.19830401124739,-1.62622401295746,1,1,0,0,21,1,21zf03,O-M,1,0.434,0.1162,0.498041432629043,0.35736477530004,0.146465944573795,0.304757750066012,0.0519510048295047,0.501958567370957,0.64263522469996,0.853534055426205,0.695242249933988,0.948048995170495,1.19830401124739,1.62622401295746
-1.37909227842518,1.62451123475284,0,1,1,1,21,1,21zf03,O-M,1,0.4477,0.0068,0.995368954328718,0.998211087570076,0.99434364978145,0.996927761088728,0.947866627699419,0.995368954328718,0.998211087570076,0.99434364978145,0.996927761088728,0.947866627699419,1.37909227842518,1.62451123475284
-1.48327273058241,1.78859537287124,0,1,1,1,21,1,21zf03,O-M,1,0.3721,0.0386,0.997161731786176,0.998975103897478,0.996677103844701,0.998158178166665,0.963159998201264,0.997161731786176,0.998975103897478,0.996677103844701,0.998158178166665,0.963159998201264,1.48327273058241,1.78859537287124
-0.0389297649242576,1.23777115225098,0,1,1,1,21,1,21zf03,O-M,1,0.4278,0.1485,0.966757708204309,0.984332112108083,0.964261156590798,0.990694440671596,0.892099536090741,0.966757708204309,0.984332112108083,0.964261156590798,0.990694440671596,0.892099536090741,0.0389297649242576,1.23777115225098
-0.398763708612791,1.92173199633187,0,1,1,1,21,1,21zf03,O-M,1,0.3738,0.2786,0.993412041877016,0.997574221687778,0.993934745569379,0.998806028893605,0.972680255496335,0.993412041877016,0.997574221687778,0.993934745569379,0.998806028893605,0.972680255496335,0.398763708612791,1.92173199633187
-0.415726394979277,-0.0001294340600133,1,1,0,0,21,1,21zf03,O-M,1,0.5467,0.0008,0.803331230420324,0.851608014046985,0.718017926087495,0.867645356124069,0.499948363281081,0.196668769579676,0.148391985953015,0.281982073912505,0.132354643875931,0.500051636718919,0.415726394979277,0.0001294340600133
0.71534729658677,2.08685464165355,1,1,1,1,21,1,21zf03,O-M,1,0.2376,2.5919,0.996579470756649,0.998830294341647,0.99687911328564,0.999318357240506,0.981549361958889,0.996579470756649,0.998830294341647,0.99687911328564,0.999318357240506,0.981549361958889,0.71534729658677,2.08685464165355
0.748302112492531,-1.29037078341637,0,1,0,0,21,1,21zf03,O-M,1,0.5386,0.0005,0.591199396083226,0.503759670572616,0.256504136385514,0.430574413541854,0.0984609756086785,0.408800603916774,0.496240329427384,0.743495863614486,0.569425586458146,0.901539024391321,0.748302112492531,1.29037078341637
0.479479929464752,1.05727860032074,1,1,1,1,21,1,21zf03,O-M,1,0.288,0.0007,0.967107839386682,0.98367177858772,0.959406921785312,0.985099957995264,0.854807771596665,0.967107839386682,0.98367177858772,0.959406921785312,0.985099957995264,0.854807771596665,0.479479929464752,1.05727860032074
0.768882328851349,-1.28621675460325,0,0,0,1,21,1,21zf03,O-M,1,0.6783,3.703,0.58826243203949,0.502069206732381,0.256145274427595,0.43220706193107,0.0991837126594518,0.41173756796051,0.497930793267619,0.743854725572405,0.56779293806893,0.900816287340548,0.768882328851349,1.28621675460325
0.814851429485623,1.58754037831603,1,1,1,1,21,1,21zf03,O-M,1,0.8741,0.6301,0.990509636626628,0.996181172256165,0.98960965910922,0.996564154622821,0.943804845287519,0.990509636626628,0.996181172256165,0.98960965910922,0.996564154622821,0.943804845287519,0.814851429485623,1.58754037831603
1.32238647578793,1.2068236375932,1,1,1,1,21,1,21zf03,O-M,1,0.3963,0.072,0.989117674934969,0.995017944934442,0.984340482006286,0.989891134844157,0.886249964582218,0.989117674934969,0.995017944934442,0.984340482006286,0.989891134844157,0.886249964582218,1.32238647578793,1.2068236375932
0.796388791658901,0.660984251548693,1,1,1,1,21,1,21zf03,O-M,1,0.3732,0.2949,0.956283795262135,0.974561425827997,0.932101883704944,0.962170043208296,0.745688793419423,0.956283795262135,0.974561425827997,0.932101883704944,0.962170043208296,0.745688793419423,0.796388791658901,0.660984251548693
1.13356905667594,0.632736855619449,1,1,1,1,21,1,21zf03,O-M,1,0.2533,0.2785,0.968253722826516,0.981239626190608,0.9442872695801,0.959784926829046,0.73654725107773,0.968253722826516,0.981239626190608,0.9442872695801,0.959784926829046,0.73654725107773,1.13356905667594,0.632736855619449
-1.04030177139936,-0.369007192665436,1,1,0,0,21,1,21zf03,O-M,1,0.5301,0.2788,0.675723129575537,0.723714057271289,0.548750645578825,0.772302685585262,0.356061181784469,0.324276870424463,0.276285942728711,0.451249354421175,0.227697314414738,0.643938818215531,1.04030177139936,0.369007192665436
0.71536935469648,1.55617746077694,1,1,1,1,21,1,21zf03,O-M,1,0.3206,0.0687,0.988907904163159,0.99546419116401,0.987948369865123,0.996225879491716,0.940167050271065,0.988907904163159,0.99546419116401,0.987948369865123,0.996225879491716,0.940167050271065,0.71536935469648,1.55617746077694
-0.852543141553422,1.00036840558093,0,1,1,1,21,1,21zf03,O-M,1,0.5046,0.0007,0.974187497239426,0.986998737576039,0.96448404044684,0.982820248602518,0.841433873013421,0.974187497239426,0.986998737576039,0.96448404044684,0.982820248602518,0.841433873013421,0.852543141553422,1.00036840558093
-0.830551206173206,1.22863228886211,0,0,1,0,21,1,21zf03,O-M,1,0.4432,0.2613,0.981769162419655,0.991614770270634,0.977163065336146,0.990463244803599,0.890395148163499,0.981769162419655,0.991614770270634,0.977163065336146,0.990463244803599,0.890395148163499,0.830551206173206,1.22863228886211
1.44619864558647,0.99185264651403,1,1,1,1,21,1,21zf03,O-M,1,0.7645,2.7447,0.986969027394401,0.993461718400343,0.978434188536362,0.982454705919125,0.839365294199638,0.986969027394401,0.993461718400343,0.978434188536362,0.982454705919125,0.839365294199638,1.44619864558647,0.99185264651403
-0.380455477554035,1.52876087061032,0,1,1,1,21,1,21zf03,O-M,1,0.3511,0.3729,0.984557977093227,0.993518771884583,0.984003660397204,0.995906025590023,0.936838132000201,0.984557977093227,0.993518771884583,0.984003660397204,0.995906025590023,0.936838132000201,0.380455477554035,1.52876087061032
-0.232489677623754,-0.0323231573617254,1,1,0,0,21,1,21zf03,O-M,1,0.9166,0.3108,0.815780758518998,0.858467659393305,0.721876564475096,0.860625899081606,0.487107170973711,0.184219241481002,0.141532340606695,0.278123435524904,0.139374100918394,0.512892829026289,0.232489677623754,0.0323231573617254
0.847629780513708,1.44547259290719,1,1,1,1,21,1,21zf03,O-M,1,0.4012,0.2296,0.987868750677052,0.994865917127404,0.985930272116071,0.994780402177462,0.925837407055005,0.987868750677052,0.994865917127404,0.985930272116071,0.994780402177462,0.925837407055005,0.847629780513708,1.44547259290719
0.0574862326152863,2.00585107979763,1,1,1,1,21,1,21zf03,O-M,1,0.521,0.1186,0.993166222830489,0.997491277048036,0.994085529155387,0.999099757808508,0.977563930519468,0.993166222830489,0.997491277048036,0.994085529155387,0.999099757808508,0.977563930519468,0.0574862326152863,2.00585107979763
0.152689034120816,1.5061214135788,1,1,1,1,21,1,21zf03,O-M,1,0.8588,3.4013,0.981072369711406,0.991903404979303,0.980910099332643,0.995623842382064,0.93398199576396,0.981072369711406,0.991903404979303,0.980910099332643,0.995623842382064,0.93398199576396,0.152689034120816,1.5061214135788
-1.36640886534231,1.13122031319434,0,1,1,1,21,1,21zf03,O-M,1,0.6408,0.9156,0.988348533207945,0.994496451412185,0.982415452412427,0.987669730322996,0.871018812870178,0.988348533207945,0.994496451412185,0.982415452412427,0.987669730322996,0.871018812870178,1.36640886534231,1.13122031319434
-0.998678118377828,1.08095656455554,0,1,1,1,21,1,21zf03,O-M,1,0.3807,0.2991,0.980411089085613,0.990481904560722,0.972875494048214,0.985968888042728,0.860141782346737,0.980411089085613,0.990481904560722,0.972875494048214,0.985968888042728,0.860141782346737,0.998678118377828,1.08095656455554
-0.616896355528497,0.45141349792658,0,1,1,1,21,1,21zf03,O-M,1,0.3053,0.2395,0.934096536292587,0.958016928144223,0.894430935165641,0.94142773292539,0.674154221617758,0.934096536292587,0.958016928144223,0.894430935165641,0.94142773292539,0.674154221617758,0.616896355528497,0.45141349792658
-1.32502785152758,1.53249949654214,0,1,1,1,21,1,21zf03,O-M,1,0.2667,0.1516,0.994021985200034,0.99760139410437,0.992516712830685,0.99595102479495,0.93730038913006,0.994021985200034,0.99760139410437,0.992516712830685,0.99595102479495,0.93730038913006,1.32502785152758,1.53249949654214
-0.170241692023984,0.22418812184869,0,1,1,1,21,1,21zf03,O-M,1,0.4868,0.0006,0.883429022751918,0.918703081488768,0.820817564140897,0.909819926160038,0.588694537173649,0.883429022751918,0.918703081488768,0.820817564140897,0.909819926160038,0.588694537173649,0.170241692023984,0.22418812184869
-0.0568630081179545,1.91134692429906,0,0,1,0,21,1,21zf03,O-M,1,0.6677,3.2711,0.991474318790435,0.996779220893864,0.992430126466229,0.998764236426801,0.972019993711507,0.991474318790435,0.996779220893864,0.992430126466229,0.998764236426801,0.972019993711507,0.0568630081179545,1.91134692429906
0.5754327067004,-0.387284919443183,0,1,0,0,21,1,21zf03,O-M,1,0.3555,0.1317,0.725050328364192,0.75952262532731,0.576391566660822,0.766746436561494,0.349272644337794,0.274949671635808,0.24047737467269,0.423608433339178,0.233253563438506,0.650727355662206,0.5754327067004,0.387284919443183
1.29075514646473,1.45710387358393,1,1,1,1,21,1,21zf03,O-M,1,0.4938,0.2321,0.992773900446404,0.997009512991423,0.990747415531251,0.994952566786804,0.927456145346514,0.992773900446404,0.997009512991423,0.990747415531251,0.994952566786804,0.927456145346514,1.29075514646473,1.45710387358393
-1.38445239908455,1.82494312498608,0,1,1,1,21,1,21zf03,O-M,1,0.6265,2.5908,0.997000788582151,0.998925614179672,0.996619334491615,0.998361066464028,0.965995193741493,0.997000788582151,0.998925614179672,0.996619334491615,0.998361066464028,0.965995193741493,1.38445239908455,1.82494312498608
1.13310583637204,1.07804874438636,1,1,1,1,21,1,21zf03,O-M,1,0.2393,2.8094,0.983059821502023,0.99178030801017,0.97561413443412,0.985864585700028,0.859493998201768,0.983059821502023,0.99178030801017,0.97561413443412,0.985864585700028,0.859493998201768,1.13310583637204,1.07804874438636
1.20437558884293,0.774389238146982,1,1,1,1,21,1,21zf03,O-M,1,0.3396,0.1163,0.975690215641834,0.986532910042015,0.959030642480576,0.970610859459151,0.780649677079271,0.975690215641834,0.986532910042015,0.959030642480576,0.970610859459151,0.780649677079271,1.20437558884293,0.774389238146982
0.045486620933403,-1.14124114902521,0,1,0,0,21,1,21zf03,O-M,1,0.6737,0.0088,0.717117035742145,0.646532011635046,0.370103477489333,0.489715487079711,0.126884792438427,0.282882964257855,0.353467988364954,0.629896522510667,0.510284512920289,0.873115207561573,0.045486620933403,1.14124114902521
-0.745318670256299,0.893817566524301,0,1,1,1,21,1,21zf03,O-M,1,0.9318,0.0005,0.966506150493579,0.982343575780923,0.953268824674742,0.977746085815583,0.81429024562236,0.966506150493579,0.982343575780923,0.953268824674742,0.977746085815583,0.81429024562236,0.745318670256299,0.893817566524301
1.50602023911822,1.21263927793158,1,1,1,1,21,1,21zf03,O-M,1,0.3556,0.4402,0.991597005923821,0.996178224659646,0.987225887204767,0.990046552941653,0.887366117545279,0.991597005923821,0.996178224659646,0.987225887204767,0.990046552941653,0.887366117545279,1.50602023911822,1.21263927793158
1.39449443642777,-0.568400575695395,0,1,0,0,21,1,21zf03,O-M,1,0.5775,0.1015,0.59933225508468,0.638774662389197,0.453330447469072,0.707830648620992,0.284881499805961,0.40066774491532,0.361225337610803,0.546669552530928,0.292169351379008,0.715118500194039,1.39449443642777,0.568400575695395
-1.01133947335099,1.99089657607038,0,1,1,1,21,1,21zf03,O-M,1,0.2933,0.8862,0.996788170931169,0.998889378546822,0.996836468155529,0.99905295546236,0.976753870641493,0.996788170931169,0.998889378546822,0.996836468155529,0.99905295546236,0.976753870641493,1.01133947335099,1.99089657607038
-1.13570309589227,0.862870051866526,0,1,1,1,21,1,21zf03,O-M,1,0.4318,0.4729,0.976668041303581,0.987577607729296,0.963078519767862,0.976054192213681,0.805895540893147,0.976668041303581,0.987577607729296,0.963078519767862,0.976054192213681,0.805895540893147,1.13570309589227,0.862870051866526
0.276854133674715,2.15144978969763,1,1,1,1,21,1,21zf03,O-M,1,0.5464,0.2598,0.9958568187167,0.99856638238752,0.996477775503567,0.999456356171833,0.984279642559904,0.9958568187167,0.99856638238752,0.996477775503567,0.999456356171833,0.984279642559904,0.276854133674715,2.15144978969763
1.52441670261581,0.609058891384641,1,1,1,1,21,1,21zf03,O-M,1,0.2747,0.2516,0.980289338080219,0.988134635057295,0.959161534917982,0.957692789793251,0.728757297784477,0.980289338080219,0.988134635057295,0.959161534917982,0.957692789793251,0.728757297784477,1.52441670261581,0.609058891384641
0.864548350660775,1.65151242203814,1,1,1,1,21,1,21zf03,O-M,1,0.4585,0.3462,0.992066631235048,0.996887769916316,0.991428354253794,0.997171012892337,0.950683006807195,0.992066631235048,0.996887769916316,0.991428354253794,0.997171012892337,0.950683006807195,0.864548350660775,1.65151242203814
-0.877115875769631,-1.78511561505945,1,1,0,0,21,1,21zf03,O-M,1,0.0062,0.0167,0.541753009354453,0.359515061518159,0.131170878521759,0.251538306866795,0.0371212828272473,0.458246990645547,0.640484938481841,0.868829121478241,0.748461693133205,0.962878717172753,0.877115875769631,1.78511561505945
0.0958673435095454,0.486515041397479,1,1,1,1,21,1,21zf03,O-M,1,0.5091,0.0911,0.906834010697994,0.941782114135288,0.871406963359797,0.945419307586369,0.686698978245837,0.906834010697994,0.941782114135288,0.871406963359797,0.945419307586369,0.686698978245837,0.0958673435095454,0.486515041397479
-0.911725049903592,0.967343876516598,0,1,1,1,21,1,21zf03,O-M,1,0.4652,0.1196,0.974429621401003,0.986955750258409,0.963780090000916,0.98136539515583,0.833313921787976,0.974429621401003,0.986955750258409,0.963780090000916,0.98136539515583,0.833313921787976,0.911725049903592,0.967343876516598
0.538705954034341,1.29426594410947,1,1,1,1,21,1,21zf03,O-M,1,0.2879,0.1485,0.97888024265103,0.990429525741821,0.975705727742716,0.992017720917951,0.902213212205034,0.97888024265103,0.990429525741821,0.975705727742716,0.992017720917951,0.902213212205034,0.538705954034341,1.29426594410947
0.329462725331501,1.71797688304813,1,1,1,1,21,1,21zf03,O-M,1,0.3138,0.2311,0.989110284573041,0.99569933749998,0.989439304945402,0.997697471606671,0.957099584054554,0.989110284573041,0.99569933749998,0.989439304945402,0.997697471606671,0.957099584054554,0.329462725331501,1.71797688304813
1.43294172165116,1.2467023141992,1,1,1,1,21,1,21zf03,O-M,1,0.2303,0.2634,0.991222256027558,0.996058928291506,0.98716820673849,0.990915628930213,0.893746665012912,0.991222256027558,0.996058928291506,0.98716820673849,0.990915628930213,0.893746665012912,1.43294172165116,1.2467023141992
-1.22812657557443,0.43936681436852,0,1,1,1,21,1,21zf03,O-M,1,0.5737,0.9469,0.964445266348287,0.976909311206739,0.92909402332914,0.940006201509452,0.669802115806075,0.964445266348287,0.976909311206739,0.92909402332914,0.940006201509452,0.669802115806075,1.22812657557443,0.43936681436852
0.0439646113634582,-1.51198822059654,0,1,0,0,21,1,21zf03,O-M,1,0.7201,0.069,0.697421987406028,0.559617747186171,0.259758362696847,0.345857269665698,0.065268429600064,0.302578012593972,0.440382252813829,0.740241637303153,0.654142730334302,0.934731570399936,0.0439646113634582,1.51198822059654
0.118873951936391,-0.977780115228779,0,1,0,0,21,1,21zf03,O-M,1,0.7884,0.05,0.717611095564995,0.673736637485957,0.415195358095339,0.554752833603228,0.164091543901192,0.282388904435005,0.326263362514043,0.584804641904661,0.445247166396772,0.835908456098808,0.118873951936391,0.977780115228779
-0.65075555393234,1.03983167930561,0,1,1,1,21,1,21zf03,O-M,1,0.2247,0.0006,0.970695662766803,0.985413866652815,0.962206158642012,0.984430446465785,0.85079094585353,0.970695662766803,0.985413866652815,0.962206158642012,0.984430446465785,0.85079094585353,0.65075555393234,1.03983167930561
-1.52079357519801,0.492538383176509,0,1,1,1,21,1,21zf03,O-M,1,0.3146,0.0036,0.977270054196184,0.985489967214666,0.949954955763691,0.946082106755134,0.688830602680498,0.977270054196184,0.985489967214666,0.949954955763691,0.946082106755134,0.688830602680498,1.52079357519801,0.492538383176509
-0.314678194400771,0.960697430415599,0,1,1,1,21,1,21zf03,O-M,1,0.3443,0.1346,0.956807298316587,0.977660575882196,0.946735038658907,0.981060249974046,0.83164783819643,0.956807298316587,0.977660575882196,0.946735038658907,0.981060249974046,0.83164783819643,0.314678194400771,0.960697430415599
-1.07808731333147,1.49469783434271,0,1,1,1,21,1,21zf03,O-M,1,0.2772,0.3273,0.991335305274191,0.996435306840339,0.989625935218767,0.995474961852023,0.932503340123857,0.991335305274191,0.996435306840339,0.989625935218767,0.995474961852023,0.932503340123857,1.07808731333147,1.49469783434271
1.07597533222484,-0.788148699909662,0,1,0,0,21,1,21zf03,O-M,1,0.3492,0.1191,0.600192186888447,0.60473173386275,0.39400399725997,0.628283338890346,0.215304865982,0.399807813111553,0.39526826613725,0.60599600274003,0.371716661109654,0.784695134018,1.07597533222484,0.788148699909662
-0.535766628017528,1.872714456337,0,1,1,1,21,1,21zf03,O-M,1,0.3798,0.0393,0.993385118753598,0.997547283208118,0.993705327307641,0.998596748149699,0.96944608699145,0.993385118753598,0.997547283208118,0.993705327307641,0.998596748149699,0.96944608699145,0.535766628017528,1.872714456337
-0.193093893682865,-1.61293112075546,1,1,0,0,21,1,21zf03,O-M,1,0.6234,0.0007,0.666993953658126,0.509037454632761,0.218096965017796,0.309428023412835,0.0533797365474467,0.333006046341874,0.490962545367239,0.781903034982204,0.690571976587165,0.946620263452553,0.193093893682865,1.61293112075546
0.124873757777333,-1.3400114277332,0,1,0,0,21,1,21zf03,O-M,1,0.3744,0.0231,0.691594051946678,0.586313422595727,0.299501264199786,0.41116367699097,0.0901208148428742,0.308405948053322,0.413686577404273,0.700498735800214,0.58883632300903,0.909879185157126,0.124873757777333,1.3400114277332
0.790455160147088,0.587042538675083,1,1,1,1,21,1,21zf03,O-M,1,0.9794,3.5415,0.951839212261334,0.971048815204738,0.923028400427022,0.955669290068224,0.721412431186619,0.951839212261334,0.971048815204738,0.923028400427022,0.955669290068224,0.721412431186619,0.790455160147088,0.587042538675083
0.526573993694202,0.542386728933999,1,1,1,1,21,1,21zf03,O-M,1,0.7188,0.3423,0.935918488347601,0.960800207893596,0.903438938068842,0.951325679741008,0.706223939985748,0.935918488347601,0.960800207893596,0.903438938068842,0.951325679741008,0.706223939985748,0.526573993694202,0.542386728933999
-0.967752648565327,-0.518136827056593,1,1,0,0,21,1,21zf03,O-M,1,3.0386,0.9489,0.657094892777465,0.690588391322046,0.499074284742731,0.724853795522141,0.302181403631397,0.342905107222535,0.309411608677954,0.500925715257269,0.275146204477859,0.697818596368603,0.967752648565327,0.518136827056593
-0.846962439796958,2.02994444691375,0,1,1,1,21,1,21zf03,O-M,1,0.3107,0.0005,0.99653299966537,0.998803441286506,0.996717174854971,0.999170709892862,0.978818906773537,0.99653299966537,0.998803441286506,0.996717174854971,0.999170709892862,0.978818906773537,0.846962439796958,2.02994444691375
0.723663203947193,1.44526489146653,1,0,1,0,21,1,21zf03,O-M,1,0.6337,0.1691,0.986349693804063,0.994191886646061,0.984558762767019,0.994777280894304,0.925808252308339,0.986349693804063,0.994191886646061,0.984558762767019,0.994777280894304,0.925808252308339,0.723663203947193,1.44526489146653
-0.871027837489852,1.17774543590134,0,1,1,1,21,1,21zf03,O-M,1,0.4998,0.0096,0.98090830196518,0.991052066782794,0.975380049867685,0.989081876510253,0.880550946355158,0.98090830196518,0.991052066782794,0.975380049867685,0.989081876510253,0.880550946355158,0.871027837489852,1.17774543590134
0.0512658456772512,-1.05857597564404,0,1,0,0,21,1,21zf03,O-M,1,0.7174,2.9463,0.722021053050008,0.664911959584909,0.396316301865618,0.522680748586649,0.144896466449041,0.277978946949992,0.335088040415091,0.603683698134382,0.477319251413351,0.855103533550959,0.0512658456772512,1.05857597564404
-1.17505476361374,0.499184829277508,0,1,1,1,21,1,21zf03,O-M,1,0.2386,0.0556,0.964552790072247,0.977670990229125,0.932748877179026,0.946806058819997,0.691175409463934,0.964552790072247,0.977670990229125,0.932748877179026,0.946806058819997,0.691175409463934,1.17505476361374,0.499184829277508
-1.31331499527191,1.86856042752388,0,1,1,1,21,1,21zf03,O-M,1,0.534,0.0505,0.99701480750511,0.998943084432635,0.996743468217119,0.998577555726215,0.969158002161603,0.99701480750511,0.998943084432635,0.996743468217119,0.998577555726215,0.969158002161603,1.31331499527191,1.86856042752388
-0.225342850077926,1.57217047170747,0,1,1,1,21,1,21zf03,O-M,1,0.399,0.0081,0.984170774909519,0.993401480789047,0.984188028603898,0.996401938361639,0.942044489236049,0.984170774909519,0.993401480789047,0.984188028603898,0.996401938361639,0.942044489236049,0.225342850077926,1.57217047170747
1.34133439202825,-1.02264362641052,0,1,0,0,21,1,21zf03,O-M,1,0.5923,2.1013,0.532520270720184,0.508456422499745,0.29826115852423,0.536974818576443,0.15323818725294,0.467479729279816,0.491543577500255,0.70173884147577,0.463025181423557,0.84676181274706,1.34133439202825,1.02264362641052
1.18897902826581,2.04323733911575,1,1,1,1,21,1,21zf03,O-M,1,0.514,0.598,0.997684043007857,0.999222457827628,0.997689900725966,0.99920761696675,0.979485525434175,0.997684043007857,0.999222457827628,0.997689900725966,0.99920761696675,0.979485525434175,1.18897902826581,2.04323733911575
-0.129456247171407,-1.77576905022992,1,1,0,0,21,1,21zf03,O-M,1,1.035,0.2255,0.673058596403408,0.482501369112578,0.185742663966763,0.254527390289945,0.0378854954650861,0.326941403596592,0.517498630887422,0.814257336033237,0.745472609710055,0.962114504534914,0.129456247171407,1.77576905022992
1.08193102184636,1.55160802908251,1,1,1,1,21,1,21zf03,O-M,1,1.6399,0.1097,0.992282550275897,0.996893010681113,0.990953379554485,0.996174177724203,0.939621979584408,0.992282550275897,0.996893010681113,0.990953379554485,0.996174177724203,0.939621979584408,1.08193102184636,1.55160802908251
1.60298768940049,2.09080096902602,1,0,1,0,21,1,21zf03,O-M,1,2.8807,0.0466,0.998816701652406,0.999619963424728,0.998740891046088,0.999327637427226,0.981727045390927,0.998816701652406,0.999619963424728,0.998740891046088,0.999327637427226,0.981727045390927,1.60298768940049,2.09080096902602
0.917179000427271,2.08041589699321,1,1,1,1,21,1,21zf03,O-M,1,0.1949,0.1201,0.997140616039746,0.999033958025976,0.997308604901489,0.999302961902717,0.981256298800709,0.997140616039746,0.999033958025976,0.997308604901489,0.999302961902717,0.981256298800709,0.917179000427271,2.08041589699321
-0.129213607964604,0.0470187929689456,1,1,0,0,21,1,21zf03,O-M,1,0.3918,0.0025,0.823744120442439,0.863299786102581,0.725732675643766,0.857338970170027,0.481249124734707,0.176255879557561,0.136700213897419,0.274267324356234,0.142661029829973,0.518750875265293,0.129213607964604,0.0470187929689456
1.51570374928062,1.10775005040019,1,1,1,1,21,1,21zf03,O-M,1,0.395,0.4987,0.990141233512641,0.995306504075095,0.984192338993643,0.98689914125425,0.86601511131494,0.990141233512641,0.995306504075095,0.984192338993643,0.98689914125425,0.86601511131494,1.51570374928062,1.10775005040019
-0.764398935154882,1.65483564508864,0,1,1,1,21,1,21zf03,O-M,1,0.7525,0.084,0.991321969181423,0.996581752187097,0.990805272854132,0.997199718454949,0.951021079338105,0.991321969181423,0.996581752187097,0.990805272854132,0.997199718454949,0.951021079338105,0.764398935154882,1.65483564508864
-0.171278423180323,1.7503783077905,0,1,1,1,21,1,21zf03,O-M,1,0.5935,0.1816,0.988663565688229,0.995528444474111,0.989331600858791,0.997920459318542,0.959973471715378,0.988663565688229,0.995528444474111,0.989331600858791,0.997920459318542,0.959973471715378,0.171278423180323,1.7503783077905
-0.293700932067184,-1.50264165576701,1,1,0,0,21,1,21zf03,O-M,1,0.5972,0.0006,0.654004885990335,0.518334896927826,0.236741181559006,0.349310436260492,0.0664657377314993,0.345995114009665,0.481665103072174,0.763258818440994,0.650689563739508,0.933534262268501,0.293700932067184,1.50264165576701
0.83377728761624,0.792251562043415,1,1,1,1,21,1,21zf03,O-M,1,0.246,0.0005,0.964498838909418,0.980483029153096,0.947165763312331,0.971785671866394,0.785892995527309,0.964498838909418,0.980483029153096,0.947165763312331,0.971785671866394,0.785892995527309,0.83377728761624,0.792251562043415
1.34887826554885,2.02786743250719,1,1,1,1,21,1,21zf03,O-M,1,0.5666,0.2511,0.998032291533065,0.999342917317361,0.997965358259436,0.999164802321063,0.978713110094384,0.998032291533065,0.999342917317361,0.997965358259436,0.999164802321063,0.978713110094384,1.34887826554885,2.02786743250719
0.744706640609908,0.863285454747838,1,1,1,1,21,1,21zf03,O-M,1,0.2901,0.1826,0.964992874351595,0.98131042337253,0.950579742419416,0.976077598550871,0.806009730320003,0.964992874351595,0.98131042337253,0.950579742419416,0.976077598550871,0.806009730320003,0.744706640609908,0.863285454747838
-0.0166069578984012,-0.11748074803077,1,1,0,0,21,1,21zf03,O-M,1,3.0308,2.8663,0.825830367632159,0.860220452493311,0.714307331999134,0.840855009416904,0.453239549618925,0.174169632367841,0.139779547506689,0.285692668000866,0.159144990583096,0.546760450381075,0.0166069578984012,0.11748074803077
-0.568302339838811,-0.608486953742043,1,1,0,0,21,1,21zf03,O-M,1,0.4201,0.2933,0.693102378492725,0.706974591454384,0.49796753487162,0.693912728319128,0.271432278062358,0.306897621507275,0.293025408545616,0.50203246512838,0.306087271680872,0.728567721937643,0.568302339838811,0.608486953742043
-0.0777079217932849,-1.48976416644633,1,1,0,0,21,1,21zf03,O-M,1,0.2001,0.0006,0.69242520663721,0.558791396440555,0.262104428489375,0.354088585623526,0.0681431280814842,0.30757479336279,0.441208603559445,0.737895571510625,0.645911414376474,0.931856871918516,0.0777079217932849,1.48976416644633
-0.216232850767967,1.50009807179977,0,1,1,1,21,1,21zf03,O-M,1,0.3082,0.0006,0.981643194446581,0.99215631413659,0.981283325798961,0.995545896318,0.933205499820594,0.981643194446581,0.99215631413659,0.981283325798961,0.995545896318,0.933205499820594,0.216232850767967,1.50009807179977
0.42806247573227,2.04136802614984,1,1,1,1,21,1,21zf03,O-M,1,3.0316,3.5274,0.995140466339276,0.998279983484497,0.995665766618022,0.999202519926164,0.979392869958728,0.995140466339276,0.998279983484497,0.995665766618022,0.999202519926164,0.979392869958728,0.42806247573227,2.04136802614984
0.913230598789298,0.62006706773942,1,1,1,1,21,1,21zf03,O-M,1,0.2402,0.2121,0.959010980091394,0.975694390430147,0.932856322084867,0.958676151838258,0.732393183696093,0.959010980091394,0.975694390430147,0.932856322084867,0.958676151838258,0.732393183696093,0.913230598789298,0.62006706773942
-1.46297926964982,2.00917430284813,0,1,1,1,21,1,21zf03,O-M,1,0.3539,0.0528,0.998235732464173,0.999411371707486,0.998118852267185,0.999109865334405,0.977740674040422,0.998235732464173,0.999411371707486,0.998118852267185,0.999109865334405,0.977740674040422,1.46297926964982,2.00917430284813
-1.15423190804812,1.44838041307637,0,0,1,0,21,1,21zf03,O-M,1,0.7598,0.0005,0.991323867723845,0.996377917341494,0.989228214149823,0.994823926202967,0.926244655201522,0.991323867723845,0.996377917341494,0.989228214149823,0.994823926202967,0.926244655201522,1.15423190804812,1.44838041307637
0.372123109509373,0.419012073184212,1,1,1,1,21,1,21zf03,O-M,1,0.2242,0.0634,0.916947174944518,0.946518299228426,0.87433359404463,0.937543078415912,0.662396345546831,0.916947174944518,0.946518299228426,0.87433359404463,0.937543078415912,0.662396345546831,0.372123109509373,0.419012073184212
0.666422409251445,0.094582422879217,0,1,0,0,21,1,21zf03,O-M,1,1.325,0.0715,0.764011044452429,0.816425161180413,0.670363344245274,0.846343503727624,0.462323255874197,0.235988955547571,0.183574838819587,0.329636655754726,0.153656496272376,0.537676744125803,0.666422409251445,0.094582422879217
-0.560140839246354,0.128645459146835,1,1,0,0,21,1,21zf03,O-M,1,0.783,0.0209,0.768640047468368,0.817095504559672,0.666580068916902,0.838132933624808,0.448819096975588,0.231359952531632,0.182904495440328,0.333419931083098,0.161867066375192,0.551180903024411,0.560140839246354,0.128645459146835
-0.523215563592912,1.54911561179463,0,1,1,1,21,1,21zf03,O-M,1,0.3725,0.4197,0.986728279670898,0.994507787068458,0.986023602951189,0.99614570998575,0.939323034689077,0.986728279670898,0.994507787068458,0.986023602951189,0.99614570998575,0.939323034689077,0.523215563592912,1.54911561179463
0.894150333890715,0.519747271902472,1,1,1,1,21,1,21zf03,O-M,1,0.2306,0.0009,0.952897227894415,0.97077727136952,0.919944343253775,0.948997076543246,0.698380132816694,0.952897227894415,0.97077727136952,0.919944343253775,0.948997076543246,0.698380132816694,0.894150333890715,0.519747271902472
0.84418871539905,0.39720342191531,1,1,1,1,21,1,21zf03,O-M,1,0.3504,0.1,0.943275178163745,0.962802716102192,0.900067704261738,0.934817265200151,0.654391270498394,0.943275178163745,0.962802716102192,0.900067704261738,0.934817265200151,0.654391270498394,0.84418871539905,0.39720342191531
0.139807098050559,0.169147240074795,1,1,1,1,21,1,21zf03,O-M,1,0.5976,0.0007,0.874857677422332,0.910715363273196,0.805519761724678,0.900535013890066,0.567159585991367,0.874857677422332,0.910715363273196,0.805519761724678,0.900535013890066,0.567159585991367,0.139807098050559,0.169147240074795
-1.49626495720122,1.57549369475797,0,1,1,1,21,1,21zf03,O-M,1,0.6513,0.0082,0.995645060123988,0.998294296792748,0.994399946156334,0.996437583468537,0.9424287336415,0.995645060123988,0.998294296792748,0.994399946156334,0.996437583468537,0.9424287336415,1.49626495720122,1.57549369475797
-0.544016361048823,1.39292412842117,0,1,1,1,21,1,21zf03,O-M,1,0.5425,0.2303,0.982405365516093,0.992310843264023,0.980410747581284,0.99393574317196,0.918178632399322,0.982405365516093,0.992310843264023,0.980410747581284,0.99393574317196,0.918178632399322,0.544016361048823,1.39292412842117
1.22418377136192,0.899840908303331,1,1,1,1,21,1,21zf03,O-M,1,0.417,0.2741,0.980080766733452,0.989571170455087,0.968093269948406,0.978063374461991,0.815897539668811,0.980080766733452,0.989571170455087,0.968093269948406,0.978063374461991,0.815897539668811,1.22418377136192,0.899840908303331
-1.06522743537092,-1.51198822059654,1,0,0,1,21,1,21zf03,O-M,1,0.4979,0.9954,0.525411279182252,0.402977975622249,0.178297468652307,0.345857269665698,0.065268429600064,0.474588720817748,0.597022024377751,0.821702531347693,0.654142730334302,0.934731570399936,1.06522743537092,1.51198822059654
-0.962502818454503,0.744064827811175,0,1,1,1,21,1,21zf03,O-M,1,0.4581,0.1186,0.966754389928359,0.981340618874587,0.947544387044194,0.968523526308998,0.771581371749529,0.966754389928359,0.981340618874587,0.947544387044194,0.968523526308998,0.771581371749529,0.962502818454503,0.744064827811175
-0.754230146578874,-1.84825685301894,1,1,0,0,21,1,21zf03,O-M,1,0.2117,1.8151,0.560179487610077,0.362016323685402,0.126175843057046,0.231840817321101,0.032282597168417,0.439820512389923,0.637983676314598,0.873824156942954,0.768159182678899,0.967717402831583,0.754230146578874,1.84825685301894
0.209113678757319,1.44609569722915,1,1,1,1,21,1,21zf03,O-M,1,0.3555,0.3083,0.979543920230617,0.991093986603351,0.978818836934529,0.994789756071141,0.925924818790156,0.979543920230617,0.991093986603351,0.978818836934529,0.994789756071141,0.925924818790156,0.209113678757319,1.44609569722915
0.860136728718906,2.12548710961561,1,1,1,1,21,1,21zf03,O-M,1,3.0058,1.5907,0.99728998617799,0.99909400776693,0.997507644216687,0.999404331153445,0.983227005729377,0.99728998617799,0.99909400776693,0.997507644216687,0.999404331153445,0.983227005729377,0.860136728718906,2.12548710961561
0.431812354382859,-1.85054156886616,0,0,0,1,21,1,21zf03,O-M,1,0.7045,3.526,0.616461552124645,0.411762264160131,0.145730837803705,0.231144556680527,0.0321177662498777,0.383538447875355,0.588237735839869,0.854269162196295,0.768855443319473,0.967882233750122,0.431812354382859,1.85054156886616
1.1322896863128,2.21479872909778,1,1,1,1,21,1,21zf03,O-M,1,0.2847,0.5206,0.998384470456302,0.999485565693255,0.998497065969097,0.999566171590227,0.986613058747813,0.998384470456302,0.999485565693255,0.998497065969097,0.999566171590227,0.986613058747813,1.1322896863128,2.21479872909778
0.749912354501313,1.50175968332502,1,1,1,1,21,1,21zf03,O-M,1,0.3676,0.4045,0.988043031328814,0.995021929317598,0.986673461152276,0.995567521597948,0.933420408044606,0.988043031328814,0.995021929317598,0.986673461152276,0.995567521597948,0.933420408044606,0.749912354501313,1.50175968332502
0.874739197346492,1.19934638572958,1,1,1,1,21,1,21zf03,O-M,1,0.3726,2.9656,0.981656019783391,0.991476552873312,0.97651992140277,0.989688203145062,0.884803357222542,0.981656019783391,0.991476552873312,0.97651992140277,0.989688203145062,0.884803357222542,0.874739197346492,1.19934638572958
0.212819441188489,1.5212836187467,1,1,1,1,21,1,21zf03,O-M,1,0.2662,0.2097,0.982344466872084,0.992508535686656,0.982122443147979,0.995814682211092,0.935905660361101,0.982344466872084,0.992508535686656,0.982122443147979,0.995814682211092,0.935905660361101,0.212819441188489,1.5212836187467
-1.2176710315722,-1.83745637810482,1,1,0,0,21,1,21zf03,O-M,1,1.6247,2.3189,0.485039913383133,0.304180311396479,0.106629603645211,0.235147996202576,0.0330712752628681,0.514960086616867,0.695819688603521,0.893370396354789,0.764852003797424,0.966928724737132,1.2176710315722,1.83745637810482
-0.438247724992517,-1.83600246802022,1,1,0,0,21,1,21zf03,O-M,1,0.3972,0.3188,0.615735057502992,0.41405717341416,0.14811698461592,0.235595174600362,0.033178645820312,0.384264942497008,0.58594282658584,0.85188301538408,0.764404825399638,0.966821354179688,0.438247724992517,1.83600246802022
0.855791281106165,1.85215201371204,1,1,1,1,21,1,21zf03,O-M,1,0.4962,0.1181,0.994807163874648,0.998099414818042,0.994774955426183,0.99849937982246,0.967998001378679,0.994807163874648,0.998099414818042,0.994774955426183,0.99849937982246,0.967998001378679,0.855791281106165,1.85215201371204
0.621578272212348,1.8158042615972,1,1,1,1,21,1,21zf03,O-M,1,0.3465,0.1211,0.993009972259581,0.997373070641613,0.993142717328262,0.998312066334386,0.965299798325319,0.993009972259581,0.997373070641613,0.993142717328262,0.998312066334386,0.965299798325319,0.621578272212348,1.8158042615972
-0.975142115317957,0.045357181443696,1,0,0,1,21,1,21zf03,O-M,1,0.8412,1.0899,0.744765879153251,0.806338815012983,0.667383946282454,0.857713224132694,0.481911305048178,0.255234120846749,0.193661184987017,0.332616053717546,0.142286775867306,0.518088694951822,0.975142115317957,0.045357181443696
-0.0076072491369887,-0.969887460483843,1,0,0,1,21,1,21zf03,O-M,1,1.4193,0.2622,0.735761791831077,0.691802838131157,0.431170194103923,0.557870119265488,0.166051295553854,0.264238208168923,0.308197161868843,0.568829805896077,0.442129880734512,0.833948704446146,0.0076072491369887,0.969887460483843
0.239443579607667,1.93315557556796,1,1,1,1,21,1,21zf03,O-M,1,0.4371,2.8245,0.992802344474551,0.997331416775283,0.993520261535292,0.998850503261715,0.973391482254732,0.992802344474551,0.997331416775283,0.993520261535292,0.998850503261715,0.973391482254732,0.239443579607667,1.93315557556796
0.789793416855807,1.73085437236881,1,1,1,1,21,1,21zf03,O-M,1,0.8712,2.6131,0.992779857037067,0.997234323673129,0.992513340369911,0.997788566598774,0.958261129324664,0.992779857037067,0.997234323673129,0.992513340369911,0.997788566598774,0.958261129324664,0.789793416855807,1.73085437236881
-0.229952995007179,-0.820965527533342,1,1,0,0,21,1,21zf03,O-M,1,0.3507,1.6125,0.715131227400769,0.695449962931796,0.456249282334175,0.615809514362792,0.205832952094217,0.284868772599231,0.304550037068204,0.543750717665825,0.384190485637208,0.794167047905783,0.229952995007179,0.820965527533342
-0.567464131669856,1.19789247564499,0,1,1,1,21,1,21zf03,O-M,1,0.7457,0.1026,0.975645527548692,0.988570534866172,0.970864449816347,0.989648334326038,0.884520560300076,0.975645527548692,0.988570534866172,0.970864449816347,0.989648334326038,0.884520560300076,0.567464131669856,1.19789247564499
-0.0621128382287785,-1.65571761753064,1,1,0,0,21,1,21zf03,O-M,1,0.268,0.19,0.688866074225926,0.522774516785467,0.220538042558013,0.294509292012254,0.0488895089239281,0.311133925774074,0.477225483214533,0.779461957441987,0.705490707987746,0.951110491076072,0.0621128382287785,1.65571761753064
1.41031010108937,0.207364305155537,1,1,1,1,21,1,21zf03,O-M,1,0.2706,0.0006,0.964401242299214,0.973764895662458,0.913237182267229,0.907052901177674,0.582137321465019,0.964401242299214,0.973764895662458,0.913237182267229,0.907052901177674,0.582137321465019,1.41031010108937,0.207364305155537
-1.30806516516109,1.40227069325069,0,1,1,1,21,1,21zf03,O-M,1,0.3284,0.0492,0.992163981799254,0.996687739692013,0.989684480065169,0.994094300957788,0.919582785791226,0.992163981799254,0.996687739692013,0.989684480065169,0.994094300957788,0.919582785791226,1.30806516516109,1.40227069325069
-1.20937718232148,-0.400785513085836,1,0,0,1,21,1,21zf03,O-M,1,1.7391,0.0943,0.65165771133431,0.701576140534237,0.526378758291635,0.762594539060173,0.344289022847132,0.34834228866569,0.298423859465763,0.473621241708365,0.237405460939827,0.655710977152868,1.20937718232148,0.400785513085836
-0.677445866680647,-1.41665325933534,1,0,0,1,21,1,21zf03,O-M,1,0.5755,0.0008,0.593643018699724,0.480302407768731,0.22711410947936,0.381633123331432,0.0782921644386625,0.406356981300276,0.519697592231269,0.77288589052064,0.618366876668568,0.921707835561338,0.677445866680647,1.41665325933534
0.536478084953698,0.669707712056254,1,1,1,1,21,1,21zf03,O-M,1,0.7062,0.3071,0.945577538801201,0.968456822332286,0.921641461729571,0.962882847378351,0.748477932760427,0.945577538801201,0.968456822332286,0.921641461729571,0.962882847378351,0.748477932760427,0.536478084953698,0.669707712056254
0.679238170992574,1.36758455266111,1,1,1,1,21,1,21zf03,O-M,1,2.0926,0.0721,0.983583033393373,0.992798710718697,0.981078897811954,0.993486739120948,0.91427892279063,0.983583033393373,0.992798710718697,0.981078897811954,0.993486739120948,0.91427892279063,0.679238170992574,1.36758455266111
0.143292279384636,1.02570798134099,1,0,1,0,21,1,21zf03,O-M,1,0.4592,3.2725,0.956004816317936,0.977700234849304,0.948602566430763,0.98386970628092,0.84748537443843,0.956004816317936,0.977700234849304,0.948602566430763,0.98386970628092,0.84748537443843,0.143292279384636,1.02570798134099
-0.997288457466139,-1.09533913064019,1,1,0,0,21,1,21zf03,O-M,1,0.5688,0.1434,0.571467263889137,0.525672581132747,0.296872274549978,0.508026062058096,0.136684045152678,0.428532736110863,0.474327418867253,0.703127725450022,0.491973937941904,0.863315954847322,0.997288457466139,1.09533913064019
1.46644799029965,-1.51178051915589,0,1,0,0,21,1,21zf03,O-M,1,0.6055,0.3126,0.46609099011736,0.356843517914226,0.159027745892386,0.345933868858035,0.0652948534223406,0.53390900988264,0.643156482085774,0.840972254107614,0.654066131141965,0.934705146577659,1.46644799029965,1.51178051915589
-0.0725022079018796,-1.83870258674876,1,1,0,0,21,1,21zf03,O-M,1,0.4225,0.5033,0.68176768631243,0.47890906566199,0.177251945597491,0.234765073833372,0.0329794713734448,0.31823231368757,0.52109093433801,0.822748054402509,0.765234926166628,0.967020528626555,0.0725022079018796,1.83870258674876
0.0695740767360069,0.250150801930716,1,1,1,1,21,1,21zf03,O-M,1,0.53,1.2872,0.87870097636138,0.916491865708813,0.819908009377922,0.913969241020044,0.598764634882114,0.87870097636138,0.916491865708813,0.819908009377922,0.913969241020044,0.598764634882114,0.0695740767360069,0.250150801930716
0.792374215691801,1.18709200073086,1,1,1,1,21,1,21zf03,O-M,1,0.4095,0.229,0.979707753317656,0.990503096996814,0.97440533690099,0.989347936168312,0.882404333364511,0.979707753317656,0.990503096996814,0.97440533690099,0.989347936168312,0.882404333364511,0.792374215691801,1.18709200073086
-0.934114031258577,0.303530072179361,0,1,1,1,21,1,21zf03,O-M,1,1.0096,0.3118,0.94292003553379,0.960778300414562,0.891801416818984,0.922048875975,0.619257033269018,0.94292003553379,0.960778300414562,0.891801416818984,0.922048875975,0.619257033269018,0.934114031258577,0.303530072179361
-1.51708781276684,0.0673735341532539,1,1,0,0,21,1,21zf03,O-M,1,0.6505,0.2468,0.695070142631683,0.768516123996216,0.631629331975028,0.85270034763278,0.473142168995102,0.304929857368317,0.231483876003784,0.368370668024972,0.14729965236722,0.526857831004898,1.51708781276684,0.0673735341532539
0.0598464503541861,1.21533939666011,1,1,1,1,21,1,21zf03,O-M,1,0.2554,0.0053,0.965899813574266,0.983813780457345,0.962969700618156,0.990117999477943,0.887881664084802,0.965899813574266,0.983813780457345,0.962969700618156,0.990117999477943,0.887881664084802,0.0598464503541861,1.21533939666011
0.578917888034476,0.695462690697623,1,0,1,0,21,1,21zf03,O-M,1,4.1466,0.0835,0.94916079823597,0.970852933262045,0.926701005591417,0.964923500555377,0.756617307639998,0.94916079823597,0.970852933262045,0.926701005591417,0.964923500555377,0.756617307639998,0.578917888034476,0.695462690697623
1.58562795705924,0.305191683704611,1,1,1,1,21,1,21zf03,O-M,1,2.0091,2.2877,0.974739950112472,0.982160105140286,0.93633084810087,0.922290808961804,0.619889917046349,0.974739950112472,0.982160105140286,0.93633084810087,0.922290808961804,0.619889917046349,1.58562795705924,0.305191683704611
-0.359191459794227,-1.24114554198085,1,1,0,0,21,1,21zf03,O-M,1,0.9366,0.3233,0.658242567399495,0.573109876228346,0.304614080692118,0.449989965151143,0.107275994096417,0.341757432600505,0.426890123771654,0.695385919307882,0.550010034848857,0.892724005903583,0.359191459794227,1.24114554198085
-0.629270955075439,0.366048205816879,0,1,1,1,21,1,21zf03,O-M,1,0.5833,0.0955,0.928528866510108,0.952693081404085,0.881106066121396,0.930764245887149,0.642835447506663,0.928528866510108,0.952693081404085,0.881106066121396,0.930764245887149,0.642835447506663,0.629270955075439,0.366048205816879
0.315102895910718,1.20453892174599,1,1,1,1,21,1,21zf03,O-M,1,0.4359,0.1279,0.970712002496631,0.986172496075887,0.96669307791047,0.989829500846481,0.885809326073455,0.970712002496631,0.986172496075887,0.96669307791047,0.989829500846481,0.885809326073455,0.315102895910718,1.20453892174599
0.792594796788894,0.466783404535139,1,1,1,1,21,1,21zf03,O-M,1,0.2249,0.0006,0.944736074882376,0.964936710807545,0.907084112034494,0.943202860286505,0.67967257483587,0.944736074882376,0.964936710807545,0.907084112034494,0.943202860286505,0.67967257483587,0.792594796788894,0.466783404535139
-0.345780129090946,0.653506999685069,0,1,1,1,21,1,21zf03,O-M,1,0.9545,0.2656,0.935606606436139,0.962406985696804,0.911061320183375,0.961550212432526,0.743285260838406,0.935606606436139,0.962406985696804,0.911061320183375,0.961550212432526,0.743285260838406,0.345780129090946,0.653506999685069
0.693289186877426,1.17255289988493,1,1,1,1,21,1,21zf03,O-M,1,0.3374,0.2233,0.977212994724683,0.989243812423568,0.971743210339259,0.988931581333988,0.879512426664968,0.977212994724683,0.989243812423568,0.971743210339259,0.988931581333988,0.879512426664968,0.693289186877426,1.17255289988493
0.607130210352727,-1.26025407452122,0,0,0,1,21,1,21zf03,O-M,1,1.6118,0.0005,0.616191368211688,0.531514808287004,0.276441946919492,0.442436273253235,0.103788860739575,0.383808631788312,0.468485191712996,0.723558053080508,0.557563726746765,0.896211139260425,0.607130210352727,1.26025407452122
-1.27674264937382,-1.71055079786388,1,1,0,0,21,1,21zf03,O-M,1,0.0775,1.5849,0.481655351955657,0.327360039495023,0.126484591082605,0.275891002719153,0.0435820342087362,0.518344648044343,0.672639960504977,0.873515408917395,0.724108997280847,0.956417965791264,1.27674264937382,1.71055079786388
-1.39812842710434,1.65213552636011,0,0,1,0,21,1,21zf03,O-M,1,0.5415,3.9239,0.99573457888864,0.998371129949888,0.994825091508169,0.997176415320097,0.950746536933898,0.99573457888864,0.998371129949888,0.994825091508169,0.997176415320097,0.950746536933898,1.39812842710434,1.65213552636011
1.15767857058825,1.53229179510148,1,1,1,1,21,1,21zf03,O-M,1,0.2462,0.1968,0.992651162824652,0.997029810090547,0.99116881991982,0.995948536503152,0.937274777541462,0.992651162824652,0.997029810090547,0.99116881991982,0.995948536503152,0.937274777541462,1.15767857058825,1.53229179510148
0.907958710568765,2.23536117172274,1,1,1,1,21,1,21zf03,O-M,1,0.2848,0.2492,0.998044759738206,0.999370967690514,0.99825245861764,0.999597136735899,0.987303176469351,0.998044759738206,0.999370967690514,0.99825245861764,0.999597136735899,0.987303176469351,0.907958710568765,2.23536117172274
1.24641834594894,1.27017257699335,1,1,1,1,21,1,21zf03,O-M,1,0.4701,0.0774,0.989259694686736,0.995201094862275,0.98529279324873,0.991475085301761,0.89798841818201,0.989259694686736,0.995201094862275,0.98529279324873,0.991475085301761,0.89798841818201,1.24641834594894,1.27017257699335
1.43636072865611,0.289198672774083,1,1,1,1,21,1,21zf03,O-M,1,0.0356,2.109,0.968243228100117,0.977554825024074,0.924998627524036,0.919938427515687,0.613785326273913,0.968243228100117,0.977554825024074,0.924998627524036,0.919938427515687,0.613785326273913,1.43636072865611,0.289198672774083
1.33293025222899,1.55908528094613,1,1,1,1,21,1,21zf03,O-M,1,0.4953,0.3039,0.99438580526839,0.997771269367858,0.993035402560493,0.996258453575145,0.940511901540926,0.99438580526839,0.997771269367858,0.993035402560493,0.996258453575145,0.940511901540926,1.33293025222899,1.55908528094613
1.55772444827692,1.26082601216382,1,1,1,1,21,1,21zf03,O-M,1,0.2829,0.2318,0.992820475441479,0.996805402173882,0.989149178553479,0.991256021768496,0.896314230131569,0.992820475441479,0.996805402173882,0.989149178553479,0.991256021768496,0.896314230131569,1.55772444827692,1.26082601216382
0.453605766775691,0.68196209705497,1,1,1,1,21,1,21zf03,O-M,1,2.7316,0.6963,0.942747958827271,0.966977881390568,0.919651260369868,0.963865590489503,0.752368540943073,0.942747958827271,0.966977881390568,0.919651260369868,0.963865590489503,0.752368540943073,0.453605766775691,0.68196209705497
1.067615308645,-0.630087903570288,0,1,0,0,21,1,21zf03,O-M,1,0.8979,2.2285,0.626183261383436,0.650460345531006,0.451233617940421,0.686293378328852,0.264318536755308,0.373816738616564,0.349539654468994,0.548766382059579,0.313706621671148,0.735681463244692,1.067615308645,0.630087903570288
1.22839687031641,2.19112076486297,1,1,1,1,21,1,21zf03,O-M,1,0.4003,3.4325,0.998469173604178,0.999512218777405,0.998541289392371,0.99952778744541,0.985778472773959,0.998469173604178,0.999512218777405,0.998541289392371,0.99952778744541,0.985778472773959,1.22839687031641,2.19112076486297
-0.231188249150902,1.95267951098964,0,1,1,1,21,1,21zf03,O-M,1,0.3794,0.3577,0.993082390625841,0.997449317048719,0.993812600766668,0.998923015658055,0.974571208503601,0.993082390625841,0.997449317048719,0.993812600766668,0.998923015658055,0.974571208503601,0.231188249150902,1.95267951098964
-1.36598976125783,-0.61409489263976,1,1,0,0,21,1,21zf03,O-M,1,1.2885,0.4189,0.593959413160612,0.627776053799319,0.438182842566884,0.691942496720876,0.269576311526772,0.406040586839388,0.372223946200681,0.561817157433116,0.308057503279124,0.730423688473228,1.36598976125783,0.61409489263976
-1.02503755948049,0.477999282330575,0,0,1,0,21,1,21zf03,O-M,1,2.0138,0.0099,0.956939219533122,0.972695123841508,0.921989446312135,0.944471272343514,0.683674642081252,0.956939219533122,0.972695123841508,0.921989446312135,0.944471272343514,0.683674642081252,1.02503755948049,0.477999282330575
-1.49754432756436,1.94250214039749,0,1,1,1,21,1,21zf03,O-M,1,0.4248,0.1166,0.998033924167481,0.999329667218414,0.997831068626189,0.998885757051222,0.973961829461939,0.998033924167481,0.999329667218414,0.997831068626189,0.998885757051222,0.973961829461939,1.49754432756436,1.94250214039749
-0.20974776651342,1.6384272312768,0,1,1,1,21,1,21zf03,O-M,1,3.1343,3.7717,0.986014345387981,0.994291942399862,0.986332852248622,0.99705538677371,0.949333698783034,0.986014345387981,0.994291942399862,0.986332852248622,0.99705538677371,0.949333698783034,0.20974776651342,1.6384272312768
0.961626091491599,1.29011191529634,1,1,1,1,21,1,21zf03,O-M,1,0.5904,0.245,0.985649566958204,0.993583164677369,0.981894288746691,0.991926387662969,0.901494098294728,0.985649566958204,0.993583164677369,0.981894288746691,0.991926387662969,0.901494098294728,0.961626091491599,1.29011191529634
-0.801169804040359,1.83948222583201,0,1,1,1,21,1,21zf03,O-M,1,0.3312,0.0309,0.994366466745564,0.997922345203771,0.994358678770583,0.998436356093865,0.967077855080207,0.994366466745564,0.997922345203771,0.994358678770583,0.998436356093865,0.967077855080207,0.801169804040359,1.83948222583201
-0.534641664422352,-1.38383643171166,1,0,0,1,21,1,21zf03,O-M,1,0.9494,0.346,0.619423608618142,0.509884155917005,0.247316497019942,0.394204343922089,0.0832042724449737,0.380576391381858,0.490115844082995,0.752683502980058,0.605795656077911,0.916795727555026,0.534641664422352,1.38383643171166
-0.72577518505382,-1.68479581922251,1,0,0,1,21,1,21zf03,O-M,1,2.5627,0.3083,0.571215765152602,0.405220670987951,0.159831216312246,0.284563738689011,0.0460139859103987,0.428784234847398,0.594779329012049,0.840168783687754,0.715436261310989,0.953986014089601,0.72577518505382,1.68479581922251
-0.398101965321511,1.19664626700105,0,1,1,1,21,1,21zf03,O-M,1,0.5256,0.005,0.972080471564244,0.986817937067494,0.967677614956483,0.989614054158193,0.884277770595008,0.972080471564244,0.986817937067494,0.967677614956483,0.989614054158193,0.884277770595008,0.398101965321511,1.19664626700105
-0.497319342794141,0.15626975075411,1,0,0,1,21,1,21zf03,O-M,1,0.8869,0.1828,0.770498318127376,0.816215008797404,0.662109868948745,0.831268252524592,0.437910199392367,0.229501681872624,0.183784991202596,0.337890131051255,0.168731747475408,0.562089800607633,0.497319342794141,0.15626975075411
-0.0173348755188095,-0.587509108235766,1,0,0,1,21,1,21zf03,O-M,1,2.7607,0.2635,0.770046355324136,0.773452328967833,0.560975981532755,0.70123288769118,0.278430917541678,0.229953644675864,0.226547671032167,0.439024018467245,0.29876711230882,0.721569082458322,0.0173348755188095,0.587509108235766
1.07769586478217,1.48514356807252,1,0,1,0,21,1,21zf03,O-M,1,0.5559,0.5011,0.991170160181754,0.996354083551151,0.98938979210529,0.995346988089504,0.931247101492434,0.991170160181754,0.996354083551151,0.98938979210529,0.995346988089504,0.931247101492434,1.07769586478217,1.48514356807252
-0.518583360553949,1.33497542647808,0,1,1,1,21,1,21zf03,O-M,1,0.3417,0.1878,0.980033488823702,0.991079386541576,0.9774353398719,0.992865799422228,0.909057805355494,0.980033488823702,0.991079386541576,0.9774353398719,0.992865799422228,0.909057805355494,0.518583360553949,1.33497542647808
1.30615170704185,-0.921908427692259,0,1,0,0,21,1,21zf03,O-M,1,0.3772,0.4857,0.550860504441184,0.54195452993429,0.333246761904867,0.576736036276637,0.178288171397401,0.449139495558816,0.45804547006571,0.666753238095133,0.423263963723363,0.821711828602599,1.30615170704185,0.921908427692259
-1.47314805822582,-1.10759351563891,1,0,0,1,21,1,21zf03,O-M,1,2.4261,0.036,0.504474615210551,0.469827245729795,0.264727427770395,0.503137778908534,0.134018702558656,0.495525384789449,0.530172754270205,0.735272572229605,0.496862221091466,0.865981297441344,1.47314805822582,1.10759351563891
1.12823099412628,1.2068236375932,1,1,1,1,21,1,21zf03,O-M,1,0.5705,0.3902,0.986208122716219,0.993655374319367,0.981223168834258,0.989891134844157,0.886249964582218,0.986208122716219,0.993655374319367,0.981223168834258,0.989891134844157,0.886249964582218,1.12823099412628,1.2068236375932
0.967074444589807,1.17899164454527,1,1,1,1,21,1,21zf03,O-M,1,0.3447,0.6145,0.982733953588749,0.99193282998495,0.977209671897631,0.989117681986483,0.880799248522192,0.982733953588749,0.99193282998495,0.977209671897631,0.989117681986483,0.880799248522192,0.967074444589807,1.17899164454527
0.900878057352065,1.40912484079235,1,1,1,1,21,1,21zf03,O-M,1,0.1275,0.2952,0.987684691113508,0.994728002566958,0.985357762973368,0.994208228865084,0.92060087161489,0.987684691113508,0.994728002566958,0.985357762973368,0.994208228865084,0.92060087161489,0.900878057352065,1.40912484079235
1.43536811371919,0.517877958936566,1,1,1,1,21,1,21zf03,O-M,1,0.2621,0.2596,0.97511167742496,0.984356896332867,0.947956591734598,0.948800909539548,0.697728289422671,0.97511167742496,0.984356896332867,0.947956591734598,0.948800909539548,0.697728289422671,1.43536811371919,0.517877958936566
-0.529105078885306,-0.539945478325495,1,1,0,0,21,1,21zf03,O-M,1,0.5399,0.0006,0.707896202240256,0.727906296489124,0.525964446354486,0.717527922370208,0.294617316547282,0.292103797759744,0.272093703510876,0.474035553645514,0.282472077629792,0.705382683452718,0.529105078885306,0.539945478325495
-0.499657502423332,1.27598821733172,0,1,1,1,21,1,21zf03,O-M,1,0.3441,0.1816,0.977488787938447,0.989715095750515,0.974136442842605,0.991608947972071,0.899020157865974,0.977488787938447,0.989715095750515,0.974136442842605,0.991608947972071,0.899020157865974,0.499657502423332,1.27598821733172
0.178078402023012,-1.08106515814223,0,1,0,0,21,1,21zf04,M-O,1,1.1631,0.5952,0.699834086737363,0.640360458035135,0.374196453269888,0.51371839000367,0.139834065305843,0.300165913262637,0.359639541964865,0.625803546730112,0.48628160999633,0.860165934694157,0.178078402023012,1.08106515814223
0.935357854655542,0.693972988278416,1,1,1,1,21,1,21zf04,M-O,1,0.3537,0.0061,0.963489713879669,0.979050196264343,0.941644364488577,0.964808029080529,0.756150425597062,0.963489713879669,0.979050196264343,0.941644364488577,0.964808029080529,0.756150425597062,0.935357854655542,0.693972988278416
-1.03863663734105,1.35990732040352,0,1,1,1,21,1,21zf04,M-O,1,0.1655,0.0061,0.988341083004038,0.994940334893824,0.985420318224799,0.993345018123733,0.913070372919003,0.988341083004038,0.994940334893824,0.985420318224799,0.993345018123733,0.913070372919003,1.03863663734105,1.35990732040352
0.170808851600045,0.591380720020256,1,1,1,1,21,1,21zf04,M-O,1,0.9189,2.341,0.921485292098962,0.952968229572494,0.893595274737882,0.956074061583319,0.722867322207662,0.921485292098962,0.952968229572494,0.893595274737882,0.956074061583319,0.722867322207662,0.170808851600045,0.591380720020256
-1.17509648385217,1.35505453626746,0,1,1,1,21,1,21zf04,M-O,1,0.2712,2.9642,0.989934189769555,0.99564422318333,0.986951433915322,0.993254036386186,0.912299908922492,0.989934189769555,0.99564422318333,0.986951433915322,0.993254036386186,0.912299908922492,1.17509648385217,1.35505453626746
0.864947066273088,0.140998235974864,1,1,1,1,21,1,21zf04,M-O,1,0.3284,0.3313,0.928614641370015,0.947089562988662,0.858279649389905,0.895524850774701,0.556064332045192,0.928614641370015,0.947089562988662,0.858279649389905,0.895524850774701,0.556064332045192,0.864947066273088,0.140998235974864
2.02080558352488,1.13533370545269,1,1,1,1,21,1,21zf04,M-O,1,0.1512,0.291,0.995868418829091,0.998067961642962,0.992045634447859,0.987800660109188,0.871882237501815,0.995868418829091,0.998067961642962,0.992045634447859,0.987800660109188,0.871882237501815,2.02080558352488,1.13533370545269
2.03762940021803,1.16480334002437,1,1,1,1,21,1,21zf04,M-O,1,0.138,0.2267,0.99618494657058,0.998240986565497,0.992724342111929,0.988703928339037,0.877950696701618,0.99618494657058,0.998240986565497,0.992724342111929,0.988703928339037,0.877950696701618,2.03762940021803,1.16480334002437
-0.514605902565437,-1.27131635438532,1,0,0,1,21,1,21zf04,M-O,1,0.3663,0.2747,0.63042884401217,0.542023900702377,0.281124250615827,0.438072668103751,0.101808063235058,0.36957115598783,0.457976099297623,0.718875749384173,0.561927331896249,0.898191936764942,0.514605902565437,1.27131635438532
2.20732147723415,1.29386533993374,1,1,1,1,21,1,21zf04,M-O,1,0.0007,0.2743,0.997797788393806,0.999046476867075,0.995799802801114,0.992008952720705,0.902144030781867,0.997797788393806,0.999046476867075,0.995799802801114,0.992008952720705,0.902144030781867,2.20732147723415,1.29386533993374
0.982713783125157,0.0637948519921587,1,1,1,1,21,1,21zf04,M-O,1,0.1249,0.1636,0.932388028403803,0.947620051982084,0.854214878771562,0.880851414462569,0.52543321128697,0.932388028403803,0.947620051982084,0.854214878771562,0.880851414462569,0.52543321128697,0.982713783125157,0.0637948519921587
-1.68894984803563,0.356572142164286,0,1,1,1,21,1,21zf04,M-O,1,0.269,0.0061,0.979523420251815,0.985857153006929,0.947136686948979,0.929493744615076,0.639293932171466,0.979523420251815,0.985857153006929,0.947136686948979,0.929493744615076,0.639293932171466,1.68894984803563,0.356572142164286
1.5530619391671,1.11934157591341,1,1,1,1,21,1,21zf04,M-O,1,0.1365,0.0061,0.990832510289494,0.995660278954692,0.985191713833313,0.987284772795899,0.868502777369023,0.990832510289494,0.995660278954692,0.985191713833313,0.987284772795899,0.868502777369023,1.5530619391671,1.11934157591341
1.00265312142815,1.40726608194948,1,1,1,1,21,1,21zf04,M-O,1,0.6113,0.0061,0.988888154697181,0.995258856366907,0.986473926608183,0.994177527381666,0.920325748514638,0.988888154697181,0.995258856366907,0.986473926608183,0.994177527381666,0.920325748514638,1.00265312142815,1.40726608194948
1.66854394017195,0.696377322236734,1,1,1,1,21,1,21zf04,M-O,1,0.1218,0.0062,0.985754159971512,0.991763963062251,0.969988236577323,0.964994242323244,0.756903719377114,0.985754159971512,0.991763963062251,0.969988236577323,0.964994242323244,0.756903719377114,1.66854394017195,0.696377322236734
-0.804349412280846,0.624931104888168,0,1,1,1,21,1,21zf04,M-O,1,0.2959,0.1143,0.954619946786883,0.973170796264908,0.928294292560752,0.959104715218622,0.733991861777924,0.954619946786883,0.973170796264908,0.928294292560752,0.959104715218622,0.733991861777924,0.804349412280846,0.624931104888168
0.500223336480789,-0.800331595871404,0,1,0,0,21,1,21zf04,M-O,1,0.3567,0.0061,0.677741885539822,0.666393439282519,0.436121216623474,0.623667478917433,0.211759350802463,0.322258114460178,0.333606560717481,0.563878783376526,0.376332521082567,0.788240649197537,0.500223336480789,0.800331595871404
0.847915548139279,0.818204262161443,1,1,1,1,21,1,21zf04,M-O,1,0.1076,0.227,0.966211295397112,0.981630827685612,0.950042139045282,0.97342271849098,0.793379719078968,0.966211295397112,0.981630827685612,0.950042139045282,0.97342271849098,0.793379719078968,0.847915548139279,0.818204262161443
1.26622624962088,0.582888347782158,1,1,1,1,21,1,21zf04,M-O,1,0.1427,0.0061,0.971237724227542,0.982561184080152,0.945703658336757,0.955278873454525,0.720015767394235,0.971237724227542,0.982561184080152,0.945703658336757,0.955278873454525,0.720015767394235,1.26622624962088,0.582888347782158
2.19402858503215,0.376380324683277,1,1,1,1,21,1,21zf04,M-O,1,0.0486,0.1312,0.991833805383599,0.994250982026775,0.971925162603214,0.932129343265553,0.646682914454738,0.991833805383599,0.994250982026775,0.971925162603214,0.932129343265553,0.646682914454738,2.19402858503215,0.376380324683277
1.5649009212845,0.638695365346799,1,1,1,1,21,1,21zf04,M-O,1,0.1561,0.0061,0.98208158432726,0.989361634184745,0.96280392497094,0.960297956329775,0.738489435834702,0.98208158432726,0.989361634184745,0.96280392497094,0.960297956329775,0.738489435834702,1.5649009212845,0.638695365346799
2.2123063118099,1.04906443837944,1,1,1,1,21,1,21zf04,M-O,1,0.1999,0.0061,0.996723225122711,0.998402006173216,0.992732505630575,0.984787894067211,0.852925769077463,0.996723225122711,0.998402006173216,0.992732505630575,0.984787894067211,0.852925769077463,2.2123063118099,1.04906443837944
0.7448956335738,0.185952663562507,1,1,1,1,21,1,21zf04,M-O,1,0.1014,0.0356,0.923094807145615,0.944496217495094,0.856789126574338,0.903441181275209,0.573759058602797,0.923094807145615,0.944496217495094,0.856789126574338,0.903441181275209,0.573759058602797,0.7448956335738,0.185952663562507
1.88829206438622,0.0916542445550606,1,1,1,1,21,1,21zf04,M-O,1,0.0006,0.0461,0.981056169873514,0.984578916151385,0.935239389951974,0.886305702148877,0.536513624069672,0.981056169873514,0.984578916151385,0.935239389951974,0.886305702148877,0.536513624069672,1.88829206438622,0.0916542445550606
-0.968641251839905,-0.0013648040892442,1,0,0,1,21,1,21zf04,M-O,1,0.0005,0.7412,0.753959279972728,0.816249491751342,0.682455117933989,0.86738057694488,0.499455522113368,0.246040720027272,0.183750508248658,0.317544882066011,0.13261942305512,0.500544477886632,0.968641251839905,0.0013648040892442
1.59792545034884,1.37305395379029,1,1,1,1,21,1,21zf04,M-O,1,0.024,0.1456,0.994462465591109,0.997653341289128,0.991959105782467,0.99358606895398,0.915132212853238,0.994462465591109,0.997653341289128,0.991959105782467,0.99358606895398,0.915132212853238,1.59792545034884,1.37305395379029
-0.684297979581558,-0.254106625138911,1,0,0,1,21,1,21zf04,M-O,1,0.0757,0.0518,0.734612568465832,0.780626870291256,0.614740846027683,0.805477957672724,0.39970659260331,0.265387431534168,0.219373129708744,0.385259153972317,0.194522042327276,0.60029340739669,0.684297979581558,0.254106625138911
-0.308773774875137,-1.46520713873046,1,0,0,1,21,1,21zf04,M-O,1,0.2046,0.1639,0.653233876640528,0.525034204254591,0.24528262039307,0.363263802230669,0.0714322062628064,0.346766123359472,0.474965795745409,0.75471737960693,0.636736197769332,0.928567793737194,0.308773774875137,1.46520713873046
0.323469410482357,0.752074049252829,1,1,1,1,21,1,21zf04,M-O,1,0.1468,0.1638,0.942382527423586,0.967670146369456,0.923526384174099,0.969086395966251,0.773996735519949,0.942382527423586,0.967670146369456,0.923526384174099,0.969086395966251,0.773996735519949,0.323469410482357,0.752074049252829
1.6000024647554,1.45619096928481,1,0,1,0,21,1,21zf04,M-O,1,0.3811,0.0061,0.995273058789246,0.99806513845571,0.993392612008787,0.994939239315703,0.927330082356166,0.995273058789246,0.99806513845571,0.993392612008787,0.994939239315703,0.927330082356166,1.6000024647554,1.45619096928481
-0.74390829304989,-0.899394566576069,1,1,0,0,21,1,21zf04,M-O,1,0.9152,0.0062,0.630719739156079,0.610710353750224,0.380354017516203,0.585531176995834,0.184221266138843,0.369280260843921,0.389289646249776,0.619645982483797,0.414468823004166,0.815778733861157,0.74390829304989,0.899394566576069
2.190497660541,0.541264694760625,1,1,1,1,21,1,21zf04,M-O,1,0.1322,0.0061,0.993152884546826,0.995620647734778,0.979064937806607,0.951212308919159,0.705837424311358,0.993152884546826,0.995620647734778,0.979064937806607,0.951212308919159,0.705837424311358,2.190497660541,0.541264694760625
-1.78179239200895,1.2246028754464,0,1,1,1,21,1,21zf04,M-O,1,0.9435,0.0061,0.994601704630396,0.997570631890531,0.991014177039019,0.990359723274403,0.889637558004819,0.994601704630396,0.997570631890531,0.991014177039019,0.990359723274403,0.889637558004819,1.78179239200895,1.2246028754464
-1.14913380377015,0.516780192983253,0,1,1,1,21,1,21zf04,M-O,1,0.3366,0.3232,0.964184441384911,0.977641637226806,0.933277317575105,0.948685429719107,0.697345195883992,0.964184441384911,0.977641637226806,0.933277317575105,0.948685429719107,0.697345195883992,1.14913380377015,0.516780192983253
-1.86383446106816,0.605542026453655,0,1,1,1,21,1,21zf04,M-O,1,0.3138,0.2096,0.988387288540807,0.992927871581335,0.971677509142394,0.957374666855903,0.727590545380841,0.988387288540807,0.992927871581335,0.971677509142394,0.957374666855903,0.727590545380841,1.86383446106816,0.605542026453655
1.27162648707794,0.990632505759387,1,0,1,0,21,1,21zf04,M-O,1,0.7394,0.5626,0.98357890827614,0.991743543592455,0.974366765874835,0.98240179087158,0.839067470396479,0.98357890827614,0.991743543592455,0.974366765874835,0.98240179087158,0.839067470396479,1.27162648707794,0.990632505759387
1.19477695403514,1.10262152875373,1,1,1,1,21,1,21zf04,M-O,1,0.1364,0.3097,0.98485402749287,0.992735005168788,0.978034031798335,0.986725323527349,0.864904221494411,0.98485402749287,0.992735005168788,0.978034031798335,0.986725323527349,0.864904221494411,1.19477695403514,1.10262152875373
0.295637417434425,0.707406377091406,1,1,1,1,21,1,21zf04,M-O,1,0.2841,0.0995,0.937670448997464,0.964386337209021,0.916503662620557,0.965838096572699,0.760343012463281,0.937670448997464,0.964386337209021,0.916503662620557,0.965838096572699,0.760343012463281,0.295637417434425,0.707406377091406
-0.61741811569026,-0.680467827710827,1,0,0,1,21,1,21zf04,M-O,1,0.2719,0.405,0.676601163512384,0.683418619177629,0.467907800068954,0.668215525133134,0.248104143079931,0.323398836487616,0.316581380822371,0.532092199931046,0.331784474866866,0.751895856920069,0.61741811569026,0.680467827710827
-1.22536023249098,0.361049938435282,0,1,1,1,21,1,21zf04,M-O,1,0.3717,0.0061,0.961209806728194,0.973815069699481,0.919695775278345,0.930096320076518,0.640968942077312,0.961209806728194,0.973815069699481,0.919695775278345,0.930096320076518,0.640968942077312,1.22536023249098,0.361049938435282
-0.671835893142186,1.26492509999508,0,1,1,1,21,1,21zf04,M-O,1,0.2588,0.0062,0.980153390120178,0.990950834896535,0.976310103937697,0.991352696032065,0.897050910640406,0.980153390120178,0.990950834896535,0.976310103937697,0.991352696032065,0.897050910640406,0.671835893142186,1.26492509999508
0.365217400054254,-0.821088277107897,0,1,0,0,21,1,21zf04,M-O,1,0.3848,0.0061,0.695070735915723,0.677996441582925,0.442035177088795,0.615762621631357,0.205797993470588,0.304929264084277,0.322003558417075,0.557964822911205,0.384237378368643,0.794202006529412,0.365217400054254,0.821088277107897
-1.542520332373,1.4656097821307,0,1,1,1,21,1,21zf04,M-O,1,0.2588,4.0861,0.994946951625463,0.997935427218292,0.993087400063908,0.995075249971064,0.928622687613735,0.994946951625463,0.997935427218292,0.993087400063908,0.995075249971064,0.928622687613735,1.542520332373,1.4656097821307
0.351924507852257,-1.49750021134494,0,0,0,1,21,1,21zf04,M-O,1,1.1535,0.3438,0.644133652981021,0.509938935331995,0.232721750655121,0.351215339765559,0.0671315753174822,0.355866347018979,0.490061064668005,0.767278249344879,0.648784660234441,0.932868424682518,0.351924507852257,1.49750021134494
-1.53109675313691,1.07573269301804,0,1,1,1,21,1,21zf04,M-O,1,0.4635,0.0734,0.989850162390221,0.995099513095903,0.983381259013616,0.985781032543249,0.858976589177753,0.989850162390221,0.995099513095903,0.983381259013616,0.985781032543249,0.858976589177753,1.53109675313691,1.07573269301804
0.42295840055668,0.753176954738296,1,0,1,0,21,1,21zf04,M-O,1,1.0694,0.0061,0.946573620031786,0.970063352435542,0.927470960062913,0.96916324903199,0.774328207141132,0.946573620031786,0.970063352435542,0.927470960062913,0.96916324903199,0.774328207141132,0.42295840055668,0.753176954738296
2.23972290197652,0.863489561394727,1,1,1,1,21,1,21zf04,M-O,1,0.3885,2.7068,0.99591304729366,0.997806061889449,0.98964358753219,0.976089092119959,0.806065821866112,0.99591304729366,0.997806061889449,0.98964358753219,0.976089092119959,0.806065821866112,2.23972290197652,0.863489561394727
0.163747002617734,-1.45748680033219,1,0,0,1,21,1,21zf04,M-O,1,1.0038,0.2906,0.678833057245404,0.55141511933493,0.261785738959102,0.366164926030532,0.0724910261788775,0.321166942754596,0.44858488066507,0.738214261040898,0.633835073969468,0.927508973821123,0.163747002617734,1.45748680033219
0.389933871492343,1.28947577610158,1,0,1,0,21,1,21zf04,M-O,1,0.3479,0.0517,0.976060618212842,0.989071327649077,0.973167277126481,0.991912320282145,0.901383633729279,0.976060618212842,0.989071327649077,0.973167277126481,0.991912320282145,0.901383633729279,0.389933871492343,1.28947577610158
-1.03593651861252,0.0747797906274122,0,1,1,1,21,1,21zf04,M-O,1,0.319,0.0061,0.936750876724943,0.951123533317285,0.861211127903471,0.883023693534354,0.529805039234237,0.936750876724943,0.951123533317285,0.861211127903471,0.883023693534354,0.529805039234237,1.03593651861252,0.0747797906274122
-0.606202237894825,-0.185704426930235,1,1,0,0,21,1,21zf04,M-O,1,0.6417,0.4352,0.754421418296786,0.801774185984244,0.644064302498539,0.823750873350525,0.426338278261876,0.245578581703214,0.198225814015756,0.355935697501461,0.176249126649475,0.573661721738124,0.606202237894825,0.185704426930235
-1.64076311380339,1.17675883548683,0,1,1,1,21,1,21zf04,M-O,1,0.2329,0.3057,0.992682378931637,0.9966277606952,0.988147279907372,0.989053457311347,0.880354111457206,0.992682378931637,0.9966277606952,0.988147279907372,0.989053457311347,0.880354111457206,1.64076311380339,1.17675883548683
-1.26440810333434,0.683980664580083,0,1,1,1,21,1,21zf04,M-O,1,0.1984,0.4822,0.974569171157987,0.985303704918427,0.954308462839246,0.964025407520674,0.753006312281608,0.974569171157987,0.985303704918427,0.954308462839246,0.964025407520674,0.753006312281608,1.26440810333434,0.683980664580083
-0.317289533942041,0.255369534817814,0,1,1,1,21,1,21zf04,M-O,1,0.6604,0.0061,0.897768038666849,0.929424503769634,0.838240144137756,0.914785768637124,0.600781150708272,0.897768038666849,0.929424503769634,0.838240144137756,0.914785768637124,0.600781150708272,0.317289533942041,0.255369534817814
-0.245424835474993,1.29366681694636,0,0,1,0,21,1,21zf04,M-O,1,0.8417,0.0061,0.973629395206013,0.987911411645224,0.971205183753358,0.992004604424833,0.9021097340169,0.973629395206013,0.987911411645224,0.971205183753358,0.992004604424833,0.9021097340169,0.245424835474993,1.29366681694636
1.14202078810847,0.124917873996752,1,1,1,1,21,1,21zf04,M-O,1,0.26,0.7368,0.946269131094779,0.959283703947568,0.879448343804919,0.892581955498463,0.549705716096123,0.946269131094779,0.959283703947568,0.879448343804919,0.892581955498463,0.549705716096123,1.14202078810847,0.124917873996752
0.0592731779676618,0.919958322250648,0,1,1,1,21,1,21zf04,M-O,1,1.6363,0.0512,0.945600482510515,0.971262966369822,0.935267832047231,0.979095542147985,0.821202730351879,0.945600482510515,0.971262966369822,0.935267832047231,0.979095542147985,0.821202730351879,0.0592731779676618,0.919958322250648
1.87645308226881,0.817189589114813,1,1,1,1,21,1,21zf04,M-O,1,0.2425,3.028,0.99136844816379,0.995285911583474,0.981307219148915,0.973360239041701,0.79308995442962,0.99136844816379,0.995285911583474,0.981307219148915,0.973360239041701,0.79308995442962,1.87645308226881,0.817189589114813
1.04398570811874,0.642180546680875,1,1,1,1,21,1,21zf04,M-O,1,0.3497,0.9641,0.965283106220762,0.979593802158329,0.941193990343882,0.960595556564867,0.739622018824785,0.965283106220762,0.979593802158329,0.941193990343882,0.960595556564867,0.739622018824785,1.04398570811874,0.642180546680875
-1.21165193740767,1.07449743887431,0,1,1,1,21,1,21zf04,M-O,1,0.2782,0.083,0.984477315772236,0.992467147234618,0.977094284212277,0.985736296178615,0.858700103979641,0.984477315772236,0.992467147234618,0.977094284212277,0.985736296178615,0.858700103979641,1.21165193740767,1.07449743887431
0.586211732912458,0.358535313928417,1,1,1,1,21,1,21zf04,M-O,1,0.3386,0.3689,0.925267413866223,0.950412721356407,0.876957844261709,0.929758417675502,0.640028627345365,0.925267413866223,0.950412721356407,0.876957844261709,0.929758417675502,0.640028627345365,0.586211732912458,0.358535313928417
-0.933539708369006,1.13378963777303,0,1,1,1,21,1,21zf04,M-O,1,0.246,2.5637,0.980732977183947,0.990824648507125,0.974326676015292,0.987751654180815,0.871558600680383,0.980732977183947,0.990824648507125,0.974326676015292,0.987751654180815,0.871558600680383,0.933539708369006,1.13378963777303
-0.275541544370143,0.30965454281251,0,1,1,1,21,1,21zf04,M-O,1,0.2532,0.2284,0.900175556918954,0.932737824691946,0.846878777324338,0.922937785921507,0.621588162863907,0.900175556918954,0.932737824691946,0.846878777324338,0.922937785921507,0.621588162863907,0.275541544370143,0.30965454281251
1.04627042396596,0.219811861966351,1,1,1,1,21,1,21zf04,M-O,1,0.2792,0.0061,0.945070861499797,0.960511406096912,0.886961871668305,0.909106118344356,0.58699115947498,0.945070861499797,0.960511406096912,0.886961871668305,0.909106118344356,0.58699115947498,1.04627042396596,0.219811861966351
-1.82063256141167,1.57023139648212,0,1,1,1,21,1,21zf04,M-O,1,0.3216,0.0061,0.997331638859731,0.998966423802612,0.996212516519688,0.996380992135051,0.941819356096241,0.997331638859731,0.998966423802612,0.996212516519688,0.996380992135051,0.941819356096241,1.82063256141167,1.57023139648212
-1.45653193594134,0.371461366218093,0,1,1,1,21,1,21zf04,M-O,1,0.3525,0.0061,0.971598181986972,0.98075125317194,0.93520930339938,0.931482056861517,0.644853036973852,0.971598181986972,0.98075125317194,0.93520930339938,0.931482056861517,0.644853036973852,1.45653193594134,0.371461366218093
1.56012378814941,0.859872031402394,1,1,1,1,21,1,21zf04,M-O,1,0.2932,0.0061,0.986549759250677,0.992828408089671,0.975191164064736,0.975884694088509,0.805070206326843,0.986549759250677,0.992828408089671,0.975191164064736,0.975884694088509,0.805070206326843,1.56012378814941,0.859872031402394
-1.08100773123491,0.702950638930119,0,1,1,1,21,1,21zf04,M-O,1,0.1768,0.0061,0.969158113116501,0.982360840727072,0.948518042470121,0.965499214824787,0.758956744210227,0.969158113116501,0.982360840727072,0.948518042470121,0.965499214824787,0.758956744210227,1.08100773123491,0.702950638930119
0.301660759213455,-0.101243924853155,0,1,0,0,21,1,21zf04,M-O,1,0.3437,2.481,0.798938239933345,0.841466482170371,0.695168616646402,0.844759893935722,0.459678414420905,0.201061760066655,0.158533517829629,0.304831383353598,0.155240106064278,0.540321585579095,0.301660759213455,0.101243924853155
1.67809820644214,1.35313548072275,1,1,1,1,21,1,21zf04,M-O,1,0.7295,0.0061,0.994918674735909,0.99783338554136,0.992354013684427,0.993217755081761,0.911993823754839,0.994918674735909,0.99783338554136,0.992354013684427,0.993217755081761,0.911993823754839,1.67809820644214,1.35313548072275
-1.78262319777158,1.42539784813056,0,1,1,1,21,1,21zf04,M-O,1,0.4004,0.1467,0.996237707380641,0.998449258159509,0.994339570363275,0.994470938260406,0.922978885125897,0.996237707380641,0.998449258159509,0.994339570363275,0.994470938260406,0.922978885125897,1.78262319777158,1.42539784813056
1.07098689540404,1.12642222913011,1,1,1,1,21,1,21zf04,M-O,1,0.3935,0.0061,0.983179179961936,0.991991127055993,0.976686757616646,0.98751547013802,0.870006578956977,0.983179179961936,0.991991127055993,0.976686757616646,0.98751547013802,0.870006578956977,1.07098689540404,1.12642222913011
-0.740169667118078,1.51292442745724,0,1,1,1,21,1,21zf04,M-O,1,0.5692,0.114,0.988193827187496,0.995102351655392,0.986917473054052,0.995710410293511,0.934850571876942,0.988193827187496,0.995102351655392,0.986917473054052,0.995710410293511,0.934850571876942,0.740169667118078,1.51292442745724
-1.52465800847657,1.23772745072346,0,1,1,1,21,1,21zf04,M-O,1,0.4322,0.0061,0.992161219352444,0.996474583679282,0.988151685236306,0.990693346879944,0.892091431482193,0.992161219352444,0.996474583679282,0.988151685236306,0.990693346879944,0.892091431482193,1.52465800847657,1.23772745072346
1.09591106828279,-0.585728246509193,0,0,0,1,21,1,21zf04,M-O,1,0.4947,2.4355,0.63028791987022,0.660220449649674,0.465499154622141,0.701850634113822,0.279029074556451,0.36971208012978,0.339779550350326,0.534500845377859,0.298149365886178,0.720970925443549,1.09591106828279,0.585728246509193
-1.83994879539269,1.47714617350868,0,1,1,1,21,1,21zf04,M-O,1,0.3212,0.0062,0.996900288738214,0.998752452554394,0.99536495566341,0.99523739520643,0.930181770658487,0.996900288738214,0.998752452554394,0.99536495566341,0.99523739520643,0.930181770658487,1.83994879539269,1.47714617350868
-1.31716426926102,0.505243801605266,0,1,1,1,21,1,21zf04,M-O,1,0.1963,0.0061,0.970461327419351,0.981379753703255,0.940866417830176,0.947459286802669,0.693306195444193,0.970461327419351,0.981379753703255,0.940866417830176,0.947459286802669,0.693306195444193,1.31716426926102,0.505243801605266
1.83096646676511,-1.41760573797769,0,1,0,0,21,1,21zf04,M-O,1,0.4205,0.2453,0.425352119966413,0.346619310254001,0.166257340891797,0.381270042123001,0.0781529519890257,0.574647880033587,0.653380689745999,0.833742659108204,0.618729957876999,0.921847048010974,1.83096646676511,1.41760573797769
-1.73277485201409,0.607924302302264,0,1,1,1,21,1,21zf04,M-O,1,0.3893,0.5507,0.985614685860438,0.991286696944045,0.967181949429882,0.957590369503297,0.728381159729419,0.985614685860438,0.991286696944045,0.967181949429882,0.957590369503297,0.728381159729419,1.73277485201409,0.607924302302264
-1.7113816036265,1.06631388017215,0,1,1,1,21,1,21zf04,M-O,1,0.2467,0.0061,0.99215626538022,0.996203258337108,0.986202608635826,0.985436844643982,0.85685911145685,0.99215626538022,0.996203258337108,0.986202608635826,0.985436844643982,0.85685911145685,1.7113816036265,1.06631388017215
1.03546994905183,-0.890240451046691,0,1,0,0,21,1,21zf04,M-O,1,0.4385,0.0843,0.591075195799344,0.579781607344778,0.361402905835069,0.589095308507792,0.18666839427253,0.408924804200656,0.420218392655222,0.638597094164931,0.410904691492208,0.81333160572747,1.03546994905183,0.890240451046691
-1.88003517343934,0.636996890899179,0,1,1,1,21,1,21zf04,M-O,1,0.2082,0.0199,0.989134906781759,0.993488609278409,0.973780068573864,0.960152262363516,0.737936565610897,0.989134906781759,0.993488609278409,0.973780068573864,0.960152262363516,0.737936565610897,1.88003517343934,0.636996890899179
-0.131812147436048,1.12311351267371,0,1,1,1,21,1,21zf04,M-O,1,0.2427,0.0061,0.962017718201156,0.981414929482351,0.957060954458031,0.98740812265766,0.869305356049373,0.962017718201156,0.981414929482351,0.957060954458031,0.98740812265766,0.869305356049373,0.131812147436048,1.12311351267371
1.05000904989777,-0.585882653277159,0,1,0,0,21,1,21zf04,M-O,1,0.1083,0.0061,0.635739367881986,0.664460165624317,0.468556569891918,0.701797096440583,0.278977187574763,0.364260632118014,0.335539834375683,0.531443430108082,0.298202903559417,0.721022812425237,1.05000904989777,0.585882653277159
-0.699875587630774,0.476259445447188,0,1,1,1,21,1,21zf04,M-O,1,0.3222,0.4664,0.940412719165289,0.962410898212286,0.903085139242203,0.944275991312385,0.68305522317097,0.940412719165289,0.962410898212286,0.903085139242203,0.944275991312385,0.68305522317097,0.699875587630774,0.476259445447188
0.0314411849197301,-1.19223803107732,1,0,0,1,21,1,21zf04,M-O,1,0.4133,0.0198,0.716118821870062,0.63686050596779,0.355538556127901,0.469399603311174,0.116583962561653,0.283881178129938,0.36313949403221,0.644461443872099,0.530600396688826,0.883416037438348,0.0314411849197301,1.19223803107732
-0.0587012403250636,1.25766798190071,0,1,1,1,21,1,21zf04,M-O,1,0.2483,0.0061,0.96826864858583,0.985159229398819,0.965987258470861,0.991180896778382,0.895744071862007,0.96826864858583,0.985159229398819,0.965987258470861,0.991180896778382,0.895744071862007,0.0587012403250636,1.25766798190071
-0.646496317382129,0.562550770630142,0,1,1,1,21,1,21zf04,M-O,1,0.4087,0.0061,0.943448841802662,0.965677462091344,0.912547354515999,0.953327388775627,0.713129588768099,0.943448841802662,0.965677462091344,0.912547354515999,0.953327388775627,0.713129588768099,0.646496317382129,0.562550770630142
1.9965045149681,0.873173071557129,1,1,1,1,21,1,21zf04,M-O,1,0.4427,0.3863,0.99355004984312,0.996569545928383,0.985683109234175,0.976629076910639,0.808715624935227,0.99355004984312,0.996569545928383,0.985683109234175,0.976629076910639,0.808715624935227,1.9965045149681,0.873173071557129
-1.74232911828428,0.807329614074736,0,1,1,1,21,1,21zf04,M-O,1,0.2272,0.4892,0.989061060710267,0.994007802018808,0.977597766226851,0.972746688780455,0.790261696652672,0.989061060710267,0.994007802018808,0.977597766226851,0.972746688780455,0.790261696652672,1.74232911828428,0.807329614074736
-0.982972651245184,1.34563572342157,0,1,1,1,21,1,21zf04,M-O,1,0.1486,0.275,0.987293663836389,0.994444031778333,0.984231672854691,0.993074307421211,0.910789987545178,0.987293663836389,0.994444031778333,0.984231672854691,0.993074307421211,0.910789987545178,0.982972651245184,1.34563572342157
-0.364230059530344,0.325249626377017,0,1,1,1,21,1,21zf04,M-O,1,0.2254,0.4366,0.907825123215618,0.938208353564361,0.855958459595804,0.925166469274043,0.627503923892196,0.907825123215618,0.938208353564361,0.855958459595804,0.925166469274043,0.627503923892196,0.364230059530344,0.325249626377017
0.746764946539706,0.190540750382051,1,1,1,1,21,1,21zf04,M-O,1,0.2111,0.3716,0.923551778877584,0.944941607266375,0.857821666242694,0.904223651916358,0.575557293069455,0.923551778877584,0.944941607266375,0.857821666242694,0.904223651916358,0.575557293069455,0.746764946539706,0.190540750382051
1.36488443393258,1.11768721768521,1,1,1,1,21,1,21zf04,M-O,1,0.1319,1.2043,0.988065389005145,0.994329549020072,0.981885007834506,0.98723034297723,0.8681496980602,0.988065389005145,0.994329549020072,0.981885007834506,0.98723034297723,0.8681496980602,1.36488443393258,1.11768721768521
1.81165023278408,0.126285476798731,1,1,1,1,21,1,21zf04,M-O,1,0.1965,0.0829,0.979060951101108,0.983406116707222,0.933291363360789,0.892834543727973,0.550247023973422,0.979060951101108,0.983406116707222,0.933291363360789,0.892834543727973,0.550247023973422,1.81165023278408,0.126285476798731
0.0733968759322839,-1.50815427833455,1,0,0,1,21,1,21zf04,M-O,1,0.2512,0.2596,0.692396919532891,0.555222557157456,0.257566969307294,0.347272220888109,0.0657575230257166,0.307603080467109,0.444777442842544,0.742433030692706,0.652727779111891,0.934242476974283,0.0733968759322839,1.50815427833455
1.36675374689848,0.395945867995465,1,1,1,1,21,1,21zf04,M-O,1,0.1346,0.006,0.968751892908858,0.979162660680116,0.932447276725048,0.934657314971122,0.653927518711797,0.968751892908858,0.979162660680116,0.932447276725048,0.934657314971122,0.653927518711797,1.36675374689848,0.395945867995465
-0.830727495244184,0.725361678394813,0,1,1,1,21,1,21zf04,M-O,1,0.3736,0.4671,0.961065758951415,0.977969320891155,0.940499282600242,0.967176067680922,0.765884911889022,0.961065758951415,0.977969320891155,0.940499282600242,0.967176067680922,0.765884911889022,0.830727495244184,0.725361678394813
-0.0420851250725671,-0.928731852489497,1,0,0,1,21,1,21zf04,M-O,1,0.3086,0.6734,0.733724614498359,0.696133913668821,0.44085192635162,0.574062653175381,0.17651403454818,0.266275385501641,0.303866086331179,0.55914807364838,0.425937346824619,0.82348596545182,0.0420851250725671,0.928731852489497
0.944912120925727,0.893268009502342,1,1,1,1,21,1,21zf04,M-O,1,0.0814,0.2593,0.972447069824677,0.985503920442353,0.959390279394204,0.977716945277406,0.814143167388794,0.972447069824677,0.985503920442353,0.959390279394204,0.977716945277406,0.814143167388794,0.944912120925727,0.893268009502342
-0.335774962160443,0.617740161122922,0,1,1,1,21,1,21zf04,M-O,1,0.304,0.2044,0.93218864749913,0.95982682506969,0.905371383551439,0.958469847925422,0.731626683068032,0.93218864749913,0.95982682506969,0.905371383551439,0.958469847925422,0.731626683068032,0.335774962160443,0.617740161122922
0.304776280823298,1.43505930018326,1,1,1,1,21,1,21zf04,M-O,1,0.2613,0.2099,0.980456699050394,0.991496733252259,0.979394298332375,0.994621853719046,0.924364899953769,0.980456699050394,0.991496733252259,0.979394298332375,0.994621853719046,0.924364899953769,0.304776280823298,1.43505930018326
-1.77452284158599,-1.35249019811571,1,0,0,1,21,1,21zf04,M-O,1,0.0767,0.3237,0.438605269379647,0.36976730577966,0.183897732079934,0.406316232348654,0.0881092761598163,0.561394730620353,0.63023269422034,0.816102267920066,0.593683767651346,0.911890723840184,1.77452284158599,1.35249019811571
0.362517281325724,1.06093170140307,1,1,1,1,21,1,21zf04,M-O,1,0.7778,2.6113,0.964232420911002,0.982214357868076,0.956952197987467,0.985236964849834,0.855639529462343,0.964232420911002,0.982214357868076,0.956952197987467,0.985236964849834,0.855639529462343,0.362517281325724,1.06093170140307
-1.18672776452892,0.117881336999471,0,1,1,1,21,1,21zf04,M-O,1,0.6062,0.1777,0.948712241508382,0.960894039466031,0.882180725011167,0.891275563293929,0.546919159475591,0.948712241508382,0.960894039466031,0.882180725011167,0.891275563293929,0.546919159475591,1.18672776452892,0.117881336999471
1.76512511007709,1.37823760957199,1,1,1,1,21,1,21zf04,M-O,1,0.1983,0.467,0.995774423719432,0.998221843671293,0.993531244370524,0.993678969730776,0.915935030536197,0.995774423719432,0.998221843671293,0.993531244370524,0.993678969730776,0.915935030536197,1.76512511007709,1.37823760957199
1.37796962469392,0.842556415280559,1,1,1,1,21,1,21zf04,M-O,1,0.3321,0.5007,0.982230632809739,0.990454393100858,0.969156615293741,0.974885888793833,0.800261712222377,0.982230632809739,0.990454393100858,0.969156615293741,0.974885888793833,0.800261712222377,1.37796962469392,0.842556415280559
1.32230563859806,0.788955208686852,1,1,1,1,21,1,21zf04,M-O,1,0.1586,0.3054,0.979422464615338,0.988670829428777,0.964084614889498,0.971571859648256,0.784930906939504,0.979422464615338,0.988670829428777,0.964084614889498,0.971571859648256,0.784930906939504,1.32230563859806,0.788955208686852
1.62804215924399,0.443922256613289,1,1,1,1,21,1,21zf04,M-O,1,0.2601,0.3873,0.979512757784587,0.986533243475717,0.951241633886034,0.940546896390631,0.671450603698456,0.979512757784587,0.986533243475717,0.951241633886034,0.940546896390631,0.671450603698456,1.62804215924399,0.443922256613289
2.20732147723415,1.34303286647587,1,1,1,1,21,1,21zf04,M-O,1,0.0767,0.2254,0.99798289573683,0.99914646220587,0.99626207770309,0.993023900086218,0.910369334113335,0.99798289573683,0.99914646220587,0.99626207770309,0.993023900086218,0.910369334113335,2.20732147723415,1.34303286647587
-1.28912457477243,0.888746097011926,0,1,1,1,21,1,21zf04,M-O,1,0.6396,0.0989,0.981327500036203,0.990177801943943,0.969273796981253,0.977475944140492,0.812930224521616,0.981327500036203,0.990177801943943,0.969273796981253,0.977475944140492,0.812930224521616,1.28912457477243,0.888746097011926
-0.793964340248035,1.29710788206102,0,1,1,1,21,1,21zf04,M-O,1,0.3311,0.2336,0.983235884580675,0.992481338093052,0.979699543135217,0.992079681142284,0.90270296505822,0.983235884580675,0.992481338093052,0.979699543135217,0.992079681142284,0.90270296505822,0.793964340248035,1.29710788206102
-0.364437760971,1.22091917112494,0,1,1,1,21,1,21zf04,M-O,1,0.0755,0.3068,0.972522630617837,0.987127056088633,0.968641442681147,0.990264225584547,0.888941687476373,0.972522630617837,0.987127056088633,0.968641442681147,0.990264225584547,0.888941687476373,0.364437760971,1.22091917112494
-0.355091196141471,1.49900576023065,0,1,1,1,21,1,21zf04,M-O,1,0.1776,0.006,0.983324403436868,0.992920130294251,0.982631690992648,0.995531628984408,0.933063931137844,0.983324403436868,0.992920130294251,0.982631690992648,0.995531628984408,0.933063931137844,0.355091196141471,1.49900576023065
-1.7516756831138,1.17956021541992,0,1,1,1,21,1,21zf04,M-O,1,0.1675,0.0061,0.99388191719148,0.997188982498334,0.989693785133512,0.989133983919034,0.880912412917536,0.99388191719148,0.997188982498334,0.989693785133512,0.989133983919034,0.880912412917536,1.7516756831138,1.17956021541992
-1.90703636072465,0.797271116047275,0,1,1,1,21,1,21zf04,M-O,1,0.1209,0.0515,0.991587409372203,0.995356557863232,0.981296447754273,0.972108684049935,0.787353204230608,0.991587409372203,0.995356557863232,0.981296447754273,0.972108684049935,0.787353204230608,1.90703636072465,0.797271116047275
1.23631724216639,0.576579728405285,1,1,1,1,21,1,21zf04,M-O,1,0.1581,0.4507,0.969926219290416,0.981721506336295,0.943708548870404,0.954680690138349,0.717888301731152,0.969926219290416,0.981721506336295,0.943708548870404,0.954680690138349,0.717888301731152,1.23631724216639,0.576579728405285
1.09030312938507,0.750927027547943,1,1,1,1,21,1,21zf04,M-O,1,0.2742,0.0061,0.971340299674818,0.983959589531187,0.953029811164614,0.969006300682004,0.773651713254164,0.971340299674818,0.983959589531187,0.953029811164614,0.969006300682004,0.773651713254164,1.09030312938507,0.750927027547943
0.183894042361386,-1.19281154192977,0,1,0,0,21,1,21zf04,M-O,1,1.6705,1.4265,0.690715780894299,0.612334693766894,0.337773094793828,0.469171484012284,0.116471594398771,0.309284219105701,0.387665306233106,0.662226905206172,0.530828515987716,0.883528405601229,0.183894042361386,1.19281154192977
0.0495112102568201,1.27057197608068,0,0,1,0,21,1,21zf04,M-O,1,0.3897,0.0062,0.968797008331849,0.985466452404964,0.966729871803676,0.991484338114365,0.898059519064327,0.968797008331849,0.985466452404964,0.966729871803676,0.991484338114365,0.898059519064327,0.0495112102568201,1.27057197608068
-0.0674247008326243,0.857247116346982,0,1,1,1,21,1,21zf04,M-O,1,0.2762,1.6835,0.940771895712822,0.967973618870289,0.927997024777016,0.975735463637848,0.804345835875219,0.940771895712822,0.967973618870289,0.927997024777016,0.975735463637848,0.804345835875219,0.0674247008326243,0.857247116346982
-1.56142116347272,0.199628691582301,0,1,1,1,21,1,21zf04,M-O,1,0.2387,0.371,0.971013849014746,0.978352862716545,0.9233812442034,0.905759757101929,0.57911450660705,0.971013849014746,0.978352862716545,0.9233812442034,0.905759757101929,0.57911450660705,1.56142116347272,0.199628691582301
-0.875798707866581,1.19506706654559,0,1,1,1,21,1,21zf04,M-O,1,0.3689,0.0844,0.981542797257034,0.991409700022236,0.976329921168241,0.989570472072627,0.883969586016347,0.981542797257034,0.991409700022236,0.976329921168241,0.989570472072627,0.883969586016347,0.875798707866581,1.19506706654559
-0.415740016813083,1.54552631360765,0,0,1,0,21,1,21zf04,M-O,1,0.6817,0.2484,0.985452623636789,0.993940045544604,0.98492718206046,0.996104380401755,0.93889049542525,0.985452623636789,0.993940045544604,0.98492718206046,0.996104380401755,0.93889049542525,0.415740016813083,1.54552631360765
0.61840545621417,1.20108893049624,1,1,1,1,21,1,21zf04,M-O,1,0.3615,0.057,0.976799602402869,0.98914305002312,0.971982071776206,0.989735810393385,0.885141646757961,0.976799602402869,0.98914305002312,0.971982071776206,0.989735810393385,0.885141646757961,0.61840545621417,1.20108893049624
0.399072734881216,-0.36786029691,0,1,0,0,21,1,21zf04,M-O,1,0.9502,0.2632,0.748890130416661,0.780165367533685,0.598266204072508,0.772648828737073,0.356488703009244,0.251109869583339,0.219834632466315,0.401733795927492,0.227351171262927,0.643511296990756,0.399072734881216,0.36786029691
0.539063505883499,0.668473813454414,1,0,1,0,21,1,21zf04,M-O,1,0.9222,3.0475,0.945607830845961,0.968458201783791,0.921595954500941,0.962782695582844,0.748084403966869,0.945607830845961,0.968458201783791,0.921595954500941,0.962782695582844,0.748084403966869,0.539063505883499,0.668473813454414
0.813437108990348,1.19740522617478,1,1,1,1,21,1,21zf04,M-O,1,0.5083,0.0541,0.980454914339693,0.990895245047269,0.975323472153352,0.989634943040515,0.884425676182016,0.980454914339693,0.990895245047269,0.975323472153352,0.989634943040515,0.884425676182016,0.813437108990348,1.19740522617478
1.19207683530661,0.639974735709941,1,1,1,1,21,1,21zf04,M-O,1,1.6949,0.0559,0.970633085899592,0.982691019509691,0.947540707255318,0.960407413588082,0.738905487773418,0.970633085899592,0.982691019509691,0.947540707255318,0.960407413588082,0.738905487773418,1.19207683530661,0.639974735709941
1.79773423626011,1.56581977454025,1,1,1,1,21,1,21zf04,M-O,1,0.2245,0.0061,0.99720343094056,0.998913824529304,0.996051229619972,0.996332928789155,0.941304592262929,0.99720343094056,0.998913824529304,0.996051229619972,0.996332928789155,0.941304592262929,1.79773423626011,1.56581977454025
0.641875719008322,0.711597417936182,1,1,1,1,21,1,21zf04,M-O,1,0.3927,0.0061,0.952822430071929,0.973139836255939,0.931258900606633,0.966154344572602,0.76164294679195,0.952822430071929,0.973139836255939,0.931258900606633,0.966154344572602,0.76164294679195,0.641875719008322,0.711597417936182
0.489007458685354,1.4918148164654,1,1,1,1,21,1,21zf04,M-O,1,0.8314,2.1649,0.984739676896224,0.993546184042159,0.983718384902865,0.995436680650133,0.932126150680093,0.984739676896224,0.993546184042159,0.983718384902865,0.995436680650133,0.932126150680093,0.489007458685354,1.4918148164654
-0.0938027837959626,1.38472269382653,0,1,1,1,21,1,21zf04,M-O,1,0.5,0.0534,0.975265730240168,0.988944601245442,0.974347760967528,0.993793515967923,0.91693136144772,0.975265730240168,0.988944601245442,0.974347760967528,0.993793515967923,0.91693136144772,0.0938027837959626,1.38472269382653
1.51546797840833,0.462098139013789,1,1,1,1,21,1,21zf04,M-O,1,0.1774,0.4693,0.976298467660269,0.984634799784132,0.947079573473384,0.942666289063515,0.677994527658213,0.976298467660269,0.984634799784132,0.947079573473384,0.942666289063515,0.677994527658213,1.51546797840833,0.462098139013789
-0.268271993947176,1.1599064396689,0,1,1,1,21,1,21zf04,M-O,1,0.6976,0.4187,0.967375483420674,0.984319098935477,0.962670013020431,0.988557986868231,0.876956549708614,0.967375483420674,0.984319098935477,0.962670013020431,0.988557986868231,0.876956549708614,0.268271993947176,1.1599064396689
-1.4586089503479,0.215157600817679,0,1,1,1,21,1,21zf04,M-O,1,0.494,0.5357,0.966921197852839,0.975655394384338,0.917779076400515,0.9083423753499,0.585177776806439,0.966921197852839,0.975655394384338,0.917779076400515,0.9083423753499,0.585177776806439,1.4586089503479,0.215157600817679
0.0468110915282894,-0.397682861237033,1,0,0,1,21,1,21zf04,M-O,1,0.6753,0.0993,0.787761294333422,0.808002285478951,0.622077337318212,0.763552287211351,0.345431986223284,0.212238705666578,0.191997714521049,0.377922662681788,0.236447712788649,0.654568013776716,0.0468110915282894,0.397682861237033
1.37506180452473,0.210525397778717,1,1,1,1,21,1,21zf04,M-O,1,0.2635,0.4502,0.962792119540384,0.972679254313007,0.911003351109762,0.907577541130233,0.583371184378099,0.962792119540384,0.972679254313007,0.911003351109762,0.907577541130233,0.583371184378099,1.37506180452473,0.210525397778717
-1.73672117938656,0.313757351218448,0,1,1,1,21,1,21zf04,M-O,1,0.3946,0.1789,0.980167233765886,0.985940362495888,0.946115411830422,0.923528947584619,0.623147330716543,0.980167233765886,0.985940362495888,0.946115411830422,0.923528947584619,0.623147330716543,1.73672117938656,0.313757351218448
1.06828677667551,0.328425994175162,1,1,1,1,21,1,21zf04,M-O,1,1.1002,0.5611,0.951810239255328,0.967130399984819,0.904926208030232,0.925614313617926,0.628705204254222,0.951810239255328,0.967130399984819,0.904926208030232,0.925614313617926,0.628705204254222,1.06828677667551,0.328425994175162
-1.22889115698213,1.29995337821352,0,1,1,1,21,1,21zf04,M-O,1,0.2616,1.2357,0.989585684757941,0.995400545887945,0.985986789987449,0.992141294779866,0.903191525662364,0.989585684757941,0.995400545887945,0.985986789987449,0.992141294779866,0.903191525662364,1.22889115698213,1.29995337821352
1.92318590641646,1.03554281712761,1,0,1,0,21,1,21zf04,M-O,1,0.9483,0.006,0.994223578967754,0.997165699596625,0.988723348526346,0.98426196563816,0.849792259405779,0.994223578967754,0.997165699596625,0.988723348526346,0.98426196563816,0.849792259405779,1.92318590641646,1.03554281712761
-0.630918709332913,0.927722776868337,0,1,1,1,21,1,21zf04,M-O,1,1.0644,1.9853,0.964676371648286,0.981604832448024,0.952725583926114,0.979482768687099,0.823224304797625,0.964676371648286,0.981604832448024,0.952725583926114,0.979482768687099,0.823224304797625,0.630918709332913,0.927722776868337
1.5364458239146,1.22724984861152,1,1,1,1,21,1,21zf04,M-O,1,0.2534,0.2744,0.99215359734515,0.9964561059079,0.98803495902031,0.990427837937194,0.890135650580843,0.99215359734515,0.9964561059079,0.98803495902031,0.990427837937194,0.890135650580843,1.5364458239146,1.22724984861152
-0.161928856331198,0.997007299465388,0,1,1,1,21,1,21zf04,M-O,1,0.473,0.0061,0.954580823722943,0.97674371773612,0.946266552228564,0.982676756445799,0.840619516577597,0.954580823722943,0.97674371773612,0.946266552228564,0.982676756445799,0.840619516577597,0.161928856331198,0.997007299465388
0.516216347411317,0.191621597757809,1,1,1,1,21,1,21zf04,M-O,1,0.3475,0.006,0.906727134750874,0.93339996885546,0.8395630361751,0.90440730319121,0.575980688273763,0.906727134750874,0.93339996885546,0.8395630361751,0.90440730319121,0.575980688273763,0.516216347411317,0.191621597757809
1.04668582684727,1.46666857139675,1,1,1,1,21,1,21zf04,M-O,1,0.1504,0.1963,0.990530512284903,0.996057261095133,0.988620488746411,0.995090333734534,0.92876688178605,0.990530512284903,0.996057261095133,0.988620488746411,0.995090333734534,0.92876688178605,1.04668582684727,1.46666857139675
2.17575085825441,1.50350561461135,1,1,1,1,21,1,21zf04,M-O,1,0.1913,0.0061,0.998409483350242,0.999373740332763,0.997344743315029,0.99559014317219,0.93364564490659,0.998409483350242,0.999373740332763,0.997344743315029,0.99559014317219,0.93364564490659,2.17575085825441,1.50350561461135
0.434589681233427,1.52386524987308,1,1,1,1,21,1,21zf04,M-O,1,0.1147,0.0061,0.98503701141473,0.993725948872799,0.984341858550836,0.995846423871792,0.936228812127065,0.98503701141473,0.993725948872799,0.984341858550836,0.995846423871792,0.936228812127065,0.434589681233427,1.52386524987308
0.287952464130145,0.643305510276052,1,1,1,1,21,1,21zf04,M-O,1,0.1798,0.0061,0.932006665927727,0.960131196234588,0.907026057031777,0.960691229038242,0.739987059245739,0.932006665927727,0.960131196234588,0.907026057031777,0.960691229038242,0.739987059245739,0.287952464130145,0.643305510276052
0.350055194886351,0.782028962238118,1,1,1,1,21,1,21zf04,M-O,1,0.304,0.1171,0.945714158359234,0.96991020465953,0.928270138476489,0.971118206559589,0.782901223536997,0.945714158359234,0.96991020465953,0.928270138476489,0.971118206559589,0.782901223536997,0.350055194886351,0.782028962238118
1.42366394163828,0.601284811279751,1,1,1,1,21,1,21zf04,M-O,1,0.6878,0.1797,0.977090753201908,0.986188138187925,0.954345089664346,0.956986989852093,0.726174847882931,0.977090753201908,0.986188138187925,0.954345089664346,0.956986989852093,0.726174847882931,1.42366394163828,0.601284811279751
-1.76559167963777,1.47116842577745,0,1,1,1,21,1,21zf04,M-O,1,0.2352,0.6094,0.996452799151869,0.998565203757359,0.994811199518198,0.995153981451391,0.929377213120665,0.996452799151869,0.998565203757359,0.994811199518198,0.995153981451391,0.929377213120665,1.76559167963777,1.47116842577745
-1.08931578886116,0.449436784040625,0,1,1,1,21,1,21zf04,M-O,1,0.3161,0.0188,0.958605774784179,0.973352459737145,0.922192367769703,0.941196307781112,0.673441699449799,0.958605774784179,0.973352459737145,0.922192367769703,0.941196307781112,0.673441699449799,1.08931578886116,0.449436784040625
-1.06106839293192,1.30729872874673,0,1,1,1,21,1,21zf04,M-O,1,0.1352,0.0184,0.987497848696037,0.994465432724671,0.98394749492357,0.992298398986235,0.90444436209661,0.987497848696037,0.994465432724671,0.98394749492357,0.992298398986235,0.90444436209661,1.06106839293192,1.30729872874673
-1.47024023102464,0.407857247238511,0,1,1,1,21,1,21zf04,M-O,1,0.116,0.0061,0.973190322161449,0.982158782606454,0.939640807935354,0.936160178123343,0.658310759080641,0.973190322161449,0.982158782606454,0.939640807935354,0.936160178123343,0.658310759080641,1.47024023102464,0.407857247238511
-1.21705217486473,1.46051435878784,0,1,1,1,21,1,21zf04,M-O,1,0.1513,0.0061,0.992133847501601,0.996739627593914,0.99012963487441,0.995002080332474,0.927925617902619,0.992133847501601,0.996739627593914,0.99012963487441,0.995002080332474,0.927925617902619,1.21705217486473,1.46051435878784
-1.36680491357785,0.644562822529485,0,1,1,1,21,1,21zf04,M-O,1,0.1473,0.0279,0.976560905500013,0.986178239274315,0.955345645252028,0.960797933323056,0.740394733073245,0.976560905500013,0.986178239274315,0.955345645252028,0.960797933323056,0.740394733073245,1.36680491357785,0.644562822529485
-0.21987755827428,-0.840322948774445,1,1,0,0,21,1,21zf04,M-O,1,0.4052,0.0815,0.714680285399979,0.692188843205628,0.450651923385689,0.608394081772356,0.200363668851038,0.285319714600021,0.307811156794372,0.549348076614311,0.391605918227644,0.799636331148962,0.21987755827428,0.840322948774445
0.0270794546659498,-0.103626200701764,1,1,0,0,21,1,21zf04,M-O,1,0.2401,0.0061,0.826511716613883,0.861652619228685,0.717532373130084,0.844190959936555,0.458732997221958,0.173488283386117,0.138347380771315,0.282467626869916,0.155809040063445,0.541267002778042,0.0270794546659498,0.103626200701764
0.24391975871103,-1.18162808030713,0,0,0,1,21,1,21zf04,M-O,1,0.4655,2.9477,0.681561327613642,0.605726542581265,0.334777065483017,0.473621543705157,0.118676653268698,0.318438672386358,0.394273457418735,0.665222934516983,0.526378456294843,0.881323346731302,0.24391975871103,1.18162808030713
2.02059788208422,1.38152426791868,1,1,1,1,21,1,21zf04,M-O,1,0.1809,0.2104,0.997304333136725,0.998874741703953,0.995474836444658,0.993737253877813,0.916441089301063,0.997304333136725,0.998874741703953,0.995474836444658,0.993737253877813,0.916441089301063,2.02059788208422,1.38152426791868
-0.943717078961161,0.303191516667672,0,1,1,1,21,1,21zf04,M-O,1,0.3537,0.0062,0.943466236912058,0.9611345795966,0.892435391081495,0.921999511799774,0.619128043170113,0.943466236912058,0.9611345795966,0.892435391081495,0.921999511799774,0.619128043170113,0.943717078961161,0.303191516667672
2.23723048468865,-0.769317893620066,0,0,0,1,21,1,21zf04,M-O,1,1.2452,1.3934,0.47387320895327,0.510616720765102,0.341356175241084,0.635381604556805,0.2208523086395,0.52612679104673,0.489383279234898,0.658643824758916,0.364618395443195,0.7791476913605,2.23723048468865,0.769317893620066
-0.40493954189896,0.913451179886392,0,1,1,1,21,1,21zf04,M-O,1,0.3399,0.0061,0.956676089251419,0.977220684378096,0.944659858942887,0.978766272098986,0.819497350652183,0.956676089251419,0.977220684378096,0.944659858942887,0.978766272098986,0.819497350652183,0.40493954189896,0.913451179886392
-1.0170356875128,0.357785338198299,0,1,1,1,21,1,21zf04,M-O,1,0.2932,0.0061,0.950531297658415,0.96679194386323,0.905610516868847,0.929657396958557,0.639748018165308,0.950531297658415,0.96679194386323,0.905610516868847,0.929657396958557,0.639748018165308,1.0170356875128,0.357785338198299
-0.838412448548464,1.16879585788176,0,1,1,1,21,1,21zf04,M-O,1,0.4352,0.0061,0.979987458857838,0.990578695240014,0.974305521986852,0.98882171674195,0.878757055181376,0.979987458857838,0.990578695240014,0.974305521986852,0.98882171674195,0.878757055181376,0.838412448548464,1.16879585788176
-1.3784361942546,1.41977303015468,0,1,1,1,21,1,21zf04,M-O,1,0.2608,0.02,0.993079665637899,0.997102509665399,0.990782136692066,0.994381354136082,0.922163115480952,0.993079665637899,0.997102509665399,0.990782136692066,0.994381354136082,0.922163115480952,1.3784361942546,1.41977303015468
0.102682779064809,-0.427527483673776,1,1,0,0,21,1,21zf04,M-O,1,0.4609,0.1987,0.777207849033742,0.796563787300703,0.606236289570984,0.754251995949067,0.334497585716229,0.222792150966258,0.203436212699297,0.393763710429016,0.245748004050933,0.665502414283771,0.102682779064809,0.427527483673776
-1.4286999428934,0.723155867423878,0,1,1,1,21,1,21zf04,M-O,1,0.2299,2.7286,0.980490755045189,0.988911216889298,0.963380118124124,0.9670140619021,0.765207935434699,0.980490755045189,0.988911216889298,0.963380118124124,0.9670140619021,0.765207935434699,1.4286999428934,0.723155867423878
0.48153020682173,-0.236085149506377,0,1,0,0,21,1,21zf04,M-O,1,0.4435,0.0896,0.759464528152614,0.801057259572781,0.636560211557474,0.810400654355133,0.40668329861974,0.240535471847386,0.198942740427219,0.363439788442526,0.189599345644867,0.59331670138026,0.48153020682173,0.236085149506377
-1.62663941583877,1.05521865098835,0,1,1,1,21,1,21zf04,M-O,1,0.2709,0.0211,0.990897616549412,0.99556853250495,0.984409925037956,0.985022220156303,0.854337331998318,0.990897616549412,0.99556853250495,0.984409925037956,0.985022220156303,0.854337331998318,1.62663941583877,1.05521865098835
-1.70826608201666,1.22868362574263,0,1,1,1,21,1,21zf04,M-O,1,1.2451,0.0061,0.993964786763686,0.997285319375726,0.990241718935716,0.990464557428791,0.890404776117008,0.993964786763686,0.997285319375726,0.990241718935716,0.990464557428791,0.890404776117008,1.70826608201666,1.22868362574263
-0.94537869048641,1.05199816697078,0,1,1,1,21,1,21zf04,M-O,1,0.2597,0.4057,0.978306974368766,0.989321630145202,0.970037745601388,0.984899987818568,0.853599804688425,0.978306974368766,0.989321630145202,0.970037745601388,0.984899987818568,0.853599804688425,0.94537869048641,1.05199816697078
1.65047391483486,0.225127866406303,1,1,1,1,21,1,21zf04,M-O,1,0.125,0.4212,0.975237620522843,0.981661207507871,0.93234783652402,0.909972662477584,0.589060098449969,0.975237620522843,0.981661207507871,0.93234783652402,0.909972662477584,0.589060098449969,1.65047391483486,0.225127866406303
-1.47730208000696,-1.13259290242326,1,1,0,0,21,1,21zf04,M-O,1,0.2619,2.1363,0.500883888393521,0.462028498875892,0.257025710286037,0.493164833330252,0.12869262529714,0.499116111606479,0.537971501124108,0.742974289713963,0.506835166669748,0.87130737470286,1.47730208000696,1.13259290242326
-1.58011429313178,0.640040910039069,0,1,1,1,21,1,21zf04,M-O,1,0.3742,0.0062,0.982508175953108,0.989618288152809,0.963471662780585,0.960413068488339,0.738926998442969,0.982508175953108,0.989618288152809,0.963471662780585,0.960413068488339,0.738926998442969,1.58011429313178,0.640040910039069
0.656830222735569,1.17898670456748,1,1,1,1,21,1,21zf04,M-O,1,0.1945,2.4721,0.976713555364761,0.989023357816177,0.971420525224445,0.989117540255364,0.880798264970846,0.976713555364761,0.989023357816177,0.971420525224445,0.989117540255364,0.880798264970846,0.656830222735569,1.17898670456748
-0.876421812188549,1.1006583569896,0,1,1,1,21,1,21zf04,M-O,1,0.1601,0.0064,0.97845554267883,0.989587783185845,0.971331524057394,0.986658261680845,0.864477311625757,0.97845554267883,0.989587783185845,0.971331524057394,0.986658261680845,0.864477311625757,0.876421812188549,1.1006583569896
-0.503182323329346,0.0794781679955026,0,1,1,1,21,1,21zf04,M-O,1,0.3657,0.1,0.895892055237565,0.921789335959721,0.813684434806689,0.883944179253756,0.53167385195592,0.895892055237565,0.921789335959721,0.813684434806689,0.883944179253756,0.53167385195592,0.503182323329346,0.0794781679955026
-0.166082885144323,0.939170935807487,0,1,1,1,21,1,21zf04,M-O,1,0.3332,0.0062,0.950600716135776,0.974154524325173,0.940407933310947,0.980042611388945,0.826178505643709,0.950600716135776,0.974154524325173,0.940407933310947,0.980042611388945,0.826178505643709,0.166082885144323,0.939170935807487
-1.64948657431095,1.42155973704114,0,1,1,1,21,1,21zf04,M-O,1,0.1417,0.0386,0.995318280014147,0.998059090990915,0.993245645977454,0.994409948970461,0.922422949903481,0.995318280014147,0.998059090990915,0.993245645977454,0.994409948970461,0.922422949903481,1.64948657431095,1.42155973704114
0.808036871533287,0.76716179629402,1,1,1,1,21,1,21zf04,M-O,1,0.4822,0.0061,0.962347620371654,0.979074482302244,0.943804476566859,0.970124101286906,0.778507337948184,0.962347620371654,0.979074482302244,0.943804476566859,0.970124101286906,0.778507337948184,0.808036871533287,0.76716179629402
0.247866086083498,1.58578236382721,1,1,1,1,21,1,21zf04,M-O,1,0.1185,0.329,0.984833554432365,0.993713891665019,0.984864349672898,0.996545939070086,0.943605656146871,0.984833554432365,0.993713891665019,0.984864349672898,0.996545939070086,0.943605656146871,0.247866086083498,1.58578236382721
-1.54023561652579,1.58536325974273,0,1,1,1,21,1,21zf04,M-O,1,0.3322,0.2813,0.995991024605553,0.998438857052759,0.994804585969445,0.99654158376433,0.943558088149649,0.995991024605553,0.998438857052759,0.994804585969445,0.99654158376433,0.943558088149649,1.54023561652579,1.58536325974273
-1.33440348883549,1.43060356202197,0,1,1,1,21,1,21zf04,M-O,1,0.133,0.1364,0.992815554833474,0.997000223155409,0.990588920910982,0.994552714483888,0.923728066987489,0.992815554833474,0.997000223155409,0.990588920910982,0.994552714483888,0.923728066987489,1.33440348883549,1.43060356202197
0.552564099526153,1.03179293847702,1,1,1,1,21,1,21zf04,M-O,1,0.9042,0.1149,0.967739541108506,0.983855258558232,0.959187251123808,0.984113378805869,0.84891543598744,0.967739541108506,0.983855258558232,0.959187251123808,0.984113378805869,0.84891543598744,0.552564099526153,1.03179293847702
1.27806523173828,0.59424827428247,1,1,1,1,21,1,21zf04,M-O,1,0.2547,0.0061,0.9720467238164,0.983139932892219,0.947279703011664,0.956339976925399,0.723826965363383,0.9720467238164,0.983139932892219,0.947279703011664,0.956339976925399,0.723826965363383,1.27806523173828,0.59424827428247
2.09599350504243,1.43329465140651,1,1,1,1,21,1,21zf04,M-O,1,0.1905,0.2748,0.997875223965757,0.999134943658619,0.996427869493123,0.994594565700225,0.924113175069716,0.997875223965757,0.999134943658619,0.996427869493123,0.994594565700225,0.924113175069716,2.09599350504243,1.43329465140651
1.95267951098964,1.22592636202896,1,1,1,1,21,1,21zf04,M-O,1,0.0754,0.403,0.995981319826604,0.998197485907824,0.992854225556805,0.99039383337404,0.889886806331196,0.995981319826604,0.998197485907824,0.992854225556805,0.99039383337404,0.889886806331196,1.95267951098964,1.22592636202896
1.80708080108964,0.303720911300697,1,1,1,1,21,1,21zf04,M-O,1,0.1561,0.2269,0.982141876624972,0.987215721705031,0.949225596233833,0.922076691437513,0.619329737386696,0.982141876624972,0.987215721705031,0.949225596233833,0.922076691437513,0.619329737386696,1.80708080108964,0.303720911300697
1.13828216217666,0.313095607927168,1,1,1,1,21,1,21zf04,M-O,1,0.1083,0.0184,0.954806427134881,0.968859812133962,0.907623055796828,0.923433832977254,0.622895987079548,0.954806427134881,0.968859812133962,0.907623055796828,0.923433832977254,0.622895987079548,1.13828216217666,0.313095607927168
-1.62560090863549,1.35761327699375,0,1,1,1,21,1,21zf04,M-O,1,0.2847,0.0198,0.994536499133732,0.997671450542446,0.991937159864776,0.993302144636044,0.912706786104326,0.994536499133732,0.997671450542446,0.991937159864776,0.993302144636044,0.912706786104326,1.62560090863549,1.35761327699375
-1.48457163042992,0.985956186501006,0,1,1,1,21,1,21zf04,M-O,1,0.3217,0.0177,0.987535841828123,0.993731035134391,0.979027835950703,0.982197725080726,0.837922693342312,0.987535841828123,0.993731035134391,0.979027835950703,0.982197725080726,0.837922693342312,1.48457163042992,0.985956186501006
-0.140743309384265,-0.817911909309751,1,1,0,0,21,1,21zf04,M-O,1,0.6838,0.0061,0.728740071109324,0.707887712550794,0.467211738892926,0.616975508833542,0.206703744755572,0.271259928890676,0.292112287449206,0.532788261107074,0.383024491166458,0.793296255244428,0.140743309384265,0.817911909309751
1.93834811158436,1.56034936333233,1,1,1,1,21,1,21zf04,M-O,1,0.5218,0.1463,0.997778410898436,0.999139742895804,0.996704401476433,0.996272535328534,0.940661327983859,0.997778410898436,0.999139742895804,0.996704401476433,0.996272535328534,0.940661327983859,1.93834811158436,1.56034936333233
1.47143527298921,0.798682835068673,1,1,1,1,21,1,21zf04,M-O,1,0.2111,0.2892,0.983375169963522,0.990880219234207,0.969450518756606,0.972198972250138,0.787762828865125,0.983375169963522,0.990880219234207,0.969450518756606,0.972198972250138,0.787762828865125,1.47143527298921,0.798682835068673
-1.79446217988898,-1.05697770233962,1,1,0,0,21,1,21zf04,M-O,1,0.8225,2.7545,0.471444190044,0.454696546310497,0.264881315957926,0.523317307450808,0.145260881948856,0.528555809956,0.545303453689503,0.735118684042074,0.476682692549192,0.854739118051144,1.79446217988898,1.05697770233962
2.00356636395041,0.107999303849685,1,1,1,1,21,1,21zf04,M-O,1,0.157,0.2912,0.984788027618942,0.987610421146099,0.944497937515715,0.889421648401043,0.543001877785883,0.984788027618942,0.987610421146099,0.944497937515715,0.889421648401043,0.543001877785883,2.00356636395041,0.107999303849685
1.6066489108564,0.461921674136114,1,1,1,1,21,1,21zf04,M-O,1,0.4055,2.3065,0.979258004218889,0.986505519340554,0.951640736111129,0.942646002079366,0.677931254781327,0.979258004218889,0.986505519340554,0.951640736111129,0.942646002079366,0.677931254781327,1.6066489108564,0.461921674136114
-0.868944560324926,1.44922060661665,0,1,1,1,21,1,21zf04,M-O,1,0.8325,2.754,0.988205896664324,0.995020053860401,0.986278981001178,0.994836441865834,0.926362007711496,0.988205896664324,0.995020053860401,0.986278981001178,0.994836441865834,0.926362007711496,0.868944560324926,1.44922060661665
0.0904283940660928,-0.631609114704629,1,1,0,0,21,1,21zf04,M-O,1,0.3883,0.0359,0.755247137762539,0.755649223308032,0.537503651994467,0.685753739596717,0.26382116458301,0.244752862237461,0.244350776691968,0.462496348005533,0.314246260403283,0.73617883541699,0.0904283940660928,0.631609114704629
-1.55809794042222,0.878753773313593,0,1,1,1,21,1,21zf04,M-O,1,0.5071,0.8349,0.98686709152969,0.993059805117882,0.976029305566788,0.976935587960932,0.810232602236595,0.98686709152969,0.993059805117882,0.976029305566788,0.976935587960932,0.810232602236595,1.55809794042222,0.878753773313593
0.740949306201332,0.924855222606122,1,1,1,1,21,1,21zf04,M-O,1,0.3196,3.4762,0.967853436280626,0.983268224330034,0.95573587656211,0.979340472572602,0.822479389487202,0.967853436280626,0.983268224330034,0.95573587656211,0.979340472572602,0.822479389487202,0.740949306201332,0.924855222606122
-0.457280304944324,-0.623050568137404,1,1,0,0,21,1,21zf04,M-O,1,0.3103,0.0061,0.705949670568571,0.715501336366731,0.502858372876472,0.688784624316194,0.266625645969952,0.294050329431429,0.284498663633269,0.497141627123528,0.311215375683806,0.733374354030048,0.457280304944324,0.623050568137404
-1.71096620074519,1.45574980709062,0,1,1,1,21,1,21zf04,M-O,1,0.6805,0.0061,0.996011919611745,0.998373433607845,0.994226533013148,0.994932787575042,0.92726910215836,0.996011919611745,0.998373433607845,0.994226533013148,0.994932787575042,0.92726910215836,1.71096620074519,1.45574980709062
-1.84493362996844,1.46128639262767,0,1,1,1,21,1,21zf04,M-O,1,0.5551,0.0186,0.996831672193799,0.998716408464195,0.99521654364315,0.995013228516092,0.928031568712018,0.996831672193799,0.998716408464195,0.99521654364315,0.995013228516092,0.928031568712018,1.84493362996844,1.46128639262767
-0.283226497674423,-0.557317401203558,1,1,0,0,21,1,21zf04,M-O,1,0.7888,2.7726,0.737746512260756,0.750014243374137,0.542977634962743,0.711626097779516,0.288655294315293,0.262253487739244,0.249985756625863,0.457022365037257,0.288373902220484,0.711344705684707,0.283226497674423,0.557317401203558
-1.80401644615917,1.08852639664946,0,1,1,1,21,1,21zf04,M-O,1,0.4515,0.0494,0.993484497621798,0.996880635337335,0.988249349139104,0.986237308889609,0.861818605017767,0.993484497621798,0.996880635337335,0.988249349139104,0.986237308889609,0.861818605017767,1.80401644615917,1.08852639664946
-0.859390294054741,0.585491204727861,0,0,1,0,21,1,21zf04,M-O,1,0.3437,2.1147,0.95487104136076,0.972834915622025,0.926258254482043,0.955523816136759,0.720891260589696,0.95487104136076,0.972834915622025,0.926258254482043,0.955523816136759,0.720891260589696,0.859390294054741,0.585491204727861
0.672823233666097,0.72747925692691,1,1,1,1,21,1,21zf04,M-O,1,0.6102,0.0061,0.955031614918727,0.974571253968087,0.934334037212232,0.967330975578484,0.766533791073954,0.955031614918727,0.974571253968087,0.934334037212232,0.967330975578484,0.766533791073954,0.672823233666097,0.72747925692691
-1.582399008979,0.324720231743992,0,1,1,1,21,1,21zf04,M-O,1,0.1523,2.9308,0.975113761027211,0.982610258298469,0.93806597534586,0.925091628974612,0.627303589485009,0.975113761027211,0.982610258298469,0.93806597534586,0.925091628974612,0.627303589485009,1.582399008979,0.324720231743992
0.784358907298479,0.220076559282863,1,1,1,1,21,1,21zf04,M-O,1,0.4025,0.1169,0.928204678886623,0.948938033572583,0.866360048572034,0.90914941163982,0.587094234869641,0.928204678886623,0.948938033572583,0.866360048572034,0.90914941163982,0.587094234869641,0.784358907298479,0.220076559282863
-1.75790672633349,-1.29566850750444,1,1,0,0,21,1,21zf04,M-O,1,2.4171,0.5515,0.446489126672041,0.387376149066512,0.198908442192833,0.428493985367072,0.0975448578254519,0.553510873327959,0.612623850933488,0.801091557807167,0.571506014632928,0.902455142174548,1.75790672633349,1.29566850750444
-1.51344213068114,0.335815460927793,0,1,1,1,21,1,21zf04,M-O,1,0.4848,0.2919,0.972797184726551,0.981168156079159,0.93498660678096,0.926648253081404,0.631494984779986,0.972797184726551,0.981168156079159,0.93498660678096,0.926648253081404,0.631494984779986,1.51344213068114,0.335815460927793
1.92796303955155,0.916649605794246,1,1,1,1,21,1,21zf04,M-O,1,0.274,0.2762,0.993148791488755,0.996437411603551,0.985652941138033,0.978928660821943,0.820336859361356,0.993148791488755,0.996437411603551,0.985652941138033,0.978928660821943,0.820336859361356,1.92796303955155,0.916649605794246
-1.50098004424176,0.257310648472236,0,1,1,1,21,1,21zf04,M-O,1,0.8197,2.7124,0.970058755387059,0.978403883705442,0.92572881978718,0.915087990859965,0.601530513575289,0.970058755387059,0.978403883705442,0.92572881978718,0.915087990859965,0.601530513575289,1.50098004424176,0.257310648472236
0.973574919736284,0.82232912867709,1,1,1,1,21,1,21zf04,M-O,1,0.7474,0.0888,0.970445108009063,0.983971472715602,0.954742800085738,0.973675452016397,0.794555198601315,0.970445108009063,0.983971472715602,0.954742800085738,0.973675452016397,0.794555198601315,0.973574919736284,0.82232912867709
-0.369214894106093,-1.11724045806555,1,1,0,0,21,1,21zf04,M-O,1,0.3853,0.4039,0.666071628842837,0.60306056315333,0.342258268938032,0.499289238426252,0.131945763097656,0.333928371157163,0.39693943684667,0.657741731061968,0.500710761573748,0.868054236902344,0.369214894106093,1.11724045806555
1.82369691634214,0.0368839581467587,1,1,1,1,21,1,21zf04,M-O,1,0.0684,0.2431,0.9778570042282,0.981486163713194,0.924746132660945,0.875409882102906,0.514711234705761,0.9778570042282,0.981486163713194,0.924746132660945,0.875409882102906,0.514711234705761,1.82369691634214,0.0368839581467587
-0.494043459940473,0.690156935298699,0,1,1,1,21,1,21zf04,M-O,1,0.4044,0.0064,0.94512599441352,0.968461459104187,0.92243947866402,0.964510811754792,0.754952249079907,0.94512599441352,0.968461459104187,0.92243947866402,0.964510811754792,0.754952249079907,0.494043459940473,0.690156935298699
2.11925606639592,0.299816625882143,1,1,1,1,21,1,21zf04,M-O,1,0.7366,1.9879,0.989767898982558,0.992501783764531,0.964671775131673,0.921506127571042,0.617841483611402,0.989767898982558,0.992501783764531,0.964671775131673,0.921506127571042,0.617841483611402,2.11925606639592,0.299816625882143
-0.300465717248888,-0.294649430784686,1,0,0,1,21,1,21zf04,M-O,1,1.0959,0.2607,0.770963198562686,0.804464853655707,0.632085085235961,0.794122581486369,0.3841308486331,0.229036801437314,0.195535146344293,0.367914914764039,0.205877418513631,0.6158691513669,0.300465717248888,0.294649430784686
1.08469519048735,0.178276441383656,1,1,1,1,21,1,21zf04,M-O,1,0.168,0.0372,0.945303877860901,0.959782343518485,0.883354175357628,0.902121563262221,0.570747060258392,0.945303877860901,0.959782343518485,0.883354175357628,0.902121563262221,0.570747060258392,1.08469519048735,0.178276441383656
1.43799534104356,1.20408883341671,1,1,1,1,21,1,21zf04,M-O,1,0.3245,0.4237,0.990624475077198,0.9957139877846,0.986001298501163,0.989817320391466,0.885722377280076,0.990624475077198,0.9957139877846,0.986001298501163,0.989817320391466,0.885722377280076,1.43799534104356,1.20408883341671
-1.5506206885586,1.02131533636509,0,1,1,1,21,1,21zf04,M-O,1,0.4007,0.0226,0.989256733508239,0.994685066019428,0.98180393770685,0.983691818347571,0.846447468675979,0.989256733508239,0.994685066019428,0.98180393770685,0.983691818347571,0.846447468675979,1.5506206885586,1.02131533636509
1.86212168286354,1.4819107252059,1,1,1,1,21,1,21zf04,M-O,1,0.1865,0.7062,0.997042146354116,0.998812819036064,0.995553931124694,0.995302960474021,0.930817974555306,0.997042146354116,0.998812819036064,0.995553931124694,0.995302960474021,0.930817974555306,1.86212168286354,1.4819107252059
0.0476418972909142,0.643481975153727,0,0,1,0,21,1,21zf04,M-O,1,1.5891,2.9782,0.920338584051706,0.95322635509876,0.896665724049364,0.960706219320254,0.7400442965338,0.920338584051706,0.95322635509876,0.896665724049364,0.960706219320254,0.7400442965338,0.0476418972909142,0.643481975153727
0.8686856922049,0.212245930336046,1,1,1,1,21,1,21zf04,M-O,1,0.2454,0.0833,0.933361695149691,0.95227425741318,0.871627210523367,0.907862171826416,0.584042412161363,0.933361695149691,0.95227425741318,0.871627210523367,0.907862171826416,0.584042412161363,0.8686856922049,0.212245930336046
1.60353338924656,0.0879925983433094,1,1,1,1,21,1,21zf04,M-O,1,0.2216,0.1145,0.969916482213826,0.976026673081159,0.913196565271861,0.885599164025033,0.535058720504707,0.969916482213826,0.976026673081159,0.913196565271861,0.885599164025033,0.535058720504707,1.60353338924656,0.0879925983433094
-1.50139544712308,-0.181711909072843,1,1,0,0,21,1,21zf04,M-O,1,2.8072,3.6078,0.670222708736718,0.739846362272895,0.591095836440221,0.824782775445916,0.427904409742183,0.329777291263282,0.260153637727105,0.408904163559779,0.175217224554084,0.572095590257817,1.50139544712308,0.181711909072843
1.46250411104099,0.33186705928982,1,1,1,1,21,1,21zf04,M-O,1,0.2331,0.3985,0.970654946578528,0.979692272191362,0.931420878390425,0.926097165957676,0.630005177536884,0.970654946578528,0.979692272191362,0.931420878390425,0.926097165957676,0.630005177536884,1.46250411104099,0.33186705928982
1.92671683090762,0.804594408470777,1,1,1,1,21,1,21zf04,M-O,1,0.1769,1.4755,0.991954168560631,0.995573952665972,0.982018163342891,0.972574413245025,0.789473115073,0.991954168560631,0.995573952665972,0.982018163342891,0.972574413245025,0.789473115073,1.92671683090762,0.804594408470777
-1.57014462398028,0.874959778443586,0,1,1,1,21,1,21zf04,M-O,1,0.1839,0.2427,0.987027114726824,0.993131804851503,0.976162166236463,0.976727579806008,0.809202104479471,0.987027114726824,0.993131804851503,0.976162166236463,0.976727579806008,0.809202104479471,1.57014462398028,0.874959778443586
0.520578077665097,0.315345535117521,1,1,1,1,21,1,21zf04,M-O,1,0.2784,1.2174,0.917527331480459,0.944292076651706,0.864630389495865,0.923756855874174,0.623750342361028,0.917527331480459,0.944292076651706,0.864630389495865,0.923756855874174,0.623750342361028,0.520578077665097,0.315345535117521
-0.403901034695679,-0.696129085604461,1,0,0,1,21,1,21zf04,M-O,1,0.1532,0.5469,0.703996735286678,0.703862910605006,0.482037001505153,0.66251242376261,0.243173996506369,0.296003264713322,0.296137089394994,0.517962998494847,0.33748757623739,0.756826003493631,0.403901034695679,0.696129085604461
-1.76538397819711,0.341175581587163,0,1,1,1,21,1,21zf04,M-O,1,1.211,0.2099,0.981586138993157,0.987121154523025,0.950010525359408,0.927391339924768,0.633514297637088,0.981586138993157,0.987121154523025,0.950010525359408,0.927391339924768,0.633514297637088,1.76538397819711,0.341175581587163
-1.19835904520567,1.05530688342718,0,1,1,1,21,1,21zf04,M-O,1,0.4041,0.338,0.983741666212958,0.992043514817238,0.975902783512056,0.985025556982111,0.854357503007721,0.983741666212958,0.992043514817238,0.975902783512056,0.985025556982111,0.854357503007721,1.19835904520567,1.05530688342718
1.19186913386596,0.848534163011791,1,1,1,1,21,1,21zf04,M-O,1,2.4902,0.2596,0.977716270300147,0.988061851619796,0.963852341335738,0.975234548448411,0.801929722537138,0.977716270300147,0.988061851619796,0.963852341335738,0.975234548448411,0.801929722537138,1.19186913386596,0.848534163011791
-0.45042615740267,1.46197019402866,0,1,1,1,21,1,21zf04,M-O,1,0.3104,0.0062,0.983341430061878,0.992867667731067,0.98216852962804,0.995023084118353,0.928125311091971,0.983341430061878,0.992867667731067,0.98216852962804,0.995023084118353,0.928125311091971,0.45042615740267,1.46197019402866
0.759850137301047,0.503787966364449,1,1,1,1,21,1,21zf04,M-O,1,2.3505,0.1799,0.945337633272302,0.965909991767456,0.910437718770082,0.947302914828729,0.692794807583108,0.945337633272302,0.965909991767456,0.910437718770082,0.947302914828729,0.692794807583108,0.759850137301047,0.503787966364449
2.21126780460662,1.29977691333585,1,1,1,1,21,1,21zf04,M-O,1,0.3909,0.2931,0.997837935943519,0.999066511898803,0.995883457232789,0.992137486078229,0.903161279823032,0.997837935943519,0.999066511898803,0.995883457232789,0.992137486078229,0.903161279823032,2.21126780460662,1.29977691333585
-0.999173363616368,0.6625401819426,0,1,1,1,21,1,21zf04,M-O,1,0.4698,0.0703,0.964469230368637,0.979315713050806,0.941240467606594,0.962297992408065,0.746187454049377,0.964469230368637,0.979315713050806,0.941240467606594,0.962297992408065,0.746187454049377,0.999173363616368,0.6625401819426
-0.151751485739044,-0.975075940988829,1,1,0,0,21,1,21zf04,M-O,1,1.66,0.3898,0.712668012392351,0.669629050478965,0.412317454706795,0.555821266484901,0.164761295890403,0.287331987607649,0.330370949521035,0.587682545293205,0.444178733515099,0.835238704109597,0.151751485739044,0.975075940988829
-1.60171524296002,1.53449725875298,0,1,1,1,21,1,21zf04,M-O,1,0.1262,0.0062,0.995947986761078,0.998393704008514,0.994532787591129,0.995974888489082,0.937546316437234,0.995947986761078,0.998393704008514,0.994532787591129,0.995974888489082,0.937546316437234,1.60171524296002,1.53449725875298
-1.09803924936872,0.543602854389816,0,1,1,1,21,1,21zf04,M-O,1,0.3129,0.0843,0.963179890533111,0.977328284901647,0.933529172569284,0.951448319660139,0.706642602432779,0.963179890533111,0.977328284901647,0.933529172569284,0.951448319660139,0.706642602432779,1.09803924936872,0.543602854389816
-0.468703884180416,-1.32657191920723,1,1,0,0,21,1,21zf04,M-O,1,0.7319,2.7879,0.634157556833645,0.53460206352192,0.269125659588718,0.416399518055796,0.0923251649786379,0.365842443166355,0.46539793647808,0.730874340411282,0.583600481944204,0.907674835021362,0.468703884180416,1.32657191920723
1.17234519844427,1.39963397599005,1,1,1,1,21,1,21zf04,M-O,1,0.5535,0.3244,0.990694541629373,0.996043232875024,0.988163690545815,0.994049947513516,0.919188522876016,0.990694541629373,0.996043232875024,0.988163690545815,0.994049947513516,0.919188522876016,1.17234519844427,1.39963397599005
-1.11091673868941,0.221289755316877,0,0,1,0,21,1,21zf04,M-O,1,0.3412,0.9175,0.948988446210773,0.96324739582266,0.89225050924585,0.909347643488878,0.587566586830399,0.948988446210773,0.96324739582266,0.89225050924585,0.909347643488878,0.587566586830399,1.11091673868941,0.221289755316877
-1.83558706513891,1.39405327423358,0,1,1,1,21,1,21zf04,M-O,1,0.1839,0.1325,0.99634816215449,0.998476716283555,0.994315399088547,0.993955096600087,0.918349241135808,0.99634816215449,0.998476716283555,0.994315399088547,0.993955096600087,0.918349241135808,1.83558706513891,1.39405327423358
0.429812548098335,0.515478764510402,1,1,1,1,21,1,21zf04,M-O,1,0.5903,0.0061,0.928617503995436,0.955858639681443,0.894142939103332,0.948548257237303,0.696890747490699,0.928617503995436,0.955858639681443,0.894142939103332,0.948548257237303,0.696890747490699,0.429812548098335,0.515478764510402
-0.766132347200104,-1.29939632804532,1,1,0,0,21,1,21zf04,M-O,1,0.9369,0.1356,0.587657096607783,0.49890017341254,0.252602873978502,0.427031248465529,0.0969039755954498,0.412342903392217,0.50109982658746,0.747397126021498,0.572968751534471,0.90309602440455,0.766132347200104,1.29939632804532
-0.517929125615937,0.478443198308413,0,1,1,1,21,1,21zf04,M-O,1,0.2886,0.2271,0.930548093356605,0.956332017432006,0.89302231696054,0.944521011311121,0.683832603211005,0.930548093356605,0.956332017432006,0.89302231696054,0.944521011311121,0.683832603211005,0.517929125615937,0.478443198308413
0.218787884391629,0.210812153204938,1,1,1,1,21,1,21zf04,M-O,1,0.7043,0.0346,0.885729099813112,0.919761492322457,0.821213718055807,0.907625024707969,0.583483072613633,0.885729099813112,0.919761492322457,0.821213718055807,0.907625024707969,0.583483072613633,0.218787884391629,0.210812153204938
-0.684297979581558,0.967846478429635,0,1,1,1,21,1,21zf04,M-O,1,0.3076,0.0062,0.968244695414921,0.983743678551888,0.957591724351458,0.981388298957513,0.833439476257406,0.968244695414921,0.983743678551888,0.957591724351458,0.981388298957513,0.833439476257406,0.684297979581558,0.967846478429635
-0.261625547846178,-0.399734265440002,1,1,0,0,21,1,21zf04,M-O,1,0.2787,0.1971,0.761046787368945,0.786450367514969,0.599906152615127,0.762919283860835,0.344676125693471,0.238953212631055,0.213549632485031,0.400093847384873,0.237080716139165,0.655323874306529,0.261625547846178,0.399734265440002
-0.449803053080701,0.108197826837069,0,1,1,1,21,1,21zf04,M-O,1,0.3154,0.0061,0.894047291966242,0.921604938563541,0.815705565827639,0.889459113882024,0.543080615614943,0.894047291966242,0.921604938563541,0.815705565827639,0.889459113882024,0.543080615614943,0.449803053080701,0.108197826837069
0.383910529713313,0.871187841683288,1,0,1,0,21,1,21zf04,M-O,1,0.3009,0.5704,0.953222867862441,0.974984114487043,0.939636995370113,0.97651921799556,0.808174201292996,0.953222867862441,0.974984114487043,0.939636995370113,0.97651921799556,0.808174201292996,0.383910529713313,0.871187841683288
2.0467682636069,1.24156556181289,1,1,1,1,21,1,21zf04,M-O,1,0.2794,0.5328,0.99670578032026,0.998535023613049,0.993961768635987,0.990788981919677,0.892801552701404,0.99670578032026,0.998535023613049,0.993961768635987,0.990788981919677,0.892801552701404,2.0467682636069,1.24156556181289
-0.845266596090119,0.481597507996849,0,1,1,1,21,1,21zf04,M-O,1,0.2967,2.7076,0.948346129107488,0.967417238800991,0.912196485088009,0.944873426547144,0.684954051596139,0.948346129107488,0.967417238800991,0.912196485088009,0.944873426547144,0.684954051596139,0.845266596090119,0.481597507996849
-0.426748193167862,1.13692188935176,0,1,1,1,21,1,21zf04,M-O,1,0.4189,0.2441,0.969835429247564,0.985450856330003,0.964169855937117,0.98785088883737,0.872214529718291,0.969835429247564,0.985450856330003,0.964169855937117,0.98785088883737,0.872214529718291,0.426748193167862,1.13692188935176
-1.50430326729226,0.647937713315014,0,1,1,1,21,1,21zf04,M-O,1,0.2941,0.1524,0.980666652592906,0.988588816113434,0.961094206731153,0.961083184813553,0.741487381446998,0.980666652592906,0.988588816113434,0.961094206731153,0.961083184813553,0.741487381446998,1.50430326729226,0.647937713315014
1.78049501668565,1.13515724057501,1,1,1,1,21,1,21zf04,M-O,1,0.2329,0.309,0.993718045205648,0.997055899440457,0.989049978585703,0.987795068045587,0.871845279130176,0.993718045205648,0.997055899440457,0.989049978585703,0.987795068045587,0.871845279130176,1.78049501668565,1.13515724057501
1.04024708218693,1.30831340179336,1,1,1,1,21,1,21zf04,M-O,1,0.2299,0.3383,0.987229859610609,0.994345190335693,0.983694565213817,0.992319882309848,0.904616484326466,0.987229859610609,0.994345190335693,0.983694565213817,0.992319882309848,0.904616484326466,1.04024708218693,1.30831340179336
1.35013763164599,0.259251762126658,1,0,1,0,21,1,21zf04,M-O,1,3.7715,2.9579,0.96329613972174,0.973762934784731,0.915439326411545,0.915389408823049,0.602279502252199,0.96329613972174,0.973762934784731,0.915439326411545,0.915389408823049,0.602279502252199,1.35013763164599,0.259251762126658
-1.70681217193206,0.844254889728178,0,1,1,1,21,1,21zf04,M-O,1,0.4978,0.0501,0.989001661758467,0.994085638155877,0.978267842981392,0.974985370373413,0.800736506033601,0.989001661758467,0.994085638155877,0.978267842981392,0.974985370373413,0.800736506033601,1.70681217193206,0.844254889728178
-0.889507002949891,1.15370811084057,0,1,1,1,21,1,21zf04,M-O,1,0.1933,0.0339,0.9804958757188,0.990775495083776,0.97449720422571,0.988370912455237,0.875690071247051,0.9804958757188,0.990775495083776,0.97449720422571,0.988370912455237,0.875690071247051,0.889507002949891,1.15370811084057
1.8224507076982,0.234083458948297,1,1,1,1,21,1,21zf04,M-O,1,0.4104,0.2109,0.981369328698538,0.986113214692639,0.944185989793936,0.911418578595255,0.592539906461616,0.981369328698538,0.986113214692639,0.944185989793936,0.911418578595255,0.592539906461616,1.8224507076982,0.234083458948297
0.350262896327007,1.24392577955179,1,1,1,1,21,1,21zf04,M-O,1,0.9192,0.0343,0.973307728523173,0.987593077859226,0.969844674948339,0.990847363907789,0.893236559799392,0.973307728523173,0.987593077859226,0.969844674948339,0.990847363907789,0.893236559799392,0.350262896327007,1.24392577955179
-0.398500797238618,1.20371384555165,0,1,1,1,21,1,21zf04,M-O,1,0.4338,3.2519,0.972419825882676,0.987012281673609,0.96814357385228,0.989807162617379,0.885649900523071,0.972419825882676,0.987012281673609,0.96814357385228,0.989807162617379,0.885649900523071,0.398500797238618,1.20371384555165
1.9865348458166,0.537029537696431,1,1,1,1,21,1,21zf04,M-O,1,0.2336,0.3866,0.989849257568181,0.993554973086768,0.972406502469897,0.950782483974457,0.704376394489069,0.989849257568181,0.993554973086768,0.972406502469897,0.950782483974457,0.704376394489069,1.9865348458166,0.537029537696431
0.318276874465952,-0.78431740822242,0,1,0,0,21,1,21zf04,M-O,1,2.6963,0.5161,0.705992776250664,0.692900226783623,0.459643675638559,0.629731172118233,0.216426943649521,0.294007223749336,0.307099773216377,0.540356324361441,0.370268827881767,0.783573056350479,0.318276874465952,0.78431740822242
-0.301088821570857,1.26880732730393,0,1,1,1,21,1,21zf04,M-O,1,0.5921,2.1772,0.973508771042934,0.987774353692184,0.970568087145332,0.991443390139191,0.897745104433044,0.973508771042934,0.987774353692184,0.970568087145332,0.991443390139191,0.897745104433044,0.301088821570857,1.26880732730393
1.14555171259962,0.850717915873016,1,1,1,1,21,1,21zf04,M-O,1,0.3037,0.6255,0.976534686023972,0.987439605761608,0.962546987863799,0.975360901869695,0.802536965743191,0.976534686023972,0.987439605761608,0.962546987863799,0.975360901869695,0.802536965743191,1.14555171259962,0.850717915873016
-1.13376389716159,0.620034204532694,0,1,1,1,21,1,21zf04,M-O,1,0.2503,0.2403,0.967759129636416,0.980834418826318,0.94308291969186,0.95867324397485,0.732382365995174,0.967759129636416,0.980834418826318,0.94308291969186,0.95867324397485,0.732382365995174,1.13376389716159,0.620034204532694
-0.51065957519297,0.111903589268239,0,1,1,1,21,1,21zf04,M-O,1,2.5763,0.0061,0.899362201621365,0.925492810513979,0.821728920446919,0.890156799938807,0.544550074671498,0.899362201621365,0.925492810513979,0.821728920446919,0.890156799938807,0.544550074671498,0.51065957519297,0.111903589268239
0.766911986283358,0.498427845705079,1,1,1,1,21,1,21zf04,M-O,1,0.3188,0.2416,0.945364403252398,0.965841182252369,0.910083748785375,0.946723996658879,0.69090874288233,0.945364403252398,0.965841182252369,0.910083748785375,0.946723996658879,0.69090874288233,0.766911986283358,0.498427845705079
-1.85012616598485,0.177195594007898,0,1,1,1,21,1,21zf04,M-O,1,0.5193,0.0358,0.981249887511768,0.985530087275701,0.940790784654504,0.901934698408813,0.570322621811705,0.981249887511768,0.985530087275701,0.940790784654504,0.901934698408813,0.570322621811705,1.85012616598485,0.177195594007898
1.75723245533215,1.18489827796958,1,1,1,1,21,1,21zf04,M-O,1,0.1601,1.09,0.993990630775474,0.997245804190254,0.989883614542569,0.989286001977383,0.881971165823603,0.993990630775474,0.997245804190254,0.989883614542569,0.989286001977383,0.881971165823603,1.75723245533215,1.18489827796958
-0.0134223262620105,0.168284117685323,0,1,1,1,21,1,21zf04,M-O,1,2.55,0.0062,0.864463033464029,0.903550890156849,0.796077824542434,0.900384046193112,0.566820116036079,0.864463033464029,0.903550890156849,0.796077824542434,0.900384046193112,0.566820116036079,0.0134223262620105,0.168284117685323
-0.572346903067863,1.00620553121418,0,1,1,1,21,1,21zf04,M-O,1,0.3982,0.3605,0.966990465241248,0.98332113371473,0.957665179417429,0.983067033792984,0.842841644003272,0.966990465241248,0.98332113371473,0.957665179417429,0.983067033792984,0.842841644003272,0.572346903067863,1.00620553121418
-0.619287428656166,-0.122066780418776,1,1,0,0,21,1,21zf04,M-O,1,0.4948,0.949,0.763866246479199,0.814121434967414,0.6645125967217,0.839740535668572,0.451423065241039,0.236133753520801,0.185878565032586,0.3354874032783,0.160259464331428,0.548576934758961,0.619287428656166,0.122066780418776
0.219618690154253,1.34826063847699,1,1,1,1,21,1,21zf04,M-O,1,0.6342,0.2316,0.97565506969503,0.98904100996566,0.973977358179847,0.993124815967814,0.911212716334806,0.97565506969503,0.98904100996566,0.973977358179847,0.993124815967814,0.911212716334806,0.219618690154253,1.34826063847699
1.36135350944142,1.59244391295943,1,1,1,1,21,1,21zf04,M-O,1,0.3013,1.2194,0.99493997330172,0.998019499467454,0.993764651925638,0.996614507051524,0.944357502016738,0.99493997330172,0.998019499467454,0.993764651925638,0.996614507051524,0.944357502016738,1.36135350944142,1.59244391295943
0.491084473091916,-1.12573283030365,0,1,0,0,21,1,21zf04,M-O,1,0.6444,0.0548,0.645828228790933,0.583367909357443,0.327827692218464,0.495901343809177,0.130139311511239,0.354171771209067,0.416632090642557,0.672172307781536,0.504098656190823,0.869860688488761,0.491084473091916,1.12573283030365
2.18094339427081,-0.179417865663071,0,1,0,0,21,1,21zf04,M-O,1,0.8553,0.04,0.618181808154113,0.701275539218456,0.563215170866293,0.825373954717011,0.42880480211317,0.381818191845887,0.298724460781544,0.436784829133707,0.174626045282989,0.57119519788683,2.18094339427081,0.179417865663071
-1.27292386240125,1.20475057670799,0,1,1,1,21,1,21zf04,M-O,1,0.2025,0.3546,0.98837139095241,0.994665388653749,0.983494719406169,0.989835224335277,0.885850197630435,0.98837139095241,0.994665388653749,0.983494719406169,0.989835224335277,0.885850197630435,1.27292386240125,1.20475057670799
0.436666695639989,1.34120204337,1,1,1,1,21,1,21zf04,M-O,1,1.0248,0.0061,0.978933638345235,0.99057836243816,0.976593530104655,0.992988250324168,0.910072568431716,0.978933638345235,0.99057836243816,0.976593530104655,0.992988250324168,0.910072568431716,0.436666695639989,1.34120204337
0.575826660879648,-1.53268289633134,0,0,0,1,21,1,21zf04,M-O,1,3.2979,0.0063,0.603889121165372,0.465614314475096,0.205141204830319,0.338257266213032,0.0626770026853343,0.396110878834628,0.534385685524904,0.794858795169681,0.661742733786968,0.937322997314666,0.575826660879648,1.53268289633134
2.13171815283529,1.46849939450262,1,1,1,1,21,1,21zf04,M-O,1,0.3844,0.5804,0.998144799841549,0.999257153183861,0.996897198927463,0.995116318958576,0.929015689703716,0.998144799841549,0.999257153183861,0.996897198927463,0.995116318958576,0.929015689703716,2.13171815283529,1.46849939450262
1.29634295851603,0.729729184117263,1,1,1,1,21,1,21zf04,M-O,1,0.5673,0.4398,0.976976573377694,0.986972620994937,0.959049268632664,0.967494904154123,0.76722213076123,0.976976573377694,0.986972620994937,0.959049268632664,0.967494904154123,0.76722213076123,1.29634295851603,0.729729184117263
0.191786697106322,-0.803287382572456,0,1,0,0,21,1,21zf04,M-O,1,0.4127,0.0062,0.722602372869931,0.704575517573863,0.466554115054829,0.62254488947061,0.210904324501524,0.277397627130069,0.295424482426137,0.533445884945171,0.37745511052939,0.789095675498476,0.191786697106322,0.803287382572456
0.951558567026726,0.836313970232815,1,1,1,1,21,1,21zf04,M-O,1,0.4091,0.3384,0.970335786799553,0.984007696188419,0.955138993029441,0.974517408245691,0.798510852029363,0.970335786799553,0.984007696188419,0.955138993029441,0.974517408245691,0.798510852029363,0.951558567026726,0.836313970232815
-1.48020990017614,0.924678757728448,0,1,1,1,21,1,21zf04,M-O,1,0.2578,3.026,0.986260760203789,0.992893335954996,0.976213076617741,0.979331688654064,0.82243348392288,0.986260760203789,0.992893335954996,0.976213076617741,0.979331688654064,0.82243348392288,1.48020990017614,0.924678757728448
1.20059259437352,-0.0979793246161723,0,1,0,0,21,1,21zf04,M-O,1,0.2986,0.2427,0.714406519267991,0.780018686823758,0.636648021467724,0.845537314360928,0.46097435546415,0.285593480732009,0.219981313176242,0.363351978532276,0.154462685639072,0.53902564453585,1.20059259437352,0.0979793246161723
1.05229376574499,1.37012022519895,1,1,1,1,21,1,21zf04,M-O,1,0.4916,0.0061,0.988727264480035,0.995129751211411,0.985913719334289,0.99353295742392,0.914675312345169,0.988727264480035,0.995129751211411,0.985913719334289,0.99353295742392,0.914675312345169,1.05229376574499,1.37012022519895
1.99338899335826,0.958317375035198,1,1,1,1,21,1,21zf04,M-O,1,0.3021,0.3077,0.99427064540329,0.997080198522397,0.987927743118032,0.98094995053683,0.831048627516558,0.99427064540329,0.997080198522397,0.987927743118032,0.98094995053683,0.831048627516558,1.99338899335826,0.958317375035198
1.94831778073586,0.555161303877512,1,1,1,1,21,1,21zf04,M-O,1,0.3513,0.0682,0.989355831610972,0.993319186162377,0.971995222313001,0.952601634665995,0.710607832876141,0.989355831610972,0.993319186162377,0.971995222313001,0.952601634665995,0.710607832876141,1.94831778073586,0.555161303877512
1.8774915894721,1.60402442055683,1,1,1,1,21,1,21zf04,M-O,1,0.2795,0.2733,0.997736581178376,0.999137371934566,0.996780820245478,0.996730799803883,0.945645665092695,0.997736581178376,0.999137371934566,0.996780820245478,0.996730799803883,0.945645665092695,1.8774915894721,1.60402442055683
2.12860263122545,1.2973064050484,1,0,1,0,21,1,21zf04,M-O,1,1.6751,0.1628,0.997442565875496,0.998893114815804,0.995297124404046,0.992083993512964,0.902737109273499,0.997442565875496,0.998893114815804,0.995297124404046,0.992083993512964,0.902737109273499,2.12860263122545,1.2973064050484
