s1,s2,r1,r2,acc1,acc2,id,seq,id_sess,task,dataset,rt1,rt2,p_r2_discrete,p_r2_bayesian,p_r2_optimal,p_r2_fixed,p_r2_naive,p_c2_discrete,p_c2_bayesian,p_c2_optimal,p_c2_fixed,p_c2_naive,abs1,abs2
2.80520279946873,-0.122053917699275,1,1,1,1,18,1,18cl03,M-O,1,0.2677,0.2389,0.970488076788517,0.981894773389887,0.982144814840606,0.828160897087565,0.548571841360567,0.970488076788517,0.981894773389887,0.982144814840606,0.828160897087565,0.548571841360567,2.80520279946873,0.122053917699275
-0.717672415182377,-0.101984969718613,0,1,1,1,18,1,18cl03,M-O,1,0.4826,0.2897,0.816209845637997,0.836828550797584,0.837629884492417,0.822998745580419,0.54061569734959,0.816209845637997,0.836828550797584,0.837629884492417,0.822998745580419,0.54061569734959,0.717672415182377,0.101984969718613
0.606973058193413,-1.7242854593938,1,1,0,0,18,1,18cl03,M-O,1,0.3491,0.3219,0.207533730306925,0.158253163170372,0.159202900407324,0.184215360904875,0.0423281614710125,0.792466269693075,0.841746836829628,0.840797099592676,0.815784639095125,0.957671838528988,0.606973058193413,1.7242854593938
-1.22026082339318,0.0063336637568725,0,1,1,1,18,1,18cl03,M-O,1,0.8386,0.0831,0.859374246272747,0.865637522156671,0.866464715406651,0.797070343436405,0.502526749368901,0.859374246272747,0.865637522156671,0.866464715406651,0.797070343436405,0.502526749368901,1.22026082339318,0.0063336637568725
2.95502805049688,1.39145424185258,1,1,1,1,18,1,18cl03,M-O,1,0.1765,0.2122,0.998465666452686,0.999152070932325,0.999163712283837,0.986665303941934,0.917956136938584,0.998465666452686,0.999152070932325,0.999163712283837,0.986665303941934,0.917956136938584,2.95502805049688,1.39145424185258
1.00254342995554,1.31957867048517,1,1,1,1,18,1,18cl03,M-O,1,0.3882,0.2282,0.97208820727097,0.983474309525268,0.983575821109067,0.984001471404854,0.90651213594346,0.97208820727097,0.983474309525268,0.983575821109067,0.984001471404854,0.90651213594346,1.00254342995554,1.31957867048517
-0.370458341371129,-0.510027262178306,1,1,0,0,18,1,18cl03,M-O,1,0.3237,0.2419,0.526381013091817,0.549966496192642,0.551118642762389,0.623558980603455,0.305016181244255,0.473618986908183,0.450033503807358,0.448881357237611,0.376441019396545,0.694983818755745,0.370458341371129,0.510027262178306
1.4488482782563,1.0254920016104,1,1,1,1,18,1,18cl03,M-O,1,0.4174,0.2281,0.970147998084892,0.979754339486712,0.979901122275064,0.967869211289338,0.847434451251483,0.970147998084892,0.979754339486712,0.979901122275064,0.967869211289338,0.847434451251483,1.4488482782563,1.0254920016104
2.55443707949394,1.18921735299631,1,1,1,1,18,1,18cl03,M-O,1,0.3366,0.1624,0.995333161693024,0.996957173225963,0.996992657036074,0.977999750831778,0.882822926167078,0.995333161693024,0.996957173225963,0.996992657036074,0.977999750831778,0.882822926167078,2.55443707949394,1.18921735299631
3.02980855497829,1.3686694330909,1,1,1,1,18,1,18cl03,M-O,1,0.2041,0.0493,0.998562667121296,0.999232295815983,0.999243218879483,0.985865685278284,0.914448685363754,0.998562667121296,0.999232295815983,0.999243218879483,0.985865685278284,0.914448685363754,3.02980855497829,1.3686694330909
-0.216405217298102,0.274951242865467,0,1,1,1,18,1,18cl03,M-O,1,0.3382,0.0061,0.796402890787531,0.834801140007447,0.835474360599122,0.86429471187237,0.608323151208064,0.796402890787531,0.834801140007447,0.835474360599122,0.86429471187237,0.608323151208064,0.216405217298102,0.274951242865467
2.23946053764995,0.726968374134085,1,1,1,1,18,1,18cl03,M-O,1,0.2348,0.0061,0.982343344962152,0.986189208449335,0.986331694839256,0.939649395115295,0.766377335136835,0.982343344962152,0.986189208449335,0.986331694839256,0.939649395115295,0.766377335136835,2.23946053764995,0.726968374134085
1.64227347005983,0.538516057730307,1,1,1,1,18,1,18cl03,M-O,1,0.2318,2.5475,0.950364069441215,0.958763888102707,0.959085811147969,0.913619360696179,0.704889588893776,0.950364069441215,0.958763888102707,0.959085811147969,0.913619360696179,0.704889588893776,1.64227347005983,0.538516057730307
1.52653544545608,-0.145233473667498,1,1,1,1,18,1,18cl03,M-O,1,0.2532,0.3989,0.907803200784417,0.913618905411362,0.914245133427623,0.834002220085285,0.55773673102932,0.907803200784417,0.913618905411362,0.914245133427623,0.834002220085285,0.55773673102932,1.52653544545608,0.145233473667498
3.16404352415342,1.21560225628166,1,1,1,1,18,1,18cl03,M-O,1,0.3966,0.2272,0.998250563642601,0.999148321494689,0.999161391481651,0.979348280114702,0.887931762878729,0.998250563642601,0.999148321494689,0.999161391481651,0.979348280114702,0.887931762878729,3.16404352415342,1.21560225628166
0.335332215059498,-1.41241937633632,1,0,0,1,18,1,18cl03,M-O,1,0.4371,0.2611,0.302959875098539,0.255942693837199,0.257183043986991,0.278416967002803,0.0789132572558176,0.697040124901461,0.744057306162801,0.742816956013009,0.721583032997197,0.921086742744182,0.335332215059498,1.41241937633632
2.55258738503681,1.41130213139757,1,1,1,1,18,1,18cl03,M-O,1,0.3952,0.6597,0.997048924286529,0.998223168534626,0.998243551417898,0.987329708830683,0.920922226850773,0.997048924286529,0.998223168534626,0.998243551417898,0.987329708830683,0.920922226850773,2.55258738503681,1.41130213139757
2.95925592354176,1.12162084134783,1,1,1,1,18,1,18cl03,M-O,1,0.2705,0.4401,0.997107524688682,0.998343089236661,0.998366438773641,0.974202019177579,0.868988156813501,0.997107524688682,0.998343089236661,0.998366438773641,0.974202019177579,0.868988156813501,2.95925592354176,1.12162084134783
2.54492436514295,1.10744152168879,1,1,1,1,18,1,18cl03,M-O,1,0.0899,0.1016,0.994412100438141,0.996254586660216,0.996298307966372,0.973339386949255,0.865948458841166,0.994412100438141,0.996254586660216,0.996298307966372,0.973339386949255,0.865948458841166,2.54492436514295,1.10744152168879
0.881784806110991,0.826034133088195,1,1,1,1,18,1,18cl03,M-O,1,0.0268,0.2329,0.931356988223512,0.951628995275944,0.951905038198597,0.950620792567486,0.795607635206693,0.931356988223512,0.951628995275944,0.951905038198597,0.950620792567486,0.795607635206693,0.881784806110991,0.826034133088195
-0.38921952800781,0.90072030456619,0,1,1,1,18,1,18cl03,M-O,1,0.1417,0.0061,0.914741813811091,0.942622467442725,0.942895933996728,0.957789311609689,0.816131474945703,0.914741813811091,0.942622467442725,0.942895933996728,0.957789311609689,0.816131474945703,0.38921952800781,0.90072030456619
1.69274370453315,0.419570829454675,1,1,1,1,18,1,18cl03,M-O,1,0.0998,0.1481,0.944863224588797,0.952147186610872,0.952528333506469,0.893331081128347,0.662600499047197,0.944863224588797,0.952147186610872,0.952528333506469,0.893331081128347,0.662600499047197,1.69274370453315,0.419570829454675
0.784807968143922,1.05220849254925,1,1,1,1,18,1,18cl03,M-O,1,0.272,0.0061,0.947618929139911,0.966096859027329,0.966286283803899,0.969746243387699,0.853648048012764,0.947618929139911,0.966096859027329,0.966286283803899,0.969746243387699,0.853648048012764,0.784807968143922,1.05220849254925
0.303623167222855,0.571895881515609,0,1,1,1,18,1,18cl03,M-O,1,0.2669,0.0061,0.860748298001429,0.896292858370326,0.896752081364039,0.918757813564756,0.716303742813744,0.860748298001429,0.896292858370326,0.896752081364039,0.918757813564756,0.716303742813744,0.303623167222855,0.571895881515609
2.32322527235175,0.228528971375973,1,1,1,1,18,1,18cl03,M-O,1,0.1723,0.0061,0.963683960146765,0.969213286946294,0.969546551162036,0.853920617178035,0.590382481981146,0.963683960146765,0.969213286946294,0.969546551162036,0.853920617178035,0.590382481981146,2.32322527235175,0.228528971375973
-1.08602585421805,1.11683650520452,0,1,1,1,18,1,18cl03,M-O,1,0.2745,0.0061,0.963104436367606,0.976378659877478,0.976527169634117,0.973913601599499,0.867967881430198,0.963104436367606,0.976378659877478,0.976527169634117,0.973913601599499,0.867967881430198,1.08602585421805,1.11683650520452
2.86888513720733,0.827234164596086,1,1,1,1,18,1,18cl03,M-O,1,0.7325,0.0995,0.993650156537103,0.996078419588952,0.996132602492889,0.950743209636529,0.795947824610248,0.993650156537103,0.996078419588952,0.996132602492889,0.950743209636529,0.795947824610248,2.86888513720733,0.827234164596086
3.23512463972056,0.431334296209666,1,1,1,1,18,1,18cl03,M-O,1,0.1442,0.1381,0.988079713088974,0.995421717077292,0.995498870183549,0.895478811752495,0.666887341745327,0.988079713088974,0.995421717077292,0.995498870183549,0.895478811752495,0.666887341745327,3.23512463972056,0.431334296209666
-0.489367270758543,-0.115706382618058,0,1,1,1,18,1,18cl03,M-O,1,0.1777,0.0061,0.792375180499963,0.81997479351227,0.820774829110982,0.826538674968972,0.546057376182632,0.792375180499963,0.81997479351227,0.820774829110982,0.826538674968972,0.546057376182632,0.489367270758543,0.115706382618058
-0.0005194499436192,0.621191912668738,0,1,1,1,18,1,18cl03,M-O,1,0.1612,0.0551,0.849233792500725,0.890527121899711,0.890963499897367,0.925919900706203,0.732763320033357,0.849233792500725,0.890527121899711,0.890963499897367,0.925919900706203,0.732763320033357,0.0005194499436192,0.621191912668738
2.08963528662181,0.383601463994448,1,1,1,1,18,1,18cl03,M-O,1,0.2078,0.0062,0.963145596066865,0.967914347108936,0.968223711367214,0.886566769510149,0.649363072614758,0.963145596066865,0.967914347108936,0.968223711367214,0.886566769510149,0.649363072614758,2.08963528662181,0.383601463994448
-1.08100525497725,1.42216557452165,0,1,1,1,18,1,18cl03,M-O,1,0.2269,0.0062,0.978470647122677,0.987700707274302,0.987778718693986,0.987681081999698,0.922510905011009,0.978470647122677,0.987700707274302,0.987778718693986,0.987681081999698,0.922510905011009,1.08100525497725,1.42216557452165
1.6013159499375,0.260645604100337,1,1,1,1,18,1,18cl03,M-O,1,0.1261,0.0061,0.925477522176285,0.932274729833996,0.932787549673337,0.861153036659329,0.602817091052116,0.925477522176285,0.932274729833996,0.932787549673337,0.861153036659329,0.602817091052116,1.6013159499375,0.260645604100337
1.56802144970902,-0.128622511216156,1,1,1,1,18,1,18cl03,M-O,1,0.2241,0.0061,0.90963186136154,0.914787636997447,0.915417483330975,0.829829379409538,0.55117182355386,0.90963186136154,0.914787636997447,0.915417483330975,0.829829379409538,0.55117182355386,1.56802144970902,0.128622511216156
-1.1816814818586,0.240402967348796,0,1,1,1,18,1,18cl03,M-O,1,0.1874,0.5785,0.887120771321351,0.899904039122756,0.900523554431675,0.856623497520963,0.594991060980491,0.887120771321351,0.899904039122756,0.900523554431675,0.856623497520963,0.594991060980491,1.1816814818586,0.240402967348796
2.49339716240841,0.278756605936544,1,1,1,1,18,1,18cl03,M-O,1,0.1698,0.0061,0.971824266183107,0.977871301428475,0.978132063050954,0.865122147983842,0.609784190853435,0.971824266183107,0.977871301428475,0.978132063050954,0.865122147983842,0.609784190853435,2.49339716240841,0.278756605936544
1.63513893429658,0.678067090187499,1,1,1,1,18,1,18cl03,M-O,1,0.1139,0.0061,0.958881231500322,0.967564368385644,0.967817626199729,0.933572200184305,0.751135422049636,0.958881231500322,0.967564368385644,0.967817626199729,0.933572200184305,0.751135422049636,1.63513893429658,0.678067090187499
2.50687350773898,0.984533031459466,1,1,1,1,18,1,18cl03,M-O,1,0.201,0.3236,0.992453948616041,0.994719141463684,0.994780169384379,0.964805693717526,0.837573250662937,0.992453948616041,0.994719141463684,0.994780169384379,0.964805693717526,0.837573250662937,2.50687350773898,0.984533031459466
-1.05484529051202,0.827455223031751,0,1,1,1,18,1,18cl03,M-O,1,0.1923,0.4025,0.940514409485449,0.957639961508805,0.957899181765328,0.950765733694543,0.796010454267648,0.940514409485449,0.957639961508805,0.957899181765328,0.950765733694543,0.796010454267648,1.05484529051202,0.827455223031751
-1.24430685133597,0.347584728869437,0,1,1,1,18,1,18cl03,M-O,1,0.1533,0.2589,0.905556808542917,0.918738063545731,0.9192606006409,0.879492472684813,0.63592396170137,0.905556808542917,0.918738063545731,0.9192606006409,0.879492472684813,0.63592396170137,1.24430685133597,0.347584728869437
0.782694031621479,0.0135338528042226,1,1,1,1,18,1,18cl03,M-O,1,0.2066,0.3388,0.808012801835034,0.823959465983811,0.824838235159611,0.799097675171805,0.505399061279833,0.808012801835034,0.823959465983811,0.824838235159611,0.799097675171805,0.505399061279833,0.782694031621479,0.0135338528042226
-0.647648267876456,1.22774468035493,0,1,1,1,18,1,18cl03,M-O,1,0.279,0.6601,0.956923338080421,0.973841187266204,0.973981947495573,0.979944956159361,0.890228585968683,0.956923338080421,0.973841187266204,0.973981947495573,0.979944956159361,0.890228585968683,0.647648267876456,1.22774468035493
2.3993269871597,0.928352609024222,1,1,1,1,18,1,18cl03,M-O,1,0.181,0.6592,0.990143913122253,0.992871046123278,0.992949679871859,0.960217987659572,0.823387653607029,0.990143913122253,0.992871046123278,0.992949679871859,0.960217987659572,0.823387653607029,2.3993269871597,0.928352609024222
-1.31644493516433,0.360848235009292,0,1,1,1,18,1,18cl03,M-O,1,0.1712,0.2273,0.912956086121286,0.924969458840211,0.92546877664782,0.882132950113229,0.640893548825379,0.912956086121286,0.924969458840211,0.92546877664782,0.882132950113229,0.640893548825379,1.31644493516433,0.360848235009292
2.76583073173824,0.666035195332059,1,1,1,1,18,1,18cl03,M-O,1,0.2174,0.5476,0.98990993120956,0.993297019101395,0.993386062262132,0.93200663726199,0.747305697741536,0.98990993120956,0.993297019101395,0.993386062262132,0.93200663726199,0.747305697741536,2.76583073173824,0.666035195332059
2.64005150865288,0.42991320626611,1,1,1,1,18,1,18cl03,M-O,1,0.2693,0.0514,0.981533266426667,0.986677837244105,0.986846043634809,0.895221030781396,0.666370610754051,0.981533266426667,0.986677837244105,0.986846043634809,0.895221030781396,0.666370610754051,2.64005150865288,0.42991320626611
2.749183481624,1.29292533909936,1,1,1,1,18,1,18cl03,M-O,1,0.1649,0.4986,0.997286617912146,0.99835038860712,0.998371221713822,0.982903743296703,0.901981558648137,0.997286617912146,0.99835038860712,0.998371221713822,0.982903743296703,0.901981558648137,2.749183481624,1.29292533909936
1.0445579183391,0.448039997990579,1,1,1,1,18,1,18cl03,M-O,1,0.1141,0.0825,0.900661553703135,0.918908823862566,0.919389316946949,0.898474780871992,0.672937834876576,0.900661553703135,0.918908823862566,0.919389316946949,0.898474780871992,0.672937834876576,1.0445579183391,0.448039997990579
2.01485478214039,1.22439722404345,1,1,1,1,18,1,18cl03,M-O,1,0.221,0.0828,0.989770819972926,0.993366364528437,0.993427295873946,0.97978194115664,0.88959879199611,0.989770819972926,0.993366364528437,0.993427295873946,0.97978194115664,0.88959879199611,2.01485478214039,1.22439722404345
-0.27004635655509,0.195907062227234,0,1,1,1,18,1,18cl03,M-O,1,0.2258,0.7405,0.784972880607032,0.820831180294863,0.821566705608802,0.846319657622726,0.577658545238607,0.784972880607032,0.820831180294863,0.821566705608802,0.846319657622726,0.577658545238607,0.27004635655509,0.195907062227234
2.46670871381256,1.0614297872941,1,1,1,1,18,1,18cl03,M-O,1,0.1643,0.1139,0.993082299207332,0.995242416589533,0.995296163802208,0.970372629277009,0.855752687082577,0.993082299207332,0.995242416589533,0.995296163802208,0.970372629277009,0.855752687082577,2.46670871381256,1.0614297872941
-0.790867467271963,1.15511119435096,0,1,1,1,18,1,18cl03,M-O,1,0.231,0.2267,0.955947706634572,0.972493597401769,0.97264867157036,0.976147106692976,0.875977552678573,0.955947706634572,0.972493597401769,0.97264867157036,0.976147106692976,0.875977552678573,0.790867467271963,1.15511119435096
0.265308067753577,1.09899393146877,0,1,1,1,18,1,18cl03,M-O,1,0.1748,0.3403,0.932951013282665,0.95768559868271,0.957882871400351,0.972814098578733,0.864114643548742,0.932951013282665,0.95768559868271,0.957882871400351,0.972814098578733,0.864114643548742,0.265308067753577,1.09899393146877
-0.572339279264427,0.66421935818196,0,1,1,1,18,1,18cl03,M-O,1,0.1203,0.0834,0.893682962860439,0.922130797630519,0.922518106237447,0.931767910536025,0.746725037314456,0.893682962860439,0.922130797630519,0.922518106237447,0.931767910536025,0.746725037314456,0.572339279264427,0.66421935818196
1.12911537923681,-0.82704084880911,0,0,0,1,18,1,18cl03,M-O,1,0.0633,0.0682,0.35179994696444,0.375817938098417,0.376804256604923,0.499133443336521,0.20410695446555,0.64820005303556,0.624182061901583,0.623195743395077,0.500866556663479,0.79589304553445,1.12911537923681,0.82704084880911
0.325026774512589,0.781206640313136,0,1,1,1,18,1,18cl03,M-O,1,0.4931,0.0659,0.895282104298119,0.926920084764643,0.92725560355462,0.945871322622701,0.782659515577901,0.895282104298119,0.926920084764643,0.92725560355462,0.945871322622701,0.782659515577901,0.325026774512589,0.781206640313136
2.76081013249743,1.00283351195481,1,1,1,1,18,1,18cl03,M-O,1,0.1521,0.2764,0.995005691845528,0.996772677152093,0.99681456359684,0.96620287287812,0.842029401644415,0.995005691845528,0.996772677152093,0.99681456359684,0.96620287287812,0.842029401644415,2.76081013249743,1.00283351195481
0.192905741859907,-0.168144601535272,0,1,1,1,18,1,18cl03,M-O,1,0.1366,0.114,0.770864094644455,0.808494652869592,0.809251926650064,0.83964826669581,0.566765239064673,0.770864094644455,0.808494652869592,0.809251926650064,0.83964826669581,0.566765239064673,0.192905741859907,0.168144601535272
2.76213134282396,0.649487392433763,1,1,1,1,18,1,18cl03,M-O,1,0.1964,0.0061,0.989514609650406,0.993015590827999,0.99310828871181,0.929807131660988,0.741988303541518,0.989514609650406,0.993015590827999,0.99310828871181,0.929807131660988,0.741988303541518,2.76213134282396,0.649487392433763
0.489385339132526,0.664550945835456,0,1,1,1,18,1,18cl03,M-O,1,0.1308,0.2594,0.888255606970453,0.918507780647851,0.918900219001081,0.931811552323801,0.746831123288216,0.888255606970453,0.918507780647851,0.918900219001081,0.931811552323801,0.746831123288216,0.489385339132526,0.664550945835456
-0.0007836920089245,1.22626043085833,0,1,1,1,18,1,18cl03,M-O,1,0.2375,0.4519,0.938603960759469,0.962623426907489,0.962785496632642,0.979872814011632,0.88994965665006,0.938603960759469,0.962623426907489,0.962785496632642,0.979872814011632,0.88994965665006,0.0007836920089245,1.22626043085833
3.09930421815361,0.252419072315974,1,1,1,1,18,1,18cl03,M-O,1,0.1749,0.8679,0.980827333519606,0.991454676932487,0.99159065943873,0.859324140956368,0.599641420121464,0.980827333519606,0.991454676932487,0.99159065943873,0.859324140956368,0.599641420121464,3.09930421815361,0.252419072315974
2.26562050211518,0.543300393873612,1,1,1,1,18,1,18cl03,M-O,1,0.1224,0.4817,0.976822318992803,0.981030473421788,0.981229465088039,0.914370425191914,0.706538503432279,0.976822318992803,0.981030473421788,0.981229465088039,0.914370425191914,0.706538503432279,2.26562050211518,0.543300393873612
0.925384746886376,0.32036296150621,1,1,1,1,18,1,18cl03,M-O,1,0.1896,0.3568,0.873436191112842,0.893213100544622,0.893805745504748,0.873943399379127,0.62565340022186,0.873436191112842,0.893213100544622,0.893805745504748,0.873943399379127,0.62565340022186,0.925384746886376,0.32036296150621
-1.41791388824159,0.521984044720273,0,1,1,1,18,1,18cl03,M-O,1,0.5585,0.357,0.935599312146745,0.947094420178531,0.947466809307354,0.910986170157365,0.699159280179811,0.935599312146745,0.947094420178531,0.947466809307354,0.910986170157365,0.699159280179811,1.41791388824159,0.521984044720273
1.35742052366065,0.763221957583023,1,1,1,1,18,1,18cl03,M-O,1,0.0792,0.0195,0.950854700984414,0.963306328365393,0.963560439128191,0.943867081033324,0.777334482088168,0.950854700984414,0.963306328365393,0.963560439128191,0.943867081033324,0.777334482088168,1.35742052366065,0.763221957583023
1.16743047870609,-0.120474928873102,1,1,1,1,18,1,18cl03,M-O,1,0.2206,0.0061,0.869758674295807,0.880196958053066,0.88092476798483,0.827758267323906,0.547946530581929,0.869758674295807,0.880196958053066,0.88092476798483,0.827758267323906,0.547946530581929,1.16743047870609,0.120474928873102
-0.636285859068325,-0.75796008766403,1,0,0,1,18,1,18cl03,M-O,1,0.3441,0.2583,0.42419199973333,0.437575535597407,0.438723198162854,0.526672776267751,0.224237438364614,0.57580800026667,0.562424464402593,0.561276801837146,0.473327223732249,0.775762561635386,0.636285859068325,0.75796008766403
-0.0293218350619038,0.375943368187508,0,1,1,1,18,1,18cl03,M-O,1,0.2512,0.2427,0.801307079621229,0.844932392488545,0.845530557968887,0.885087947532803,0.64652050084456,0.801307079621229,0.844932392488545,0.845530557968887,0.885087947532803,0.64652050084456,0.0293218350619038,0.375943368187508
2.64295817137124,1.19385958014525,1,1,1,1,18,1,18cl03,M-O,1,0.2098,0.5458,0.996000000471243,0.997434976009513,0.997466093915659,0.978242266127754,0.883733549552688,0.996000000471243,0.997434976009513,0.997466093915659,0.978242266127754,0.883733549552688,2.64295817137124,1.19385958014525
1.74083576041873,1.14281087139507,1,1,1,1,18,1,18cl03,M-O,1,0.2264,0.4199,0.982713815132302,0.98859348649224,0.988686935074131,0.975447541778826,0.873441437949192,0.982713815132302,0.98859348649224,0.988686935074131,0.975447541778826,0.873441437949192,1.74083576041873,1.14281087139507
-1.18300269218512,0.889493694012098,0,1,1,1,18,1,18cl03,M-O,1,0.1563,0.3062,0.951621282676936,0.966044231849955,0.966263926877297,0.95676890576995,0.813131094621636,0.951621282676936,0.966044231849955,0.966263926877297,0.95676890576995,0.813131094621636,1.18300269218512,0.889493694012098
2.57240553993471,1.49989919443416,1,1,1,1,18,1,18cl03,M-O,1,0.2515,0.1302,0.997645817607916,0.998632677507712,0.998648392913472,0.989957813004507,0.933179741649502,0.997645817607916,0.998632677507712,0.998648392913472,0.989957813004507,0.933179741649502,2.57240553993471,1.49989919443416
-1.03106350463454,0.009554800962266,0,1,1,1,18,1,18cl03,M-O,1,0.195,0.5631,0.837740436324572,0.847587786414115,0.848443631371776,0.797978813903533,0.503811756086029,0.837740436324572,0.847587786414115,0.848443631371776,0.797978813903533,0.503811756086029,1.03106350463454,0.009554800962266
0.218272980129222,0.392980657621918,0,1,1,1,18,1,18cl03,M-O,1,0.1853,0.179,0.820808494203208,0.859607000764747,0.860191666894917,0.888359390288896,0.652833116261506,0.820808494203208,0.859607000764747,0.860191666894917,0.888359390288896,0.652833116261506,0.218272980129222,0.392980657621918
0.439972072920422,0.694914900962768,0,1,1,1,18,1,18cl03,M-O,1,0.0342,0.1189,0.889513676705895,0.920397931853521,0.92077543732843,0.935717315468588,0.756445683089119,0.889513676705895,0.920397931853521,0.92077543732843,0.935717315468588,0.756445683089119,0.439972072920422,0.694914900962768
3.03773581693746,0.301888792239983,1,1,1,1,18,1,18cl03,M-O,1,0.1113,0.1479,0.982282367779506,0.991338982808755,0.991472484561422,0.870077488819518,0.618631580053403,0.982282367779506,0.991338982808755,0.991472484561422,0.870077488819518,0.618631580053403,3.03773581693746,0.301888792239983
2.09782679064628,-0.173576323097308,1,1,1,1,18,1,18cl03,M-O,1,0.2017,0.19,0.950190395853931,0.95484740881005,0.955283494792892,0.840968197471374,0.568900779518663,0.950190395853931,0.95484740881005,0.955283494792892,0.840968197471374,0.568900779518663,2.09782679064628,0.173576323097308
0.280369865475983,0.0448294113389765,0,1,1,1,18,1,18cl03,M-O,1,0.4151,0.0061,0.753017014623712,0.784932325117749,0.785793059804579,0.807767300857322,0.517878359102927,0.753017014623712,0.784932325117749,0.785793059804579,0.807767300857322,0.517878359102927,0.280369865475983,0.0448294113389765
-1.40998662628243,0.670598473039699,0,1,1,1,18,1,18cl03,M-O,1,0.2616,0.0061,0.946896921440564,0.958743405758777,0.959034677527811,0.932603721040653,0.748761822238251,0.946896921440564,0.958743405758777,0.959034677527811,0.932603721040653,0.748761822238251,1.40998662628243,0.670598473039699
-0.558070207737937,0.213765425851253,0,1,1,1,18,1,18cl03,M-O,1,0.0944,0.0342,0.818889601392632,0.846713372561899,0.847426875883946,0.850512538545848,0.584635006052416,0.818889601392632,0.846713372561899,0.847426875883946,0.850512538545848,0.584635006052416,0.558070207737937,0.213765425851253
3.21927011580224,0.809581069519469,1,1,1,1,18,1,18cl03,M-O,1,0.1774,0.0815,0.995289455130452,0.997963348600494,0.997996573724578,0.948917778633879,0.79090950411372,0.995289455130452,0.997963348600494,0.997996573724578,0.948917778633879,0.79090950411372,3.21927011580224,0.809581069519469
-1.62402269917978,0.532658009185204,0,1,1,1,18,1,18cl03,M-O,1,0.1269,0.0062,0.948940580933743,0.957544380571346,0.95787297838469,0.912693045482295,0.702864830772307,0.948940580933743,0.957544380571346,0.95787297838469,0.912693045482295,0.702864830772307,1.62402269917978,0.532658009185204
-0.195265852073672,1.04219770339131,0,1,1,1,18,1,18cl03,M-O,1,0.1284,0.0517,0.923943284808147,0.951169442043714,0.951390363039604,0.969053843126018,0.851339986193017,0.923943284808147,0.951169442043714,0.951390363039604,0.969053843126018,0.851339986193017,0.195265852073672,1.04219770339131
1.30219393201182,-0.0551047914695288,1,1,1,1,18,1,18cl03,M-O,1,0.2158,0.0061,0.875165455987749,0.881630557163461,0.882393193524424,0.810563168093873,0.521972510546876,0.875165455987749,0.881630557163461,0.882393193524424,0.810563168093873,0.521972510546876,1.30219393201182,0.0551047914695288
0.306265587875908,0.147368945710668,0,1,1,1,18,1,18cl03,M-O,1,0.0821,0.0815,0.778446628404169,0.812297257647294,0.813072478366143,0.83453383476818,0.558579592198316,0.778446628404169,0.812297257647294,0.813072478366143,0.83453383476818,0.558579592198316,0.306265587875908,0.147368945710668
-0.935407876993997,1.00731784022115,0,1,1,1,18,1,18cl03,M-O,1,0.0817,0.0061,0.949924682362799,0.966856640068613,0.967052157549249,0.96653818412427,0.843108970365326,0.949924682362799,0.966856640068613,0.967052157549249,0.96653818412427,0.843108970365326,0.935407876993997,1.00731784022115
-1.7091086442081,1.21782863052656,0,1,1,1,18,1,18cl03,M-O,1,0.1295,0.0533,0.984224813766585,0.989933730194133,0.990015053321539,0.979458795951715,0.888355449030477,0.984224813766585,0.989933730194133,0.990015053321539,0.979458795951715,0.888355449030477,1.7091086442081,1.21782863052656
0.784807968143922,1.51864179180083,1,1,1,1,18,1,18cl03,M-O,1,0.3273,0.1191,0.977189707842619,0.987438064072176,0.987510134659929,0.990448387824299,0.935573657191165,0.977189707842619,0.987438064072176,0.987510134659929,0.990448387824299,0.935573657191165,0.784807968143922,1.51864179180083
0.0494223003990946,-1.0075666413055,1,0,0,1,18,1,18cl03,M-O,1,0.0357,0.277,0.44148026312021,0.412014202668869,0.413449726585041,0.4275175201644,0.156831275089858,0.55851973687979,0.587985797331131,0.586550273414959,0.5724824798356,0.843168724910142,0.0494223003990946,1.0075666413055
1.78707812184717,1.50638883850973,1,1,1,1,18,1,18cl03,M-O,1,0.1378,0.1157,0.991765909534498,0.995327722154703,0.995366475507462,0.990130108423783,0.934016307865727,0.991765909534498,0.995327722154703,0.995366475507462,0.990130108423783,0.934016307865727,1.78707812184717,1.50638883850973
0.665899038756509,-0.615519505654941,1,1,0,0,18,1,18cl03,M-O,1,0.1014,0.3454,0.460155549557134,0.485932240380806,0.487037165087047,0.582912179077302,0.269105845873601,0.539844450442866,0.514067759619194,0.512962834912953,0.417087820922698,0.730894154126399,0.665899038756509,0.615519505654941
-1.63855601277157,0.147763692917211,0,1,1,1,18,1,18cl03,M-O,1,0.1292,0.5044,0.917527148248357,0.922477255483518,0.923071378382578,0.83463198429486,0.558735368206075,0.917527148248357,0.922477255483518,0.923071378382578,0.83463198429486,0.558735368206075,1.63855601277157,0.147763692917211
1.15078322859185,1.19823337919375,1,1,1,1,18,1,18cl03,M-O,1,0.1367,0.1983,0.969708959481592,0.981137434000825,0.981259387921609,0.978468688481643,0.884586912948035,0.969708959481592,0.981137434000825,0.981259387921609,0.978468688481643,0.884586912948035,1.15078322859185,1.19823337919375
2.6458648340896,0.613581186526583,1,1,1,1,18,1,18cl03,M-O,1,0.0922,0.129,0.987148544092273,0.990819112972525,0.990934541539839,0.924846778294186,0.730253940601579,0.987148544092273,0.990819112972525,0.990934541539839,0.924846778294186,0.730253940601579,2.6458648340896,0.613581186526583
-1.21524022415238,1.36345876996452,0,1,1,1,18,1,18cl03,M-O,1,0.1525,0.0062,0.978822144528068,0.98758518384218,0.987667804022665,0.985677121767736,0.913631014991012,0.978822144528068,0.98758518384218,0.987667804022665,0.985677121767736,0.913631014991012,1.21524022415238,1.36345876996452
3.00179889605593,0.988385764195329,1,1,1,1,18,1,18cl03,M-O,1,0.1527,0.3231,0.99625036491367,0.997907631861069,0.997938035101975,0.965103709395087,0.838518121611114,0.99625036491367,0.997907631861069,0.997938035101975,0.965103709395087,0.838518121611114,3.00179889605593,0.988385764195329
0.982989517122945,1.41734965860182,1,1,1,1,18,1,18cl03,M-O,1,0.2144,0.2751,0.976321368217537,0.986474085819159,0.986556887774448,0.987526368777943,0.921809638408752,0.976321368217537,0.986474085819159,0.986556887774448,0.987526368777943,0.921809638408752,0.982989517122945,1.41734965860182
0.196605130774182,-0.0949268896656183,0,1,1,1,18,1,18cl03,M-O,1,0.2158,0.0193,0.754762215426155,0.790682689587866,0.791499386063775,0.821160208792379,0.53781355095353,0.754762215426155,0.790682689587866,0.791499386063775,0.821160208792379,0.53781355095353,0.196605130774182,0.0949268896656183
1.57119235449269,-0.162239183325384,1,1,1,1,18,1,18cl03,M-O,1,0.1281,0.5787,0.913436785975808,0.919129663087841,0.919729655741159,0.838205126099604,0.564441247654467,0.913436785975808,0.919129663087841,0.919729655741159,0.838205126099604,0.564441247654467,1.57119235449269,0.162239183325384
2.11024616771563,0.86198770866016,1,1,1,1,18,1,18cl03,M-O,1,0.095,0.0061,0.983168033324645,0.98734636692202,0.987468897864541,0.954184518229755,0.805652859176948,0.983168033324645,0.98734636692202,0.987468897864541,0.954184518229755,0.805652859176948,2.11024616771563,0.86198770866016
3.23089676667568,1.29823074155531,1,1,1,1,18,1,18cl03,M-O,1,0.0635,0.0695,0.998705740448879,0.999407141965108,0.999416444283739,0.983127240581387,0.902895971296647,0.998705740448879,0.999407141965108,0.999416444283739,0.983127240581387,0.902895971296647,3.23089676667568,1.29823074155531
3.03165824943543,0.79855972751278,1,1,1,1,18,1,18cl03,M-O,1,0.0637,0.282,0.994308051354473,0.996943123124565,0.996988819655405,0.947751075311682,0.787727126322703,0.994308051354473,0.996943123124565,0.996988819655405,0.947751075311682,0.787727126322703,3.03165824943543,0.79855972751278
2.41650272140454,0.313936476983684,1,1,1,1,18,1,18cl03,M-O,1,0.0795,0.0824,0.971372520793677,0.976744035292973,0.977007654363933,0.872607791404102,0.623215357376128,0.971372520793677,0.976744035292973,0.977007654363933,0.872607791404102,0.623215357376128,2.41650272140454,0.313936476983684
-1.62402269917978,1.14806890418623,0,1,1,1,18,1,18cl03,M-O,1,0.2117,0.0061,0.980162279960683,0.987042834995628,0.987143937264779,0.97574866484533,0.874529940038024,0.980162279960683,0.987042834995628,0.987143937264779,0.97574866484533,0.874529940038024,1.62402269917978,1.14806890418623
-0.786111110096466,0.0060336558798996,0,1,1,1,18,1,18cl03,M-O,1,0.1389,0.0061,0.80707278333665,0.822653966479121,0.823539630048304,0.796985606959038,0.502407065831003,0.80707278333665,0.822653966479121,0.823539630048304,0.796985606959038,0.502407065831003,0.786111110096466,0.0060336558798996
-0.197644030661421,1.51188371962481,0,1,1,1,18,1,18cl03,M-O,1,0.1625,0.0193,0.966835752533973,0.981503981443678,0.981591720430193,0.990273969724402,0.934718276800836,0.966835752533973,0.981503981443678,0.981591720430193,0.990273969724402,0.934718276800836,0.197644030661421,1.51188371962481
2.84748152991759,1.03045002652458,1,1,1,1,18,1,18cl03,M-O,1,0.12,0.2128,0.99583877805096,0.997431331261741,0.997465963760094,0.968224638036357,0.848600600150714,0.99583877805096,0.997431331261741,0.997465963760094,0.968224638036357,0.848600600150714,2.84748152991759,1.03045002652458
-0.473776988905526,0.982764563974152,0,1,1,1,18,1,18cl03,M-O,1,0.233,0.1951,0.928226696070764,0.952869172124104,0.953102744719625,0.964668202149079,0.83713833696887,0.928226696070764,0.952869172124104,0.953102744719625,0.964668202149079,0.83713833696887,0.473776988905526,0.982764563974152
0.409848477475611,0.251866426226814,0,1,1,1,18,1,18cl03,M-O,1,0.1685,0.3732,0.810786635798825,0.843464151004445,0.844152322220725,0.859200695126099,0.599427844432461,0.810786635798825,0.843464151004445,0.844152322220725,0.859200695126099,0.599427844432461,0.409848477475611,0.251866426226814
-0.332671726032462,0.814775942757579,0,1,1,1,18,1,18cl03,M-O,1,0.2245,0.0061,0.900480518389164,0.931266699843992,0.931584454821861,0.949460463645,0.792399713063176,0.900480518389164,0.931266699843992,0.931584454821861,0.949460463645,0.792399713063176,0.332671726032462,0.814775942757579
-1.74530980715494,0.988354184418805,0,1,1,1,18,1,18cl03,M-O,1,0.1603,0.0061,0.977682242772007,0.984297163197668,0.984426196667875,0.965101275090481,0.838510391364265,0.977682242772007,0.984297163197668,0.984426196667875,0.965101275090481,0.838510391364265,1.74530980715494,0.988354184418805
1.79526962587163,0.527636824717973,1,1,1,1,18,1,18cl03,M-O,1,0.1677,0.0062,0.957697483064192,0.964435643044165,0.964733765428608,0.911893175553704,0.701124285524052,0.957697483064192,0.964435643044165,0.964733765428608,0.911893175553704,0.701124285524052,1.79526962587163,0.527636824717973
1.00360039821676,1.24367667761102,1,1,1,1,18,1,18cl03,M-O,1,0.1338,0.0061,0.968068001358631,0.980561429420335,0.98068051445807,0.980705616447081,0.893190708527735,0.968068001358631,0.980561429420335,0.98068051445807,0.980705616447081,0.893190708527735,1.00360039821676,1.24367667761102
-0.261854852530624,-0.0928742041915931,0,1,1,1,18,1,18cl03,M-O,1,0.1836,0.0063,0.761615260541712,0.795492076283689,0.796312071345447,0.820623262988072,0.536998250386952,0.761615260541712,0.795492076283689,0.796312071345447,0.820623262988072,0.536998250386952,0.261854852530624,0.0928742041915931
0.797227345213274,0.358558701211341,1,1,1,1,18,1,18cl03,M-O,1,0.2504,0.006,0.867036356930558,0.89044718071903,0.891024339231154,0.881680100801727,0.640037376664624,0.867036356930558,0.89044718071903,0.891024339231154,0.881680100801727,0.640037376664624,0.797227345213274,0.358558701211341
-1.67766383843676,1.19288060707303,0,1,1,1,18,1,18cl03,M-O,1,0.1698,0.0821,0.982837167719433,0.988956536088597,0.989044621759864,0.978191312202973,0.883541932372144,0.982837167719433,0.988956536088597,0.989044621759864,0.978191312202973,0.883541932372144,1.67766383843676,1.19288060707303
2.62419698473456,1.12845786296516,1,1,1,1,18,1,18cl03,M-O,1,0.1607,0.0061,0.995278277753237,0.996901774503226,0.996939214415918,0.974609544746102,0.870436698639378,0.995278277753237,0.996901774503226,0.996939214415918,0.974609544746102,0.870436698639378,2.62419698473456,1.12845786296516
-0.659010676684586,0.160095595649624,0,1,1,1,18,1,18cl03,M-O,1,0.1552,0.0975,0.820027083323747,0.843834936173389,0.844588534735287,0.837679198240478,0.563597114705317,0.820027083323747,0.843834936173389,0.844588534735287,0.837679198240478,0.563597114705317,0.659010676684586,0.160095595649624
-1.41236480487018,1.11022054202286,0,1,1,1,18,1,18cl03,M-O,1,0.1264,0.068,0.972990855332235,0.982337846040674,0.982464179517622,0.973510327996815,0.86654799851999,0.972990855332235,0.982337846040674,0.982464179517622,0.973510327996815,0.86654799851999,1.41236480487018,1.11022054202286
-0.0340781922374004,1.49211477952112,0,1,1,1,18,1,18cl03,M-O,1,0.1018,0.0355,0.962789295451105,0.979017862870895,0.979112402077789,0.989747684459293,0.932165470995297,0.962789295451105,0.979017862870895,0.979112402077789,0.989747684459293,0.932165470995297,0.0340781922374004,1.49211477952112
1.99001602800169,0.380680334666028,1,1,1,1,18,1,18cl03,M-O,1,0.2029,0.0061,0.958455140680198,0.963502838474385,0.963838010506719,0.886004292025767,0.648279768617859,0.958455140680198,0.963502838474385,0.963838010506719,0.886004292025767,0.648279768617859,1.99001602800169,0.380680334666028
1.26572852699968,-0.374344752345238,0,1,0,0,18,1,18cl03,M-O,1,0.3422,0.0062,0.474374510931647,0.531904889488104,0.532784602984423,0.673833658898082,0.35407392042592,0.525625489068353,0.468095110511896,0.467215397015577,0.326166341101918,0.64592607957408,1.26572852699968,0.374344752345238
1.66869767659036,0.923773541428319,1,1,1,1,18,1,18cl03,M-O,1,0.1603,0.0727,0.972755699906744,0.98043099990607,0.980586555009639,0.959823561130403,0.822197883229492,0.972755699906744,0.98043099990607,0.980586555009639,0.959823561130403,0.822197883229492,1.66869767659036,0.923773541428319
2.96506924897848,0.414565434875706,1,1,1,1,18,1,18cl03,M-O,1,0.1452,0.0062,0.985545464494705,0.992120616232138,0.992237297435049,0.892407618809197,0.660769971984759,0.985545464494705,0.992120616232138,0.992237297435049,0.892407618809197,0.660769971984759,2.96506924897848,0.414565434875706
-0.950205432651097,0.277240776663418,0,1,1,1,18,1,18cl03,M-O,1,0.0702,0.0061,0.869652470399095,0.888189752166182,0.888814228410474,0.864792962564568,0.609202384488857,0.869652470399095,0.888189752166182,0.888814228410474,0.864792962564568,0.609202384488857,0.950205432651097,0.277240776663418
2.58614612733059,0.17226959949942,1,1,1,1,18,1,18cl03,M-O,1,0.0844,0.1648,0.968609817253077,0.976723222367018,0.977010960138669,0.840651310368483,0.568387208442204,0.968609817253077,0.976723222367018,0.977010960138669,0.840651310368483,0.568387208442204,2.58614612733059,0.17226959949942
-1.38276969355598,-0.186587191024976,0,1,1,1,18,1,18cl03,M-O,1,0.1089,0.0232,0.899494204944248,0.907807733282643,0.908432712000145,0.844100861647921,0.574007844773661,0.899494204944248,0.907807733282643,0.908432712000145,0.844100861647921,0.574007844773661,1.38276969355598,0.186587191024976
-1.26333228003795,0.118726088403885,0,1,1,1,18,1,18cl03,M-O,1,0.1239,0.0061,0.879532588026072,0.888225771948317,0.888936772304145,0.827311624752918,0.547253816413568,0.879532588026072,0.888225771948317,0.888936772304145,0.827311624752918,0.547253816413568,1.26333228003795,0.118726088403885
-0.500729679566673,1.04709256875245,0,1,1,1,18,1,18cl03,M-O,1,0.1404,0.0647,0.936130723820565,0.958910724683101,0.959117586240096,0.969394019759666,0.852471556814278,0.936130723820565,0.958910724683101,0.959117586240096,0.969394019759666,0.852471556814278,0.500729679566673,1.04709256875245
-0.859834646316663,0.389854259746095,0,1,1,1,18,1,18cl03,M-O,1,0.1217,0.1163,0.877294984572713,0.899425988584576,0.89997243147727,0.887764115921854,0.651677840798232,0.877294984572713,0.899425988584576,0.89997243147727,0.887764115921854,0.651677840798232,0.859834646316663,0.389854259746095
1.7987047727206,1.02302877904157,1,1,1,1,18,1,18cl03,M-O,1,0.26,0.0063,0.980329082385914,0.986304206026788,0.986419346428261,0.96769141319243,0.846852880541071,0.980329082385914,0.986304206026788,0.986419346428261,0.96769141319243,0.846852880541071,1.7987047727206,1.02302877904157
-0.777391121941389,0.315783893910307,0,1,1,1,18,1,18cl03,M-O,1,0.1953,0.0672,0.858602278861288,0.88204109478768,0.882653977247358,0.872992741696914,0.623916728071765,0.858602278861288,0.88204109478768,0.882653977247358,0.872992741696914,0.623916728071765,0.777391121941389,0.315783893910307
-1.19991418436467,-0.161907595671888,0,1,1,1,18,1,18cl03,M-O,1,0.1241,0.0806,0.878745353618553,0.8895705798437,0.890254816939666,0.838123843960549,0.564310689368869,0.878745353618553,0.8895705798437,0.890254816939666,0.838123843960549,0.564310689368869,1.19991418436467,0.161907595671888
0.784015241948006,1.00444408055751,1,1,1,1,18,1,18cl03,M-O,1,0.4346,0.0061,0.943474403536298,0.962795907738395,0.963003017851915,0.966323618306525,0.842417694025724,0.943474403536298,0.962795907738395,0.963003017851915,0.966323618306525,0.842417694025724,0.784015241948006,1.00444408055751
1.71916791106369,1.32046290422783,1,1,1,1,18,1,18cl03,M-O,1,0.1344,0.054,0.987087184747559,0.992102963131555,0.992166941899837,0.984036828799176,0.906659743261908,0.987087184747559,0.992102963131555,0.992166941899837,0.984036828799176,0.906659743261908,1.71916791106369,1.32046290422783
-1.68638382659184,1.51616277934374,0,1,1,1,18,1,18cl03,M-O,1,0.1894,0.0194,0.990766531848023,0.994807786729325,0.994849172989687,0.990384727503546,0.93526090144905,0.990766531848023,0.994807786729325,0.994849172989687,0.990384727503546,0.93526090144905,1.68638382659184,1.51616277934374
2.45719599946157,0.0840514937811202,1,1,1,1,18,1,18cl03,M-O,1,0.1576,0.1486,0.959223031745899,0.967352065828852,0.967730232131671,0.818303876317243,0.533492254769101,0.959223031745899,0.967352065828852,0.967730232131671,0.818303876317243,0.533492254769101,2.45719599946157,0.0840514937811202
-1.59178516721252,-0.114380032004073,0,1,1,1,18,1,18cl03,M-O,1,0.1356,0.0508,0.910164173291393,0.914894465925976,0.915530396946742,0.82619847594836,0.545531728872253,0.910164173291393,0.914894465925976,0.915530396946742,0.82619847594836,0.545531728872253,1.59178516721252,0.114380032004073
1.74321393900648,0.223413047579172,1,1,1,1,18,1,18cl03,M-O,1,0.0783,0.0061,0.932499229597914,0.937754669748904,0.93825899145792,0.852745594427858,0.588392974777078,0.932499229597914,0.937754669748904,0.93825899145792,0.852745594427858,0.588392974777078,1.74321393900648,0.223413047579172
-0.294620868628489,-0.153933702099713,0,0,1,0,18,1,18cl03,M-O,1,0.2189,0.5637,0.778590403762725,0.812929333023008,0.813699106898402,0.836161191578054,0.561168994818988,0.778590403762725,0.812929333023008,0.813699106898402,0.836161191578054,0.561168994818988,0.294620868628489,0.153933702099713
-0.353018365060975,-0.014177401095118,0,1,1,1,18,1,18cl03,M-O,1,0.2159,0.5481,0.754899051266056,0.7835276785266,0.784416395526802,0.799278283232334,0.50565577525517,0.754899051266056,0.7835276785266,0.784416395526802,0.799278283232334,0.50565577525517,0.353018365060975,0.014177401095118
1.0054500926739,0.0957833807595875,1,0,1,0,18,1,18cl03,M-O,1,0.1898,0.2426,0.84835784382334,0.861495707073016,0.862272479864215,0.821383952093476,0.538153691551354,0.84835784382334,0.861495707073016,0.862272479864215,0.821383952093476,0.538153691551354,1.0054500926739,0.0957833807595875
0.81572428978465,1.09424117510198,1,1,1,1,18,1,18cl03,M-O,1,0.2504,0.0062,0.952172186583777,0.969466350646831,0.969639409552124,0.972514785747765,0.863075391400916,0.952172186583777,0.969466350646831,0.969639409552124,0.972514785747765,0.863075391400916,0.81572428978465,1.09424117510198
-0.855606773271777,1.2949306549086,0,1,1,1,18,1,18cl03,M-O,1,0.1192,0.0061,0.967094214477455,0.980409505795605,0.980523474000022,0.982988515622541,0.902327923805702,0.967094214477455,0.980409505795605,0.980523474000022,0.982988515622541,0.902327923805702,0.855606773271777,1.2949306549086
1.43510769086042,0.500115049477773,1,1,1,1,18,1,18cl03,M-O,1,0.1851,0.0061,0.934870284352176,0.945994022507523,0.946376737540679,0.907411731314211,0.691502965040914,0.934870284352176,0.945994022507523,0.946376737540679,0.907411731314211,0.691502965040914,1.43510769086042,0.500115049477773
2.56527100417146,1.17881181663182,1,1,1,1,18,1,18cl03,M-O,1,0.1363,0.2598,0.995316866582452,0.996940934683421,0.996976806972142,0.977447853299829,0.880763441028972,0.995316866582452,0.996940934683421,0.996976806972142,0.977447853299829,0.880763441028972,2.56527100417146,1.17881181663182
1.31434906701587,1.02989738043542,1,1,1,1,18,1,18cl03,M-O,1,0.0995,0.0653,0.965816964997366,0.977071695925421,0.977229022381113,0.968185181957323,0.848470909714467,0.965816964997366,0.977071695925421,0.977229022381113,0.968185181957323,0.848470909714467,1.31434906701587,1.02989738043542
-1.75667221596307,0.226697344337612,0,1,1,1,18,1,18cl03,M-O,1,0.2071,0.0061,0.933719458273486,0.938932582539604,0.939430725855467,0.853500655954608,0.589670453863103,0.933719458273486,0.938932582539604,0.939430725855467,0.853500655954608,0.589670453863103,1.75667221596307,0.226697344337612
0.595346407319976,-1.28046328013302,1,1,0,0,18,1,18cl03,M-O,1,0.2552,0.532,0.299702450332525,0.270372327691607,0.271512023134765,0.324340774830948,0.100191125486476,0.700297549667475,0.729627672308393,0.728487976865235,0.675659225169052,0.899808874513524,0.595346407319976,1.28046328013302
0.919571421449658,0.0567507769765846,1,1,1,1,18,1,18cl03,M-O,1,0.201,0.0061,0.832147581357699,0.846100405029762,0.846924972745488,0.811008693727451,0.522628137509059,0.832147581357699,0.846100405029762,0.846924972745488,0.811008693727451,0.522628137509059,0.919571421449658,0.0567507769765846
2.82052883925645,-0.136975362106612,1,1,1,1,18,1,18cl03,M-O,1,0.0944,0.0062,0.971614102718016,0.982808873301723,0.983048055925092,0.83193603248541,0.55447486514014,0.971614102718016,0.982808873301723,0.983048055925092,0.83193603248541,0.55447486514014,2.82052883925645,0.136975362106612
2.39298517759237,1.46647200098407,1,1,1,1,18,1,18cl03,M-O,1,0.1668,0.0061,0.996528869795687,0.997945994639978,0.997967904288299,0.989028142171384,0.928740128214833,0.996528869795687,0.997945994639978,0.997967904288299,0.989028142171384,0.928740128214833,2.39298517759237,1.46647200098407
2.95476380843157,0.261782476055182,1,1,1,1,18,1,18cl03,M-O,1,0.1026,0.1156,0.979744941914235,0.9891468929664,0.989307759422552,0.861404503082761,0.603255424930755,0.979744941914235,0.9891468929664,0.989307759422552,0.861404503082761,0.603255424930755,2.95476380843157,0.261782476055182
0.284597738520869,-0.234793719888045,1,1,0,0,18,1,18cl03,M-O,1,0.0885,0.2274,0.614142519941394,0.652442383497373,0.653458201683675,0.722429812924481,0.407184421154949,0.385857480058606,0.347557616502627,0.346541798316325,0.277570187075519,0.592815578845051,0.284597738520869,0.234793719888045
0.758383761613386,-0.172518400583772,1,1,1,1,18,1,18cl03,M-O,1,0.1714,0.1488,0.833209103260091,0.854570796223085,0.85530589650969,0.840711677738526,0.568485001670846,0.833209103260091,0.854570796223085,0.85530589650969,0.840711677738526,0.568485001670846,0.758383761613386,0.172518400583772
2.92781111777042,0.49990978093037,1,1,1,1,18,1,18cl03,M-O,1,0.1679,0.1948,0.987676146648948,0.992917193334636,0.993019788166828,0.907377684870734,0.691430697551409,0.987676146648948,0.992917193334636,0.993019788166828,0.907377684870734,0.691430697551409,2.92781111777042,0.49990978093037
1.87533497165916,0.77422750970145,1,1,1,1,18,1,18cl03,M-O,1,0.1879,0.0061,0.973407197442825,0.97946933176393,0.979648196827343,0.945100387917439,0.780601868581373,0.973407197442825,0.97946933176393,0.979648196827343,0.945100387917439,0.780601868581373,1.87533497165916,0.77422750970145
1.10057723618383,0.602954591726437,1,1,1,1,18,1,18cl03,M-O,1,0.1257,0.2271,0.922040460555521,0.93949237484213,0.939864302143561,0.923328638190591,0.726730551313112,0.922040460555521,0.93949237484213,0.939864302143561,0.923328638190591,0.726730551313112,1.10057723618383,0.602954591726437
1.20072497893457,0.0287079354237476,1,1,1,1,18,1,18cl03,M-O,1,0.2412,0.4183,0.860404528100953,0.867673944469954,0.868482828550993,0.803330198786506,0.511451236287716,0.860404528100953,0.867673944469954,0.868482828550993,0.803330198786506,0.511451236287716,1.20072497893457,0.0287079354237476
-1.50088589674748,1.48128291617357,0,1,1,1,18,1,18cl03,M-O,1,0.2327,0.0061,0.987560681304446,0.992961787232121,0.993014029565667,0.989448919316747,0.930734400515063,0.987560681304446,0.992961787232121,0.993014029565667,0.989448919316747,0.930734400515063,1.50088589674748,1.48128291617357
-1.49163742446179,0.542479319684002,0,1,1,1,18,1,18cl03,M-O,1,0.2052,0.0061,0.941896466107362,0.952332602540596,0.952679888358245,0.914241878370008,0.706255824929583,0.941896466107362,0.952332602540596,0.952679888358245,0.914241878370008,0.706255824929583,1.49163742446179,0.542479319684002
-0.82521893576166,1.32501039204721,0,1,1,1,18,1,18cl03,M-O,1,0.2162,0.0185,0.968091078381746,0.9812121610428,0.981320446322312,0.984217610534313,0.907416147715322,0.968091078381746,0.9812121610428,0.981320446322312,0.984217610534313,0.907416147715322,0.82521893576166,1.32501039204721
2.37818762193527,1.50105185627726,1,1,1,1,18,1,18cl03,M-O,1,0.1274,0.0063,0.996688283056799,0.99806905806507,0.998089479608996,0.989988605715112,0.933328925184709,0.996688283056799,0.99806905806507,0.998089479608996,0.989988605715112,0.933328925184709,2.37818762193527,1.50105185627726
1.47157309587256,0.584654111231089,1,1,1,1,18,1,18cl03,M-O,1,0.1264,0.1635,0.943941227052731,0.954790082518905,0.955117036969054,0.920659685130456,0.720609842280025,0.943941227052731,0.954790082518905,0.955117036969054,0.920659685130456,0.720609842280025,1.47157309587256,0.584654111231089
1.01469856495959,0.391401668795744,1,1,1,1,18,1,18cl03,M-O,1,0.1225,0.212,0.891124511631478,0.909602587578682,0.910128452046269,0.888059029589131,0.652249820502903,0.891124511631478,0.909602587578682,0.910128452046269,0.888059029589131,0.652249820502903,1.01469856495959,0.391401668795744
0.403242425842977,0.491399031157297,0,1,1,1,18,1,18cl03,M-O,1,0.2393,0.0062,0.85441264572385,0.888243144749808,0.888751712110957,0.905957903205401,0.688427875324516,0.85441264572385,0.888243144749808,0.888751712110957,0.905957903205401,0.688427875324516,0.403242425842977,0.491399031157297
2.7047908146527,0.090383238974075,1,1,1,1,18,1,18cl03,M-O,1,0.1697,0.0663,0.966546966175484,0.977562172266702,0.977856906388502,0.819970311259004,0.536008662232448,0.966546966175484,0.977562172266702,0.977856906388502,0.819970311259004,0.536008662232448,2.7047908146527,0.090383238974075
2.95423532430096,0.545842565883751,1,1,1,1,18,1,18cl03,M-O,1,0.1833,0.1153,0.989101370652658,0.99386320604438,0.99395302710023,0.914767511080013,0.707412919529143,0.989101370652658,0.99386320604438,0.99395302710023,0.914767511080013,0.707412919529143,2.95423532430096,0.545842565883751
-1.29821223265826,0.915089102884366,0,1,1,1,18,1,18cl03,M-O,1,0.2245,0.1951,0.958373774761411,0.970830453542258,0.971028569352048,0.959066787168612,0.819927572394794,0.958373774761411,0.970830453542258,0.971028569352048,0.959066787168612,0.819927572394794,1.29821223265826,0.915089102884366
2.25716475602541,1.36582725320378,1,1,1,1,18,1,18cl03,M-O,1,0.2025,0.2601,0.994644415020988,0.996698233683509,0.996731666077589,0.98576309935132,0.914003404896955,0.994644415020988,0.996698233683509,0.996731666077589,0.98576309935132,0.914003404896955,2.25716475602541,1.36582725320378
-1.01230231799786,-0.149875700816448,0,1,1,1,18,1,18cl03,M-O,1,0.1838,0.1785,0.857356936496269,0.87179507640947,0.872521150288747,0.8351564716314,0.559568658454495,0.857356936496269,0.87179507640947,0.872521150288747,0.8351564716314,0.559568658454495,1.01230231799786,0.149875700816448
0.95022350102508,0.708620523973951,1,1,1,1,18,1,18cl03,M-O,1,0.2328,0.2905,0.923310430688602,0.94337587703466,0.943705151887177,0.937422321559016,0.760720001786985,0.923310430688602,0.94337587703466,0.943705151887177,0.937422321559016,0.760720001786985,0.95022350102508,0.708620523973951
0.898167814159924,1.46599830433622,1,1,1,1,18,1,18cl03,M-O,1,0.2785,0.0177,0.976853667396531,0.987017374801505,0.987094647004469,0.989014446905991,0.928675625594424,0.976853667396531,0.987017374801505,0.987094647004469,0.989014446905991,0.928675625594424,0.898167814159924,1.46599830433622
-0.726392403337454,1.05558752863726,0,1,1,1,18,1,18cl03,M-O,1,0.118,0.0061,0.94565943573773,0.964938974041794,0.965130706627805,0.969977037549477,0.854421649431314,0.94565943573773,0.964938974041794,0.965130706627805,0.969977037549477,0.854421649431314,0.726392403337454,1.05558752863726
-0.0996102244331307,1.2593244568784,0,1,1,1,18,1,18cl03,M-O,1,0.0006,0.0061,0.944515457442266,0.966599926574333,0.966749911129991,0.98142870004622,0.896043418516837,0.944515457442266,0.966599926574333,0.966749911129991,0.98142870004622,0.896043418516837,0.0996102244331307,1.2593244568784
-1.49005197206996,0.125610479686,0,1,1,1,18,1,18cl03,M-O,1,0.0511,0.0533,0.90237444688885,0.908187012183261,0.908839844604734,0.8290655888834,0.549979866461987,0.90237444688885,0.908187012183261,0.908839844604734,0.8290655888834,0.549979866461987,1.49005197206996,0.125610479686
2.08540741357692,1.16431669920755,1,1,1,1,18,1,18cl03,M-O,1,0.1217,0.1012,0.989712957371126,0.993135521770513,0.993200654240395,0.976659629195006,0.877852154218176,0.989712957371126,0.993135521770513,0.993200654240395,0.976659629195006,0.877852154218176,2.08540741357692,1.16431669920755
-0.0586527043107992,-0.301269149469939,1,1,0,0,18,1,18cl03,M-O,1,0.1346,0.209,0.624612011064944,0.651560230914289,0.652661435668632,0.699721456960123,0.38160463193294,0.375387988935056,0.348439769085711,0.347338564331368,0.300278543039877,0.61839536806706,0.0586527043107992,0.301269149469939
1.1037481409675,1.13393695419198,1,1,1,1,18,1,18cl03,M-O,1,0.2266,0.1311,0.964710614579084,0.977532791369635,0.977675113677289,0.974932225094645,0.871589502691405,0.964710614579084,0.977532791369635,0.977675113677289,0.974932225094645,0.871589502691405,1.1037481409675,1.13393695419198
2.8672996848155,0.0026388299036271,1,1,1,1,18,1,18cl03,M-O,1,0.1816,0.2437,0.963911738603707,0.979717936023874,0.980007365995532,0.796025275333299,0.501052739597566,0.963911738603707,0.979717936023874,0.980007365995532,0.796025275333299,0.501052739597566,2.8672996848155,0.0026388299036271
0.839241833596827,0.451655882402516,1,1,1,1,18,1,18cl03,M-O,1,0.2352,0.1138,0.884164695212349,0.90718201276607,0.907685214319529,0.899114930723056,0.674241547324649,0.884164695212349,0.90718201276607,0.907685214319529,0.899114930723056,0.674241547324649,0.839241833596827,0.451655882402516
-0.653990077443784,1.35829547650294,0,1,1,1,18,1,18cl03,M-O,1,0.2773,0.0994,0.96601952689796,0.980247706819376,0.980355148700665,0.985488139505869,0.912815027468717,0.96601952689796,0.980247706819376,0.980355148700665,0.985488139505869,0.912815027468717,0.653990077443784,1.35829547650294
-0.8468867851167,0.263598313205281,0,1,1,1,18,1,18cl03,M-O,1,0.2507,0.0677,0.857347620024919,0.878221544588075,0.878869803505418,0.861805506908255,0.603955270781281,0.857347620024919,0.878221544588075,0.878869803505418,0.861805506908255,0.603955270781281,0.8468867851167,0.263598313205281
0.259494742316859,0.144795193924005,0,1,1,1,18,1,18cl03,M-O,1,0.3169,0.1603,0.772806958485922,0.807999610164644,0.808776669970427,0.833892976261921,0.557563711535233,0.772806958485922,0.807999610164644,0.808776669970427,0.833892976261921,0.557563711535233,0.259494742316859,0.144795193924005
1.1383638515225,1.41940234407584,1,1,1,1,18,1,18cl03,M-O,1,0.1766,0.1635,0.979472508287943,0.98824527067985,0.988321398306203,0.987592516665482,0.922109125287483,0.979472508287943,0.98824527067985,0.988321398306203,0.987592516665482,0.922109125287483,1.1383638515225,1.41940234407584
0.184978479900746,1.34627937153576,0,1,1,1,18,1,18cl03,M-O,1,0.1302,0.0354,0.954376704692587,0.973272028707938,0.97339644191304,0.98504000982496,0.910893782025292,0.954376704692587,0.973272028707938,0.97339644191304,0.98504000982496,0.910893782025292,0.184978479900746,1.34627937153576
3.1727635123085,0.559721877665813,1,1,1,1,18,1,18cl03,M-O,1,0.1309,0.0061,0.990960154205543,0.996072211387634,0.996135993462792,0.916911154677855,0.71216542131445,0.990960154205543,0.996072211387634,0.996135993462792,0.916911154677855,0.71216542131445,3.1727635123085,0.559721877665813
1.87295679307141,0.202207227643665,1,1,1,1,18,1,18cl03,M-O,1,0.0542,0.0062,0.939417954536455,0.943985839042419,0.944469447991735,0.847807646344008,0.580122638500243,0.939417954536455,0.943985839042419,0.944469447991735,0.847807646344008,0.580122638500243,1.87295679307141,0.202207227643665
-0.899999440243078,0.432234319840585,0,1,1,1,18,1,18cl03,M-O,1,0.1338,0.1481,0.886641856535671,0.90810490000041,0.908615279865014,0.895641835209743,0.667214440986463,0.886641856535671,0.90810490000041,0.908615279865014,0.895641835209743,0.667214440986463,0.899999440243078,0.432234319840585
2.70346960432617,0.0421293404462202,1,1,1,1,18,1,18cl03,M-O,1,0.1283,0.0062,0.963340829855379,0.975545755871079,0.975866883949753,0.807028461514146,0.516802204682574,0.963340829855379,0.975545755871079,0.975866883949753,0.807028461514146,0.516802204682574,2.70346960432617,0.0421293404462202
-0.744360863778219,0.0890410984718277,0,1,1,1,18,1,18cl03,M-O,1,0.0645,0.0061,0.817007795647514,0.836506867915924,0.837318027361226,0.819617880783797,0.535475376020027,0.817007795647514,0.836506867915924,0.837318027361226,0.819617880783797,0.535475376020027,0.744360863778219,0.0890410984718277
2.9661262172397,0.474156473175485,1,1,1,1,18,1,18cl03,M-O,1,0.1117,0.0061,0.987336459873007,0.993034384842673,0.993137299969939,0.903032356845478,0.682305835066864,0.987336459873007,0.993034384842673,0.993137299969939,0.903032356845478,0.682305835066864,2.9661262172397,0.474156473175485
-0.411680103558765,0.811902183093944,0,1,1,1,18,1,18cl03,M-O,1,0.3524,0.0061,0.904316268122279,0.933694788339033,0.93401024735387,0.949160825330614,0.791576119159171,0.904316268122279,0.933694788339033,0.93401024735387,0.949160825330614,0.791576119159171,0.411680103558765,0.811902183093944
1.54846753687642,-0.153065258245318,1,1,1,1,18,1,18cl03,M-O,1,0.2695,0.0061,0.910545524689086,0.916290877458766,0.916904651937733,0.835946508637843,0.560826593557725,0.910545524689086,0.916290877458766,0.916904651937733,0.835946508637843,0.560826593557725,1.54846753687642,0.153065258245318
0.671976606258532,-0.651709929550832,1,1,0,0,18,1,18cl03,M-O,1,0.0792,0.1642,0.449234887605782,0.472411346139537,0.473524143938166,0.568736689363393,0.257294157885032,0.550765112394218,0.527588653860463,0.526475856061834,0.431263310636607,0.742705842114968,0.671976606258532,0.651709929550832
-1.5265173770821,1.25984552319104,0,1,1,1,18,1,18cl03,M-O,1,0.1561,0.0061,0.981694537304126,0.988652299841398,0.988737400167423,0.981452376124913,0.896137453005257,0.981694537304126,0.988652299841398,0.988737400167423,0.981452376124913,0.896137453005257,1.5265173770821,1.25984552319104
0.782165547490869,0.399438721920966,1,1,1,1,18,1,18cl03,M-O,1,0.2477,0.1315,0.871771830442843,0.895905386854529,0.896452865285765,0.889581863119479,0.655215016459072,0.871771830442843,0.895905386854529,0.896452865285765,0.889581863119479,0.655215016459072,0.782165547490869,0.399438721920966
1.38912957149729,1.46800362014546,1,1,1,1,18,1,18cl03,M-O,1,0.2003,0.1449,0.985510177784757,0.991793329900561,0.99185171402926,0.9890723219178,0.928948380220765,0.985510177784757,0.991793329900561,0.99185171402926,0.9890723219178,0.928948380220765,1.38912957149729,1.46800362014546
-0.200814935445085,1.35681122700633,0,1,1,1,18,1,18cl03,M-O,1,0.2859,0.0816,0.955593103560634,0.974073799722262,0.974195210105623,0.985433418737516,0.912579400355497,0.955593103560634,0.974073799722262,0.974195210105623,0.985433418737516,0.912579400355497,0.200814935445085,1.35681122700633
1.23719038394671,0.504820436179769,1,1,1,1,18,1,18cl03,M-O,1,0.1794,0.0061,0.921649828345104,0.93624255868752,0.936655848607958,0.908189644067903,0.693157519593583,0.921649828345104,0.93624255868752,0.936655848607958,0.908189644067903,0.693157519593583,1.23719038394671,0.504820436179769
0.825237004135643,0.220223490150302,1,1,1,1,18,1,18cl03,M-O,1,0.3808,0.0061,0.8482902855099,0.868919992490724,0.869607242290194,0.852009821066173,0.587151448412628,0.8482902855099,0.868919992490724,0.869607242290194,0.852009821066173,0.587151448412628,0.825237004135643,0.220223490150302
1.10269117270628,1.17028527697049,1,1,1,1,18,1,18cl03,M-O,1,0.1364,0.0542,0.966780718401773,0.979139258095347,0.979271536179873,0.976986956225504,0.879056907589581,0.966780718401773,0.979139258095347,0.979271536179873,0.976986956225504,0.879056907589581,1.10269117270628,1.17028527697049
0.862495135343699,-0.136438505905713,1,1,1,1,18,1,18cl03,M-O,1,0.0416,0.0634,0.83872936319455,0.85644723232089,0.857204318354587,0.831801140023703,0.554262682516006,0.83872936319455,0.85644723232089,0.857204318354587,0.831801140023703,0.554262682516006,0.862495135343699,0.136438505905713
-0.094061141061718,1.08190927236957,0,1,1,1,18,1,18cl03,M-O,1,0.1718,0.0511,0.92510164086816,0.952486291434758,0.952695055676217,0.971725328272693,0.860353577840133,0.92510164086816,0.952486291434758,0.952695055676217,0.971725328272693,0.860353577840133,0.094061141061718,1.08190927236957
2.32666041920072,0.286493651184793,1,1,1,1,18,1,18cl03,M-O,1,0.0595,0.0062,0.96707463884251,0.972277550770418,0.972578115211721,0.866793797031017,0.612749972297739,0.96707463884251,0.972277550770418,0.972578115211721,0.866793797031017,0.612749972297739,2.32666041920072,0.286493651184793
-0.288807543191771,0.683404072419965,0,1,1,1,18,1,18cl03,M-O,1,0.1178,0.0822,0.878252438090122,0.91248555342095,0.912876978193623,0.934257637104062,0.752824226296635,0.878252438090122,0.91248555342095,0.912876978193623,0.934257637104062,0.752824226296635,0.288807543191771,0.683404072419965
1.483199746746,0.733915924969247,1,1,1,1,18,1,18cl03,M-O,1,0.0911,0.084,0.955065688857981,0.965716426919971,0.96596694665528,0.940476319172675,0.768500009660621,0.955065688857981,0.965716426919971,0.96596694665528,0.940476319172675,0.768500009660621,1.483199746746,0.733915924969247
2.17181456893178,0.440934548272799,1,1,1,1,18,1,18cl03,M-O,1,0.08,0.1792,0.969360057739466,0.973948909438947,0.974210363982381,0.897208236151539,0.670369809246636,0.969360057739466,0.973948909438947,0.974210363982381,0.897208236151539,0.670369809246636,2.17181456893178,0.440934548272799
1.5376336121989,0.743989873680232,1,1,1,1,18,1,18cl03,M-O,1,0.3307,0.1614,0.958279705920068,0.968151768003547,0.968390203437794,0.941659553116091,0.771558699323894,0.958279705920068,0.968151768003547,0.968390203437794,0.941659553116091,0.771558699323894,1.5376336121989,0.743989873680232
1.01417008082898,1.35199531108651,1,1,1,1,18,1,18cl03,M-O,1,0.2196,0.1644,0.973955986908309,0.984756981067538,0.984851126810207,0.985254642771523,0.911811592361655,0.973955986908309,0.984756981067538,0.984851126810207,0.985254642771523,0.911811592361655,1.01417008082898,1.35199531108651
2.1879333349154,0.199949273622237,1,1,1,1,18,1,18cl03,M-O,1,0.1307,0.196,0.956369192540828,0.961362402643288,0.96175306785477,0.847275460757559,0.579239873159073,0.956369192540828,0.961362402643288,0.96175306785477,0.847275460757559,0.579239873159073,2.1879333349154,0.199949273622237
-1.55082764709019,1.35215320996912,0,1,1,1,18,1,18cl03,M-O,1,0.2204,0.1315,0.984982353449286,0.991023374717267,0.991091341732638,0.985260534067263,0.911836845840174,0.984982353449286,0.991023374717267,0.991091341732638,0.985260534067263,0.911836845840174,1.55082764709019,1.35215320996912
-0.998033246471368,0.370653755619828,0,1,1,1,18,1,18cl03,M-O,1,0.2348,0.1465,0.886973185796189,0.90562813195728,0.906171963962985,0.88405851823233,0.644552280886231,0.886973185796189,0.90562813195728,0.906171963962985,0.88405851823233,0.644552280886231,0.998033246471368,0.370653755619828
2.57954007569795,0.673393283262026,1,1,1,1,18,1,18cl03,M-O,1,0.1779,0.1143,0.987603906556623,0.99092439999862,0.991034637872784,0.932967402929839,0.749651439691467,0.987603906556623,0.99092439999862,0.991034637872784,0.932967402929839,0.749651439691467,2.57954007569795,0.673393283262026
1.14602687141635,1.27246164391216,1,1,1,1,18,1,18cl03,M-O,1,0.1775,0.1475,0.973289990095773,0.983832118960236,0.983936705455501,0.982017829254962,0.898395428101824,0.973289990095773,0.983832118960236,0.983936705455501,0.982017829254962,0.898395428101824,1.14602687141635,1.27246164391216
2.60464307190196,1.01838655189262,1,1,1,1,18,1,18cl03,M-O,1,0.2096,0.1791,0.993911258162276,0.995865715613899,0.995915590032937,0.967354125226264,0.845752854695751,0.993911258162276,0.995865715613899,0.995915590032937,0.967354125226264,0.845752854695751,2.60464307190196,1.01838655189262
2.28041805777228,0.634534368249902,1,1,1,1,18,1,18cl03,M-O,1,0.086,0.2437,0.980464898656863,0.98439839019697,0.984562894050896,0.927772900593249,0.737133927517611,0.980464898656863,0.98439839019697,0.984562894050896,0.927772900593249,0.737133927517611,2.28041805777228,0.634534368249902
1.21499405046105,0.0901621805384107,1,1,1,1,18,1,18cl03,M-O,1,0.0957,0.3229,0.870635754581513,0.879417877476649,0.880165028932261,0.819912293645985,0.535920831280619,0.870635754581513,0.879417877476649,0.880165028932261,0.819912293645985,0.535920831280619,1.21499405046105,0.0901621805384107
0.780580095099037,-1.31564315118016,0,0,0,1,18,1,18cl03,M-O,1,0.3217,0.3074,0.270555305209293,0.24592129996846,0.246962518114661,0.311792995147475,0.0941469215726683,0.729444694790707,0.75407870003154,0.753037481885339,0.688207004852525,0.905853078427332,0.780580095099037,1.31564315118016
-0.889958241761474,-0.0150932146142985,0,1,1,1,18,1,18cl03,M-O,1,0.153,0.0062,0.821531630304554,0.834791602638175,0.835659317457027,0.799535132837411,0.506021092849978,0.821531630304554,0.834791602638175,0.835659317457027,0.799535132837411,0.506021092849978,0.889958241761474,0.0150932146142985
2.31767618898034,0.0601456029528571,1,1,1,1,18,1,18cl03,M-O,1,0.114,0.0061,0.952169546853071,0.958968993242304,0.959411420963165,0.811925544538653,0.523980165111807,0.952169546853071,0.958968993242304,0.959411420963165,0.811925544538653,0.523980165111807,2.31767618898034,0.0601456029528571
1.69221522040254,0.877067051950114,1,1,1,1,18,1,18cl03,M-O,1,0.1621,0.0511,0.971499912647356,0.979105413732979,0.979273177229288,0.955616294682487,0.809774890314416,0.971499912647356,0.979105413732979,0.979273177229288,0.955616294682487,0.809774890314416,1.69221522040254,0.877067051950114
1.36296960703206,0.258987665832855,1,1,1,1,18,1,18cl03,M-O,1,0.1531,0.258,0.905884594502121,0.915749502180312,0.916318377121927,0.860785758151088,0.602177621428314,0.905884594502121,0.915749502180312,0.916318377121927,0.860785758151088,0.602177621428314,1.36296960703206,0.258987665832855
-0.25128516991841,0.458445534355061,0,1,1,1,18,1,18cl03,M-O,1,0.1145,0.0362,0.836269858573567,0.874028139675427,0.874565382749261,0.900308998183799,0.676683807841027,0.836269858573567,0.874028139675427,0.874565382749261,0.900308998183799,0.676683807841027,0.25128516991841,0.458445534355061
2.31186286354362,0.316415489440777,1,1,1,1,18,1,18cl03,M-O,1,0.1731,0.0061,0.968146652043309,0.973147450284952,0.973436398213995,0.873124162738746,0.624156419205112,0.968146652043309,0.973147450284952,0.973436398213995,0.873124162738746,0.624156419205112,2.31186286354362,0.316415489440777
1.25780126504052,1.2992255045158,1,1,1,1,18,1,18cl03,M-O,1,0.1129,3.442,0.977162370474955,0.98625463374464,0.986347469839892,0.983168866970984,0.903066724388273,0.977162370474955,0.98625463374464,0.986347469839892,0.983168866970984,0.903066724388273,1.25780126504052,1.2992255045158
-1.15657848565459,0.243876742766377,0,1,1,1,18,1,18cl03,M-O,1,0.1312,0.0353,0.88516332932011,0.898513364529087,0.89913436591625,0.857407808182464,0.596336858996911,0.88516332932011,0.898513364529087,0.89913436591625,0.857407808182464,0.596336858996911,1.15657848565459,0.243876742766377
3.2076434649288,-0.158307501148213,1,1,1,1,18,1,18cl03,M-O,1,0.0839,0.0061,0.977331259020424,0.991560318946574,0.991702335088378,0.837239640040425,0.562892751191378,0.977331259020424,0.991560318946574,0.991702335088378,0.837239640040425,0.562892751191378,3.2076434649288,0.158307501148213
0.968191961465845,-1.41251411566589,0,1,0,0,18,1,18cl03,M-O,1,0.2789,0.1035,0.231044954297863,0.207393382673786,0.208317144358207,0.278385164182885,0.0788993186897725,0.768955045702137,0.792606617326214,0.791682855641793,0.721614835817115,0.921100681310227,0.968191961465845,1.41251411566589
-0.274274229599976,-0.306842980026331,1,1,0,0,18,1,18cl03,M-O,1,0.2678,0.2498,0.595333194545905,0.629274152942636,0.630337765273371,0.69777984187173,0.379481445963403,0.404666805454095,0.370725847057364,0.369662234726629,0.30222015812827,0.620518554036597,0.274274229599976,0.306842980026331
2.22994782329896,0.711241645425399,1,1,1,1,18,1,18cl03,M-O,1,0.2164,0.0839,0.981634453688091,0.985554876822671,0.985703304404186,0.937744341730348,0.761532747100026,0.981634453688091,0.985554876822671,0.985703304404186,0.937744341730348,0.761532747100026,2.22994782329896,0.711241645425399
-0.912683059377735,0.0251078409000726,0,1,1,1,18,1,18cl03,M-O,1,0.2602,0.0062,0.826014311849576,0.839074545332475,0.839930165106366,0.80233093878032,0.510015526989407,0.826014311849576,0.839074545332475,0.839930165106366,0.80233093878032,0.510015526989407,0.912683059377735,0.0251078409000726
0.233863261982239,0.0294658500603107,0,1,1,1,18,1,18cl03,M-O,1,0.1743,0.0502,0.744058887670261,0.776936081354319,0.777808229543341,0.803540178754528,0.511753472593789,0.744058887670261,0.776936081354319,0.777808229543341,0.803540178754528,0.511753472593789,0.233863261982239,0.0294658500603107
1.12330205380009,1.48900417153356,1,1,1,1,18,1,18cl03,M-O,1,0.1846,0.1942,0.981793202629079,0.98984376640121,0.989909292076843,0.989662652016763,0.931756864873443,0.981793202629079,0.98984376640121,0.989909292076843,0.989662652016763,0.931756864873443,1.12330205380009,1.48900417153356
2.91750567722352,0.889920020995165,1,1,1,1,18,1,18cl03,M-O,1,0.1153,0.148,0.994789073845878,0.996895559556427,0.996939254152388,0.956808015974075,0.813245583643193,0.994789073845878,0.996895559556427,0.996939254152388,0.956808015974075,0.813245583643193,2.91750567722352,0.889920020995165
2.62287577440803,1.21309166404804,1,1,1,1,18,1,18cl03,M-O,1,0.1147,0.0989,0.996028990240851,0.997458568644564,0.997489080710877,0.979223052127692,0.887452611645026,0.996028990240851,0.997458568644564,0.997489080710877,0.979223052127692,0.887452611645026,2.62287577440803,1.21309166404804
-0.787960804553604,1.26137714235242,0,1,1,1,18,1,18cl03,M-O,1,0.1002,0.0061,0.963228335621245,0.977877239637443,0.978002627926814,0.981521820704365,0.896413500183961,0.963228335621245,0.977877239637443,0.978002627926814,0.981521820704365,0.896413500183961,0.787960804553604,1.26137714235242
2.62287577440803,1.01532331356984,1,1,1,1,18,1,18cl03,M-O,1,0.1065,0.1163,0.994039732802116,0.995969073261805,0.996018119997567,0.96712997481136,0.84502413262376,0.994039732802116,0.995969073261805,0.996018119997567,0.96712997481136,0.84502413262376,2.62287577440803,1.01532331356984
1.90625129329989,0.60871790094197,1,1,1,1,18,1,18cl03,M-O,1,0.107,0.2282,0.967103392712012,0.973009956722776,0.973248484753342,0.924154866949155,0.728644280205386,0.967103392712012,0.973009956722776,0.973248484753342,0.924154866949155,0.728644280205386,1.90625129329989,0.60871790094197
-0.899206714047162,1.23439222331312,0,1,1,1,18,1,18cl03,M-O,1,0.2248,0.307,0.964617148606288,0.978455146859354,0.978582093301348,0.980265375694205,0.891471607278048,0.964617148606288,0.978455146859354,0.978582093301348,0.980265375694205,0.891471607278048,0.899206714047162,1.23439222331312
2.99942071746818,-0.0538889700733754,1,1,1,1,18,1,18cl03,M-O,1,0.1166,0.0425,0.969339308462873,0.985121818992534,0.985348474307302,0.810233662047531,0.521488187748138,0.969339308462873,0.985121818992534,0.985348474307302,0.810233662047531,0.521488187748138,2.99942071746818,0.0538889700733754
-0.708688184961995,1.13928972631271,0,1,1,1,18,1,18cl03,M-O,1,0.2464,0.0826,0.952003586232851,0.96992908672828,0.970093448738966,0.975244139499029,0.872708833990662,0.952003586232851,0.96992908672828,0.970093448738966,0.975244139499029,0.872708833990662,0.708688184961995,1.13928972631271
2.3652397607353,0.0305237725738468,1,1,1,1,18,1,18cl03,M-O,1,0.1901,0.1468,0.95187235962014,0.959585047455704,0.960031439248202,0.80383304851418,0.512175332780051,0.95187235962014,0.959585047455704,0.960031439248202,0.80383304851418,0.512175332780051,2.3652397607353,0.0305237725738468
3.20500104427575,0.872851151784232,1,1,1,1,18,1,18cl03,M-O,1,0.1655,0.2112,0.995946135685855,0.998190863594152,0.998220034091703,0.955219676532763,0.808627892756156,0.995946135685855,0.998190863594152,0.998220034091703,0.955219676532763,0.808627892756156,3.20500104427575,0.872851151784232
1.86450104698164,0.379764521146848,1,1,1,1,18,1,18cl03,M-O,1,0.1725,0.2111,0.951969145109236,0.957629705844981,0.957995783078731,0.885827539266191,0.647939889624687,0.951969145109236,0.957629705844981,0.957995783078731,0.885827539266191,0.647939889624687,1.86450104698164,0.379764521146848
-0.759422661500624,0.961890331692142,0,1,1,1,18,1,18cl03,M-O,1,0.2068,0.1805,0.938538012518619,0.958979066611092,0.959204599332042,0.963011779202249,0.831947652161485,0.938538012518619,0.958979066611092,0.959204599332042,0.963011779202249,0.831947652161485,0.759422661500624,0.961890331692142
0.13688642401517,-0.400082270211862,1,1,0,0,18,1,18cl03,M-O,1,0.2005,0.2263,0.587639339088471,0.610874386364733,0.612025399420989,0.664503818744444,0.344547961225758,0.412360660911529,0.389125613635267,0.387974600579011,0.335496181255556,0.655452038774242,0.13688642401517,0.400082270211862
1.76118239944724,0.349637414343462,1,1,1,1,18,1,18cl03,M-O,1,0.1924,0.1149,0.943853483966431,0.950062968958302,0.950473057959603,0.879903820175864,0.636694585777548,0.943853483966431,0.950062968958302,0.950473057959603,0.879903820175864,0.636694585777548,1.76118239944724,0.349637414343462
-1.64384085407768,1.50365718784045,0,1,1,1,18,1,18cl03,M-O,1,0.148,0.0062,0.990001923865271,0.994359631074727,0.99440386022731,0.990057902184046,0.933665171002476,0.990001923865271,0.994359631074727,0.99440386022731,0.990057902184046,0.933665171002476,1.64384085407768,1.50365718784045
-0.435990373566859,-1.88883188496932,1,0,0,1,18,1,18cl03,M-O,1,0.1962,0.2794,0.194283944509645,0.137199333389193,0.138151100552121,0.143672691380775,0.0294571794388352,0.805716055490355,0.862800666610807,0.861848899447879,0.856327308619225,0.970542820561165,0.435990373566859,1.88883188496932
1.75536907401052,1.15501645502139,1,1,1,1,18,1,18cl03,M-O,1,0.0714,0.1474,0.983394441937372,0.989087581670678,0.989177517952723,0.976141783228735,0.875958155949093,0.983394441937372,0.989087581670678,0.989177517952723,0.976141783228735,0.875958155949093,1.75536907401052,1.15501645502139
3.08582787282303,0.234813346904143,1,1,1,1,18,1,18cl03,M-O,1,0.0407,0.0857,0.97994140427989,0.990933823477235,0.991077241286153,0.855355366129015,0.5928231959937,0.97994140427989,0.990933823477235,0.991077241286153,0.855355366129015,0.5928231959937,3.08582787282303,0.234813346904143
1.13889233565311,-0.723222333488219,0,0,0,1,18,1,18cl03,M-O,1,0.1674,0.4198,0.379602265753722,0.411830111762878,0.412809692319961,0.540481317198659,0.234771649936623,0.620397734246278,0.588169888237122,0.587190307680039,0.459518682801341,0.765228350063377,1.13889233565311,0.723222333488219
-0.66905187516619,-0.36698666441527,1,0,0,1,18,1,18cl03,M-O,1,0.1171,0.4043,0.532169674736066,0.575078265191129,0.576088630578851,0.676481407246735,0.356814482659335,0.467830325263934,0.424921734808871,0.423911369421149,0.323518592753265,0.643185517340665,0.66905187516619,0.36698666441527
0.822858825547895,-1.7152062736433,0,0,0,1,18,1,18cl03,M-O,1,0.3645,0.2492,0.188483720806203,0.146870641547197,0.1477188078612,0.186642328888784,0.0431537075324107,0.811516279193797,0.853129358452803,0.8522811921388,0.813357671111216,0.956846292467589,0.822858825547895,1.7152062736433
-1.6448978223389,0.215502313560044,0,1,1,1,18,1,18cl03,M-O,1,0.202,0.0061,0.924587319702848,0.930427355633297,0.930964223088038,0.850916221089526,0.585312145760686,0.924587319702848,0.930427355633297,0.930964223088038,0.850916221089526,0.585312145760686,1.6448978223389,0.215502313560044
-0.795095340316848,0.808049450358081,0,1,1,1,18,1,18cl03,M-O,1,0.1456,0.0062,0.924834191408902,0.946956412410314,0.947248491910583,0.948756895101697,0.79046894215062,0.924834191408902,0.946956412410314,0.947248491910583,0.948756895101697,0.79046894215062,0.795095340316848,0.808049450358081
-1.15076516021787,0.934921202541102,0,0,1,0,18,1,18cl03,M-O,1,0.1271,0.1145,0.953479280681469,0.967977866511147,0.968182774515096,0.960778283110534,0.825085545299133,0.953479280681469,0.967977866511147,0.968182774515096,0.960778283110534,0.825085545299133,1.15076516021787,0.934921202541102
0.647930578315744,0.82216561046407,0,1,1,1,18,1,18cl03,M-O,1,0.2481,0.1624,0.918392013357208,0.943115783981164,0.943411956238445,0.950224504334951,0.794508675896138,0.918392013357208,0.943115783981164,0.943411956238445,0.950224504334951,0.794508675896138,0.647930578315744,0.82216561046407
1.25515884438747,1.34029500388456,1,1,1,1,18,1,18cl03,M-O,1,0.1495,0.1467,0.978755380285287,0.987416212670827,0.987501187178033,0.984812425018621,0.909925272430541,0.978755380285287,0.987416212670827,0.987501187178033,0.984812425018621,0.909925272430541,1.25515884438747,1.34029500388456
0.265308067753577,1.01106004373918,0,1,1,1,18,1,18cl03,M-O,1,0.2281,0.0358,0.922902005823017,0.949999443052384,0.95023033658852,0.966815902899134,0.844006153684264,0.922902005823017,0.949999443052384,0.95023033658852,0.966815902899134,0.844006153684264,0.265308067753577,1.01106004373918
0.147191864562079,-0.301395468576033,1,1,0,0,18,1,18cl03,M-O,1,0.208,0.0829,0.612942384456368,0.642919310658754,0.644004193720408,0.69967751684982,0.381556474659761,0.387057615543632,0.357080689341246,0.355995806279592,0.30032248315018,0.618443525340239,0.147191864562079,0.301395468576033
1.98446694463027,-0.0424886707484045,1,1,1,1,18,1,18cl03,M-O,1,0.1938,0.0061,0.932922769370495,0.936716507165923,0.937291273786544,0.807126887504233,0.516945428485567,0.932922769370495,0.936716507165923,0.937291273786544,0.807126887504233,0.516945428485567,1.98446694463027,0.0424886707484045
-0.325537190269217,-0.590982019296208,1,1,0,0,18,1,18cl03,M-O,1,0.2875,0.3257,0.509959609534468,0.525713446993226,0.526914806461348,0.592463527667093,0.277266234321413,0.490040390465532,0.474286553006774,0.473085193538652,0.407536472332907,0.722733765678587,0.325537190269217,0.590982019296208
2.51374380143692,1.19554909818926,1,1,1,1,18,1,18cl03,M-O,1,0.2335,0.2922,0.995075079501001,0.996778583718923,0.996815444376903,0.978329966203697,0.884063717308023,0.995075079501001,0.996778583718923,0.996815444376903,0.978329966203697,0.884063717308023,2.51374380143692,1.19554909818926
0.0161278001706188,0.923647222322225,0,1,1,1,18,1,18cl03,M-O,1,0.1596,0.1462,0.901013825711966,0.934206341378979,0.934482352425634,0.95981263553391,0.822164990477632,0.901013825711966,0.934206341378979,0.934482352425634,0.95981263553391,0.822164990477632,0.0161278001706188,0.923647222322225
-1.54501432165347,0.808238929017222,0,1,1,1,18,1,18cl03,M-O,1,0.1666,0.0061,0.962370629207952,0.971968541710882,0.972179389327138,0.948776820043479,0.790523474241514,0.962370629207952,0.971968541710882,0.972179389327138,0.948776820043479,0.790523474241514,1.54501432165347,0.808238929017222
1.64174498592922,0.266093115550635,1,1,1,1,18,1,18cl03,M-O,1,0.2548,0.0061,0.928977373367779,0.93545035336381,0.935948956272424,0.862355160108862,0.604916251537658,0.928977373367779,0.93545035336381,0.935948956272424,0.862355160108862,0.604916251537658,1.64174498592922,0.266093115550635
1.6850806846393,0.738147615023391,1,1,1,1,18,1,18cl03,M-O,1,0.1834,0.0061,0.964471738414214,0.972509413637382,0.972729161256965,0.940975622666013,0.769787624048936,0.964471738414214,0.972509413637382,0.972729161256965,0.940975622666013,0.769787624048936,1.6850806846393,0.738147615023391
-0.465321242815754,0.383790942653589,0,1,1,1,18,1,18cl03,M-O,1,0.1126,0.0061,0.840783691119287,0.873077464693341,0.87366049830899,0.886603186058346,0.649433299167156,0.840783691119287,0.873077464693341,0.87366049830899,0.886603186058346,0.649433299167156,0.465321242815754,0.383790942653589
-0.354075333322196,1.43587119753283,0,1,1,1,18,1,18cl03,M-O,1,0.1376,2.5144,0.964632842801274,0.979896967180515,0.979996505672125,0.988112316204709,0.924480502175014,0.964632842801274,0.979896967180515,0.979996505672125,0.988112316204709,0.924480502175014,0.354075333322196,1.43587119753283
0.505239863050847,1.34043711287892,0,1,1,1,18,1,18cl03,M-O,1,0.0542,0.1195,0.961342235078071,0.977394820504056,0.977511585289249,0.984817863691061,0.90994836163598,0.961342235078071,0.977394820504056,0.977511585289249,0.984817863691061,0.90994836163598,0.505239863050847,1.34043711287892
0.784807968143922,-1.62512496111012,0,0,0,1,18,1,18cl03,M-O,1,0.0921,0.3431,0.208239506521171,0.168138673836686,0.169050226396105,0.211781172893449,0.052067967626602,0.791760493478829,0.831861326163314,0.830949773603895,0.788218827106551,0.947932032373398,0.784807968143922,1.62512496111012
2.23813932732342,1.46473511327528,1,1,1,1,18,1,18cl03,M-O,1,0.0789,0.1642,0.995474402874463,0.997327485341669,0.997354184189142,0.988977853465791,0.928503399496942,0.995474402874463,0.997327485341669,0.997354184189142,0.988977853465791,0.928503399496942,2.23813932732342,1.46473511327528
3.22931131428384,0.883635645466995,1,1,1,1,18,1,18cl03,M-O,1,0.1185,0.3075,0.996134951241563,0.998324674153569,0.998351971145702,0.956228600697058,0.811553534795553,0.996134951241563,0.998324674153569,0.998351971145702,0.956228600697058,0.811553534795553,3.22931131428384,0.883635645466995
0.719011693882887,-1.78103431780647,1,0,0,1,18,1,18cl03,M-O,1,0.1451,0.3083,0.186549344209981,0.139864868103929,0.14072714495057,0.169494286707086,0.0374534223010187,0.813450655790019,0.860135131896071,0.85927285504943,0.830505713292914,0.962546577698981,0.719011693882887,1.78103431780647
2.78723433902797,-0.0238092329347749,1,1,1,1,18,1,18cl03,M-O,1,0.1241,0.2915,0.963890898521993,0.977818289191831,0.978122238783494,0.801969738992744,0.509497612339393,0.963890898521993,0.977818289191831,0.978122238783494,0.801969738992744,0.509497612339393,2.78723433902797,0.0238092329347749
-0.0826987322535873,0.2832725139794,0,1,1,1,18,1,18cl03,M-O,1,0.1976,0.2425,0.785627116060418,0.827748253108646,0.828414652317334,0.86609958544707,0.611516027301706,0.785627116060418,0.827748253108646,0.828414652317334,0.86609958544707,0.611516027301706,0.0826987322535873,0.2832725139794
1.08842210117979,0.907178368865238,1,1,1,1,18,1,18cl03,M-O,1,0.1568,0.2279,0.948665905224386,0.964436793677854,0.96465839862488,0.958367409901036,0.817843759672213,0.948665905224386,0.964436793677854,0.96465839862488,0.958367409901036,0.817843759672213,1.08842210117979,0.907178368865238
1.37935261508099,1.09405169644284,1,1,1,1,18,1,18cl03,M-O,1,0.0747,0.2589,0.971247277769583,0.981116504058224,0.981249740367803,0.972502796283283,0.863033847128777,0.971247277769583,0.981116504058224,0.981249740367803,0.972502796283283,0.863033847128777,1.37935261508099,1.09405169644284
2.80599552566465,0.726020980838381,1,1,1,1,18,1,18cl03,M-O,1,0.11,0.2116,0.991497715395088,0.994506535417449,0.99458067577807,0.939535939506243,0.766087045693739,0.991497715395088,0.994506535417449,0.99458067577807,0.939535939506243,0.766087045693739,2.80599552566465,0.726020980838381
2.91909112961535,1.10720467336487,1,1,1,1,18,1,18cl03,M-O,1,0.0993,0.1149,0.996836277173118,0.998139932673716,0.998165696767204,0.973324775596212,0.865897276263255,0.996836277173118,0.998139932673716,0.998165696767204,0.973324775596212,0.865897276263255,2.91909112961535,1.10720467336487
-1.54263614306572,0.860266610839631,0,1,1,1,18,1,18cl03,M-O,1,0.2069,0.1479,0.965125917901818,0.974553816634059,0.974745212392009,0.954018766960125,0.805178953135991,0.965125917901818,0.974553816634059,0.974745212392009,0.954018766960125,0.805178953135991,1.54263614306572,0.860266610839631
-1.03846228246309,0.52378409198211,0,1,1,1,18,1,18cl03,M-O,1,0.0534,0.135,0.909068790238541,0.927764185579448,0.928193834207115,0.911275744192588,0.699785640435786,0.909068790238541,0.927764185579448,0.928193834207115,0.911275744192588,0.699785640435786,1.03846228246309,0.52378409198211
-0.682263978431458,0.407333666051833,0,1,1,1,18,1,18cl03,M-O,1,0.0159,0.1221,0.86410727870306,0.89082763934921,0.891378408073083,0.891063252328447,0.658118530241698,0.86410727870306,0.89082763934921,0.891378408073083,0.891063252328447,0.658118530241698,0.682263978431458,0.407333666051833
-1.44539506303335,0.0394766392182492,0,1,1,1,18,1,18cl03,M-O,1,0.0005,0.1017,0.887905266833764,0.892282808153586,0.893026809268575,0.806300897943869,0.515744810900685,0.887905266833764,0.892282808153586,0.893026809268575,0.806300897943869,0.515744810900685,1.44539506303335,0.0394766392182492
2.68946477486499,1.46972471796598,1,1,1,1,18,1,18cl03,M-O,1,0.2576,0.1935,0.99796297087789,0.998816557172558,0.998830903265557,0.989121782417374,0.929181837305759,0.99796297087789,0.998816557172558,0.998830903265557,0.989121782417374,0.929181837305759,2.68946477486499,1.46972471796598
-1.18960874381776,0.318973451339177,0,1,1,1,18,1,18cl03,M-O,1,0.2846,0.1467,0.897517989342809,0.911397111608968,0.91195137433974,0.873655449717312,0.625126677597934,0.897517989342809,0.911397111608968,0.91195137433974,0.873655449717312,0.625126677597934,1.18960874381776,0.318973451339177
2.69157871138743,-0.134354240655165,1,1,1,1,18,1,18cl03,M-O,1,0.2169,0.2907,0.968932297402704,0.978808515365269,0.979084890572411,0.831276779950822,0.553438767923665,0.968932297402704,0.978808515365269,0.979084890572411,0.831276779950822,0.553438767923665,2.69157871138743,0.134354240655165
-0.680150041909015,0.911425848807644,0,1,1,1,18,1,18cl03,M-O,1,0.0468,0.0827,0.929883052936105,0.952530675366317,0.952782905627361,0.958744117727068,0.818964480446059,0.929883052936105,0.952530675366317,0.952782905627361,0.958744117727068,0.818964480446059,0.680150041909015,0.911425848807644
2.74125621966484,-0.162807619302807,1,1,1,1,18,1,18cl03,M-O,1,0.1919,0.0061,0.971587613888839,0.98136976542237,0.981618769856503,0.838344405022805,0.564665045510473,0.971587613888839,0.98136976542237,0.981618769856503,0.838344405022805,0.564665045510473,2.74125621966484,0.162807619302807
1.38516594051771,0.209707424567988,1,1,1,1,18,1,18cl03,M-O,1,0.1519,0.0061,0.902348984641557,0.911050986328006,0.911655753911519,0.849566548307938,0.583051984790571,0.902348984641557,0.911050986328006,0.911655753911519,0.849566548307938,0.583051984790571,1.38516594051771,0.209707424567988
1.63778135494964,0.054603352172989,1,1,1,1,18,1,18cl03,M-O,1,0.0803,0.1763,0.907702452404818,0.911138131604195,0.911814945949799,0.810427313122086,0.521772765951361,0.907702452404818,0.911138131604195,0.911814945949799,0.810427313122086,0.521772765951361,1.63778135494964,0.054603352172989
-0.308625698089674,0.195370206026335,0,1,1,1,18,1,18cl03,M-O,1,0.1233,0.0061,0.788885674210717,0.82360773648192,0.824343566013344,0.846192417742924,0.577448430344899,0.788885674210717,0.82360773648192,0.824343566013344,0.846192417742924,0.577448430344899,0.308625698089674,0.195370206026335
-1.74874495400391,0.510773224054443,0,1,1,1,18,1,18cl03,M-O,1,0.0903,0.0363,0.954281623533516,0.961417148829833,0.961733476556346,0.909166831842425,0.695245069784238,0.954281623533516,0.961417148829833,0.961733476556346,0.909166831842425,0.695245069784238,1.74874495400391,0.510773224054443
-1.08893251693641,0.372153795004692,0,1,1,1,18,1,18cl03,M-O,1,0.0378,0.0666,0.89514146035136,0.911776156643954,0.912305762485843,0.884351108790396,0.645110827259645,0.89514146035136,0.911776156643954,0.912305762485843,0.884351108790396,0.645110827259645,1.08893251693641,0.372153795004692
-1.23030202187478,0.135021253089993,0,1,1,1,18,1,18cl03,M-O,1,0.0006,0.0061,0.878289205264136,0.887937179373206,0.888639857555841,0.831444701324399,0.553702464666811,0.878289205264136,0.887937179373206,0.888639857555841,0.831444701324399,0.553702464666811,1.23030202187478,0.135021253089993
1.19781831621621,0.536100204826262,1,1,1,1,18,1,18cl03,M-O,1,0.2122,2.4185,0.921973004089134,0.937435045764274,0.937834411224861,0.913238243674216,0.704055350710565,0.921973004089134,0.937435045764274,0.937834411224861,0.913238243674216,0.704055350710565,1.19781831621621,0.536100204826262
2.32798162952725,0.419365560907273,1,1,1,1,18,1,18cl03,M-O,1,0.1229,0.0345,0.973596578833048,0.978166068901655,0.978402641469846,0.893293323278083,0.66252550537111,0.973596578833048,0.978166068901655,0.978402641469846,0.893293323278083,0.66252550537111,2.32798162952725,0.419365560907273
-0.159854910197863,2.74310591412197,1,1,1,1,18,1,18cl04,O-M,1,0.7337,0.15,0.998431721635352,0.999369664855903,0.999372856166219,0.999820124333642,0.996956947415726,0.998431721635352,0.999369664855903,0.999372856166219,0.999820124333642,0.996956947415726,0.159854910197863,2.74310591412197
1.47199846187567,2.57346250819593,1,1,1,1,18,1,18cl04,O-M,1,0.1737,0.5048,0.999083569955497,0.999655810359273,0.999658300269923,0.99966100858778,0.994965672246819,0.999083569955497,0.999655810359273,0.999658300269923,0.99966100858778,0.994965672246819,1.47199846187567,2.57346250819593
-1.47538945072411,1.42031013520332,0,1,1,1,18,1,18cl04,O-M,1,0.1889,0.0072,0.985578751686538,0.991646458171734,0.991707866935609,0.987621673252829,0.922241294094603,0.985578751686538,0.991646458171734,0.991707866935609,0.987621673252829,0.922241294094603,1.47538945072411,1.42031013520332
1.24743467101731,3.13682659142697,1,1,1,1,18,1,18cl04,O-M,1,0.1707,0.2448,0.999801232177363,0.999936223458136,0.999936651702934,0.999962790263685,0.999146064466835,0.999801232177363,0.999936223458136,0.999936651702934,0.999962790263685,0.999146064466835,1.24743467101731,3.13682659142697
-1.41039827063882,2.29257319277633,0,1,1,1,18,1,18cl04,O-M,1,0.0885,0.0005,0.997857605894281,0.999110164133584,0.999116509328041,0.999087860511575,0.989063705399284,0.997857605894281,0.999110164133584,0.999116509328041,0.999087860511575,0.989063705399284,1.41039827063882,2.29257319277633
-0.779434335699986,1.11299661325318,0,1,1,1,18,1,18cl04,O-M,1,0.2782,0.2744,0.952352286375934,0.969816427569477,0.969985424303122,0.973680172305212,0.867145057981031,0.952352286375934,0.969816427569477,0.969985424303122,0.973680172305212,0.867145057981031,0.779434335699986,1.11299661325318
1.19569120718362,1.29215273353022,1,1,1,1,18,1,18cl04,O-M,1,0.2645,0.2713,0.975407474215452,0.985196103421836,0.985293736857616,0.982870986108459,0.901847871606022,0.975407474215452,0.985196103421836,0.985293736857616,0.982870986108459,0.901847871606022,1.19569120718362,1.29215273353022
-1.33899639591926,1.8082174870716,0,1,1,1,18,1,18cl04,O-M,1,0.2759,0.3686,0.992470173229377,0.996262870338663,0.996288991307442,0.995769356491734,0.964713670993932,0.992470173229377,0.996262870338663,0.996288991307442,0.995769356491734,0.964713670993932,1.33899639591926,1.8082174870716
1.45619278372568,2.31899739930687,1,1,1,1,18,1,18cl04,O-M,1,0.2796,0.3398,0.99810521433653,0.999221729584077,0.999227359630333,0.999166341469338,0.989802411328805,0.99810521433653,0.999221729584077,0.999227359630333,0.999166341469338,0.989802411328805,1.45619278372568,2.31899739930687
0.591980619384533,-0.661917339402945,0,1,0,0,18,1,18cl04,O-M,1,0.1631,0.4547,0.456004597442712,0.475620900163955,0.476762107650981,0.56472163893923,0.254012099323445,0.543995402557288,0.524379099836045,0.523237892349019,0.43527836106077,0.745987900676555,0.591980619384533,0.661917339402945
-0.92656451452281,-1.5069634642495,1,0,0,1,18,1,18cl04,O-M,1,0.6596,0.7129,0.21667105964943,0.186589907925377,0.187492083945327,0.247589519232813,0.0659100112117,0.78332894035057,0.813410092074623,0.812507916054673,0.752410480767187,0.9340899887883,0.92656451452281,1.5069634642495
0.618633950770338,1.03927307703299,1,1,1,1,18,1,18cl04,O-M,1,0.2799,0.1046,0.939975271632922,0.96117736461416,0.961381171061225,0.968849102276833,0.850661123810058,0.939975271632922,0.96117736461416,0.961381171061225,0.968849102276833,0.850661123810058,0.618633950770338,1.03927307703299
0.739931872396967,2.91935537168065,1,1,1,1,18,1,18cl04,O-M,1,0.287,0.3915,0.999363255575027,0.999770323416262,0.999771673275632,0.999909523947267,0.998246219440171,0.999363255575027,0.999770323416262,0.999771673275632,0.999909523947267,0.998246219440171,0.739931872396967,2.91935537168065
-1.44605183833381,0.112576154007077,1,0,0,1,18,1,18cl04,O-M,1,0.3474,0.5198,0.548309635233077,0.618101902280216,0.618855170268108,0.761858184167288,0.455183295595927,0.451690364766923,0.381898097719784,0.381144829731892,0.238141815832712,0.544816704404073,1.44605183833381,0.112576154007077
-0.965470799199719,1.33971630528519,0,1,1,1,18,1,18cl04,O-M,1,0.3195,0.6153,0.972234309203019,0.983694870669144,0.983793763600039,0.984790260277341,0.909831202759501,0.972234309203019,0.983694870669144,0.983793763600039,0.984790260277341,0.909831202759501,0.965470799199719,1.33971630528519
0.223713055456145,0.710027463662504,0,1,0,0,18,1,18cl04,O-M,1,0.3231,1.8638,0.492082808164389,0.4942878634035,0.495570120498736,0.545714522927686,0.23884355278199,0.507917191835611,0.5057121365965,0.504429879501264,0.454285477072314,0.76115644721801,0.223713055456145,0.710027463662504
-1.78479231121276,1.73634364530854,0,1,1,1,18,1,18cl04,O-M,1,0.2393,0.9203,0.99489605641006,0.997372225039988,0.997393862865133,0.99478462115967,0.958748454842861,0.99489605641006,0.997372225039988,0.997393862865133,0.99478462115967,0.958748454842861,1.78479231121276,1.73634364530854
0.254345438683906,-0.0721290496413729,0,1,0,0,18,1,18cl04,O-M,1,0.3271,0.964,0.662560809008159,0.707105407050502,0.708015132402194,0.774196814362069,0.471249604078927,0.337439190991841,0.292894592949498,0.291984867597806,0.225803185637931,0.528750395921073,0.254345438683906,0.0721290496413729
-1.31507471520274,1.95302213885894,0,1,1,1,18,1,18cl04,O-M,1,0.242,0.8552,0.994451000925586,0.997389432151618,0.99740752384237,0.997264350310269,0.974591514033086,0.994451000925586,0.997389432151618,0.99740752384237,0.997264350310269,0.974591514033086,1.31507471520274,1.95302213885894
-1.08201596445957,2.24738779960911,0,1,1,1,18,1,18cl04,O-M,1,0.3082,1.1886,0.996623330110757,0.998554604275823,0.99856389765246,0.998937764618371,0.987692372979982,0.996623330110757,0.998554604275823,0.99856389765246,0.998937764618371,0.987692372979982,1.08201596445957,2.24738779960911
-1.60592445698385,1.22662070133449,0,1,1,1,18,1,18cl04,O-M,1,0.2889,1.2375,0.982331186854611,0.988841740755222,0.988928147048548,0.979890345203374,0.890017407588451,0.982331186854611,0.988841740755222,0.988928147048548,0.979890345203374,0.890017407588451,1.60592445698385,1.22662070133449
-1.20610869630852,1.744535149333,0,1,1,1,18,1,18cl04,O-M,1,0.3308,0.6583,0.990066965527106,0.994952943313481,0.994986613196415,0.994906317268303,0.959467091074824,0.990066965527106,0.994952943313481,0.994986613196415,0.994906317268303,0.959467091074824,1.20610869630852,1.744535149333
-0.862252299632774,1.58916081493345,0,1,1,1,18,1,18cl04,O-M,1,0.3181,0.2599,0.981334411088856,0.989968529718621,0.990027788418014,0.992111408120068,0.943987954677434,0.981334411088856,0.989968529718621,0.990027788418014,0.992111408120068,0.943987954677434,0.862252299632774,1.58916081493345
0.519915569357986,3.13497689696983,1,1,1,1,18,1,18cl04,O-M,1,0.2094,0.1983,0.999637617048507,0.999873064297257,0.999873773368466,0.999962500882939,0.999140661768083,0.999637617048507,0.999873064297257,0.999873773368466,0.999962500882939,0.999140661768083,0.519915569357986,3.13497689696983
0.21701814283317,0.608294268519939,0,1,0,0,18,1,18cl04,O-M,1,0.1824,1.1488,0.520256038063743,0.530653907129494,0.531896564020678,0.58572999777964,0.271496160838546,0.479743961936257,0.469346092870506,0.468103435979322,0.41427000222036,0.728503839161454,0.21701814283317,0.608294268519939
1.11904708956117,3.10247512293727,1,1,1,1,18,1,18cl04,O-M,1,0.2103,0.6941,0.999746440166792,0.999916639277089,0.999917180384853,0.999957055423424,0.999040451615929,0.999746440166792,0.999916639277089,0.999917180384853,0.999957055423424,0.999040451615929,1.11904708956117,3.10247512293727
-1.46883664709549,2.09201346520956,0,1,1,1,18,1,18cl04,O-M,1,0.2147,0.5685,0.996655585171812,0.998508556104536,0.998519431448131,0.998232253509662,0.981781344405274,0.996655585171812,0.998508556104536,0.998519431448131,0.998232253509662,0.981781344405274,1.46883664709549,2.09201346520956
0.477172341833476,3.17989804807174,1,1,1,1,18,1,18cl04,O-M,1,0.1645,0.4845,0.999681013804754,0.999888880443339,0.999889495490892,0.999968960649007,0.9992633656213,0.999681013804754,0.999888880443339,0.999889495490892,0.999968960649007,0.9992633656213,0.477172341833476,3.17989804807174
0.838239716714514,1.59101050939059,1,1,1,1,18,1,18cl04,O-M,1,0.2356,0.2323,0.981051609057649,0.989821384492954,0.989881030733881,0.992151366387205,0.944196394676237,0.981051609057649,0.989821384492954,0.989881030733881,0.992151366387205,0.944196394676237,0.838239716714514,1.59101050939059
-0.734243675494908,0.0769034751908524,1,1,0,0,18,1,18cl04,O-M,1,0.3078,0.2426,0.613434815066916,0.670843495547086,0.671689377777886,0.772759436800308,0.469350166467234,0.386565184933084,0.329156504452914,0.328310622222114,0.227240563199692,0.530649833532766,0.734243675494908,0.0769034751908524
-0.141491270149468,2.08355771911979,1,1,1,1,18,1,18cl04,O-M,1,0.962,0.9348,0.990317121867775,0.995387356927885,0.995409811929981,0.998183736826849,0.981399791837447,0.990317121867775,0.995387356927885,0.995409811929981,0.998183736826849,0.981399791837447,0.141491270149468,2.08355771911979
0.0188392552601647,-1.75905039455082,0,0,0,1,18,1,18cl04,O-M,1,0.4323,0.5705,0.266668405947314,0.198936357578263,0.200239079983974,0.175105091325602,0.0392844746809937,0.733331594052686,0.801063642421737,0.799760920016026,0.824894908674398,0.960715525319006,0.0188392552601647,1.75905039455082
-1.08440023758709,2.61204184973051,0,1,1,1,18,1,18cl04,O-M,1,0.1939,0.5801,0.99877022613528,0.999531238380386,0.999534257616778,0.999705805069404,0.995499838205462,0.99877022613528,0.999531238380386,0.999534257616778,0.999705805069404,0.995499838205462,1.08440023758709,2.61204184973051
-0.55910223489577,2.14591884653185,0,1,1,1,18,1,18cl04,O-M,1,0.1873,0.1802,0.993431606900357,0.997010042560607,0.997026453729565,0.998514814113904,0.984060273051309,0.993431606900357,0.997010042560607,0.997026453729565,0.998514814113904,0.984060273051309,0.55910223489577,2.14591884653185
-0.681268600376795,1.054863358886,0,1,1,1,18,1,18cl04,O-M,1,0.1553,0.165,0.943858734294943,0.963817885159114,0.964012474971804,0.969927698771988,0.854256088891292,0.943858734294943,0.963817885159114,0.964012474971804,0.969927698771988,0.854256088891292,0.681268600376795,1.054863358886
-0.326422441470879,1.79130599489205,0,1,1,1,18,1,18cl04,O-M,1,0.2081,0.3468,0.982637365686304,0.99112055879657,0.991165273008309,0.995553947650008,0.963377897676063,0.982637365686304,0.99112055879657,0.991165273008309,0.995553947650008,0.963377897676063,0.326422441470879,1.79130599489205
-0.434346327739821,-1.39043271344983,1,0,0,1,18,1,18cl04,O-M,1,0.3435,0.1674,0.295158181698195,0.252981698167263,0.254173027528935,0.28584510245077,0.0821987592044256,0.704841818301805,0.747018301832737,0.745826972471065,0.71415489754923,0.917801240795574,0.434346327739821,1.39043271344983
-1.74599655575368,1.02130461659222,0,1,1,1,18,1,18cl04,O-M,1,0.1757,0.0007,0.97888374682973,0.985341069134658,0.985461541349869,0.967566478825044,0.846444930071784,0.97888374682973,0.985341069134658,0.985461541349869,0.967566478825044,0.846444930071784,1.74599655575368,1.02130461659222
0.960658720407726,1.11193964499196,1,1,1,1,18,1,18cl04,O-M,1,0.3209,0.1347,0.958563610891628,0.973571359630206,0.973729697359282,0.973615612982323,0.866917949278897,0.958563610891628,0.973571359630206,0.973729697359282,0.973615612982323,0.866917949278897,0.960658720407726,1.11193964499196
-1.77283936579863,2.93256747494592,0,1,1,1,18,1,18cl04,O-M,1,0.2509,0.3414,0.999792974999402,0.999932643620442,0.999933172075211,0.999914168438188,0.998319140678975,0.999792974999402,0.999932643620442,0.999933172075211,0.999914168438188,0.998319140678975,1.77283936579863,2.93256747494592
0.636776532383068,1.13281476815109,1,1,1,1,18,1,18cl04,O-M,1,0.1344,0.1996,0.949035583831159,0.96804965094001,0.968219737285598,0.974866417543145,0.871353975835548,0.949035583831159,0.96804965094001,0.968219737285598,0.974866417543145,0.871353975835548,0.636776532383068,1.13281476815109
-0.595387398121232,1.28528243983228,0,1,1,1,18,1,18cl04,O-M,1,0.3507,0.4722,0.959682921237147,0.975994379771139,0.976121733906792,0.982577330729134,0.90065319788252,0.959682921237147,0.975994379771139,0.976121733906792,0.982577330729134,0.90065319788252,0.595387398121232,1.28528243983228
-0.192303130575723,3.16034413523914,0,1,1,1,18,1,18cl04,O-M,1,0.2805,0.834,0.99960050096871,0.999854994999681,0.999855746387268,0.999966290167728,0.999212085536989,0.99960050096871,0.999854994999681,0.999855746387268,0.999966290167728,0.999212085536989,0.192303130575723,3.16034413523914
0.14155826683035,-1.13781729901791,0,0,0,1,18,1,18cl04,O-M,1,0.2234,0.6456,0.394906574268836,0.35856087848856,0.359958578955022,0.377159861416636,0.127598389965927,0.605093425731164,0.64143912151144,0.640041421044978,0.622840138583364,0.872401610034073,0.14155826683035,1.13781729901791
-1.58759239671198,2.29865076027835,0,1,1,1,18,1,18cl04,O-M,1,0.2188,0.8984,0.998294323816148,0.999297363471394,0.999302672512298,0.999106489797679,0.98923761066096,0.998294323816148,0.999297363471394,0.999302672512298,0.999106489797679,0.98923761066096,1.58759239671198,2.29865076027835
0.964511453143589,3.04592732096192,1,1,1,1,18,1,18cl04,O-M,1,0.2716,0.3113,0.999647716858797,0.999880263381497,0.99988100985399,0.999945759733978,0.998840180506839,0.999647716858797,0.999880263381497,0.99988100985399,0.999945759733978,0.998840180506839,0.964511453143589,3.04592732096192
-0.297874323493667,3.14475385338613,0,1,1,1,18,1,18cl04,O-M,1,0.1807,1.0557,0.999601038322021,0.999856614773495,0.999857375422526,0.999964006714699,0.999168866872584,0.999601038322021,0.999856614773495,0.999857375422526,0.999964006714699,0.999168866872584,0.297874323493667,3.14475385338613
0.949005782870568,2.58905279004895,1,1,1,1,18,1,18cl04,O-M,1,0.2728,1.9448,0.99851757905345,0.999424704333956,0.999428269024115,0.999679824887086,0.995187983030855,0.99851757905345,0.999424704333956,0.999428269024115,0.999679824887086,0.995187983030855,0.949005782870568,2.58905279004895
-1.21924588334229,3.0250521978028,0,1,1,1,18,1,18cl04,O-M,1,0.1866,0.708,0.999702186161145,0.999900975604279,0.999901636380428,0.999940922013848,0.998757048896813,0.999702186161145,0.999900975604279,0.999901636380428,0.999940922013848,0.998757048896813,1.21924588334229,3.0250521978028
-0.651915198098234,1.04720033899215,0,1,1,1,18,1,18cl04,O-M,1,0.1031,0.1663,0.942023542859662,0.962568649923872,0.96276768429245,0.969401474444182,0.852496405507629,0.942023542859662,0.962568649923872,0.96276768429245,0.969401474444182,0.852496405507629,0.651915198098234,1.04720033899215
-1.38522918874962,3.15585202012895,0,1,1,1,18,1,18cl04,O-M,1,0.2411,0.0221,0.999839395375778,0.999949535017197,0.999949886666235,0.9999656466845,0.999199849857661,0.999839395375778,0.999949535017197,0.999949886666235,0.9999656466845,0.999199849857661,1.38522918874962,3.15585202012895
-1.17154463090359,0.744643174217507,0,1,1,1,18,1,18cl04,O-M,1,0.1613,0.0005,0.939623527379422,0.955274232496803,0.955560133101282,0.941735643934446,0.771756269763937,0.939623527379422,0.955274232496803,0.955560133101282,0.941735643934446,0.771756269763937,1.17154463090359,0.744643174217507
-1.0214301631993,1.94958699200997,0,1,1,1,18,1,18cl04,O-M,1,0.1857,0.0006,0.992560496310971,0.996474244659316,0.996496411751423,0.997235291820517,0.974387317475363,0.992560496310971,0.996474244659316,0.996496411751423,0.997235291820517,0.974387317475363,1.0214301631993,1.94958699200997
1.1038887968299,2.89398813341134,1,1,1,1,18,1,18cl04,O-M,1,0.1809,0.136,0.999489998461163,0.999821680499346,0.999822834624852,0.999899936787919,0.998098087313935,0.999489998461163,0.999821680499346,0.999822834624852,0.999899936787919,0.998098087313935,1.1038887968299,2.89398813341134
0.0421609202227437,-0.710802121484438,0,0,0,1,18,1,18cl04,O-M,1,0.3692,0.0614,0.518871348612912,0.514280913363242,0.515628015774503,0.545407496752824,0.238603432907082,0.481128651387088,0.485719086636758,0.484371984225497,0.454592503247176,0.761396567092917,0.0421609202227437,0.710802121484438
-0.505700832794591,-0.241243971436806,1,0,0,1,18,1,18cl04,O-M,1,0.5709,0.2937,0.587041592423987,0.631896666672031,0.632875880612094,0.720263594301419,0.404683016400502,0.412958407576013,0.368103333327969,0.367124119387906,0.279736405698581,0.595316983599498,0.505700832794591,0.241243971436806
-0.724264466113493,2.17128608480117,0,1,1,1,18,1,18cl04,O-M,1,0.1976,0.0007,0.994496829919155,0.997538862930269,0.997553049702371,0.998632961981278,0.985045223238995,0.994496829919155,0.997538862930269,0.997553049702371,0.998632961981278,0.985045223238995,0.724264466113493,2.17128608480117
-1.08185806557695,1.15025474446124,0,1,1,1,18,1,18cl04,O-M,1,0.2436,0.051,0.964981991060839,0.977864334498102,0.978003471504277,0.97587293021586,0.874980517802454,0.964981991060839,0.977864334498102,0.978003471504277,0.97587293021586,0.874980517802454,1.08185806557695,1.15025474446124
-1.76508653066212,2.96136986006421,0,1,1,1,18,1,18cl04,O-M,1,0.1886,0.1009,0.999809349182632,0.9999385409835,0.999939021484177,0.999923527578784,0.998468630511587,0.999809349182632,0.9999385409835,0.999939021484177,0.999923527578784,0.998468630511587,1.76508653066212,2.96136986006421
-1.26216279963767,3.0889987776067,0,1,1,1,18,1,18cl04,O-M,1,0.1421,0.4108,0.99976977634646,0.999925216749557,0.999925721228621,0.999954585253202,0.998995838673055,0.99976977634646,0.999925216749557,0.999925721228621,0.999954585253202,0.998995838673055,1.26216279963767,3.0889987776067
-0.272768401157512,2.37871610606588,0,1,1,1,18,1,18cl04,O-M,1,0.2265,1.1433,0.995770379988612,0.998156189091103,0.998165637158137,0.999321359732149,0.991313474922845,0.995770379988612,0.998156189091103,0.998165637158137,0.999321359732149,0.991313474922845,0.272768401157512,2.37871610606588
0.0809566756818206,-0.4478812665056,0,0,0,1,18,1,18cl04,O-M,1,0.1835,1.2065,0.582556241016094,0.600420431649471,0.601614250667046,0.646908532460968,0.327119444526581,0.417443758983906,0.399579568350529,0.398385749332954,0.353091467539032,0.672880555473419,0.0809566756818206,0.4478812665056
-1.81152459203987,2.06400380628719,0,1,1,1,18,1,18cl04,O-M,1,0.1746,0.2132,0.997699941174432,0.998965064103255,0.998973575454018,0.998066871094185,0.980491322249378,0.997699941174432,0.998965064103255,0.998973575454018,0.998066871094185,0.980491322249378,1.81152459203987,2.06400380628719
1.13864234089398,2.3256034509395,1,1,1,1,18,1,18cl04,O-M,1,0.219,0.7129,0.997394541251427,0.998916223183431,0.99892331595844,0.999184966050806,0.989980142341822,0.997394541251427,0.998916223183431,0.99892331595844,0.999184966050806,0.989980142341822,1.13864234089398,2.3256034509395
-1.75193355374009,1.1333432522817,0,1,1,1,18,1,18cl04,O-M,1,0.0853,0.0757,0.982677659152067,0.988515629039981,0.988610165090588,0.974897427075005,0.871464932556731,0.982677659152067,0.988515629039981,0.988610165090588,0.974897427075005,0.871464932556731,1.75193355374009,1.1333432522817
-1.34881770641806,1.23904007840384,0,1,1,1,18,1,18cl04,O-M,1,0.0697,0.0005,0.976844833997881,0.985669036497157,0.985769187710987,0.980486817414464,0.892334671966413,0.976844833997881,0.985669036497157,0.985769187710987,0.980486817414464,0.892334671966413,1.34881770641806,1.23904007840384
-0.241551792064067,1.16637351044487,0,1,1,1,18,1,18cl04,O-M,1,0.2506,0.1153,0.939266847523274,0.962458024922641,0.96263287771277,0.97677286796412,0.87826826812725,0.939266847523274,0.962458024922641,0.96263287771277,0.97677286796412,0.87826826812725,0.241551792064067,1.16637351044487
-0.721817033432924,3.16747867100239,0,1,1,1,18,1,18cl04,O-M,1,0.0479,0.073,0.99971721708931,0.999904196970196,0.999904759140425,0.999967288780841,0.999231165054087,0.99971721708931,0.999904196970196,0.999904759140425,0.999967288780841,0.999231165054087,0.721817033432924,3.16747867100239
1.18721203718707,-1.12883306879752,0,0,0,1,18,1,18cl04,O-M,1,0.1644,0.0534,0.27077723248823,0.273357999298575,0.274286772308679,0.380577522996662,0.129484129896195,0.72922276751177,0.726642000701425,0.725713227691321,0.619422477003338,0.870515870103805,1.18721203718707,1.12883306879752
-1.57606577828092,1.1188099386899,0,1,1,1,18,1,18cl04,O-M,1,0.2952,0.1216,0.977900889359544,0.985439048638374,0.985550429967999,0.974032892628956,0.86838938460947,0.977900889359544,0.985439048638374,0.985550429967999,0.974032892628956,0.86838938460947,1.57606577828092,1.1188099386899
-1.61149828754025,2.83611912110946,0,1,1,1,18,1,18cl04,O-M,1,0.1587,0.1331,0.999650449700792,0.999881024624532,0.999881916602629,0.999874377654298,0.997716729489843,0.999650449700792,0.999881024624532,0.999881916602629,0.999874377654298,0.997716729489843,1.61149828754025,2.83611912110946
-0.82831982975831,0.873329060021219,0,1,1,1,18,1,18cl04,O-M,1,0.2073,0.2433,0.933263596728478,0.953893174324535,0.954151708324716,0.955264779505238,0.808758127304033,0.933263596728478,0.953893174324535,0.954151708324716,0.955264779505238,0.808758127304033,0.82831982975831,0.873329060021219
1.12954736525522,1.4834639888113,1,1,1,1,18,1,18cl04,O-M,1,0.1308,0.1839,0.981702324298394,0.989770932618552,0.989837068609404,0.989509680502454,0.93102441133959,0.981702324298394,0.989770932618552,0.989837068609404,0.989509680502454,0.93102441133959,1.12954736525522,1.4834639888113
-1.11372206008913,2.84246093067679,0,1,1,1,18,1,18cl04,O-M,1,0.1802,0.3099,0.999405241363972,0.999789067116133,0.999790436327203,0.999877451631075,0.997761664121425,0.999405241363972,0.999789067116133,0.999790436327203,0.999877451631075,0.997761664121425,1.11372206008913,2.84246093067679
0.332647494573838,-1.01890836963049,0,0,0,1,18,1,18cl04,O-M,1,0.1623,0.3282,0.396566623433921,0.376730549129017,0.378030496001538,0.423072414713101,0.154123234930948,0.603433376566079,0.623269450870983,0.621969503998462,0.576927585286899,0.845876765069052,0.332647494573838,1.01890836963049
-1.03027250062587,0.0533859313786751,1,0,0,1,18,1,18cl04,O-M,1,0.1142,0.4224,0.596410815717589,0.660711715202798,0.661500839412513,0.779789587387952,0.478712207180601,0.403589184282411,0.339288284797202,0.338499160587487,0.220210412612048,0.521287792819399,1.03027250062587,0.0533859313786751
0.839771335875902,2.78670585489736,1,1,1,1,18,1,18cl04,O-M,1,0.185,0.2523,0.999103833310026,0.999668268105198,0.999670266321491,0.999847828226168,0.997337660661878,0.999103833310026,0.999668268105198,0.999670266321491,0.999847828226168,0.997337660661878,0.839771335875902,2.78670585489736
-0.321717054768883,1.00122221962902,0,1,1,1,18,1,18cl04,O-M,1,0.1526,0.281,0.923997717649085,0.950525215288005,0.950757956359218,0.966081716997009,0.84164030670729,0.923997717649085,0.950525215288005,0.950757956359218,0.966081716997009,0.84164030670729,0.321717054768883,1.00122221962902
0.319510307540076,1.28079032472209,1,1,1,1,18,1,18cl04,O-M,1,0.267,0.1178,0.952119369742509,0.971438569791173,0.971576587579526,0.982383009742808,0.899866338330842,0.952119369742509,0.971438569791173,0.971576587579526,0.982383009742808,0.899866338330842,0.319510307540076,1.28079032472209
-0.611256235824273,1.06490455736761,0,1,1,1,18,1,18cl04,O-M,1,0.3481,0.3421,0.942099028611439,0.962880527839422,0.963075280729877,0.970605854963737,0.856540438755345,0.942099028611439,0.962880527839422,0.963075280729877,0.970605854963737,0.856540438755345,0.611256235824273,1.06490455736761
1.09683071677691,2.24500962102136,1,1,1,1,18,1,18cl04,O-M,1,0.1841,0.1941,0.996648652582168,0.998565393046134,0.998574659257002,0.9989292700574,0.987616242533394,0.996648652582168,0.998565393046134,0.998574659257002,0.9989292700574,0.987616242533394,1.09683071677691,2.24500962102136
1.33579488572997,2.77798586674228,1,1,1,1,18,1,18cl04,O-M,1,0.1122,0.1372,0.99941968461462,0.999794217325876,0.999795640994675,0.999842629185113,0.997265150135757,0.99941968461462,0.999794217325876,0.999795640994675,0.999842629185113,0.997265150135757,1.33579488572997,2.77798586674228
-0.339480679063332,-0.694947597566116,1,1,0,0,18,1,18cl04,O-M,1,0.1978,0.2955,0.479817239308113,0.487603256384433,0.488839501203744,0.551685580382892,0.243544071110061,0.520182760691887,0.512396743615567,0.511160498796255,0.448314419617108,0.756455928889939,0.339480679063332,0.694947597566116
0.607154702004058,1.12065963314704,1,0,1,0,18,1,18cl04,O-M,1,0.1998,0.5981,0.94697315229842,0.966639951436483,0.96681550363778,0.97414428916453,0.868783614514218,0.94697315229842,0.966639951436483,0.96681550363778,0.97414428916453,0.868783614514218,0.607154702004058,1.12065963314704
-0.810761474011264,0.0692404552969969,1,1,0,0,18,1,18cl04,O-M,1,0.2164,0.424,0.6090960442087,0.668486006464233,0.669316132906226,0.775063945197642,0.47239911084525,0.3909039557913,0.331513993535767,0.330683867093774,0.224936054802358,0.52760088915475,0.810761474011264,0.0692404552969969
1.08094608918561,2.4291863405392,1,1,1,1,18,1,18cl04,O-M,1,0.3033,0.2929,0.997924171670336,0.999162017558305,0.999167408042025,0.999431148851087,0.992433623759397,0.997924171670336,0.999162017558305,0.999167408042025,0.999431148851087,0.992433623759397,1.08094608918561,2.4291863405392
1.33093160014536,1.5027536595786,1,1,1,1,18,1,18cl04,O-M,1,0.2252,0.1499,0.985587640485244,0.99196264634945,0.992018606551343,0.990033917764902,0.933548710098714,0.985587640485244,0.99196264634945,0.992018606551343,0.990033917764902,0.933548710098714,1.33093160014536,1.5027536595786
-0.639993832460626,-0.219576122081766,1,0,0,1,18,1,18cl04,O-M,1,0.1646,0.4704,0.579295892615424,0.62904386316598,0.629985727629954,0.727507697823675,0.413100644697894,0.420704107384576,0.37095613683402,0.370014272370046,0.272492302176325,0.586899355302106,0.639993832460626,0.219576122081766
0.821360326162722,2.97405347919886,1,1,1,1,18,1,18cl04,O-M,1,0.3237,0.209,0.999498345012752,0.999823293060362,0.999824354215832,0.999927336647813,0.998530530756104,0.999498345012752,0.999823293060362,0.999824354215832,0.999927336647813,0.998530530756104,0.821360326162722,2.97405347919886
-0.953028367249474,2.9315105066847,0,1,1,1,18,1,18cl04,O-M,1,0.5069,0.538,0.999482589435884,0.999818225477568,0.99981935503585,0.999913805294143,0.998313410220981,0.999482589435884,0.999818225477568,0.99981935503585,0.999913805294143,0.998313410220981,0.953028367249474,2.9315105066847
1.24516092710762,2.07748015161776,1,1,1,1,18,1,18cl04,O-M,1,0.2052,0.3595,0.995572430656462,0.998005068312104,0.998018571956657,0.998148120860069,0.981121367350011,0.995572430656462,0.998005068312104,0.998018571956657,0.998148120860069,0.981121367350011,1.24516092710762,2.07748015161776
-0.578665906452057,2.46697295587787,0,1,1,1,18,1,18cl04,O-M,1,0.756,0.3093,0.997230907231637,0.998851773743603,0.998858179857091,0.999502331842603,0.993186967579913,0.997230907231637,0.998851773743603,0.998858179857091,0.999502331842603,0.993186967579913,0.578665906452057,2.46697295587787
-0.0006612567430749,2.63344545702025,1,1,1,1,18,1,18cl04,O-M,1,0.2667,0.1488,0.997656129135028,0.999016354338029,0.999021122810593,0.99972821644096,0.995773829488567,0.997656129135028,0.999016354338029,0.999021122810593,0.99972821644096,0.995773829488567,0.0006612567430749,2.63344545702025
0.50865737902737,2.91724143515821,1,1,1,1,18,1,18cl04,O-M,1,0.2077,0.0005,0.999249978498831,0.999722229216014,0.999723769297967,0.999908759252864,0.998234288474001,0.999249978498831,0.999722229216014,0.999723769297967,0.999908759252864,0.998234288474001,0.50865737902737,2.91724143515821
0.182627766199117,2.54915223818784,1,1,1,1,18,1,18cl04,O-M,1,0.2024,2.7547,0.997247756949598,0.998842234109821,0.998848077734355,0.999629606351609,0.994600742513879,0.997247756949598,0.998842234109821,0.998848077734355,0.999629606351609,0.994600742513879,0.182627766199117,2.54915223818784
-0.0171459000883238,2.23153327569079,1,1,1,1,18,1,18cl04,O-M,1,0.1873,0.0005,0.992935137310276,0.99673132844292,0.996746871468848,0.998879946475103,0.987177087061233,0.992935137310276,0.99673132844292,0.996746871468848,0.998879946475103,0.987177087061233,0.0171459000883238,2.23153327569079
0.0112127392297479,2.84193244654618,1,1,1,1,18,1,18cl04,O-M,1,0.284,0.1323,0.998762464137023,0.999506027782769,0.999508453304189,0.999877198186453,0.997757950404215,0.998762464137023,0.999506027782769,0.999508453304189,0.999877198186453,0.997757950404215,0.0112127392297479,2.84193244654618
1.17044317585311,1.62086986277009,1,1,1,1,18,1,18cl04,O-M,1,0.3011,0.0005,0.986640200155295,0.992897252174886,0.992943974879584,0.99277221127803,0.9474772242822,0.986640200155295,0.992897252174886,0.992943974879584,0.99277221127803,0.9474772242822,1.17044317585311,1.62086986277009
-0.980913309919694,0.444728430095919,1,0,0,1,18,1,18cl04,O-M,1,0.2894,0.0828,0.4770458333869,0.524065912381042,0.52503255648103,0.6480793570855,0.32825801057855,0.5229541666131,0.475934087618958,0.47496744351897,0.3519206429145,0.67174198942145,0.980913309919694,0.444728430095919
0.0521717093806822,-0.0858696370372518,0,1,0,0,18,1,18cl04,O-M,1,0.532,0.175,0.681954761928106,0.719700897396727,0.720644416267794,0.770046220365045,0.465785024233765,0.318045238071894,0.280299102603273,0.279355583732206,0.229953779634955,0.534214975766235,0.0521717093806822,0.0858696370372518
0.249813740752789,0.855889083711065,1,1,1,1,18,1,18cl04,O-M,1,0.5291,0.0566,0.902005013711418,0.933323252970933,0.93362393136737,0.953595015276822,0.803970433169568,0.902005013711418,0.933323252970933,0.93362393136737,0.953595015276822,0.803970433169568,0.249813740752789,0.855889083711065
-1.25736267360611,2.34119373279252,0,1,1,1,18,1,18cl04,O-M,1,0.4358,0.1496,0.997779073424183,0.999086685114071,0.999092885746429,0.999227411903709,0.990388905137494,0.997779073424183,0.999086685114071,0.999092885746429,0.999227411903709,0.990388905137494,1.25736267360611,2.34119373279252
0.0833251589210805,-0.457393980856593,0,0,0,1,18,1,18cl04,O-M,1,0.1762,0.0127,0.579686310704246,0.596939318969914,0.598138436658477,0.643367531360709,0.323693944972887,0.420313689295754,0.403060681030086,0.401861563341523,0.356632468639291,0.676306055027113,0.0833251589210805,0.457393980856593
-1.49192146373414,0.0827168006275705,1,0,0,1,18,1,18cl04,O-M,1,0.0904,0.2336,0.555666269424948,0.626602727807671,0.627336945050065,0.77100234953951,0.467038362841947,0.444333730575052,0.373397272192329,0.372663054949935,0.22899765046049,0.532961637158053,1.49192146373414,0.0827168006275705
1.24400826526452,0.76498981324602,1,1,1,1,18,1,18cl04,O-M,1,0.4638,0.7488,0.94518176869978,0.959471451277253,0.95973886458518,0.944066650849637,0.777861194721398,0.94518176869978,0.959471451277253,0.95973886458518,0.944066650849637,0.777861194721398,1.24400826526452,0.76498981324602
0.150416394145182,-1.32727885984185,0,0,0,1,18,1,18cl04,O-M,1,0.5938,0.3336,0.347871809646133,0.299077762534628,0.300450393151884,0.307689521007136,0.0922082271186704,0.652128190353867,0.700922237465372,0.699549606848116,0.692310478992864,0.90779177288133,0.150416394145182,1.32727885984185
-0.906100819335605,-0.474041230970831,1,1,0,0,18,1,18cl04,O-M,1,0.5467,0.167,0.475429732706874,0.518602025896687,0.519596722260044,0.637141110324113,0.317735252790911,0.524570267293126,0.481397974103313,0.480403277739956,0.362858889675887,0.682264747209089,0.906100819335605,0.474041230970831
0.985338315760814,0.775295253792929,1,1,1,1,18,1,18cl04,O-M,1,0.2155,0.2321,0.932046583871208,0.950905358932355,0.9511964047918,0.945218893100562,0.780917393362533,0.932046583871208,0.950905358932355,0.9511964047918,0.945218893100562,0.780917393362533,0.985338315760814,0.775295253792929
-1.52182751210187,2.74759802923217,0,1,1,1,18,1,18cl04,O-M,1,0.2472,0.1584,0.999485747699496,0.999818488976067,0.999819816774203,0.999823182796392,0.996998322016305,0.999485747699496,0.999818488976067,0.999819816774203,0.999823182796392,0.996998322016305,1.52182751210187,2.74759802923217
1.25784020738179,2.7983325057708,1,1,1,1,18,1,18cl04,O-M,1,0.109,0.0038,0.999408090126382,0.999790046144224,0.999791465957405,0.999854510358759,0.997431639844975,0.999408090126382,0.999790046144224,0.999791465957405,0.999854510358759,0.997431639844975,1.25784020738179,2.7983325057708
-1.8137825460613,-0.467699421403503,1,1,0,0,18,1,18cl04,O-M,1,0.3218,0.0567,0.406372651514641,0.468475179988969,0.469261313536624,0.63951746275738,0.319999777462674,0.593627348485359,0.531524820011031,0.530738686463376,0.36048253724262,0.680000222537326,1.8137825460613,0.467699421403503
-0.122764462671053,1.98023907158539,1,1,1,1,18,1,18cl04,O-M,1,0.2057,0.1649,0.987474844522871,0.993857289506018,0.993886838524757,0.997485012166356,0.976161664272624,0.987474844522871,0.993857289506018,0.993886838524757,0.997485012166356,0.976161664272624,0.122764462671053,1.98023907158539
-0.175629008571333,1.04033004529421,1,1,1,1,18,1,18cl04,O-M,1,0.2752,0.1631,0.922987146186575,0.950531222281843,0.950753498601821,0.968923225132412,0.850906705044281,0.922987146186575,0.950531222281843,0.950753498601821,0.968923225132412,0.850906705044281,0.175629008571333,1.04033004529421
-1.72308542788591,-1.09659553683027,1,0,0,1,18,1,18cl04,O-M,1,0.6227,0.2308,0.23564451973667,0.255270199202172,0.25603882526925,0.392916036794676,0.136409119700972,0.76435548026333,0.744729800797828,0.74396117473075,0.607083963205324,0.863590880299028,1.72308542788591,1.09659553683027
-1.25981010628668,-1.11562096553225,1,0,0,1,18,1,18cl04,O-M,1,0.2646,0.3276,0.267258841836755,0.273079709021691,0.27398618423571,0.385620402148234,0.1322922069817,0.732741158163245,0.726920290978309,0.72601381576429,0.614379597851766,0.8677077930183,1.25981010628668,1.11562096553225
1.36244821711577,2.46168811457176,1,1,1,1,18,1,18cl04,O-M,1,0.1881,0.4047,0.998572820367574,0.999439668049765,0.999443593977031,0.999492898458283,0.993085757055511,0.998572820367574,0.999439668049765,0.999443593977031,0.999492898458283,0.993085757055511,1.36244821711577,2.46168811457176
-1.05779427586607,-0.228824594367454,1,0,0,1,18,1,18cl04,O-M,1,0.2058,0.4236,0.537960263685461,0.597592996823146,0.598460944840067,0.724427122623324,0.409502625175976,0.462039736314539,0.402407003176854,0.401539055159933,0.275572877376676,0.590497374824024,1.05779427586607,0.228824594367454
-1.02754084995659,1.14655535554697,0,1,1,1,18,1,18cl04,O-M,1,0.2597,0.262,0.963038241519504,0.976658746846001,0.976802426471729,0.97566230477918,0.874217281644449,0.963038241519504,0.976658746846001,0.976802426471729,0.97566230477918,0.874217281644449,1.02754084995659,1.14655535554697
-0.556023206684732,2.65220664365693,0,1,1,1,18,1,18cl04,O-M,1,0.1345,0.3079,0.99835139389264,0.999348883670822,0.999352513202871,0.999746542336967,0.996001620807081,0.99835139389264,0.999348883670822,0.999352513202871,0.999746542336967,0.996001620807081,0.556023206684732,2.65220664365693
-0.360591759669269,1.92606944819779,0,1,1,1,18,1,18cl04,O-M,1,0.3342,0.1044,0.987425971848339,0.993826832757907,0.993858490589465,0.997028756983509,0.9729521485807,0.987425971848339,0.993826832757907,0.993858490589465,0.997028756983509,0.9729521485807,0.360591759669269,1.92606944819779
0.429439509618258,2.04233595693215,1,1,1,1,18,1,18cl04,O-M,1,0.2558,0.1832,0.990818223654955,0.995658108285048,0.995680963037805,0.997929424462885,0.979440891149681,0.990818223654955,0.995658108285048,0.995680963037805,0.997929424462885,0.979440891149681,0.429439509618258,2.04233595693215
-0.913474697153834,2.58350370667753,0,1,1,1,18,1,18cl04,O-M,1,0.2906,0.0007,0.998448101283019,0.99939496683615,0.999398678230409,0.999673241816071,0.995109879191786,0.998448101283019,0.99939496683615,0.999398678230409,0.999673241816071,0.995109879191786,0.913474697153834,2.58350370667753
1.15046896720201,0.774502527597013,1,1,1,1,18,1,18cl04,O-M,1,0.2304,0.1697,0.941003334655208,0.956853314089466,0.9571271437116,0.94513093054644,0.780683162974163,0.941003334655208,0.956853314089466,0.9571271437116,0.94513093054644,0.780683162974163,1.15046896720201,0.774502527597013
-1.72231172336108,2.54783102786131,0,1,1,1,18,1,18cl04,O-M,1,0.1786,0.2312,0.999282066624171,0.999731488000228,0.999733592213373,0.999627824619968,0.994580252030066,0.999282066624171,0.999731488000228,0.999733592213373,0.999627824619968,0.994580252030066,1.72231172336108,2.54783102786131
0.964132495825308,1.95883546429565,1,1,1,1,18,1,18cl04,O-M,1,0.247,0.427,0.99234962292889,0.996379281560028,0.996401633466222,0.997312898727479,0.974933970572574,0.99234962292889,0.996379281560028,0.996401633466222,0.997312898727479,0.974933970572574,0.964132495825308,1.95883546429565
-0.895221586323271,-0.591100465901108,1,0,0,1,18,1,18cl04,O-M,1,0.2735,0.2001,0.441808833282942,0.476689235076884,0.47771974073649,0.592417548606375,0.277226553862065,0.558191166717058,0.523310764923116,0.522280259263511,0.407582451393625,0.722773446137935,0.895221586323271,0.591100465901108
0.600096621951064,2.55496556362456,1,1,1,1,18,1,18cl04,O-M,1,0.1743,0.1284,0.997872618298029,0.999140766157608,0.999145599588341,0.999637352255058,0.994690084805245,0.997872618298029,0.999140766157608,0.999145599588341,0.999637352255058,0.994690084805245,0.600096621951064,2.55496556362456
0.387233138294647,2.89028874449706,1,1,1,1,18,1,18cl04,O-M,1,0.1996,0.2358,0.99912083958589,0.999667644844399,0.999669432213607,0.999898461400484,0.99807555937616,0.99912083958589,0.999667644844399,0.999669432213607,0.999898461400484,0.99807555937616,0.387233138294647,2.89028874449706
0.293314882913862,2.87073483166447,1,1,1,1,18,1,18cl04,O-M,1,0.2493,0.3621,0.999014509953501,0.999621642997681,0.99962363080791,0.999890317472425,0.997952405533285,0.999014509953501,0.999621642997681,0.99962363080791,0.999890317472425,0.997952405533285,0.293314882913862,2.87073483166447
0.622249835182274,1.03213854126974,1,1,1,1,18,1,18cl04,O-M,1,0.1523,0.2365,0.939438254981407,0.960731553993402,0.960937851381442,0.968344938899362,0.848996389489456,0.939438254981407,0.960731553993402,0.960937851381442,0.968344938899362,0.848996389489456,0.622249835182274,1.03213854126974
0.778190771655145,1.37248232138305,1,1,1,1,18,1,18cl04,O-M,1,0.2934,0.0729,0.969694886115875,0.982456975189814,0.982556671991032,0.986002307221422,0.915043330693976,0.969694886115875,0.982456975189814,0.982556671991032,0.986002307221422,0.915043330693976,0.778190771655145,1.37248232138305
0.168890563411409,2.94551533614588,1,1,1,1,18,1,18cl04,O-M,1,0.1575,0.2486,0.999172989469829,0.99968360442916,0.999685222870263,0.999918501739372,0.998387914180784,0.999172989469829,0.99968360442916,0.999685222870263,0.999918501739372,0.998387914180784,0.168890563411409,2.94551533614588
-0.3105693936561,-1.46098534488637,1,0,0,1,18,1,18cl04,O-M,1,0.198,0.2781,0.295358606297291,0.245011599558306,0.246250133571207,0.26235020248883,0.0720097316521986,0.704641393702709,0.754988400441694,0.753749866428793,0.73764979751117,0.927990268347801,0.3105693936561,1.46098534488637
0.98274877408589,1.71124064910453,1,1,1,1,18,1,18cl04,O-M,1,0.2099,0.3416,0.986889657519082,0.993251299339115,0.993292983705302,0.994395413839767,0.956481651195139,0.986889657519082,0.993251299339115,0.993292983705302,0.994395413839767,0.956481651195139,0.98274877408589,1.71124064910453
-1.28382652633277,-0.284843912212191,1,0,0,1,18,1,18cl04,O-M,1,0.1309,0.3128,0.501990607645294,0.563914583414401,0.564761356012942,0.70541003502541,0.387881864034218,0.498009392354706,0.436085416585599,0.435238643987058,0.29458996497459,0.612118135965782,1.28382652633277,0.284843912212191
0.934526455334559,3.10009694434952,1,1,1,1,18,1,18cl04,O-M,1,0.1842,0.1011,0.999698660746801,0.99989873258548,0.999899359091115,0.999956628943721,0.999032713438846,0.999698660746801,0.99989873258548,0.999899359091115,0.999956628943721,0.999032713438846,0.934526455334559,3.10009694434952
0.0612351052429166,2.11077465184624,1,1,1,1,18,1,18cl04,O-M,1,0.1834,0.1313,0.990599557373449,0.995528300988329,0.995549642712343,0.998335716188301,0.982604157063081,0.990599557373449,0.995528300988329,0.995549642712343,0.998335716188301,0.982604157063081,0.0612351052429166,2.11077465184624
-0.14935463450381,1.29188849146492,1,1,1,1,18,1,18cl04,O-M,1,0.1321,0.23,0.948816456444838,0.969507725121746,0.96964731221385,0.982859770382818,0.901802118099493,0.948816456444838,0.969507725121746,0.96964731221385,0.982859770382818,0.901802118099493,0.14935463450381,1.29188849146492
0.987012043916558,2.33458768115988,1,1,1,1,18,1,18cl04,O-M,1,0.1327,0.1647,0.997079869928205,0.998778069704351,0.998785708238386,0.999209681237599,0.990217514645845,0.997079869928205,0.998778069704351,0.998785708238386,0.999209681237599,0.990217514645845,0.987012043916558,2.33458768115988
0.998822880336334,2.26112838700499,1,1,1,1,18,1,18cl04,O-M,1,0.1843,0.1535,0.996489873718798,0.998497522400845,0.998506941049339,0.99898564599151,0.988124345992872,0.996489873718798,0.998497522400845,0.998506941049339,0.99898564599151,0.988124345992872,0.998822880336334,2.26112838700499
-0.676894801328295,-0.900263682308383,1,0,0,1,18,1,18cl04,O-M,1,0.3329,0.294,0.381479459446072,0.384517572372623,0.385665380088079,0.469950230334376,0.183989971699206,0.618520540553928,0.615482427627377,0.614334619911921,0.530049769665623,0.816010028300794,0.676894801328295,0.900263682308383
-0.791971506979802,1.5867826363457,0,1,1,1,18,1,18cl04,O-M,1,0.3888,0.3271,0.980200327936749,0.989344766641958,0.989406231768982,0.992059770354815,0.943719058620608,0.980200327936749,0.989344766641958,0.989406231768982,0.992059770354815,0.943719058620608,0.791971506979802,1.5867826363457
-0.809277224514661,0.0626344036643628,1,1,0,0,18,1,18cl04,O-M,1,0.2199,0.0573,0.611260701827882,0.670787002848713,0.671613650299326,0.777039913372192,0.475028816514325,0.388739298172118,0.329212997151287,0.328386349700674,0.222960086627808,0.524971183485675,0.809277224514661,0.0626344036643628
-1.08255282066047,2.61547699657948,0,1,1,1,18,1,18cl04,O-M,1,0.5257,0.4673,0.998780461874072,0.999535561715331,0.999538551516035,0.999709514209311,0.995544853851883,0.998780461874072,0.999535561715331,0.999538551516035,0.999709514209311,0.995544853851883,1.08255282066047,2.61547699657948
0.786354143886461,1.33178904332603,1,1,1,1,18,1,18cl04,O-M,1,0.3593,0.024,0.967543790610931,0.980944848615117,0.981053213227884,0.984483829566596,0.908535240318868,0.967543790610931,0.980944848615117,0.981053213227884,0.984483829566596,0.908535240318868,0.786354143886461,1.33178904332603
-0.391729419321405,1.85604530089187,0,1,1,1,18,1,18cl04,O-M,1,0.3098,0.1472,0.985504855889058,0.992748487024912,0.992785865484465,0.996328931027014,0.968276449344322,0.985504855889058,0.992748487024912,0.992785865484465,0.996328931027014,0.968276449344322,0.391729419321405,1.85604530089187
-0.0669314177775665,1.06041244225742,1,1,1,1,18,1,18cl04,O-M,1,0.2318,0.2891,0.921528878971517,0.949897816208605,0.950115422292497,0.970304055407592,0.855521497917016,0.921528878971517,0.949897816208605,0.950115422292497,0.970304055407592,0.855521497917016,0.0669314177775665,1.06041244225742
-1.53839110488842,0.796170376952053,0,1,1,1,18,1,18cl04,O-M,1,0.2359,0.0122,0.9614003273821,0.971124607494687,0.971341120398399,0.947495372075434,0.787033493502496,0.9614003273821,0.971124607494687,0.971341120398399,0.947495372075434,0.787033493502496,1.53839110488842,0.796170376952053
-1.17424470179635,1.78311449086759,0,1,1,1,18,1,18cl04,O-M,1,0.2192,0.0006,0.990579521821781,0.995279677158293,0.995310835061241,0.995446128820278,0.962716165982761,0.990579521821781,0.995279677158293,0.995310835061241,0.995446128820278,0.962716165982761,1.17424470179635,1.78311449086759
1.09051476147222,1.59814504515383,1,1,1,1,18,1,18cl04,O-M,1,0.1621,0.0006,0.984909793365225,0.991915323454691,0.991967006432484,0.992303828110181,0.944994649646352,0.984909793365225,0.991915323454691,0.991967006432484,0.992303828110181,0.944994649646352,1.09051476147222,1.59814504515383
0.361511410316285,3.18676834176968,1,1,1,1,18,1,18cl04,O-M,1,0.3305,0.0173,0.999666597001451,0.999882313285658,0.999882947519806,0.999969850422785,0.999280640208092,0.999666597001451,0.999882313285658,0.999882947519806,0.999969850422785,0.999280640208092,0.361511410316285,3.18676834176968
-0.475005290013783,0.65215845136063,1,1,0,0,18,1,18cl04,O-M,1,0.3015,0.0006,0.473415636652733,0.489669397740542,0.490845935165777,0.568560410781912,0.257149480016272,0.526584363347267,0.510330602259458,0.509154064834223,0.431439589218088,0.742850519983728,0.475005290013783,0.65215845136063
0.30733630369028,1.04059428735951,1,1,1,1,18,1,18cl04,O-M,1,0.3176,0.194,0.927983778904901,0.953704172036871,0.953921787509868,0.968941733027987,0.85096805818138,0.927983778904901,0.953704172036871,0.953921787509868,0.968941733027987,0.85096805818138,0.30733630369028,1.04059428735951
-1.43045142873122,3.08979150380261,0,1,1,1,18,1,18cl04,O-M,1,0.132,0.0396,0.999809033786543,0.999939082715172,0.99993951314128,0.999954734196288,0.99899851476743,0.999809033786543,0.999939082715172,0.99993951314128,0.999954734196288,0.99899851476743,1.43045142873122,3.08979150380261
-0.233088411955778,2.78591312870144,0,1,1,1,18,1,18cl04,O-M,1,0.1682,0.0006,0.998674123753043,0.999476796762849,0.999479497591269,0.999847362316887,0.997331141282151,0.998674123753043,0.999476796762849,0.999479497591269,0.999847362316887,0.997331141282151,0.233088411955778,2.78591312870144
-0.391476781109217,2.11315283043399,0,1,1,1,18,1,18cl04,O-M,1,0.2516,0.1152,0.992106349572841,0.996333257961189,0.996352417863472,0.998348429644937,0.98270615545368,0.992106349572841,0.996333257961189,0.996352417863472,0.998348429644937,0.98270615545368,0.391476781109217,2.11315283043399
-0.745486075937261,3.13154175012086,0,1,1,1,18,1,18cl04,O-M,1,0.117,0.1223,0.999685688439432,0.99989284348205,0.999893475707549,0.999961957806468,0.999130544701462,0.999685688439432,0.99989284348205,0.999893475707549,0.999961957806468,0.999130544701462,0.745486075937261,3.13154175012086
0.34998479188522,-0.870140086863572,0,0,0,1,18,1,18cl04,O-M,1,0.0743,0.3922,0.432016162212468,0.42532796756845,0.426604708739039,0.481945501660563,0.192111926480991,0.567983837787532,0.57467203243155,0.573395291260961,0.518054498339437,0.807888073519009,0.34998479188522,0.870140086863572
1.41646542485916,2.26852716483354,1,1,1,1,18,1,18cl04,O-M,1,0.1608,0.0006,0.997733220397519,0.999050651399351,0.999057436664619,0.999010600109903,0.98835145237822,0.997733220397519,0.999050651399351,0.999057436664619,0.999010600109903,0.98835145237822,1.41646542485916,2.26852716483354
-0.255920590382243,0.476701719997868,1,1,0,0,18,1,18cl04,O-M,1,0.2755,0.2267,0.550699607588597,0.572696136828183,0.573862526589594,0.636142612195681,0.316787268957929,0.449300392411403,0.427303863171817,0.426137473410406,0.363857387804319,0.683212731042071,0.255920590382243,0.476701719997868
-1.81420887304437,2.54360315481642,0,1,1,1,18,1,18cl04,O-M,1,0.0944,0.2429,0.9993610045746,0.999761569666501,0.999763495355284,0.999622069446551,0.99451421721437,0.9993610045746,0.999761569666501,0.999763495355284,0.999622069446551,0.99451421721437,1.81420887304437,2.54360315481642
-1.58429231006528,2.97537468952539,0,1,1,1,18,1,18cl04,O-M,1,0.1746,0.1025,0.999768240167062,0.999924489618908,0.999925048803451,0.999927722983451,0.998536845603596,0.999768240167062,0.999924489618908,0.999925048803451,0.999927722983451,0.998536845603596,1.58429231006528,2.97537468952539
0.61601282931889,2.79991795816263,1,1,1,1,18,1,18cl04,O-M,1,0.1764,0.1971,0.998987340370866,0.99961785677614,0.999620027935658,0.999855399963303,0.997444220196787,0.998987340370866,0.99961785677614,0.999620027935658,0.999855399963303,0.997444220196787,0.61601282931889,2.79991795816263
-0.596966386947405,2.17947758882563,0,1,1,1,18,1,18cl04,O-M,1,0.1778,0.1147,0.994112438426671,0.997352626833825,0.997367335280822,0.998669239018673,0.985351896116924,0.994112438426671,0.997352626833825,0.997367335280822,0.998669239018673,0.985351896116924,0.596966386947405,2.17947758882563
0.378027633438057,-0.381028023983343,0,0,0,1,18,1,18cl04,O-M,1,0.1842,0.1674,0.561677237452579,0.594492492675932,0.595577139939434,0.671421115370758,0.351591227070907,0.438322762547421,0.405507507324068,0.404422860060566,0.328578884629242,0.648408772929093,0.378027633438057,0.381028023983343
0.829981605153628,2.95027169332138,1,1,1,1,18,1,18cl04,O-M,1,0.16,0.1109,0.999461670030196,0.999809331365772,0.999810478682168,0.999920041218126,0.998412527014027,0.999461670030196,0.999809331365772,0.999810478682168,0.999920041218126,0.998412527014027,0.829981605153628,2.95027169332138
0.045097839439426,-1.49639378163728,0,0,0,1,18,1,18cl04,O-M,1,0.1884,0.1885,0.323074901194569,0.262488379408137,0.263884462300367,0.25094304710657,0.0672755345289372,0.676925098805431,0.737511620591863,0.736115537699633,0.74905695289343,0.932724465471063,0.045097839439426,1.49639378163728
1.51537328493065,2.35467007812309,1,1,1,1,18,1,18cl04,O-M,1,0.1897,0.0605,0.998394999276837,0.999350599635041,0.999355385077778,0.999262451874269,0.990730421205324,0.998394999276837,0.999350599635041,0.999355385077778,0.999262451874269,0.990730421205324,1.51537328493065,2.35467007812309
-0.475052659678568,1.54688208448459,0,1,1,1,18,1,18cl04,O-M,1,0.2838,0.2436,0.973420861405169,0.98543813582137,0.985513692158714,0.991147986497066,0.939054159065097,0.973420861405169,0.98543813582137,0.985513692158714,0.991147986497066,0.939054159065097,0.475052659678568,1.54688208448459
-0.860846999577479,0.803040670649993,0,0,1,0,18,1,18cl04,O-M,1,0.2639,0.2141,0.927913667653745,0.948846512026537,0.949135502275319,0.948227949148307,0.78902438617401,0.927913667653745,0.948846512026537,0.949135502275319,0.948227949148307,0.78902438617401,0.860846999577479,0.803040670649993
1.05719809723996,2.05898320704639,1,1,1,1,18,1,18cl04,O-M,1,0.1472,0.0005,0.994450038621453,0.997468119671552,0.997484246329495,0.998035782832353,0.980252076391528,0.994450038621453,0.997468119671552,0.997484246329495,0.998035782832353,0.980252076391528,1.05719809723996,2.05898320704639
0.854471721847575,2.47912809088192,1,1,1,1,18,1,18cl04,O-M,1,0.2027,0.0211,0.997807251467938,0.999114017260696,0.999119355418429,0.999523415403205,0.993414800034149,0.997807251467938,0.999114017260696,0.999119355418429,0.999523415403205,0.993414800034149,0.854471721847575,2.47912809088192
0.121378789631856,2.02621719094852,1,1,1,1,18,1,18cl04,O-M,1,0.333,0.0837,0.988765479129305,0.994557688973883,0.994583940098928,0.997821490162281,0.978628733629707,0.988765479129305,0.994557688973883,0.994583940098928,0.997821490162281,0.978628733629707,0.121378789631856,2.02621719094852
-1.33125935067102,2.01855417105467,0,1,1,1,18,1,18cl04,O-M,1,0.2132,0.0068,0.995332174918985,0.997856312111594,0.997871245783746,0.997768409563288,0.978233210790585,0.995332174918985,0.997856312111594,0.997871245783746,0.997768409563288,0.978233210790585,1.33125935067102,2.01855417105467
-0.402513913004169,0.874386028282441,0,1,1,1,18,1,18cl04,O-M,1,0.1658,0.0394,0.91204862913939,0.940285664969185,0.940570815862783,0.955364401808381,0.809045968207866,0.91204862913939,0.940285664969185,0.940570815862783,0.955364401808381,0.809045968207866,0.402513913004169,0.874386028282441
-0.0913425850302051,-1.27152378406242,0,0,0,1,18,1,18cl04,O-M,1,0.1923,0.2789,0.369809969763983,0.322424173589652,0.323841345898035,0.327562062679388,0.101771185818423,0.630190030236017,0.677575826410348,0.676158654101965,0.672437937320612,0.898228814181577,0.0913425850302051,1.27152378406242
-1.15196516945904,2.51902864274303,0,1,1,1,18,1,18cl04,O-M,1,0.1344,0.0006,0.998490981035538,0.999410814155868,0.999414685117948,0.999586948517012,0.994116045829299,0.998490981035538,0.999410814155868,0.999414685117948,0.999586948517012,0.994116045829299,1.15196516945904,2.51902864274303
0.73977397351435,-0.962889051785755,0,0,0,1,18,1,18cl04,O-M,1,0.361,0.1498,0.357919788710589,0.358086575207911,0.359209706762126,0.445112171151447,0.167801602193924,0.642080211289411,0.641913424792089,0.640790293237874,0.554887828848553,0.832198397806076,0.73977397351435,0.962889051785755
1.26714045156796,1.19702559002029,1,1,1,1,18,1,18cl04,O-M,1,0.2346,0.1752,0.972887433835151,0.983013377778158,0.98312825869689,0.97840636370687,0.884351709673099,0.972887433835151,0.983013377778158,0.98312825869689,0.97840636370687,0.884351709673099,1.26714045156796,1.19702559002029
-1.3052691945922,3.05755397183536,0,1,1,1,18,1,18cl04,O-M,1,0.1667,0.1441,0.999755523275262,0.999920214765516,0.999920759617624,0.999948289547647,0.998884242740407,0.999755523275262,0.999920214765516,0.999920759617624,0.999948289547647,0.998884242740407,1.3052691945922,3.05755397183536
1.22098660817891,2.67598842953441,1,1,1,1,18,1,18cl04,O-M,1,0.2539,0.1739,0.99910808784235,0.999670315657685,0.999672524196883,0.999768117812271,0.996274539131485,0.99910808784235,0.999670315657685,0.999672524196883,0.999768117812271,0.996274539131485,1.22098660817891,2.67598842953441
0.271382728118315,-1.04691802855286,0,0,0,1,18,1,18cl04,O-M,1,0.3636,0.1027,0.398311634732752,0.373864130223912,0.375194338300414,0.412137746076323,0.147568693044871,0.601688365267248,0.626135869776088,0.624805661699586,0.587862253923677,0.852431306955129,0.271382728118315,1.04691802855286
1.28071975547305,0.856417567841676,1,1,1,1,18,1,18cl04,O-M,1,0.1167,0.1283,0.953712449082389,0.966861444373782,0.967084395183444,0.953646339186567,0.804116574618749,0.953712449082389,0.966861444373782,0.967084395183444,0.953646339186567,0.804116574618749,1.28071975547305,0.856417567841676
0.897704435908199,2.26297808146213,1,1,1,1,18,1,18cl04,O-M,1,0.1729,0.0826,0.996195762719449,0.998363056436988,0.998373010774095,0.998991938091513,0.988181479764138,0.996195762719449,0.998363056436988,0.998373010774095,0.998991938091513,0.988181479764138,0.897704435908199,2.26297808146213
0.53098428102946,1.40604106367683,1,1,1,1,18,1,18cl04,O-M,1,0.165,0.1467,0.966294942602065,0.980705784746262,0.98080677914294,0.987156446954635,0.920144034258815,0.966294942602065,0.980705784746262,0.98080677914294,0.987156446954635,0.920144034258815,0.53098428102946,1.40604106367683
1.11269955447995,1.6800600853985,1,1,1,1,18,1,18cl04,O-M,1,0.1688,0.2965,0.987528342078249,0.993512810086522,0.993554670728747,0.993876197673528,0.953527187085187,0.987528342078249,0.993512810086522,0.993554670728747,0.993876197673528,0.953527187085187,1.11269955447995,1.6800600853985
-0.617682720346798,-1.23215171633192,1,0,0,1,18,1,18cl04,O-M,1,0.2389,0.2657,0.30792931203031,0.282746805165196,0.28388769616164,0.341900071876267,0.108946207888783,0.69207068796969,0.717253194834804,0.71611230383836,0.658099928123733,0.891053792111217,0.617682720346798,1.23215171633192
-0.585360819075032,-0.374157730285404,1,0,0,1,18,1,18cl04,O-M,1,0.2912,0.2448,0.539253294964945,0.579191324199747,0.580224378437629,0.673901066647664,0.354143485041878,0.460746705035055,0.420808675800253,0.419775621562371,0.326098933352336,0.645856514958122,0.585360819075032,0.374157730285404
-0.476173741745151,-1.6496541795144,1,0,0,1,18,1,18cl04,O-M,1,0.3321,0.0957,0.235706778487696,0.183888473396658,0.184948409492618,0.204746699239002,0.0495068434305238,0.764293221512304,0.816111526603342,0.815051590507382,0.795253300760998,0.950493156569476,0.476173741745151,1.6496541795144
-0.590018836112243,2.58323946461223,0,1,1,1,18,1,18cl04,O-M,1,0.2116,0.3697,0.998026261787926,0.999208278267806,0.999212723248826,0.99967292521852,0.995106131940033,0.998026261787926,0.999208278267806,0.999212723248826,0.99967292521852,0.995106131940033,0.590018836112243,2.58323946461223
0.627918405068236,2.58059704395918,1,1,1,1,18,1,18cl04,O-M,1,0.243,0.3902,0.998060967258202,0.999224323280825,0.999228722225885,0.999669743515715,0.995068518446015,0.998060967258202,0.999224323280825,0.999228722225885,0.999669743515715,0.995068518446015,0.627918405068236,2.58059704395918
-0.620098573250843,-0.877010380561511,1,0,0,1,18,1,18cl04,O-M,1,0.2159,0.2168,0.394508325095245,0.397401463165424,0.398570144228114,0.479207905564191,0.190240499909313,0.605491674904755,0.602598536834576,0.601429855771886,0.520792094435809,0.809759500090687,0.620098573250843,0.877010380561511
0.414297006775257,1.36059142844431,1,0,1,0,18,1,18cl04,O-M,1,0.1852,0.3102,0.960665327589162,0.977131977751348,0.977246758787635,0.985572437266946,0.913178579064523,0.960665327589162,0.977131977751348,0.977246758787635,0.985572437266946,0.913178579064523,0.414297006775257,1.36059142844431
-0.774413151232755,0.911644159490497,0,1,1,1,18,1,18cl04,O-M,1,0.1522,0.0007,0.934395994226275,0.955407206214934,0.95565282927719,0.958763404735627,0.819021965939816,0.934395994226275,0.955407206214934,0.95565282927719,0.958763404735627,0.819021965939816,0.774413151232755,0.911644159490497
-0.366607707096989,1.24379643557934,0,1,1,1,18,1,18cl04,O-M,1,0.1085,0.1509,0.950210929679913,0.969963633193949,0.97011057831328,0.980711240037734,0.893212753706578,0.950210929679913,0.969963633193949,0.97011057831328,0.980711240037734,0.893212753706578,0.366607707096989,1.24379643557934
-1.21850375859398,1.00122221962902,0,1,1,1,18,1,18cl04,O-M,1,0.14,0.1984,0.960642899867946,0.973471531844889,0.973646473875988,0.966081716997009,0.84164030670729,0.960642899867946,0.973471531844889,0.973646473875988,0.966081716997009,0.84164030670729,1.21850375859398,1.00122221962902
0.730821106869948,-0.572867763395037,0,0,0,1,18,1,18cl04,O-M,1,0.1017,0.1664,0.464890656983127,0.49599745464605,0.497070529151733,0.599479834581709,0.283367116512611,0.535109343016873,0.50400254535395,0.502929470848267,0.400520165418291,0.716632883487389,0.730821106869948,0.572867763395037
0.868445772959208,2.24289568449892,1,1,1,1,18,1,18cl04,O-M,1,0.1258,0.1182,0.995895706285336,0.998219750531765,0.998230478531045,0.998921667095542,0.987548228938984,0.995895706285336,0.998219750531765,0.998230478531045,0.998921667095542,0.987548228938984,0.868445772959208,2.24289568449892
0.998049175811509,1.13545718880414,1,1,1,1,18,1,18cl04,O-M,1,0.2364,0.0847,0.961380741746214,0.975542015246769,0.975690814377268,0.97502114470108,0.871908095149279,0.961380741746214,0.975542015246769,0.975690814377268,0.97502114470108,0.871908095149279,0.998049175811509,1.13545718880414
-1.78873978327819,2.3060495381069,0,1,1,1,18,1,18cl04,O-M,1,0.2605,0.1324,0.998721210063731,0.999477226844653,0.999481453033673,0.999128696689816,0.989446067763954,0.998721210063731,0.999477226844653,0.999481453033673,0.999128696689816,0.989446067763954,1.78873978327819,2.3060495381069
0.322115639103262,1.22609221720388,1,1,1,1,18,1,18cl04,O-M,1,0.26,0.1059,0.947394685900074,0.968084077983495,0.968237667110427,0.979864624096581,0.889918012851141,0.947394685900074,0.968084077983495,0.968237667110427,0.979864624096581,0.889918012851141,0.322115639103262,1.22609221720388
-0.594629483484668,2.19374666035212,0,1,1,1,18,1,18cl04,O-M,1,0.1751,0.1175,0.994313489254126,0.997453337348638,0.997467483906336,0.998730336530935,0.985873186319281,0.994313489254126,0.997453337348638,0.997467483906336,0.998730336530935,0.985873186319281,0.594629483484668,2.19374666035212
-0.253820535243433,-0.115728990416758,1,0,0,1,18,1,18cl04,O-M,1,0.2159,0.0568,0.650675973145523,0.693537474372378,0.694477814588804,0.760881112190495,0.453933664795117,0.349324026854477,0.306462525627622,0.305522185411196,0.239118887809505,0.546066335204883,0.253820535243433,0.115728990416758
-0.473789468617629,1.31329209875465,0,1,1,1,18,1,18cl04,O-M,1,0.309,0.0006,0.958614052426879,0.97558497960128,0.975709512007985,0.983748153074556,0.905457730022609,0.958614052426879,0.97558497960128,0.975709512007985,0.983748153074556,0.905457730022609,0.473789468617629,1.31329209875465
1.47071948092647,1.06622576769413,1,1,1,1,18,1,18cl04,O-M,1,0.1987,0.0006,0.972745559601804,0.981788079620317,0.981921400400292,0.970694133327548,0.856839201699,0.972745559601804,0.981788079620317,0.981921400400292,0.970694133327548,0.856839201699,1.47071948092647,1.06622576769413
1.04363458322313,2.83453366871763,1,1,1,1,18,1,18cl04,O-M,1,0.1447,0.0727,0.999349567632165,0.999767215748916,0.999768697905993,0.999873597938883,0.997705368910761,0.999349567632165,0.999767215748916,0.999768697905993,0.999873597938883,0.997705368910761,1.04363458322313,2.83453366871763
0.594317522847269,1.12171660140826,1,1,1,1,18,1,18cl04,O-M,1,0.1608,0.1036,0.946620669502751,0.966438350699419,0.966614170247988,0.974207764598471,0.869008522201618,0.946620669502751,0.966438350699419,0.966614170247988,0.974207764598471,0.869008522201618,0.594317522847269,1.12171660140826
0.779075005397802,0.907680528510917,1,1,1,1,18,1,18cl04,O-M,1,0.1552,0.1483,0.934229168402545,0.955221806206511,0.955468816499753,0.958412091024477,0.81797648283169,0.934229168402545,0.955221806206511,0.955468816499753,0.958412091024477,0.81797648283169,0.779075005397802,0.907680528510917
-0.457557463484568,-0.976365397116328,1,0,0,1,18,1,18cl04,O-M,1,0.1426,0.2147,0.390069330958409,0.378534787659558,0.379776409104676,0.439791962644988,0.164441711346066,0.609930669041591,0.621465212340442,0.620223590895324,0.560208037355012,0.835558288653934,0.457557463484568,0.976365397116328
-1.88310015553031,2.91407053037455,0,1,1,1,18,1,18cl04,O-M,1,0.2049,0.1958,0.999812774641362,0.999939187618238,0.999939681578581,0.999907600810096,0.99821625351662,0.999812774641362,0.999939187618238,0.999939681578581,0.999907600810096,0.99821625351662,1.88310015553031,2.91407053037455
-1.38415547634782,3.12942781359842,0,1,1,1,18,1,18cl04,O-M,1,0.2054,0.0065,0.999824002957433,0.999944253817747,0.999944642359139,0.99996161991796,0.999124264495607,0.999824002957433,0.999944253817747,0.999944642359139,0.99996161991796,0.999124264495607,1.38415547634782,3.12942781359842
0.817949710298188,2.09465588586261,1,1,1,1,18,1,18cl04,O-M,1,0.1178,0.3101,0.993787201626116,0.997169380332538,0.997186126578442,0.998247171364979,0.981899203300872,0.993787201626116,0.997169380332538,0.997186126578442,0.998247171364979,0.981899203300872,0.817949710298188,2.09465588586261
0.712631155592432,3.14396112719021,1,1,1,1,18,1,18cl04,O-M,1,0.1686,0.1274,0.999691424336825,0.999894709416831,0.999895325709311,0.999963886783685,0.999166612103487,0.999691424336825,0.999894709416831,0.999895325709311,0.999963886783685,0.999166612103487,0.712631155592432,3.14396112719021
-0.859520648963494,2.45904569391871,0,1,1,1,18,1,18cl04,O-M,1,0.1412,2.6257,0.997689798416811,0.99906131615108,0.999066978312416,0.999488119949728,0.993034655702463,0.997689798416811,0.99906131615108,0.999066978312416,0.999488119949728,0.993034655702463,0.859520648963494,2.45904569391871
-0.615819513531914,1.98182452397722,0,1,1,1,18,1,18cl04,O-M,1,0.1663,0.0006,0.990564406337862,0.995503303145703,0.995528237772571,0.997497355898536,0.976250558156955,0.990564406337862,0.995503303145703,0.995528237772571,0.997497355898536,0.976250558156955,0.615819513531914,1.98182452397722
-0.346507179339803,1.94192397211611,0,1,1,1,18,1,18cl04,O-M,1,0.1538,0.0005,0.987784417609799,0.994025527476624,0.994056069193429,0.997169462850342,0.973926847564978,0.987784417609799,0.994025527476624,0.994056069193429,0.997169462850342,0.973926847564978,0.346507179339803,1.94192397211611
0.988133125983141,1.57277780688452,1,1,1,1,18,1,18cl04,O-M,1,0.1802,0.0716,0.982602976467788,0.990598637986449,0.99065659109064,0.991749609883415,0.942114861897421,0.982602976467788,0.990598637986449,0.99065659109064,0.991749609883415,0.942114861897421,0.988133125983141,1.57277780688452
0.199017670214795,1.62932560885987,1,1,1,1,18,1,18cl04,O-M,1,0.1828,0.1494,0.973816350035186,0.985888659787574,0.985956277963706,0.992939967199129,0.948377946161364,0.973816350035186,0.985888659787574,0.985956277963706,0.992939967199129,0.948377946161364,0.199017670214795,1.62932560885987
0.152326970624852,2.6852369018201,1,1,1,1,18,1,18cl04,O-M,1,0.3457,0.1691,0.998125407514726,0.999235249067053,0.999239104116082,0.999776035629081,0.996376079357845,0.998125407514726,0.999235249067053,0.999239104116082,0.999776035629081,0.996376079357845,0.152326970624852,2.6852369018201
0.149184782860767,3.19601681405537,1,1,1,1,18,1,18cl04,O-M,1,0.1798,0.1978,0.999639191131876,0.999869365982332,0.999870037212239,0.999971010111564,0.999303305042231,0.999639191131876,0.999869365982332,0.999870037212239,0.999971010111564,0.999303305042231,0.149184782860767,3.19601681405537
-0.633962095144644,-1.02260775854477,1,0,0,1,18,1,18cl04,O-M,1,0.5219,0.2154,0.355765650696898,0.347149333730694,0.348313558062847,0.42162461893476,0.153246669891934,0.644234349303102,0.652850666269306,0.651686441937153,0.57837538106524,0.846753330108066,0.633962095144644,1.02260775854477
-0.764512891292649,-1.71571469584074,1,0,0,1,18,1,18cl04,O-M,1,0.1415,0.1687,0.193785665179315,0.150150945181336,0.151026177623131,0.186505900914947,0.0431071368434908,0.806214334820684,0.849849054818664,0.848973822376869,0.813494099085053,0.956892863156509,0.764512891292649,1.71571469584074
-0.404629758031241,-1.31327403038067,1,0,0,1,18,1,18cl04,O-M,1,0.1828,0.1643,0.316298441199555,0.277593279221093,0.278823229708349,0.312631387639787,0.0945453130519699,0.683701558800445,0.722406720778907,0.721176770291651,0.687368612360213,0.90545468694803,0.404629758031241,1.31327403038067
-1.10919036215801,2.6506211912651,0,1,1,1,18,1,18cl04,O-M,1,0.5299,0.2636,0.998927427085667,0.999596782737287,0.999599398297339,0.999745039405916,0.995982805151183,0.998927427085667,0.999596782737287,0.999599398297339,0.999745039405916,0.995982805151183,1.10919036215801,2.6506211912651
-0.29507951327134,-0.859041920120747,1,0,0,1,18,1,18cl04,O-M,1,0.1641,0.0842,0.442656608735062,0.434827355848465,0.43612474483513,0.486369515307604,0.195158694325939,0.557343391264938,0.565172644151535,0.56387525516487,0.513630484692396,0.804841305674061,0.29507951327134,0.859041920120747
1.23387115700048,-0.721900288227263,0,0,0,1,18,1,18cl04,O-M,1,0.1312,0.0382,0.371282259252971,0.406195495889477,0.407147123394095,0.541005983922434,0.235177892027389,0.628717740747029,0.593804504110523,0.592852876605905,0.458994016077566,0.764822107972611,1.23387115700048,0.721900288227263
-0.233672637821462,2.47595718609825,0,1,1,1,18,1,18cl04,O-M,1,0.2365,0.1183,0.996698982202905,0.99859210449178,0.998599278581307,0.999517996586341,0.993356024416475,0.996698982202905,0.99859210449178,0.998599278581307,0.999517996586341,0.993356024416475,0.233672637821462,2.47595718609825
0.24371884388376,-0.730091792251729,0,0,0,1,18,1,18cl04,O-M,1,0.1158,0.1965,0.483879944510322,0.48513399532961,0.486416166638186,0.537753990014794,0.232667039012693,0.516120055489678,0.51486600467039,0.513583833361814,0.462246009985206,0.767332960987307,0.24371884388376,0.730091792251729
0.534521216000088,0.946524112110805,1,1,1,1,18,1,18cl04,O-M,1,0.1879,0.1826,0.926889914978543,0.951336788173885,0.951582481620026,0.961752299444199,0.828059335062774,0.926889914978543,0.951336788173885,0.951582481620026,0.961752299444199,0.828059335062774,0.534521216000088,0.946524112110805
-1.26161015354851,3.05649700357414,0,1,1,1,18,1,18cl04,O-M,1,0.1237,0.4021,0.999743123814968,0.999915753329332,0.999916321813478,0.999948064249173,0.998880301405806,0.999743123814968,0.999915753329332,0.999916321813478,0.999948064249173,0.998880301405806,1.26161015354851,3.05649700357414
0.364890446404295,0.995937378322908,1,1,1,1,18,1,18cl04,O-M,1,0.2398,0.0046,0.92514856486101,0.95116126417887,0.951394393589511,0.965681830876611,0.8403597137127,0.92514856486101,0.95116126417887,0.951394393589511,0.965681830876611,0.8403597137127,0.364890446404295,0.995937378322908
0.417281295656724,2.16520851729914,1,1,1,1,18,1,18cl04,O-M,1,0.1298,0.1182,0.993172626322129,0.996880294705102,0.996896755318437,0.998605465396812,0.98481413981297,0.993172626322129,0.996880294705102,0.996896755318437,0.998605465396812,0.98481413981297,0.417281295656724,2.16520851729914
-1.38109223802504,-1.13068276325466,1,0,0,1,18,1,18cl04,O-M,1,0.1837,0.3415,0.253440678920868,0.2617745972333,0.262636746196057,0.379873114548369,0.129094319375025,0.746559321079132,0.7382254027667,0.737363253803943,0.620126885451631,0.870905680624975,1.38109223802504,1.13068276325466
-0.0123615639450188,2.36127612975572,1,1,1,1,18,1,18cl04,O-M,1,0.1772,0.1001,0.99497361479124,0.997748352232674,0.997759132786336,0.999279088031604,0.990893917871685,0.99497361479124,0.997748352232674,0.997759132786336,0.999279088031604,0.990893917871685,0.0123615639450188,2.36127612975572
1.18081713244106,1.75272665335747,1,1,1,1,18,1,18cl04,O-M,1,0.252,2.3252,0.989996635884634,0.994932221470439,0.994965737578479,0.995025478785479,0.960175530817832,0.989996635884634,0.994932221470439,0.994965737578479,0.995025478785479,0.960175530817832,1.18081713244106,1.75272665335747
0.357721837133469,2.47199355511867,1,1,1,1,18,1,18cl04,O-M,1,0.1587,0.0974,0.996877285997265,0.998681733677011,0.998688668957317,0.999511142825055,0.993281903071313,0.996877285997265,0.998681733677011,0.998688668957317,0.999511142825055,0.993281903071313,0.357721837133469,2.47199355511867
0.874872257481733,2.58826006385303,1,1,1,1,18,1,18cl04,O-M,1,0.1463,0.4243,0.998420472233869,0.999383059183146,0.999386803081071,0.999678892061752,0.995176893866432,0.998420472233869,0.999383059183146,0.999386803081071,0.999678892061752,0.995176893866432,0.874872257481733,2.58826006385303
0.424244636380148,2.37845186400057,1,1,1,1,18,1,18cl04,O-M,1,0.3368,0.2934,0.996110183063574,0.998325679088614,0.998334611011178,0.999320736681521,0.991307246667887,0.996110183063574,0.998325679088614,0.998334611011178,0.999320736681521,0.991307246667887,0.424244636380148,2.37845186400057
-0.603471820911239,0.865401798062058,0,1,1,1,18,1,18cl04,O-M,1,0.2675,0.2829,0.921055968966676,0.945877110834065,0.946155315829223,0.954511892858251,0.806590852771163,0.921055968966676,0.945877110834065,0.946155315829223,0.954511892858251,0.806590852771163,0.603471820911239,0.865401798062058
0.265966796444541,0.133187035100895,0,1,0,0,18,1,18cl04,O-M,1,0.2847,0.0006,0.644499042675809,0.687012693431713,0.687963412744074,0.755431371762191,0.447022731993795,0.355500957324191,0.312987306568287,0.312036587255926,0.244568628237809,0.552977268006205,0.265966796444541,0.133187035100895
-0.0978480189940388,1.67266130756995,1,1,1,1,18,1,18cl04,O-M,1,0.3725,0.2615,0.974875557066776,0.986569120307754,0.986631798570816,0.993746906206927,0.952803004818302,0.974875557066776,0.986569120307754,0.986631798570816,0.993746906206927,0.952803004818302,0.0978480189940388,1.67266130756995
-1.60889295597706,2.79886098990141,0,1,1,1,18,1,18cl04,O-M,1,0.2087,0.0506,0.999606061218113,0.999864196284992,0.999865214792398,0.999854807461705,0.997435839500253,0.999606061218113,0.999864196284992,0.999865214792398,0.999854807461705,0.997435839500253,1.60889295597706,2.79886098990141
0.24417675064335,0.0420235225705444,0,0,0,1,18,1,18cl04,O-M,1,0.4145,0.1525,0.671862920945126,0.717140049554809,0.718029659037041,0.783140986287792,0.483239973189103,0.328137079054874,0.282859950445191,0.281970340962959,0.216859013712208,0.516760026810897,0.24417675064335,0.0420235225705444
-1.00365074901659,-1.05907316355691,1,0,0,1,18,1,18cl04,O-M,1,0.5849,0.1569,0.305060149521104,0.306863673891963,0.307874179945691,0.407413129508727,0.144783230375893,0.694939850478896,0.693136326108037,0.692125820054309,0.592586870491273,0.855216769624107,1.00365074901659,1.05907316355691
-0.427430356681183,-1.32701461777655,1,0,0,1,18,1,18cl04,O-M,1,0.3001,0.1484,0.310221117053054,0.271519436148484,0.272733409600349,0.307782445332244,0.0922519236110469,0.689778882946946,0.728480563851516,0.727266590399651,0.692217554667756,0.907748076388953,0.427430356681183,1.32701461777655
-0.859820656840467,1.96174212701401,0,1,1,1,18,1,18cl04,O-M,1,0.184,0.0005,0.991722320528468,0.996071918504331,0.996095380323296,0.997336880007937,0.975103742724657,0.991722320528468,0.996071918504331,0.996095380323296,0.997336880007937,0.975103742724657,0.859820656840467,1.96174212701401
0.782848788692356,-1.54527856371878,0,0,0,1,18,1,18cl04,O-M,1,0.1691,0.1782,0.223491630279139,0.186494470281385,0.187444732578416,0.23563634292662,0.0611394491100244,0.776508369720861,0.813505529718615,0.812555267421584,0.76436365707338,0.938860550889976,0.782848788692356,1.54527856371878
-0.942133344348879,2.49234019414718,0,1,1,1,18,1,18cl04,O-M,1,0.2007,0.0006,0.998033263406111,0.99921378598423,0.99921864399754,0.999545391973108,0.993654778842914,0.998033263406111,0.99921378598423,0.99921864399754,0.999545391973108,0.993654778842914,0.942133344348879,2.49234019414718
-1.57759739744231,2.79172645413816,0,1,1,1,18,1,18cl04,O-M,1,0.1881,0.0006,0.999580933203111,0.999854851838594,0.999855930385904,0.999850748198091,0.997378617131463,0.999580933203111,0.999854851838594,0.999855930385904,0.999850748198091,0.997378617131463,1.57759739744231,2.79172645413816
-1.38881349338503,2.56870615102043,0,1,1,1,18,1,18cl04,O-M,1,0.1032,1.9993,0.998977577896156,0.999613393864587,0.999616120243245,0.999655066501956,0.994896051208571,0.998977577896156,0.999613393864587,0.999616120243245,0.999655066501956,0.994896051208571,1.38881349338503,2.56870615102043
-0.724532894213942,0.881520564045686,0,1,1,1,18,1,18cl04,O-M,1,0.2966,0.1687,0.928918367838879,0.951284648266304,0.951547245975294,0.956032187007451,0.810981935646179,0.928918367838879,0.951284648266304,0.951547245975294,0.956032187007451,0.810981935646179,0.724532894213942,0.881520564045686
-0.842278090981682,1.62562621994559,0,1,1,1,18,1,18cl04,O-M,1,0.1084,0.0005,0.982402283215788,0.990657880879721,0.990712773299826,0.992867001447879,0.947985403034861,0.982402283215788,0.990657880879721,0.990712773299826,0.992867001447879,0.947985403034861,0.842278090981682,1.62562621994559
-1.68446336119771,0.737508638454262,0,1,1,1,18,1,18cl04,O-M,1,0.1706,1.9637,0.964411992402168,0.972457636046193,0.972677734717477,0.940900440159884,0.769593454047303,0.964411992402168,0.972457636046193,0.972677734717477,0.940900440159884,0.769593454047303,1.68446336119771,0.737508638454262
-1.10854297673928,0.810967932609153,0,1,1,1,18,1,18cl04,O-M,1,0.1008,0.3082,0.941867674227204,0.958191878561039,0.958453167316528,0.949063109742023,0.791307956799943,0.941867674227204,0.958191878561039,0.958453167316528,0.949063109742023,0.791307956799943,1.10854297673928,0.810967932609153
-0.114822148875401,0.607765784389329,0,1,0,0,18,1,18cl04,O-M,1,0.0799,0.2109,0.53510044671583,0.541784959757772,0.543059250047151,0.585935933632339,0.271671412670731,0.46489955328417,0.458215040242228,0.456940749952849,0.414064066367661,0.728328587329269,0.114822148875401,0.607765784389329
-0.840414884166798,1.92369126961004,0,1,1,1,18,1,18cl04,O-M,1,0.11,0.0697,0.990815385025748,0.995584166629087,0.995610353853057,0.997007115906723,0.972803353497232,0.990815385025748,0.995584166629087,0.995610353853057,0.997007115906723,0.972803353497232,0.840414884166798,1.92369126961004
0.921736645842556,0.971362866249509,1,1,1,1,18,1,18cl04,O-M,1,0.252,0.3887,0.946450789939915,0.964115319844482,0.964325430180054,0.963771152734952,0.834316193371818,0.946450789939915,0.964115319844482,0.964325430180054,0.963771152734952,0.834316193371818,0.921736645842556,0.971362866249509
-0.773623656819669,1.59365293004364,0,1,1,1,18,1,18cl04,O-M,1,0.1632,0.0671,0.980204681571504,0.989369695959607,0.989430660613833,0.992208140735153,0.944493103851378,0.980204681571504,0.989369695959607,0.989430660613833,0.992208140735153,0.944493103851378,0.773623656819669,1.59365293004364
0.603175650162101,1.41555377802783,1,1,1,1,18,1,18cl04,O-M,1,0.2912,0.2148,0.968392897175432,0.981970739418077,0.98206747882691,0.987468246204044,0.921546903750745,0.968392897175432,0.981970739418077,0.98206747882691,0.987468246204044,0.921546903750745,0.603175650162101,1.41555377802783
1.02511304429212,0.954979858200577,1,1,1,1,18,1,18cl04,O-M,1,0.2428,0.0005,0.949577360048343,0.965817385832913,0.966025604609796,0.962449626790412,0.8302060585769,0.949577360048343,0.965817385832913,0.966025604609796,0.962449626790412,0.8302060585769,1.02511304429212,0.954979858200577
-1.46681554139799,1.80240416163488,0,1,1,1,18,1,18cl04,O-M,1,0.1692,0.0006,0.993388352453034,0.996708777718431,0.996732847847599,0.995696385962219,0.964259079540025,0.993388352453034,0.996708777718431,0.996732847847599,0.995696385962219,0.964259079540025,1.46681554139799,1.80240416163488
0.0359397042476211,1.08815785911448,1,1,1,1,18,1,18cl04,O-M,1,0.1497,0.0544,0.923899053711281,0.95179879595871,0.952006730011577,0.972127674514526,0.861737287640238,0.923899053711281,0.95179879595871,0.952006730011577,0.972127674514526,0.861737287640238,0.0359397042476211,1.08815785911448
-0.131369951773697,1.60580806504769,1,1,1,1,18,1,18cl04,O-M,1,0.0915,0.0007,0.971607564476645,0.984554058748678,0.984626449878423,0.992464673868499,0.9458419559685,0.971607564476645,0.984554058748678,0.984626449878423,0.992464673868499,0.9458419559685,0.131369951773697,1.60580806504769
1.38445932135263,1.23877583633854,1,1,1,1,18,1,18cl04,O-M,1,0.2033,0.0044,0.977699609533554,0.986170207834389,0.986268219123951,0.980474284729817,0.892285737567571,0.977699609533554,0.986170207834389,0.986268219123951,0.980474284729817,0.892285737567571,1.38445932135263,1.23877583633854
-0.758181146099694,0.371797620071639,1,1,0,0,18,1,18cl04,O-M,1,0.1367,2.1878,0.521324188526799,0.566549313677836,0.567541341727825,0.674751224571817,0.355021767889423,0.478675811473201,0.433450686322164,0.432458658272175,0.325248775428183,0.644978232110577,0.758181146099694,0.371797620071639
-1.53191725070111,-0.891543694153306,1,0,0,1,18,1,18cl04,O-M,1,0.1852,0.1307,0.300006498260163,0.32992484748183,0.330785696270795,0.473420225532521,0.186318780777655,0.699993501739837,0.67007515251817,0.669214303729205,0.526579774467479,0.813681219222345,1.53191725070111,0.891543694153306
-1.49926376177585,3.18306895285541,0,1,1,1,18,1,18cl04,O-M,1,0.149,0.2846,0.999871907334048,0.999960573142048,0.999960856472933,0.999969374359433,0.999271385464762,0.999871907334048,0.999960573142048,0.999960856472933,0.999969374359433,0.999271385464762,1.49926376177585,3.18306895285541
-1.89082141089029,1.10110572031444,0,1,1,1,18,1,18cl04,O-M,1,0.1402,0.0812,0.984782390634214,0.989680208461898,0.989770379751633,0.972946216774291,0.864574676149216,0.984782390634214,0.989680208461898,0.989770379751633,0.972946216774291,0.864574676149216,1.89082141089029,1.10110572031444
1.14982158178328,1.8676719517653,1,1,1,1,18,1,18cl04,O-M,1,0.2012,0.0944,0.992015499759231,0.996117611480752,0.996143049001757,0.996454505604925,0.96909609475274,0.992015499759231,0.996117611480752,0.996143049001757,0.996454505604925,0.96909609475274,1.14982158178328,1.8676719517653
1.27666175418978,3.02293826128036,1,1,1,1,18,1,18cl04,O-M,1,0.1895,0.0006,0.999717300909167,0.999906505709613,0.999907139498403,0.99994041005224,0.998748333453479,0.999717300909167,0.999906505709613,0.999907139498403,0.99994041005224,0.998748333453479,1.27666175418978,3.02293826128036
-0.800419097199829,2.21356481525003,0,1,1,1,18,1,18cl04,O-M,1,0.251,0.0006,0.99533120219387,0.997948143920053,0.997960253879555,0.998810942179975,0.986570635027768,0.99533120219387,0.997948143920053,0.997960253879555,0.998810942179975,0.986570635027768,0.800419097199829,2.21356481525003
-1.16069697766778,2.62419698473456,0,1,1,1,18,1,18cl04,O-M,1,0.2103,0.0256,0.998896113452438,0.999583316222717,0.999586059897292,0.999718735088257,0.995657323149419,0.998896113452438,0.999583316222717,0.999586059897292,0.999718735088257,0.995657323149419,1.16069697766778,2.62419698473456
1.12376826615142,-1.71148682279585,0,0,0,1,18,1,18cl04,O-M,1,0.1129,0.2621,0.163702125401655,0.132256038193178,0.132980341710902,0.187642269838634,0.0434956408362653,0.836297874598345,0.867743961806822,0.867019658289098,0.812357730161366,0.956504359163735,1.12376826615142,1.71148682279585
-1.24561499673938,0.156704578913072,1,0,0,1,18,1,18cl04,O-M,1,0.3164,0.0378,0.546935259600893,0.61259541882828,0.613399177988987,0.747985586131475,0.437738839109245,0.453064740399107,0.38740458117172,0.386600822011013,0.252014413868525,0.562261160890755,1.24561499673938,0.156704578913072
-0.20384553889505,-1.67634262811024,1,0,0,1,18,1,18cl04,O-M,1,0.5767,0.1336,0.261938546717472,0.200494348795575,0.201708835916982,0.197253073327663,0.0468355498244549,0.738061453282528,0.799505651204425,0.798291164083018,0.802746926672337,0.953164450175545,0.20384553889505,1.67634262811024
0.927263106734162,2.51136562284917,1,1,1,1,18,1,18cl04,O-M,1,0.237,0.2479,0.998112938226099,0.999249106420481,0.99925372731305,0.999575392250786,0.993986746820835,0.998112938226099,0.999249106420481,0.99925372731305,0.999575392250786,0.993986746820835,0.927263106734162,2.51136562284917
0.163695690173299,2.19163272382968,1,1,1,1,18,1,18cl04,O-M,1,0.2299,0.0809,0.992687398407238,0.996620856708752,0.996637514673415,0.998721449964432,0.985796981456882,0.992687398407238,0.996620856708752,0.996637514673415,0.998721449964432,0.985796981456882,0.163695690173299,2.19163272382968
0.310478491454365,-1.61768088961245,0,0,0,1,18,1,18cl04,O-M,1,0.3397,0.1566,0.26145945295344,0.204961249885577,0.206135262357924,0.213943630140512,0.0528656932652901,0.73854054704656,0.795038750114423,0.793864737642076,0.786056369859488,0.94713430673471,0.310478491454365,1.61768088961245
-1.10232176076416,1.59048202525998,0,1,1,1,18,1,18cl04,O-M,1,0.3821,0.0005,0.984837648766956,0.991853353786747,0.991905640852589,0.992139967947965,0.944136902939845,0.984837648766956,0.991853353786747,0.991905640852589,0.992139967947965,0.944136902939845,1.10232176076416,1.59048202525998
-1.35729687641461,1.2765624516772,0,1,1,1,18,1,18cl04,O-M,1,0.1631,0.0677,0.978537751143909,0.986906843029815,0.986998698968581,0.982198432627862,0.899121617364657,0.978537751143909,0.986906843029815,0.986998698968581,0.982198432627862,0.899121617364657,1.35729687641461,1.2765624516772
-0.46039964337168,1.3008727216853,0,1,1,1,18,1,18cl04,O-M,1,0.2425,0.1843,0.957342631938066,0.974733725173648,0.974861896462568,0.983237602523024,0.903348987674843,0.957342631938066,0.974733725173648,0.974861896462568,0.983237602523024,0.903348987674843,0.46039964337168,1.3008727216853
-0.329390940464085,1.8082174870716,0,1,1,1,18,1,18cl04,O-M,1,0.1053,0.0573,0.983299465873399,0.991502362682762,0.991545238281584,0.995769356491734,0.964713670993932,0.983299465873399,0.991502362682762,0.991545238281584,0.995769356491734,0.964713670993932,0.329390940464085,1.8082174870716
-1.62581971619364,2.67334600888136,0,1,1,1,18,1,18cl04,O-M,1,0.1072,0.0388,0.999435137580313,0.999796939782608,0.999798476578515,0.999765808061649,0.996245062683224,0.999435137580313,0.999796939782608,0.999798476578515,0.999765808061649,0.996245062683224,1.62581971619364,2.67334600888136
0.286983137720907,0.0811313482357382,0,0,0,1,18,1,18cl04,O-M,1,0.0938,0.2482,0.656526761523239,0.701723057647951,0.702634926605434,0.771482309708492,0.467668747784099,0.343473238476761,0.298276942352049,0.297365073394566,0.228517690291508,0.532331252215901,0.286983137720907,0.0811313482357382
-0.0277251252236846,0.115482816725436,0,0,0,1,18,1,18cl04,O-M,1,0.4176,0.2294,0.677231912434906,0.712945064952463,0.71391389734668,0.760957480815866,0.454031219807739,0.322768087565094,0.287054935047537,0.28608610265332,0.239042519184134,0.545968780192261,0.0277251252236846,0.115482816725436
-1.79036614176915,1.40577682161153,0,1,1,1,18,1,18cl04,O-M,1,0.1868,0.0007,0.990007977884575,0.994081243821313,0.994130518344086,0.987147690924652,0.920104796595311,0.990007977884575,0.994081243821313,0.994130518344086,0.987147690924652,0.920104796595311,1.79036614176915,1.40577682161153
0.339073979096363,0.156176094782462,0,0,0,1,18,1,18cl04,O-M,1,0.2392,0.3262,0.629869873185535,0.673643492197417,0.674598783424698,0.74815421090844,0.437947109552595,0.370130126814465,0.326356507802583,0.325401216575302,0.25184578909156,0.562052890447405,0.339073979096363,0.156176094782462
0.962253499122162,3.13127750805555,1,1,1,1,18,1,18cl04,O-M,1,0.3949,0.0523,0.999735192271798,0.999912046613829,0.999912594656869,0.999961915724757,0.999129761946863,0.999735192271798,0.999912046613829,0.999912594656869,0.999961915724757,0.999129761946863,0.962253499122162,3.13127750805555
-0.985823965169093,3.18254046872479,0,1,1,1,18,1,18cl04,O-M,1,0.2435,0.1578,0.999782357613507,0.999928909425295,0.999929355067661,0.999969305772189,0.999270054436947,0.999782357613507,0.999928909425295,0.999929355067661,0.999969305772189,0.999270054436947,0.985823965169093,3.18254046872479
-0.255936380270505,2.89557358580317,0,1,1,1,18,1,18cl04,O-M,1,0.1296,0.0005,0.999071052109111,0.999643981143743,0.999645836544127,0.999900562910826,0.99810766857476,0.999071052109111,0.999643981143743,0.999645836544127,0.999900562910826,0.99810766857476,0.255936380270505,2.89557358580317
0.289241091742335,-0.0182236683190786,0,0,0,1,18,1,18cl04,O-M,1,0.2493,0.1932,0.673571325803596,0.720908586403042,0.721776203209128,0.79006449256873,0.492730210591107,0.326428674196404,0.279091413596958,0.278223796790872,0.20993550743127,0.507269789408893,0.289241091742335,0.0182236683190786
0.985180416878197,1.94218821418142,1,1,1,1,18,1,18cl04,O-M,1,0.259,0.0218,0.992187819752485,0.996284434439203,0.996307520034923,0.997171756147629,0.97394284032526,0.992187819752485,0.996284434439203,0.996307520034923,0.997171756147629,0.97394284032526,0.985180416878197,1.94218821418142
-0.309369362148208,1.14021354597964,0,1,1,1,18,1,18cl04,O-M,1,0.1961,0.0006,0.93876199036713,0.961839569362366,0.962020917769049,0.975297641117214,0.872901327313835,0.93876199036713,0.961839569362366,0.962020917769049,0.975297641117214,0.872901327313835,0.309369362148208,1.14021354597964
0.261908795161276,-1.59469182993088,0,0,0,1,18,1,18cl04,O-M,1,0.1502,0.0319,0.272315039009368,0.214938369149047,0.216153358254582,0.220702412110306,0.0553905829688097,0.727684960990632,0.785061630850953,0.783846641745418,0.779297587889693,0.94460941703119,0.261908795161276,1.59469182993088
-1.40018221293348,2.32005436756809,0,1,1,1,18,1,18cl04,O-M,1,0.2479,0.0692,0.997985293365511,0.999170923043975,0.999176813231329,0.999169347477943,0.989831031777936,0.997985293365511,0.999170923043975,0.999176813231329,0.999169347477943,0.989831031777936,1.40018221293348,2.32005436756809
1.11078897800028,3.09666179750055,1,1,1,1,18,1,18cl04,O-M,1,0.1203,0.1372,0.999739387514748,0.999914099489196,0.999914655888179,0.999956005847461,0.999021434882136,0.999739387514748,0.999914099489196,0.999914655888179,0.999956005847461,0.999021434882136,1.11078897800028,3.09666179750055
-1.84533074280824,1.97495423027928,0,1,1,1,18,1,18cl04,O-M,1,0.3023,0.2927,0.997281916724798,0.998731094240971,0.998741694212788,0.997443467827664,0.975863328839491,0.997281916724798,0.998731094240971,0.998741694212788,0.997443467827664,0.975863328839491,1.84533074280824,1.97495423027928
0.735573863236729,1.99635783756902,1,1,1,1,18,1,18cl04,O-M,1,0.2688,0.1304,0.99161643814547,0.996045058201138,0.996067811192077,0.997607979780436,0.977052506667994,0.99161643814547,0.996045058201138,0.996067811192077,0.997607979780436,0.977052506667994,0.735573863236729,1.99635783756902
0.54802157046387,2.94947896712546,1,1,1,1,18,1,18cl04,O-M,1,0.4405,0.2791,0.999340642092199,0.999758886863255,0.999760237758239,0.999919786553194,0.998408448807471,0.999340642092199,0.999758886863255,0.999760237758239,0.999919786553194,0.998408448807471,0.54802157046387,2.94947896712546
-0.756144250513931,0.460318711948935,1,0,0,1,18,1,18cl04,O-M,1,0.1485,0.3222,0.495050773914607,0.534764663524481,0.535792869448904,0.642276327905452,0.32264373601244,0.504949226085393,0.465235336475519,0.464207130551096,0.357723672094548,0.67735626398756,0.756144250513931,0.460318711948935
