s1,s2,r1,r2,acc1,acc2,id,seq,id_sess,task,dataset,rt1,rt2,p_r2_discrete,p_r2_bayesian,p_r2_optimal,p_r2_fixed,p_r2_naive,p_c2_discrete,p_c2_bayesian,p_c2_optimal,p_c2_fixed,p_c2_naive,abs1,abs2
0.422570196803655,0.147020455952606,1,1,1,1,26,26,26pz03,M-O,1,0.6549,0.195,0.91104040437783,0.896552376543205,0.822316374452869,0.926509271379624,0.558442062873878,0.91104040437783,0.896552376543205,0.822316374452869,0.926509271379624,0.558442062873878,0.422570196803655,0.147020455952606
1.09727214221459,1.75358754194277,1,1,1,1,26,26,26pz03,M-O,1,0.7035,0.0505,0.997350237279292,0.997331952583183,0.994559155823616,0.998881594812022,0.960249396380544,0.997350237279292,0.997331952583183,0.994559155823616,0.998881594812022,0.960249396380544,1.09727214221459,1.75358754194277
-1.00053394581555,0.614576174346526,0,1,1,1,26,26,26pz03,M-O,1,0.4471,0.1052,0.96917310150838,0.96792657849688,0.936362693569031,0.972433849162116,0.730582673520352,0.96917310150838,0.96792657849688,0.936362693569031,0.972433849162116,0.730582673520352,1.00053394581555,0.614576174346526
-0.835636260139483,1.27907599388944,0,1,1,1,26,26,26pz03,M-O,1,0.5769,0.1191,0.990315213779254,0.989431717507785,0.979546016778766,0.995093242700513,0.899564851843452,0.990315213779254,0.989431717507785,0.979546016778766,0.995093242700513,0.899564851843452,0.835636260139483,1.27907599388944
-0.481715986220585,1.35848264336774,0,1,1,1,26,26,26pz03,M-O,1,0.415,0.157,0.989079581034992,0.987945710603489,0.978050417441313,0.996113088709731,0.912844706820951,0.989079581034992,0.987945710603489,0.978050417441313,0.996113088709731,0.912844706820951,0.481715986220585,1.35848264336774
0.581370379633183,1.46314147972841,1,1,1,1,26,26,26pz03,M-O,1,0.3909,0.0367,0.991854771232851,0.991178821798946,0.983636147096316,0.997166029353122,0.928285665121762,0.991854771232851,0.991178821798946,0.983636147096316,0.997166029353122,0.928285665121762,0.581370379633183,1.46314147972841
-0.522542744410481,0.247776681613279,0,1,1,1,26,26,26pz03,M-O,1,0.4373,0.1504,0.926679170751592,0.915776351738361,0.851603818906804,0.939553067316139,0.597846401094005,0.926679170751592,0.915776351738361,0.851603818906804,0.939553067316139,0.597846401094005,0.522542744410481,0.247776681613279
1.76905789061196,-2.01745926440332,0,1,0,0,26,26,26pz03,M-O,1,0.3273,0.0062,0.214383357794853,0.140339381446518,0.0653872458053221,0.237550732238158,0.0218238039848596,0.785616642205147,0.859660618553482,0.934612754194678,0.762449267761842,0.97817619601514,1.76905789061196,2.01745926440332
1.21710132859013,0.459252268486397,1,1,1,1,26,26,26pz03,M-O,1,0.8347,0.1638,0.963818197264602,0.966866628757928,0.930683835040126,0.961008265036064,0.676973490037863,0.963818197264602,0.966866628757928,0.930683835040126,0.961008265036064,0.676973490037863,1.21710132859013,0.459252268486397
-0.0575418751567374,1.26279981161707,0,1,1,1,26,26,26pz03,M-O,1,0.6425,0.115,0.982376220383494,0.980233522002232,0.966323158473725,0.994856885387979,0.896669433776021,0.982376220383494,0.980233522002232,0.966323158473725,0.994856885387979,0.896669433776021,0.0575418751567374,1.26279981161707
2.03098540419388,1.27861686321885,1,1,1,1,26,26,26pz03,M-O,1,0.4477,0.1628,0.996488924653871,0.997838118147355,0.994326551008754,0.995086710329072,0.899483995646275,0.996488924653871,0.997838118147355,0.994326551008754,0.995086710329072,0.899483995646275,2.03098540419388,1.27861686321885
1.28947603629039,-0.616100631632738,0,1,0,0,26,26,26pz03,M-O,1,0.5185,0.0349,0.656013933428192,0.563331493586419,0.442013904133358,0.754007569522375,0.268914052617575,0.343986066571808,0.436668506413581,0.557986095866642,0.245992430477625,0.731085947382425,1.28947603629039,0.616100631632738
0.097546784200982,1.22675805397586,0,1,1,1,26,26,26pz03,M-O,1,0.4837,0.6111,0.981600601934768,0.979218701470396,0.9644436414235,0.994297101205198,0.89004322966215,0.981600601934768,0.979218701470396,0.9644436414235,0.994297101205198,0.89004322966215,0.097546784200982,1.22675805397586
-1.65800381796452,1.69973151428273,0,1,1,1,26,26,26pz03,M-O,1,0.5353,0.1302,0.998350340059636,0.998536183627205,0.996619249252084,0.998663282760605,0.95540928064432,0.998350340059636,0.998536183627205,0.996619249252084,0.998663282760605,0.95540928064432,1.65800381796452,1.69973151428273
0.0402832792073625,0.304112014894502,0,1,1,1,26,26,26pz03,M-O,1,2.6182,0.66,0.915374834888575,0.895377126142027,0.830413461663405,0.946013162850439,0.619478723234972,0.915374834888575,0.895377126142027,0.830413461663405,0.946013162850439,0.619478723234972,0.0402832792073625,0.304112014894502
0.708357504132923,-0.0479493833128512,1,0,1,0,26,26,26pz03,M-O,1,0.5465,1.2961,0.909068090237731,0.903722609214569,0.825236598950799,0.911685165852105,0.519121708783769,0.909068090237731,0.903722609214569,0.825236598950799,0.911685165852105,0.519121708783769,0.708357504132923,0.0479493833128512
-1.39316010736903,0.508539945974085,0,0,1,0,26,26,26pz03,M-O,1,0.4802,1.5238,0.969943994317267,0.975023294178277,0.945039202464516,0.96499112985036,0.694462633751398,0.969943994317267,0.975023294178277,0.945039202464516,0.96499112985036,0.694462633751398,1.39316010736903,0.508539945974085
2.02674366308325,0.0420172715889888,1,1,1,1,26,26,26pz03,M-O,1,0.4131,0.4511,0.939816408528631,0.978646357523766,0.940196380114275,0.910731490191356,0.51675753523074,0.939816408528631,0.978646357523766,0.940196380114275,0.910731490191356,0.51675753523074,2.02674366308325,0.0420172715889888
0.82765647286963,0.941385385671506,1,1,1,1,26,26,26pz03,M-O,1,0.3865,0.0498,0.98106531888671,0.978954969641595,0.959557811033532,0.987604416385725,0.826746299950145,0.98106531888671,0.978954969641595,0.959557811033532,0.987604416385725,0.826746299950145,0.82765647286963,0.941385385671506
-2.13679034582784,1.12310930509048,0,1,1,1,26,26,26pz03,M-O,1,0.5088,0.0062,0.995047176225719,0.997487558869499,0.99308779534797,0.992374543651565,0.869304462666216,0.995047176225719,0.997487558869499,0.99308779534797,0.992374543651565,0.869304462666216,2.13679034582784,1.12310930509048
-1.67470567358766,1.47930287933313,0,1,1,1,26,26,26pz03,M-O,1,0.3469,0.2102,0.997164346879725,0.997556691357557,0.994288757809355,0.997303395623139,0.930470308163203,0.997164346879725,0.997556691357557,0.994288757809355,0.997303395623139,0.930470308163203,1.67470567358766,1.47930287933313
2.48697257358752,0.08150250925961,1,1,1,1,26,26,26pz03,M-O,1,0.471,0.0061,0.94755090300773,0.991171964007104,0.968928426863756,0.916936830713113,0.532478835290477,0.94755090300773,0.991171964007104,0.968928426863756,0.916936830713113,0.532478835290477,2.48697257358752,0.08150250925961
-0.368779629149836,1.23582588471999,0,1,1,1,26,26,26pz03,M-O,1,0.5833,0.0508,0.984898826257128,0.982974718828751,0.96965510037721,0.99444280879898,0.891738354426318,0.984898826257128,0.982974718828751,0.96965510037721,0.99444280879898,0.891738354426318,0.368779629149836,1.23582588471999
-1.49999896159324,0.555761535444124,0,1,1,1,26,26,26pz03,M-O,1,0.3927,0.006,0.974093034229638,0.979807152316088,0.954116075965628,0.968487669647958,0.710813058152975,0.974093034229638,0.979807152316088,0.954116075965628,0.968487669647958,0.710813058152975,1.49999896159324,0.555761535444124
0.250779681822797,1.90177196587525,1,1,1,1,26,26,26pz03,M-O,1,0.745,0.131,0.996037232408828,0.996082279141181,0.993018001123887,0.999324753078604,0.97139951360399,0.996037232408828,0.996082279141181,0.993018001123887,0.999324753078604,0.97139951360399,0.250779681822797,1.90177196587525
-2.23726658838609,0.244700506120335,0,1,1,1,26,26,26pz03,M-O,1,0.3748,0.0062,0.96129863750771,0.989112723586773,0.966729241557491,0.939183609068226,0.596655831936737,0.96129863750771,0.989112723586773,0.966729241557491,0.939183609068226,0.596655831936737,2.23726658838609,0.244700506120335
1.63305706625211,0.901326234662649,1,1,1,1,26,26,26pz03,M-O,1,1.2361,0.0666,0.988492523768386,0.99101665168744,0.978869352300114,0.986258286297066,0.816292555507676,0.988492523768386,0.99101665168744,0.978869352300114,0.986258286297066,0.816292555507676,1.63305706625211,0.901326234662649
-0.326362218043451,0.174338730852629,0,1,1,1,26,26,26pz03,M-O,1,1.1295,0.0498,0.910714031318144,0.893970666167513,0.820907260957927,0.930241849830211,0.569200368764895,0.910714031318144,0.893970666167513,0.820907260957927,0.930241849830211,0.569200368764895,0.326362218043451,0.174338730852629
-0.438503248655956,0.727017275573679,0,1,1,1,26,26,26pz03,M-O,1,0.8659,0.051,0.964075071978421,0.957580432205286,0.92483213614388,0.978835612631623,0.766392313534669,0.964075071978421,0.957580432205286,0.92483213614388,0.978835612631623,0.766392313534669,0.438503248655956,0.727017275573679
-1.02518906602114,0.122893139213174,0,1,1,1,26,26,26pz03,M-O,1,0.4081,0.0205,0.929040064815128,0.933462913072685,0.868905646124532,0.923087343470413,0.548904140720191,0.929040064815128,0.933462913072685,0.868905646124532,0.923087343470413,0.548904140720191,1.02518906602114,0.122893139213174
-2.27968399949247,0.719372749908379,0,1,1,1,26,26,26pz03,M-O,1,0.2751,0.0061,0.986951420597589,0.995647399950364,0.986919494774341,0.978444278261671,0.764044358891658,0.986951420597589,0.995647399950364,0.986919494774341,0.978444278261671,0.764044358891658,2.27968399949247,0.719372749908379
2.22239397181144,0.280443828825659,1,1,1,1,26,26,26pz03,M-O,1,0.5417,0.0509,0.964011237509301,0.989452745830373,0.968069771173226,0.943368971818271,0.610431492501805,0.964011237509301,0.989452745830373,0.968069771173226,0.943368971818271,0.610431492501805,2.22239397181144,0.280443828825659
-0.281823936381747,0.380603184614566,0,1,1,1,26,26,26pz03,M-O,1,0.4398,0.0348,0.932364812750968,0.918377348347038,0.861612868382769,0.953895551697443,0.648251141065084,0.932364812750968,0.918377348347038,0.861612868382769,0.953895551697443,0.648251141065084,0.281823936381747,0.380603184614566
-0.0609882898091311,-0.102540020045838,0,1,1,1,26,26,26pz03,M-O,1,1.0756,0.0637,0.889799771741552,0.864621068804728,0.782732820333285,0.920107639687867,0.540835975580768,0.889799771741552,0.864621068804728,0.782732820333285,0.920107639687867,0.540835975580768,0.0609882898091311,0.102540020045838
-1.42629870979589,0.33928142426159,0,1,1,1,26,26,26pz03,M-O,1,1.0276,0.0842,0.959096091318376,0.96847988672008,0.929952957579143,0.9497606558218,0.632801132535209,0.959096091318376,0.96847988672008,0.929952957579143,0.9497606558218,0.632801132535209,1.42629870979589,0.33928142426159
0.472410654853658,1.39626909755718,1,1,1,1,26,26,26pz03,M-O,1,0.4879,0.0062,0.989814703754,0.98882363413249,0.979661163427689,0.99652807351942,0.918683262050609,0.989814703754,0.98882363413249,0.979661163427689,0.99652807351942,0.918683262050609,0.472410654853658,1.39626909755718
-1.9848829923031,1.84252115283579,0,1,1,1,26,26,26pz03,M-O,1,0.3834,0.0061,0.999219252432444,0.999409730137288,0.998523745298241,0.99917176901109,0.967300522340072,0.999219252432444,0.999409730137288,0.998523745298241,0.99917176901109,0.967300522340072,1.9848829923031,1.84252115283579
-0.452288907265531,0.881009702489102,0,1,1,1,26,26,26pz03,M-O,1,0.4004,0.0061,0.972638170694103,0.968006481048685,0.942840067390737,0.985528633241057,0.810843715735305,0.972638170694103,0.968006481048685,0.942840067390737,0.985528633241057,0.810843715735305,0.452288907265531,0.881009702489102
1.47081046877019,1.80103869674811,1,1,1,1,26,26,26pz03,M-O,1,0.35,0.0061,0.998429577210337,0.998518452831126,0.99673628168538,0.999046333581762,0.964151609532044,0.998429577210337,0.998518452831126,0.99673628168538,0.999046333581762,0.964151609532044,1.47081046877019,1.80103869674811
2.72769138161625,1.45384408364899,1,1,1,1,26,26,26pz03,M-O,1,0.3294,10.0519,0.998521726634328,0.999664031075509,0.998869610620982,0.997084174551109,0.927005230845117,0.998521726634328,0.999664031075509,0.998869610620982,0.997084174551109,0.927005230845117,2.72769138161625,1.45384408364899
2.50606040858539,1.20022030121584,1,1,1,1,26,26,26pz03,M-O,1,0.4993,0.9465,0.996600887578186,0.99898928321806,0.996808625522747,0.9938510032309,0.884973103547841,0.996600887578186,0.99898928321806,0.996808625522747,0.9938510032309,0.884973103547841,2.50606040858539,1.20022030121584
-0.201761072918446,0.205536659919126,0,1,1,1,26,26,26pz03,M-O,1,0.4363,0.1801,0.909687998474934,0.890470296170697,0.818751209510558,0.934324104385837,0.581423570513659,0.909687998474934,0.890470296170697,0.818751209510558,0.934324104385837,0.581423570513659,0.201761072918446,0.205536659919126
-2.23010865026188,0.3154984555251,0,1,1,1,26,26,26pz03,M-O,1,0.4516,1.9874,0.966648516637935,0.990184865250943,0.970248712737532,0.947249941535349,0.623808388228848,0.966648516637935,0.990184865250943,0.970248712737532,0.947249941535349,0.623808388228848,2.23010865026188,0.3154984555251
-2.42496363253184,0.280237220023894,0,1,1,1,26,26,26pz03,M-O,1,0.3599,0.44,0.965098251498168,0.992790785179188,0.975885664404311,0.943345448322551,0.610352243626648,0.965098251498168,0.992790785179188,0.975885664404311,0.943345448322551,0.610352243626648,2.42496363253184,0.280237220023894
-0.136544303342379,-2.1936506592417,1,1,0,0,26,26,26pz03,M-O,1,0.7477,0.0384,0.219792301085804,0.27016675696304,0.107305803191559,0.186626989739925,0.0141302667528984,0.780207698914196,0.72983324303696,0.892694196808441,0.813373010260075,0.985869733247102,0.136544303342379,2.1936506592417
2.13994512897341,0.0309751789613325,1,1,1,1,26,26,26pz03,M-O,1,0.4415,0.0675,0.939661146615802,0.981978284964892,0.946784028636425,0.908935938831237,0.512355332754305,0.939661146615802,0.981978284964892,0.946784028636425,0.908935938831237,0.512355332754305,2.13994512897341,0.0309751789613325
-0.155367029520837,2.27858050722733,0,1,1,1,26,26,26pz03,M-O,1,0.5098,0.036,0.998353732753295,0.998513790419453,0.99736277054959,0.999829406314677,0.988653993115019,0.998353732753295,0.998513790419453,0.99736277054959,0.999829406314677,0.988653993115019,0.155367029520837,2.27858050722733
2.25235126840533,0.0735595486584269,1,1,1,1,26,26,26pz03,M-O,1,1.1022,0.1961,0.945327370854913,0.986102821638897,0.956749020155973,0.91571535027863,0.529319570304897,0.945327370854913,0.986102821638897,0.956749020155973,0.91571535027863,0.529319570304897,2.25235126840533,0.0735595486584269
-1.84543575329086,0.331866463931584,0,1,1,1,26,26,26pz03,M-O,1,0.3993,0.019,0.964554221145625,0.981926970734304,0.953522332387823,0.948988305268966,0.63000495274905,0.964554221145625,0.981926970734304,0.953522332387823,0.948988305268966,0.63000495274905,1.84543575329086,0.331866463931584
-0.204412161112595,-0.575490523819175,1,1,0,0,26,26,26pz03,M-O,1,1.4941,0.0185,0.737308820270353,0.686913824701606,0.54468019384492,0.766621402335227,0.282479798832573,0.262691179729647,0.313086175298394,0.45531980615508,0.233378597664773,0.717520201167427,0.204412161112595,0.575490523819175
1.38703608183508,0.917326938532662,1,1,1,1,26,26,26pz03,M-O,1,0.5088,0.0674,0.986840218752582,0.987910651132209,0.97349903478495,0.986810386901882,0.820514327370024,0.986840218752582,0.987910651132209,0.97349903478495,0.986810386901882,0.820514327370024,1.38703608183508,0.917326938532662
1.3642367233654,0.176381862336748,1,1,1,1,26,26,26pz03,M-O,1,0.6113,0.0061,0.943479527252791,0.956637083170172,0.905613124969203,0.930515034395366,0.57000302348375,0.943479527252791,0.956637083170172,0.905613124969203,0.930515034395366,0.57000302348375,1.3642367233654,0.176381862336748
2.26666714465373,1.11188356019459,1,1,1,1,26,26,26pz03,M-O,1,0.4976,1.4599,0.995216354485439,0.997988634193729,0.994184969436301,0.99213540798829,0.86690589098703,0.995216354485439,0.997988634193729,0.994184969436301,0.99213540798829,0.86690589098703,2.26666714465373,1.11188356019459
0.196167265023327,-1.98274898570682,0,1,0,0,26,26,26pz03,M-O,1,0.5984,0.0516,0.27977862004437,0.306949476795042,0.138125298188222,0.248412757763481,0.023697737445536,0.72022137995563,0.693050523204958,0.861874701811778,0.751587242236519,0.976302262554464,0.196167265023327,1.98274898570682
-1.59570324540202,0.932363467994439,0,1,1,1,26,26,26pz03,M-O,1,0.7257,0.1653,0.988993113727485,0.991088086942521,0.979286534173202,0.987311644064433,0.824425641127695,0.988993113727485,0.991088086942521,0.979286534173202,0.987311644064433,0.824425641127695,1.59570324540202,0.932363467994439
0.82765647286963,2.08243988475187,1,1,1,1,26,26,26pz03,M-O,1,0.5196,0.2623,0.998454093796483,0.99851071151455,0.99710839153414,0.999645009841086,0.98134884574165,0.998454093796483,0.99851071151455,0.99710839153414,0.999645009841086,0.98134884574165,0.82765647286963,2.08243988475187
-0.936907829155977,1.19473368970231,0,1,1,1,26,26,26pz03,M-O,1,0.4418,0.2307,0.989419311001223,0.988547466035457,0.977406808823122,0.993755007706412,0.883904452352614,0.989419311001223,0.988547466035457,0.977406808823122,0.993755007706412,0.883904452352614,0.936907829155977,1.19473368970231
-1.11479584698338,0.282073742706248,0,1,1,1,26,26,26pz03,M-O,1,0.5021,0.0061,0.947761047971218,0.951470593189693,0.901589419184236,0.943554276356966,0.611056516828058,0.947761047971218,0.951470593189693,0.901589419184236,0.943554276356966,0.611056516828058,1.11479584698338,0.282073742706248
-2.20439309477864,1.2590808531853,0,1,1,1,26,26,26pz03,M-O,1,0.4198,0.0513,0.996686257817116,0.998359564494311,0.995422426632026,0.994801478034333,0.895999435283479,0.996686257817116,0.998359564494311,0.995422426632026,0.994801478034333,0.895999435283479,2.20439309477864,1.2590808531853
2.08851401800692,2.20548690446962,1,1,1,1,26,26,26pz03,M-O,1,0.3615,0.0192,0.999763807308112,0.999823599132278,0.999556061167842,0.999774885006048,0.986290027130928,0.999763807308112,0.999823599132278,0.999556061167842,0.999774885006048,0.986290027130928,2.08851401800692,2.20548690446962
-0.110563639039718,0.498576810422312,0,1,1,1,26,26,26pz03,M-O,1,0.7762,0.0061,0.9381729511518,0.924265120548332,0.874421137223663,0.964214138708689,0.690961227422925,0.9381729511518,0.924265120548332,0.874421137223663,0.964214138708689,0.690961227422925,0.110563639039718,0.498576810422312
-0.218462928541585,1.75698510890513,0,1,1,1,26,26,26pz03,M-O,1,0.4672,0.0061,0.994327042280409,0.994215075299093,0.989769621481629,0.998894205439776,0.960539826292645,0.994327042280409,0.994215075299093,0.989769621481629,0.998894205439776,0.960539826292645,0.218462928541585,1.75698510890513
2.6449774299588,1.27212016423002,1,1,1,1,26,26,26pz03,M-O,1,0.3145,0.018,0.99736457145165,0.999371269950138,0.99791013815454,0.994993443097374,0.898334786110526,0.99736457145165,0.999371269950138,0.99791013815454,0.994993443097374,0.898334786110526,2.6449774299588,1.27212016423002
0.152424309819867,-0.931133141257119,1,1,0,0,26,26,26pz03,M-O,1,1.2578,0.0198,0.637423298875071,0.594896910613419,0.42708604688817,0.645099290594829,0.175892348593853,0.362576701124929,0.405103089386581,0.57291395311183,0.354900709405171,0.824107651406147,0.152424309819867,0.931133141257119
1.47664286279732,1.72581013637216,1,1,1,1,26,26,26pz03,M-O,1,0.3251,0.7064,0.998113903186378,0.99821864073693,0.996063604831105,0.998773444904954,0.957809212174764,0.998113903186378,0.99821864073693,0.996063604831105,0.998773444904954,0.957809212174764,1.47664286279732,1.72581013637216
2.09540684731171,1.13378409318167,1,1,1,1,26,26,26pz03,M-O,1,0.3511,0.5467,0.995071788833149,0.997351642698257,0.99282674282197,0.992595980160463,0.871557437511518,0.995071788833149,0.997351642698257,0.99282674282197,0.992595980160463,0.871557437511518,2.09540684731171,1.13378409318167
0.0015773915727864,-0.889030858764143,1,1,0,0,26,26,26pz03,M-O,1,0.8108,0.2268,0.6600249992738,0.628749966595503,0.45927590840043,0.660645364225257,0.186993247762332,0.3399750007262,0.371250033404497,0.54072409159957,0.339354635774743,0.813006752237668,0.0015773915727864,0.889030858764143
2.24042137153166,1.04801848391571,1,1,1,1,26,26,26pz03,M-O,1,0.9743,0.4358,0.994263060678685,0.997574544596442,0.993021505016959,0.990645385201351,0.852684954564015,0.994263060678685,0.997574544596442,0.993021505016959,0.990645385201351,0.852684954564015,2.24042137153166,1.04801848391571
-2.26404257914699,0.912092848887952,0,1,1,1,26,26,26pz03,M-O,1,0.7011,0.0515,0.991906999905504,0.996929702734268,0.990980862158811,0.986631933427299,0.819140078759197,0.991906999905504,0.996929702734268,0.990980862158811,0.986631933427299,0.819140078759197,2.26404257914699,0.912092848887952
-0.716072182583361,-2.40723824719953,1,1,0,0,26,26,26pz03,M-O,1,0.8954,2.8178,0.152522359722898,0.156744411881301,0.053439310540487,0.134800407382595,0.0080368400169358,0.847477640277102,0.843255588118699,0.946560689459513,0.865199592617405,0.991963159983064,0.716072182583361,2.40723824719953
2.14206599952873,1.28628434541768,1,1,1,1,26,26,26pz03,M-O,1,0.3898,0.5154,0.996804756864699,0.99826412623503,0.995271812906088,0.995194791204142,0.900828078066908,0.996804756864699,0.99826412623503,0.995271812906088,0.995194791204142,0.900828078066908,2.14206599952873,1.28628434541768
2.03946888641516,1.41249936676249,1,1,1,1,26,26,26pz03,M-O,1,0.8359,0.3075,0.997558965365124,0.998433544596602,0.995912522260295,0.996693761525769,0.921098511493831,0.997558965365124,0.998433544596602,0.995912522260295,0.996693761525769,0.921098511493831,2.03946888641516,1.41249936676249
0.791071455790373,1.42069484923249,1,1,1,1,26,26,26pz03,M-O,1,0.4247,0.4048,0.992514898949309,0.991923636902487,0.984471451249396,0.996774694183242,0.922297254706528,0.992514898949309,0.991923636902487,0.984471451249396,0.996774694183242,0.922297254706528,0.791071455790373,1.42069484923249
0.341446898062695,0.637303142540663,1,1,1,1,26,26,26pz03,M-O,1,0.8082,0.5483,0.955932417404899,0.94728541211587,0.908524573001122,0.973844109676215,0.738036297802981,0.955932417404899,0.94728541211587,0.908524573001122,0.973844109676215,0.738036297802981,0.341446898062695,0.637303142540663
-0.74841545855198,1.8744307344417,0,1,1,1,26,26,26pz03,M-O,1,1.4503,0.348,0.997205274196048,0.997197886746108,0.994627897266503,0.999257724573289,0.969564459673794,0.997205274196048,0.997197886746108,0.994627897266503,0.999257724573289,0.969564459673794,0.74841545855198,1.8744307344417
-0.0734484043216317,-2.09936817603633,1,0,0,1,26,26,26pz03,M-O,1,1.4486,0.4043,0.248570377053045,0.300743946203357,0.12704699708091,0.212983402768302,0.0178922288953055,0.751429622946955,0.699256053796643,0.87295300291909,0.787016597231698,0.982107771104694,0.0734484043216317,2.09936817603633
0.763765247390638,0.132810361697888,1,0,1,0,26,26,26pz03,M-O,1,1.3053,1.0743,0.921850910668414,0.91765607996552,0.847959955786575,0.924508262739365,0.552828320246112,0.921850910668414,0.91765607996552,0.847959955786575,0.924508262739365,0.552828320246112,0.763765247390638,0.132810361697888
2.18474851945453,0.541735093457642,1,1,1,1,26,26,26pz03,M-O,1,0.2652,0.1472,0.979608065353011,0.992789415102563,0.97891697067657,0.967480578867284,0.705999494745476,0.979608065353011,0.992789415102563,0.97891697067657,0.967480578867284,0.705999494745476,2.18474851945453,0.541735093457642
2.80828446271838,1.1143858223493,1,1,1,1,26,26,26pz03,M-O,1,0.3722,0.2591,0.995975496554771,0.999388876769592,0.997757975189239,0.992189276243098,0.867443148528347,0.995975496554771,0.999388876769592,0.997757975189239,0.992189276243098,0.867443148528347,2.80828446271838,1.1143858223493
0.322093954245406,2.11554320610131,1,1,1,1,26,26,26pz03,M-O,1,1.3189,0.179,0.99778036937992,0.997904939674667,0.996214927397694,0.999685509322221,0.982808161729334,0.99778036937992,0.997904939674667,0.996214927397694,0.999685509322221,0.982808161729334,0.322093954245406,2.11554320610131
-1.11214475878923,1.37774317499893,0,1,1,1,26,26,26pz03,M-O,1,0.4965,0.0509,0.993832586333786,0.993584608269984,0.986862673579262,0.996329864549114,0.915858701948094,0.993832586333786,0.993584608269984,0.986862673579262,0.996329864549114,0.915858701948094,1.11214475878923,1.37774317499893
1.64127543965397,2.08188892794717,1,1,1,1,26,26,26pz03,M-O,1,0.5101,0.0679,0.999392463840473,0.999458554300232,0.998770694199895,0.999644296515604,0.981323691825072,0.999392463840473,0.999458554300232,0.998770694199895,0.999644296515604,0.981323691825072,1.64127543965397,2.08188892794717
0.211278467729976,-0.0049517960122269,1,1,1,1,26,26,26pz03,M-O,1,0.7058,0.2261,0.881974489272949,0.859018798506032,0.769374238091331,0.904598571367462,0.501975472720005,0.881974489272949,0.859018798506032,0.769374238091331,0.904598571367462,0.501975472720005,0.211278467729976,0.0049517960122269
-1.53684908749191,1.6363714817415,0,1,1,1,26,26,26pz03,M-O,1,0.3903,0.2446,0.997791696653019,0.997952946738365,0.995401663570757,0.998356964407537,0.949119068006314,0.997791696653019,0.997952946738365,0.995401663570757,0.998356964407537,0.949119068006314,1.53684908749191,1.6363714817415
-1.54930920200441,1.67817532929859,0,1,1,1,26,26,26pz03,M-O,1,0.2855,0.2353,0.998037482851667,0.998186980605123,0.995919854724168,0.998565477823444,0.953343561779345,0.998037482851667,0.998186980605123,0.995919854724168,0.998565477823444,0.953343561779345,1.54930920200441,1.67817532929859
0.0206652265706596,1.75276110673571,0,1,1,1,26,26,26pz03,M-O,1,1.3015,0.3729,0.993438232165438,0.993349055570038,0.988538523049287,0.998878507501814,0.960178489112472,0.993438232165438,0.993349055570038,0.988538523049287,0.998878507501814,0.960178489112472,0.0206652265706596,1.75276110673571
-0.997352639982575,1.43120894158897,0,1,1,1,26,26,26pz03,M-O,1,0.3648,0.116,0.993903304370999,0.99356408285416,0.987127466193,0.996875912042599,0.923814829164401,0.993903304370999,0.99356408285416,0.987127466193,0.996875912042599,0.923814829164401,0.997352639982575,1.43120894158897
1.89551479747287,1.03041082269864,1,1,1,1,26,26,26pz03,M-O,1,0.5941,0.0061,0.992796528644451,0.995353465840251,0.988178316734315,0.990193411244215,0.848591402552564,0.992796528644451,0.995353465840251,0.988178316734315,0.990193411244215,0.848591402552564,1.89551479747287,1.03041082269864
2.66114906794311,2.24331927172612,1,1,1,1,26,26,26pz03,M-O,1,0.4066,0.276,0.999890924723737,0.999954167860487,0.999863710179339,0.999804863342327,0.987561883251105,0.999890924723737,0.999954167860487,0.999863710179339,0.999804863342327,0.987561883251105,2.66114906794311,2.24331927172612
0.0413437144850222,0.939755471790916,0,1,1,1,26,26,26pz03,M-O,1,0.9623,0.1635,0.96819758117765,0.962456065176368,0.937024140261576,0.987551960844628,0.826328497987477,0.96819758117765,0.962456065176368,0.937024140261576,0.987551960844628,0.826328497987477,0.0413437144850222,0.939755471790916
1.32367507399492,-2.25384269015587,0,0,0,1,26,26,26pz03,M-O,1,0.4247,0.5158,0.171615997245806,0.130344060051995,0.0508036985683331,0.170907099880059,0.0121030330500296,0.828384002754194,0.869655939948005,0.949196301431667,0.829092900119941,0.98789696694997,1.32367507399492,2.25384269015587
-1.03738407171423,2.23668483353612,0,1,1,1,26,26,26pz03,M-O,1,0.8223,0.1147,0.999172626314525,0.999231364723222,0.9984533429391,0.999799891585275,0.987346527028453,0.999172626314525,0.999231364723222,0.9984533429391,0.999799891585275,0.987346527028453,1.03738407171423,2.23668483353612
-1.55381605193446,0.142337323112602,0,1,1,1,26,26,26pz03,M-O,1,0.3305,0.2124,0.943824833036996,0.9637469419625,0.916001714365763,0.925854342006971,0.556593216472452,0.943824833036996,0.9637469419625,0.916001714365763,0.925854342006971,0.556593216472452,1.55381605193446,0.142337323112602
-1.55381605193446,0.289901920639784,0,1,1,1,26,26,26pz03,M-O,1,0.348,0.0061,0.95736655647426,0.970973807002263,0.932765019153192,0.944437609602182,0.614054363881023,0.95736655647426,0.970973807002263,0.932765019153192,0.944437609602182,0.614054363881023,1.55381605193446,0.289901920639784
1.01482329937655,0.277918610137421,1,1,1,1,26,26,26pz03,M-O,1,0.5865,0.1801,0.944845937716369,0.946159455608666,0.893678098064625,0.943080934190332,0.609462581180216,0.944845937716369,0.946159455608666,0.893678098064625,0.943080934190332,0.609462581180216,1.01482329937655,0.277918610137421
0.810159290788246,0.165477508910269,1,1,1,1,26,26,26pz03,M-O,1,0.5783,0.2269,0.927218841176261,0.924183742403914,0.858266300718751,0.929047450046071,0.56571592446458,0.927218841176261,0.924183742403914,0.858266300718751,0.929047450046071,0.56571592446458,0.810159290788246,0.165477508910269
0.13201093072492,-0.916073655261813,1,1,0,0,26,26,26pz03,M-O,1,0.7611,0.6909,0.643447643078914,0.602105973512039,0.434542633160518,0.650689369724368,0.179814132195659,0.356552356921086,0.397894026487961,0.565457366839482,0.349310630275632,0.820185867804341,0.13201093072492,0.916073655261813
2.3194237997173,1.26403946442766,1,1,1,1,26,26,26pz03,M-O,1,0.4442,0.387,0.996927948032801,0.99870627745567,0.996234200685612,0.994875237353449,0.89689206874994,0.996927948032801,0.99870627745567,0.996234200685612,0.994875237353449,0.89689206874994,2.3194237997173,1.26403946442766
-0.362151908664463,0.0868743381054969,0,1,1,1,26,26,26pz03,M-O,1,1.2248,0.1635,0.900618800791108,0.883671423442375,0.803234639984261,0.917755340486956,0.534614301195498,0.900618800791108,0.883671423442375,0.803234639984261,0.917755340486956,0.534614301195498,0.362151908664463,0.0868743381054969
0.777285797180798,1.68331759280919,1,1,1,1,26,26,26pz03,M-O,1,0.4789,0.1326,0.995744400548284,0.995582383623764,0.991503361705089,0.998589385118141,0.953843186759596,0.995744400548284,0.995582383623764,0.991503361705089,0.998589385118141,0.953843186759596,0.777285797180798,1.68331759280919
-0.155101920701422,-1.44138801201578,1,1,0,0,26,26,26pz03,M-O,1,0.5085,1.2355,0.464252616411155,0.4509140804854,0.267152940052467,0.445068021354126,0.0747375475592945,0.535747383588845,0.5490859195146,0.732847059947533,0.554931978645874,0.925262452440705,0.155101920701422,1.44138801201578
-0.262205883745044,0.350093951553952,0,1,1,1,26,26,26pz03,M-O,1,1.3494,0.4183,0.928568949087173,0.913634638582621,0.854322514744275,0.950870163199122,0.636865905009636,0.928568949087173,0.913634638582621,0.854322514744275,0.950870163199122,0.636865905009636,0.262205883745044,0.350093951553952
-0.852338115762623,1.87576221338641,0,1,1,1,26,26,26pz03,M-O,1,0.4708,0.0061,0.997475274862184,0.997473252585734,0.995071237705587,0.999261125832375,0.969656030602704,0.997475274862184,0.997473252585734,0.995071237705587,0.999261125832375,0.969656030602704,0.852338115762623,1.87576221338641
1.2913317980263,2.24008240049847,1,1,1,1,26,26,26pz03,M-O,1,0.4063,0.2293,0.999389312379041,0.99943857785623,0.998818164634106,0.999802452274578,0.987457213059287,0.999389312379041,0.99943857785623,0.998818164634106,0.999802452274578,0.987457213059287,1.2913317980263,2.24008240049847
2.51427878198726,2.25415475555202,1,1,1,1,26,26,26pz03,M-O,1,0.6351,0.1026,0.999879017640545,0.999936379717526,0.999821569700374,0.999812735820276,0.987906783003208,0.999879017640545,0.999936379717526,0.999821569700374,0.999812735820276,0.987906783003208,2.51427878198726,2.25415475555202
-0.934256740961828,2.07837657831716,0,1,1,1,26,26,26pz03,M-O,1,0.2475,0.665,0.998597258782386,0.998652263383344,0.997333490970669,0.999639717665951,0.981162655889182,0.998597258782386,0.998652263383344,0.997333490970669,0.999639717665951,0.981162655889182,0.934256740961828,2.07837657831716
0.875110951544898,1.30639426878946,1,1,1,1,26,26,26pz03,M-O,1,0.7395,0.1625,0.991144902793259,0.990403877773637,0.981279437429821,0.995468257784239,0.904290743077015,0.991144902793259,0.990403877773637,0.981279437429821,0.995468257784239,0.904290743077015,0.875110951544898,1.30639426878946
-0.322120476932812,0.907386759514418,0,1,1,1,26,26,26pz03,M-O,1,0.4624,0.3929,0.971603729278878,0.966589323905568,0.941555942470027,0.986469705463298,0.817898845643554,0.971603729278878,0.966589323905568,0.941555942470027,0.986469705463298,0.817898845643554,0.322120476932812,0.907386759514418
-0.0053154377320011,1.13174096169755,0,1,1,1,26,26,26pz03,M-O,1,1.043,1.0625,0.976806270399009,0.97340952363815,0.955254196555924,0.992554041491947,0.871128322491311,0.976806270399009,0.97340952363815,0.955254196555924,0.992554041491947,0.871128322491311,0.0053154377320011,1.13174096169755
1.97451722565851,1.00398785260626,1,1,1,1,26,26,26pz03,M-O,1,0.314,0.739,0.992663036212703,0.995699410516396,0.98874522659652,0.989479383629482,0.842307765631657,0.992663036212703,0.995699410516396,0.98874522659652,0.989479383629482,0.842307765631657,1.97451722565851,1.00398785260626
0.81307548780181,0.980893579875657,1,1,1,1,26,26,26pz03,M-O,1,0.7508,0.4979,0.98224072392125,0.980226471150318,0.962081310042462,0.988818627578974,0.83667738809895,0.98224072392125,0.980226471150318,0.962081310042462,0.988818627578974,0.83667738809895,0.81307548780181,0.980893579875657
2.44826668595294,0.714322312531904,1,1,1,1,26,26,26pz03,M-O,1,0.472,0.7234,0.987328689321793,0.996854251930695,0.989795474492672,0.978182398403529,0.762486050907057,0.987328689321793,0.996854251930695,0.989795474492672,0.978182398403529,0.762486050907057,2.44826668595294,0.714322312531904
-0.0305007755764171,1.74571345094218,0,1,1,1,26,26,26pz03,M-O,1,0.7504,0.2264,0.993376875017671,0.993273784861657,0.98839686627656,0.998851860635166,0.9595696217004,0.993376875017671,0.993273784861657,0.98839686627656,0.998851860635166,0.9595696217004,0.0305007755764171,1.74571345094218
-1.79029311885256,0.332578116470996,0,1,1,1,26,26,26pz03,M-O,1,0.6616,0.2755,0.963974214857414,0.980404943555491,0.950655784449779,0.949062839370505,0.630273617791628,0.963974214857414,0.980404943555491,0.950655784449779,0.949062839370505,0.630273617791628,1.79029311885256,0.332578116470996
-1.26590787404987,2.17871958637431,0,1,1,1,26,26,26pz03,M-O,1,0.4769,0.2265,0.999255560944656,0.999307171285469,0.998547105189536,0.999751135414531,0.985323747088244,0.999255560944656,0.999307171285469,0.998547105189536,0.999751135414531,0.985323747088244,1.26590787404987,2.17871958637431
2.58532794559045,0.183727953066166,1,1,1,1,26,26,26pz03,M-O,1,0.2618,0.5623,0.957846076903876,0.993875429513999,0.977442703283369,0.931490468102695,0.572886560595686,0.957846076903876,0.993875429513999,0.977442703283369,0.931490468102695,0.572886560595686,2.58532794559045,0.183727953066166
1.37722705551673,0.980595144939774,1,1,1,1,26,26,26pz03,M-O,1,0.6845,0.0173,0.988410090542657,0.989182606167777,0.97636353407985,0.988809858035762,0.836603785255907,0.988410090542657,0.989182606167777,0.97636353407985,0.988809858035762,0.836603785255907,1.37722705551673,0.980595144939774
2.23061234521331,2.1195146864019,1,1,1,1,26,26,26pz03,M-O,1,0.3312,0.035,0.999741853587333,0.999828397716696,0.999548314371065,0.999690068207058,0.982976503037238,0.999741853587333,0.999828397716696,0.999548314371065,0.999690068207058,0.982976503037238,2.23061234521331,2.1195146864019
-1.91144784932517,2.15902288060605,0,1,1,1,26,26,26pz03,M-O,1,0.3319,0.0837,0.999657075502013,0.999720882210427,0.99932680881792,0.999732189027004,0.984575804061873,0.999657075502013,0.999720882210427,0.99932680881792,0.999732189027004,0.984575804061873,1.91144784932517,2.15902288060605
0.319973083690087,0.0537710167560574,1,1,1,1,26,26,26pz03,M-O,1,0.3792,0.1324,0.894149261052213,0.875466469734592,0.791478900273968,0.912613678069448,0.521441199310565,0.894149261052213,0.875466469734592,0.791478900273968,0.912613678069448,0.521441199310565,0.319973083690087,0.0537710167560574
0.670446942956591,0.763816598821357,1,1,1,1,26,26,26pz03,M-O,1,0.5292,0.0061,0.970848835018273,0.966663454008354,0.938208628747125,0.980636340591522,0.777511728138028,0.970848835018273,0.966663454008354,0.938208628747125,0.980636340591522,0.777511728138028,0.670446942956591,0.763816598821357
2.12006196751729,1.0523802252863,1,1,1,1,26,26,26pz03,M-O,1,0.4655,0.0061,0.993994636066679,0.996989131507865,0.991725328416817,0.990754490754926,0.853687431206563,0.993994636066679,0.996989131507865,0.991725328416817,0.990754490754926,0.853687431206563,2.12006196751729,1.0523802252863
2.76348107223727,1.43763677097721,1,1,1,1,26,26,26pz03,M-O,1,0.4175,0.0061,0.998462109773462,0.999679419236587,0.998901791934083,0.99693637447521,0.924731429012784,0.998462109773462,0.999679419236587,0.998901791934083,0.99693637447521,0.924731429012784,2.76348107223727,1.43763677097721
-2.3602770805946,0.69632439024483,0,1,1,1,26,26,26pz03,M-O,1,0.4231,0.1149,0.986483113250492,0.99611172822818,0.987866301864954,0.9772272004237,0.756887148991099,0.986483113250492,0.99611172822818,0.987866301864954,0.9772272004237,0.756887148991099,2.3602770805946,0.69632439024483
-0.211835208056212,-0.73988226042343,1,1,0,0,26,26,26pz03,M-O,1,0.6307,0.2596,0.69149212956394,0.640678918634734,0.486417840839664,0.713409773624518,0.229685719646692,0.30850787043606,0.359321081365266,0.513582159160336,0.286590226375482,0.770314280353308,0.211835208056212,0.73988226042343
0.858143987102344,1.83469297490225,1,1,1,1,26,26,26pz03,M-O,1,0.6543,0.1633,0.997228685454369,0.997205828854644,0.99454512304735,0.999149327383826,0.966724403109987,0.997228685454369,0.997205828854644,0.99454512304735,0.999149327383826,0.966724403109987,0.858143987102344,1.83469297490225
-2.43636331176668,1.175771593007,0,1,1,1,26,26,26pz03,M-O,1,0.3049,0.0061,0.996262550995461,0.998760870803841,0.996189467179532,0.993412943272536,0.880156919582482,0.996262550995461,0.998760870803841,0.996189467179532,0.993412943272536,0.880156919582482,2.43636331176668,1.175771593007
-0.419680522477498,0.925269899133845,0,1,1,1,26,26,26pz03,M-O,1,1.0099,0.2328,0.974143907275086,0.969800083405074,0.946264751648968,0.987077265040599,0.822587233931689,0.974143907275086,0.969800083405074,0.946264751648968,0.987077265040599,0.822587233931689,0.419680522477498,0.925269899133845
2.54582673149763,0.681379686917171,1,1,1,1,26,26,26pz03,M-O,1,0.2394,0.0217,0.986500779975766,0.997267463397864,0.990675775790042,0.976407487483543,0.752184363665213,0.986500779975766,0.997267463397864,0.990675775790042,0.976407487483543,0.752184363665213,2.54582673149763,0.681379686917171
2.80298228633009,0.288088354490959,1,1,1,1,26,26,26pz03,M-O,1,0.3084,0.0356,0.966853692964471,0.99681215266553,0.986818513698349,0.944233943814152,0.613360446656573,0.966853692964471,0.99681215266553,0.986818513698349,0.944233943814152,0.613360446656573,2.80298228633009,0.288088354490959
0.681051295733188,-0.760703836334624,0,0,0,1,26,26,26pz03,M-O,1,2.0658,1.779,0.654798816218005,0.577276192844573,0.433904834526484,0.706280889654181,0.22341699144802,0.345201183781995,0.422723807155427,0.566095165473516,0.293719110345819,0.77658300855198,0.681051295733188,0.760703836334624
1.91884437358138,0.857823603624377,1,1,1,1,26,26,26pz03,M-O,1,0.3818,0.2756,0.989232119286299,0.993679935529069,0.983653190639907,0.984655402452113,0.804505062943697,0.989232119286299,0.993679935529069,0.983653190639907,0.984655402452113,0.804505062943697,1.91884437358138,0.857823603624377
0.615039199698876,0.164536291035562,1,1,1,1,26,26,26pz03,M-O,1,0.8167,0.7875,0.920423289878554,0.911588635560938,0.841864764181943,0.928919666438573,0.565345510041786,0.920423289878554,0.911588635560938,0.841864764181943,0.928919666438573,0.565345510041786,0.615039199698876,0.164536291035562
2.18580895473219,0.785235044604316,1,1,1,1,26,26,26pz03,M-O,1,0.2699,0.0354,0.988560477013533,0.995425427605483,0.986851876936684,0.981623216315257,0.783842114036974,0.988560477013533,0.995425427605483,0.986851876936684,0.981623216315257,0.783842114036974,2.18580895473219,0.785235044604316
0.528348615750202,1.24505441119882,1,1,1,1,26,26,26pz03,M-O,1,0.3505,0.324,0.986785182902316,0.985190779759619,0.972900122436986,0.994587693845091,0.893444124882346,0.986785182902316,0.985190779759619,0.972900122436986,0.994587693845091,0.893444124882346,0.528348615750202,1.24505441119882
-0.989664484219543,0.134876449715537,0,1,1,1,26,26,26pz03,M-O,1,0.3901,0.0818,0.929356710186485,0.932366790968182,0.867935609542653,0.924801753640156,0.553645220104662,0.929356710186485,0.932366790968182,0.867935609542653,0.924801753640156,0.553645220104662,0.989664484219543,0.134876449715537
1.93607644684335,1.63164243583444,1,1,1,1,26,26,26pz03,M-O,1,0.3891,0.2764,0.998523897734246,0.998893273068297,0.997237527750936,0.99833171530424,0.948622583437833,0.998523897734246,0.998893273068297,0.997237527750936,0.99833171530424,0.948622583437833,1.93607644684335,1.63164243583444
0.449611296383976,0.306545407448622,1,1,1,1,26,26,26pz03,M-O,1,1.0792,0.4829,0.930463165699899,0.918506037436104,0.858041442937746,0.946279385033892,0.620405293708998,0.930463165699899,0.918506037436104,0.858041442937746,0.946279385033892,0.620405293708998,0.449611296383976,0.306545407448622
0.672832922331326,0.387995188411043,1,1,1,1,26,26,26pz03,M-O,1,1.2857,0.4544,0.945287908335215,0.938587876809969,0.887631964720341,0.954605575603633,0.650990202834542,0.945287908335215,0.938587876809969,0.887631964720341,0.954605575603633,0.650990202834542,0.672832922331326,0.387995188411043
2.02700877190266,1.07760945563515,1,1,1,1,26,26,26pz03,M-O,1,0.547,0.0061,0.994078288281358,0.996628732584572,0.991053401474975,0.991363989159479,0.859395959665542,0.994078288281358,0.996628732584572,0.991053401474975,0.991363989159479,0.859395959665542,2.02700877190266,1.07760945563515
-1.93265655487836,2.14389452501016,0,1,1,1,26,26,26pz03,M-O,1,0.2653,0.0497,0.999651388969625,0.999719058807353,0.999318304066905,0.999716733522643,0.983979330504153,0.999651388969625,0.999719058807353,0.999318304066905,0.999716733522643,0.983979330504153,1.93265655487836,2.14389452501016
1.06095223395475,2.03694003529654,1,1,1,1,26,26,26pz03,M-O,1,1.205,0.0827,0.998635021517517,0.998682809413095,0.997335767727858,0.999581403560498,0.979171974247653,0.998635021517517,0.998682809413095,0.997335767727858,0.999581403560498,0.979171974247653,1.06095223395475,2.03694003529654
-2.18318438922544,1.56791509875674,0,1,1,1,26,26,26pz03,M-O,1,0.2978,0.0207,0.998585215058017,0.999175104675296,0.997769143828235,0.997955229109445,0.941549526199765,0.998585215058017,0.999175104675296,0.997769143828235,0.997955229109445,0.941549526199765,2.18318438922544,1.56791509875674
-0.70520272098735,1.51146498280786,0,1,1,1,26,26,26pz03,M-O,1,0.3709,0.0181,0.993365405087046,0.992898363350001,0.986536289487551,0.99755901958344,0.934664988095311,0.993365405087046,0.992898363350001,0.986536289487551,0.99755901958344,0.934664988095311,0.70520272098735,1.51146498280786
-0.87275149485757,0.200394396408533,0,1,1,1,26,26,26pz03,M-O,1,0.4315,0.0061,0.933054624844734,0.931517559661665,0.869845589586758,0.933664289093953,0.57941392918674,0.933054624844734,0.931517559661665,0.869845589586758,0.933664289093953,0.57941392918674,0.87275149485757,0.200394396408533
0.878822475016707,-0.0145246704939997,1,1,1,1,26,26,26pz03,M-O,1,0.5836,0.0062,0.910713526133602,0.912329761642169,0.834449570235567,0.906211450558816,0.505794301434755,0.910713526133602,0.912329761642169,0.834449570235567,0.906211450558816,0.505794301434755,0.878822475016707,0.0145246704939997
-1.17656620190705,0.843866031238483,0,1,1,1,26,26,26pz03,M-O,1,0.3814,0.0193,0.982232578789235,0.982209402114419,0.963054276940443,0.984108213907947,0.800627864048901,0.982232578789235,0.982209402114419,0.963054276940443,0.984108213907947,0.800627864048901,1.17656620190705,0.843866031238483
0.224799017520136,-0.0179681505234143,1,1,1,1,26,26,26pz03,M-O,1,0.2915,0.1306,0.884600032894731,0.862310245405923,0.774006655341358,0.906786672801761,0.507167869245938,0.884600032894731,0.862310245405923,0.774006655341358,0.906786672801761,0.507167869245938,0.224799017520136,0.0179681505234143
-0.785795802089481,1.71270195572686,0,1,1,1,26,26,26pz03,M-O,1,0.407,0.0678,0.996051771381576,0.995923272609818,0.99214554857337,0.998719155877454,0.956616307417522,0.996051771381576,0.995923272609818,0.99214554857337,0.998719155877454,0.956616307417522,0.785795802089481,1.71270195572686
-1.40270402486797,1.00988768172333,0,1,1,1,26,26,26pz03,M-O,1,0.2327,0.475,0.989323325625662,0.990114922625834,0.978261992766011,0.989642628105456,0.843725447486147,0.989323325625662,0.990114922625834,0.978261992766011,0.989642628105456,0.843725447486147,1.40270402486797,1.00988768172333
1.0246323256949,2.16122670782488,1,1,1,1,26,26,26pz03,M-O,1,0.27,0.0061,0.998973212427377,0.999031248469886,0.998054140727352,0.999734373798824,0.984661084356757,0.998973212427377,0.999031248469886,0.998054140727352,0.999734373798824,0.984661084356757,1.0246323256949,2.16122670782488
-0.940884461447201,0.985852191118013,0,1,1,1,26,26,26pz03,M-O,1,0.3198,0.0198,0.984011059980979,0.982636817777928,0.965801802383963,0.988963464884894,0.837897174823006,0.984011059980979,0.982636817777928,0.965801802383963,0.988963464884894,0.837897174823006,0.940884461447201,0.985852191118013
-0.982771654914755,1.14494096847697,0,1,1,1,26,26,26pz03,M-O,1,0.3549,0.2425,0.988723893182826,0.987874765154225,0.975861748078572,0.992821341692377,0.873883194217592,0.988723893182826,0.987874765154225,0.975861748078572,0.992821341692377,0.873883194217592,0.982771654914755,1.14494096847697
-1.11320519406689,0.689919517390119,0,1,1,1,26,26,26pz03,M-O,1,0.3666,0.6116,0.975018507366357,0.974859563614706,0.948669404382376,0.976878881476139,0.754877599342651,0.975018507366357,0.974859563614706,0.948669404382376,0.976878881476139,0.754877599342651,1.11320519406689,0.689919517390119
1.37934792607205,1.19266760168466,1,1,1,1,26,26,26pz03,M-O,1,0.3916,0.4187,0.992705015296921,0.993009869933906,0.984755927465675,0.993718516236136,0.88350021056695,0.992705015296921,0.993009869933906,0.984755927465675,0.993718516236136,0.88350021056695,1.37934792607205,1.19266760168466
-1.65190631511798,1.21587665708291,0,1,1,1,26,26,26pz03,M-O,1,0.3651,0.259,0.994504352272217,0.995416455026414,0.989258119534416,0.994117782857423,0.887984044247549,0.994504352272217,0.995416455026414,0.989258119534416,0.994117782857423,0.887984044247549,1.65190631511798,1.21587665708291
-1.59596835422143,1.65925914567034,0,1,1,1,26,26,26pz03,M-O,1,0.3493,0.227,0.998043112406117,0.998223488447851,0.995954279573558,0.998474315740484,0.951468208051824,0.998043112406117,0.998223488447851,0.995954279573558,0.998474315740484,0.951468208051824,1.59596835422143,1.65925914567034
1.78390398449919,1.14243870632226,1,1,1,1,26,26,26pz03,M-O,1,0.1685,0.4019,0.994085763977299,0.995606341781524,0.9892670251804,0.9927713307714,0.873364144959298,0.994085763977299,0.995606341781524,0.9892670251804,0.9927713307714,0.873364144959298,1.78390398449919,1.14243870632226
0.401626600069878,0.132603752896123,1,0,1,0,26,26,26pz03,M-O,1,1.2198,0.8189,0.908358631970553,0.893114874314966,0.817316269104472,0.924478865706223,0.55274661787348,0.908358631970553,0.893114874314966,0.817316269104472,0.924478865706223,0.55274661787348,0.401626600069878,0.132603752896123
-1.15747836690918,-1.80058889215079,1,1,0,0,26,26,26pz03,M-O,1,0.8371,0.2908,0.297086072105902,0.229324036096016,0.115264933218807,0.309477140722638,0.0358838506198741,0.702913927894098,0.770675963903984,0.884735066781193,0.690522859277362,0.964116149380126,1.15747836690918,1.80058889215079
0.958090012021763,0.915559285450896,1,1,1,1,26,26,26pz03,M-O,1,0.3475,0.4369,0.981917094053117,0.980470976432534,0.961430266030892,0.98675035128325,0.820050952926565,0.981917094053117,0.980470976432534,0.961430266030892,0.98675035128325,0.820050952926565,0.958090012021763,0.915559285450896
-0.290042309783609,-1.13714507315023,1,0,0,1,26,26,26pz03,M-O,1,5.7098,0.9142,0.561582140916956,0.51556153667377,0.343982998155345,0.565965150654552,0.127738822072487,0.438417859083044,0.48443846332623,0.656017001844655,0.434034849345448,0.872261177927513,0.290042309783609,1.13714507315023
0.700404239550476,0.421373988162835,1,1,1,1,26,26,26pz03,M-O,1,0.535,0.1638,0.948914760106297,0.942887243153113,0.89473941929357,0.957702907252157,0.663258994802933,0.948914760106297,0.942887243153113,0.89473941929357,0.957702907252157,0.663258994802933,0.700404239550476,0.421373988162835
2.46682430331199,1.04335830760924,1,1,1,1,26,26,26pz03,M-O,1,0.203,0.1795,0.994662818489588,0.998449486355445,0.995101783940816,0.990527571525586,0.85160881224226,0.994662818489588,0.998449486355445,0.995101783940816,0.990527571525586,0.85160881224226,2.46682430331199,1.04335830760924
1.10575562443587,0.238984329271506,1,1,1,1,26,26,26pz03,M-O,1,0.3246,0.212,0.943517576946954,0.947814957600398,0.894550583297456,0.938492391690524,0.594441132928504,0.943517576946954,0.947814957600398,0.894550583297456,0.938492391690524,0.594441132928504,1.10575562443587,0.238984329271506
-0.172068885143976,-0.358161020896052,1,0,0,1,26,26,26pz03,M-O,1,1.0195,0.4834,0.792403518731707,0.746952126573114,0.622678560680974,0.827694791696114,0.360111407845843,0.207596481268293,0.253047873426886,0.377321439319026,0.172305208303886,0.639888592154157,0.172068885143976,0.358161020896052
-0.113744944872697,1.76297676415631,0,1,1,1,26,26,26pz03,M-O,1,1.0877,0.3246,0.993975656597016,0.993886286932459,0.989335432214185,0.998916127356501,0.961047795659633,0.993975656597016,0.993886286932459,0.989335432214185,0.998916127356501,0.961047795659633,0.113744944872697,1.76297676415631
2.29211759131756,0.327573592161581,1,1,1,1,26,26,26pz03,M-O,1,0.222,0.2004,0.967863588645976,0.991416118857887,0.973229210800909,0.948536853437849,0.628382954212887,0.967863588645976,0.991416118857887,0.973229210800909,0.948536853437849,0.628382954212887,2.29211759131756,0.327573592161581
0.692981192606859,0.212262924243249,1,1,1,1,26,26,26pz03,M-O,1,1.5753,0.1971,0.928588729691467,0.921962513210074,0.85768834148075,0.935179472223847,0.584049040739855,0.928588729691467,0.921962513210074,0.85768834148075,0.935179472223847,0.584049040739855,0.692981192606859,0.212262924243249
0.0259674029589577,-1.75949669713311,1,1,0,0,26,26,26pz03,M-O,1,0.7774,0.5641,0.359314993624927,0.389475961364665,0.199416810239163,0.324108431743303,0.0392465903749699,0.640685006375073,0.610524038635335,0.800583189760837,0.675891568256697,0.96075340962503,0.0259674029589577,1.75949669713311
1.90081697386117,1.50976619932669,1,1,1,1,26,26,26pz03,M-O,1,0.2903,0.0061,0.997883168362773,0.998416362778557,0.996061878549145,0.997546086437573,0.934448453665592,0.997883168362773,0.998416362778557,0.996061878549145,0.997546086437573,0.934448453665592,1.90081697386117,1.50976619932669
-0.94353554964135,0.629865225677128,0,1,1,1,26,26,26pz03,M-O,1,0.454,0.0061,0.968940392809576,0.96698349154178,0.935343276222149,0.973389363656969,0.735608616887181,0.968940392809576,0.96698349154178,0.935343276222149,0.973389363656969,0.735608616887181,0.94353554964135,0.629865225677128
-2.18848656561374,0.0503275367266428,0,1,1,1,26,26,26pz03,M-O,1,0.322,0.2759,0.942282623803196,0.983889890860812,0.951350294095201,0.912065350077163,0.520069309782789,0.942282623803196,0.983889890860812,0.951350294095201,0.912065350077163,0.520069309782789,2.18848656561374,0.0503275367266428
-1.42762425389297,1.65925914567034,0,1,1,1,26,26,26pz03,M-O,1,0.2701,0.0496,0.997653945147924,0.997751143294487,0.995078656562823,0.998474315740484,0.951468208051824,0.997653945147924,0.997751143294487,0.995078656562823,0.998474315740484,0.951468208051824,1.42762425389297,1.65925914567034
0.601783758728131,2.21017003730963,1,1,1,1,26,26,26pz03,M-O,1,0.8853,0.0062,0.998627024622867,0.998721197477314,0.997595925723697,0.999778816177679,0.986453318199348,0.998627024622867,0.998721197477314,0.997595925723697,0.999778816177679,0.986453318199348,0.601783758728131,2.21017003730963
2.78813619244285,1.72597083210687,1,1,1,1,26,26,26pz03,M-O,1,0.2615,0.3245,0.999399066635658,0.999854939331243,0.999517681998692,0.998774097179425,0.957823669846904,0.999399066635658,0.999854939331243,0.999517681998692,0.998774097179425,0.957823669846904,2.78813619244285,1.72597083210687
0.426546829094879,-1.09492800798961,0,1,0,0,26,26,26pz03,M-O,1,0.6153,1.5551,0.567149718814688,0.508368832042319,0.343784081947615,0.582513540130272,0.136774088779087,0.432850281185312,0.491631167957681,0.656215918052385,0.417486459869728,0.863225911220913,0.426546829094879,1.09492800798961
1.43926251925982,0.245526941327394,1,1,1,1,26,26,26pz03,M-O,1,0.2366,0.2271,0.951558386765574,0.964167123590575,0.920071342176334,0.939283039548695,0.596975774852325,0.951558386765574,0.964167123590575,0.920071342176334,0.939283039548695,0.596975774852325,1.43926251925982,0.245526941327394
-0.135748976884134,1.29475530629004,0,1,1,1,26,26,26pz03,M-O,1,0.3995,0.3153,0.984224267197967,0.982385427908947,0.969623928392461,0.995311728919182,0.902297672831353,0.984224267197967,0.982385427908947,0.969623928392461,0.995311728919182,0.902297672831353,0.135748976884134,1.29475530629004
-0.698575000501978,1.00063619871097,0,1,1,1,26,26,26pz03,M-O,1,0.3336,0.0117,0.98139419737415,0.97894737913865,0.960511513177625,0.989385650578713,0.841498638562898,0.98139419737415,0.97894737913865,0.960511513177625,0.989385650578713,0.841498638562898,0.698575000501978,1.00063619871097
1.80087094894175,1.36238525406774,1,1,1,1,26,26,26pz03,M-O,1,0.2177,0.0761,0.996613676694808,0.997365213954373,0.993591292601441,0.99615791722457,0.913461832539364,0.996613676694808,0.997365213954373,0.993591292601441,0.99615791722457,0.913461832539364,1.80087094894175,1.36238525406774
-1.72799254629005,0.135128971584361,0,1,1,1,26,26,26pz03,M-O,1,0.2655,0.0061,0.946006969409315,0.970932761316565,0.928237910925986,0.924837565006686,0.553745047879782,0.946006969409315,0.970932761316565,0.928237910925986,0.924837565006686,0.553745047879782,1.72799254629005,0.135128971584361
2.03469692766569,1.47976201000372,1,1,1,1,26,26,26pz03,M-O,1,0.2749,0.3709,0.997958367031111,0.998652464602016,0.996504030443732,0.997307208716519,0.930531614806142,0.997958367031111,0.998652464602016,0.996504030443732,0.997307208716519,0.930531614806142,2.03469692766569,1.47976201000372
-1.93954938418315,-0.0511173849399126,0,1,1,1,26,26,26pz03,M-O,1,0.2344,0.5139,0.939859590650453,0.975845099551324,0.934918891829755,0.912191349020275,0.520384008538052,0.939859590650453,0.975845099551324,0.934918891829755,0.912191349020275,0.520384008538052,1.93954938418315,0.0511173849399126
-0.606582240165006,-0.0099792768551723,0,1,1,1,26,26,26pz03,M-O,1,0.4568,0.2739,0.899838230089263,0.890995050475109,0.807016064575286,0.905448150538056,0.503981089388478,0.899838230089263,0.890995050475109,0.807016064575286,0.905448150538056,0.503981089388478,0.606582240165006,0.0099792768551723
2.07340281530027,1.08086928339633,1,1,1,1,26,26,26pz03,M-O,1,0.3555,0.3085,0.994278968370946,0.996915458319687,0.991680950770969,0.991440112217473,0.860122368050479,0.994278968370946,0.996915458319687,0.991680950770969,0.991440112217473,0.860122368050479,2.07340281530027,1.08086928339633
-1.82343172127942,1.68921742192625,0,1,1,1,26,26,26pz03,M-O,1,0.3137,0.1783,0.998581759857777,0.998841952043601,0.997206889378352,0.998616365942619,0.954411114250399,0.998581759857777,0.998841952043601,0.997206889378352,0.998616365942619,0.954411114250399,1.82343172127942,1.68921742192625
1.89206838282047,0.788150524362554,1,1,1,1,26,26,26pz03,M-O,1,0.2354,0.1787,0.987151207358777,0.992453052876044,0.980598937904449,0.981754178613477,0.784695667543569,0.987151207358777,0.992453052876044,0.980598937904449,0.981754178613477,0.784695667543569,1.89206838282047,0.788150524362554
-1.41595946583871,2.19534011664961,0,1,1,1,26,26,26pz03,M-O,1,0.2775,0.0061,0.999407929623094,0.999457726009932,0.998829732432649,0.999766142713374,0.985930395376938,0.999407929623094,0.999457726009932,0.998829732432649,0.999766142713374,0.985930395376938,1.41595946583871,2.19534011664961
-2.08403369076427,1.42748998315721,0,1,1,1,26,26,26pz03,M-O,1,0.2475,0.0061,0.997735424469922,0.998605145893221,0.996311096871125,0.99684044166357,0.923280644794327,0.997735424469922,0.998605145893221,0.996311096871125,0.99684044166357,0.923280644794327,2.08403369076427,1.42748998315721
1.62801999868323,1.43359642107604,1,1,1,1,26,26,26pz03,M-O,1,0.3083,0.0082,0.996679474331458,0.997085563676831,0.993261054313793,0.996898493800954,0.924156267289304,0.996679474331458,0.997085563676831,0.993261054313793,0.996898493800954,0.924156267289304,1.62801999868323,1.43359642107604
0.7293011008667,0.811359579760809,1,1,1,1,26,26,26pz03,M-O,1,0.7463,0.26,0.974231969982586,0.97083177953562,0.945220396944771,0.982768635291821,0.791420397891742,0.974231969982586,0.97083177953562,0.945220396944771,0.982768635291821,0.791420397891742,0.7293011008667,0.811359579760809
1.72080808547844,1.19950864867643,1,1,1,1,26,26,26pz03,M-O,1,0.4149,0.0063,0.994593873775267,0.995715328478496,0.989751887308872,0.993838626162401,0.884834888072517,0.994593873775267,0.995715328478496,0.989751887308872,0.993838626162401,0.884834888072517,1.72080808547844,1.19950864867643
-0.602605607873782,0.644419667934787,0,1,1,1,26,26,26pz03,M-O,1,0.3559,0.0061,0.962644139402562,0.956822384712576,0.921345247640639,0.974273105024538,0.740348332950164,0.962644139402562,0.956822384712576,0.921345247640639,0.974273105024538,0.740348332950164,0.602605607873782,0.644419667934787
-1.58271291325069,0.079206855906667,0,1,1,1,26,26,26pz03,M-O,1,0.3436,0.0062,0.93756782294972,0.961710157719202,0.910379133720921,0.916585177587599,0.531565954248558,0.93756782294972,0.961710157719202,0.910379133720921,0.916585177587599,0.531565954248558,1.58271291325069,0.079206855906667
0.863711272310057,1.35228437931479,1,1,1,1,26,26,26pz03,M-O,1,0.4101,0.0061,0.991875512949562,0.991222124882145,0.982905065312815,0.996040926691634,0.91185782024416,0.991875512949562,0.991222124882145,0.982905065312815,0.996040926691634,0.91185782024416,0.863711272310057,1.35228437931479
1.16275402061007,-0.388440688621371,0,1,0,0,26,26,26pz03,M-O,1,0.4163,3.9228,0.724375319249661,0.646930409443292,0.533803523707414,0.819855687852377,0.348844969150796,0.275624680750339,0.353069590556708,0.466196476292586,0.180144312147623,0.651155030849204,1.16275402061007,0.388440688621371
0.0153630501823615,0.850523425962018,0,1,1,1,26,26,26pz03,M-O,1,0.4711,0.5955,0.962529630263138,0.955246199679018,0.925521658323606,0.984371260879437,0.80248292901356,0.962529630263138,0.955246199679018,0.925521658323606,0.984371260879437,0.80248292901356,0.0153630501823615,0.850523425962018
1.61105303424067,2.27150989490027,1,1,1,1,26,26,26pz03,M-O,1,0.3121,0.0348,0.999628885695323,0.999672538255989,0.999265969275151,0.999824729258572,0.988441935671877,0.999628885695323,0.999672538255989,0.999265969275151,0.999824729258572,0.988441935671877,1.61105303424067,2.27150989490027
0.20173455023104,1.32517271321653,1,1,1,1,26,26,26pz03,M-O,1,0.9642,0.5465,0.985761248981252,0.984175346604118,0.972422683371756,0.995710982680951,0.907443063275253,0.985761248981252,0.984175346604118,0.972422683371756,0.995710982680951,0.907443063275253,0.20173455023104,1.32517271321653
0.268276863904181,0.543893007609409,1,1,1,1,26,26,26pz03,M-O,1,0.809,0.3875,0.946824472299686,0.935771591448812,0.890428950316769,0.967637222298529,0.706742449499739,0.946824472299686,0.935771591448812,0.890428950316769,0.967637222298529,0.706742449499739,0.268276863904181,0.543893007609409
2.27833193270799,0.643822798063022,1,1,1,1,26,26,26pz03,M-O,1,0.2993,0.2913,0.98433094417767,0.994968300814632,0.984792577574513,0.974237352471103,0.740154825793699,0.98433094417767,0.994968300814632,0.984792577574513,0.974237352471103,0.740154825793699,2.27833193270799,0.643822798063022
0.53418100977733,-1.8573833561026,0,0,0,1,26,26,26pz03,M-O,1,1.14,0.5155,0.305973466425782,0.286572739067759,0.137553536212681,0.289745825849923,0.0316283163620606,0.694026533574218,0.713427260932241,0.862446463787319,0.710254174150077,0.968371683637939,0.53418100977733,1.8573833561026
-0.452023798446116,-0.41754957313669,1,1,0,0,26,26,26pz03,M-O,1,0.3961,0.1318,0.761520300468953,0.702623600420704,0.576230130545581,0.812112113019026,0.338138236158213,0.238479699531047,0.297376399579296,0.423769869454419,0.187887886980974,0.661861763841787,0.452023798446116,0.41754957313669
2.8085495715378,1.14622653435462,1,1,1,1,26,26,26pz03,M-O,1,0.356,0.1631,0.996330846866831,0.999431317539231,0.997923440824012,0.99284691650932,0.874149284243466,0.996330846866831,0.999431317539231,0.997923440824012,0.99284691650932,0.874149284243466,2.8085495715378,1.14622653435462
-0.595712778568994,0.448875915331094,0,1,1,1,26,26,26pz03,M-O,1,0.5228,0.051,0.948285020098305,0.940601762459567,0.892772154135464,0.960124431497434,0.673239414450253,0.948285020098305,0.940601762459567,0.892772154135464,0.960124431497434,0.673239414450253,0.595712778568994,0.448875915331094
0.979033608755541,0.200853527079122,1,1,1,1,26,26,26pz03,M-O,1,0.6756,0.3724,0.936256364432137,0.93774952733484,0.878498296993329,0.933723409074416,0.579593446440813,0.936256364432137,0.93774952733484,0.878498296993329,0.933723409074416,0.579593446440813,0.979033608755541,0.200853527079122
-0.539509708853035,-0.0318798098422495,0,1,1,1,26,26,26pz03,M-O,1,0.6037,0.0614,0.900249624720873,0.888877546508446,0.805846957186435,0.909084040434407,0.512716050066599,0.900249624720873,0.888877546508446,0.805846957186435,0.909084040434407,0.512716050066599,0.539509708853035,0.0318798098422495
-1.16251543447806,0.0840965975484358,0,0,1,0,26,26,26pz03,M-O,1,0.5614,2.0995,0.928429063782792,0.938578520368767,0.874434933907979,0.917332855658679,0.533510185087039,0.928429063782792,0.938578520368767,0.874434933907979,0.917332855658679,0.533510185087039,1.16251543447806,0.0840965975484358
1.13624313866858,1.64745948743621,1,1,1,1,26,26,26pz03,M-O,1,0.5493,0.0847,0.996727189503129,0.996677670110256,0.993168908838849,0.998414805683541,0.950268181627429,0.996727189503129,0.996677670110256,0.993168908838849,0.998414805683541,0.950268181627429,1.13624313866858,1.64745948743621
1.95808047885478,0.336113422634529,1,1,1,1,26,26,26pz03,M-O,1,0.2651,0.0685,0.966008191005315,0.984929098599105,0.959478484395141,0.949431821361873,0.631607331565606,0.966008191005315,0.984929098599105,0.959478484395141,0.949431821361873,0.631607331565606,1.95808047885478,0.336113422634529
0.405338123541687,0.198580830259708,1,1,1,1,26,26,26pz03,M-O,1,0.5386,0.0662,0.916757443771537,0.902400989124722,0.832424710860944,0.933430365866825,0.578704674901852,0.916757443771537,0.902400989124722,0.832424710860944,0.933430365866825,0.578704674901852,0.405338123541687,0.198580830259708
1.74281211748988,0.250416682969163,1,1,1,1,26,26,26pz03,M-O,1,0.442,0.0061,0.956920940998576,0.976106562646506,0.94078630900367,0.93986873727902,0.598867435305651,0.956920940998576,0.976106562646506,0.94078630900367,0.93986873727902,0.598867435305651,1.74281211748988,0.250416682969163
-1.94034471064139,0.425988251402251,0,1,1,1,26,26,26pz03,M-O,1,0.3017,0.0061,0.971728985862612,0.986643626939809,0.96447531242211,0.958117300295011,0.66494179653787,0.971728985862612,0.986643626939809,0.96447531242211,0.958117300295011,0.66494179653787,1.94034471064139,0.425988251402251
1.06439864860714,0.592951119761803,1,1,1,1,26,26,26pz03,M-O,1,0.4099,0.0515,0.969152705417378,0.9687833526492,0.937118337820859,0.971033665301708,0.723393067384208,0.969152705417378,0.9687833526492,0.937118337820859,0.971033665301708,0.723393067384208,1.06439864860714,0.592951119761803
2.03019007773564,0.179733516232045,1,1,1,1,26,26,26pz03,M-O,1,0.3068,0.006,0.954027783491063,0.982779000699393,0.951955081642469,0.930961394567804,0.571319110124679,0.954027783491063,0.982779000699393,0.951955081642469,0.930961394567804,0.571319110124679,2.03019007773564,0.179733516232045
1.28894581865156,1.45652999807194,1,1,1,1,26,26,26pz03,M-O,1,0.3484,0.0061,0.995627427533831,0.995637271468897,0.990718240296988,0.99710803771755,0.927376918422979,0.995627427533831,0.995637271468897,0.990718240296988,0.99710803771755,0.927376918422979,1.28894581865156,1.45652999807194
2.75711846057131,1.96116051811589,1,1,1,1,26,26,26pz03,M-O,1,0.404,0.0061,0.999725954616357,0.999917511625406,0.999737462130853,0.999451550981416,0.975069849535411,0.999725954616357,0.999917511625406,0.999737462130853,0.999451550981416,0.975069849535411,2.75711846057131,1.96116051811589
-1.55010452846265,1.53426082060259,0,1,1,1,26,26,26pz03,M-O,1,0.3448,0.3546,0.99719758222288,0.997426487534594,0.994184233511302,0.997726702051218,0.937517249870493,0.99719758222288,0.997426487534594,0.994184233511302,0.997726702051218,0.937517249870493,1.55010452846265,1.53426082060259
2.72716116397742,1.19314968888878,1,1,1,1,26,26,26pz03,M-O,1,0.2955,0.0061,0.996746430772388,0.999378196810232,0.997831508844547,0.993727047757551,0.883594622830197,0.996746430772388,0.999378196810232,0.997831508844547,0.993727047757551,0.883594622830197,2.72716116397742,1.19314968888878
1.37828749079439,0.0800332911137265,1,1,1,1,26,26,26pz03,M-O,1,0.3726,0.0061,0.933405860239887,0.951020173007367,0.893057943054285,0.916711901394773,0.531894610797165,0.933405860239887,0.951020173007367,0.893057943054285,0.916711901394773,0.531894610797165,1.37828749079439,0.0800332911137265
1.0956814892981,1.28169303871179,1,1,1,1,26,26,26pz03,M-O,1,0.7871,0.0061,0.992295387518558,0.991930573169015,0.983533424002906,0.995130329648447,0.900024826054158,0.992295387518558,0.991930573169015,0.983533424002906,0.995130329648447,0.900024826054158,1.0956814892981,1.28169303871179
2.71867768175615,1.26038937559648,1,1,1,1,26,26,26pz03,M-O,1,0.3893,0.0062,0.997326770809811,0.999456164918694,0.998128449242112,0.994821033486458,0.896235533780605,0.997326770809811,0.999456164918694,0.998128449242112,0.994821033486458,0.896235533780605,2.71867768175615,1.26038937559648
1.599123137367,0.140891061500248,1,1,1,1,26,26,26pz03,M-O,1,0.3273,4.2575,0.944490843108885,0.965723531038532,0.919303791519408,0.925651186036227,0.556021998200389,0.944490843108885,0.965723531038532,0.919303791519408,0.925651186036227,0.556021998200389,1.599123137367,0.140891061500248
0.432644331941422,1.14076287937461,1,1,1,1,26,26,26pz03,M-O,1,0.4135,0.291,0.982695540993375,0.98026498155369,0.96456099596503,0.992737665666501,0.873015694056185,0.982695540993375,0.98026498155369,0.96456099596503,0.992737665666501,0.873015694056185,0.432644331941422,1.14076287937461
-2.21499744755523,2.23216239643082,0,1,1,1,26,26,26pz03,M-O,1,0.2037,0.1786,0.999815409319084,0.999872748366397,0.999669242486423,0.999796434972109,0.987197884136083,0.999815409319084,0.999872748366397,0.999669242486423,0.999796434972109,0.987197884136083,2.21499744755523,2.23216239643082
-2.17682177755949,1.79787069512105,0,1,1,1,26,26,26pz03,M-O,1,0.3182,0.0812,0.999272010046364,0.999535649421178,0.99876811995011,0.999036070894921,0.963901249485527,0.999272010046364,0.999535649421178,0.99876811995011,0.999036070894921,0.963901249485527,2.17682177755949,1.79787069512105
-2.06706672632172,2.12224651389191,0,1,1,1,26,26,26pz03,M-O,1,0.2536,0.149,0.999687369699737,0.999765879162779,0.999411116954123,0.999693168310059,0.983091478802465,0.999687369699737,0.999765879162779,0.999411116954123,0.999693168310059,0.983091478802465,2.06706672632172,2.12224651389191
0.622992464281324,-1.56735051149177,0,0,0,1,26,26,26pz03,M-O,1,1.2938,0.914,0.39639875913663,0.347248490479796,0.193222934912273,0.395853525228158,0.0585163923667818,0.60360124086337,0.652751509520204,0.806777065087727,0.604146474771842,0.941483607633218,0.622992464281324,1.56735051149177
-1.92178709328235,0.626261049913007,0,1,1,1,26,26,26pz03,M-O,1,0.3595,0.1462,0.981648137280943,0.990292591079933,0.974587493845857,0.973166643822982,0.734428135165062,0.981648137280943,0.990292591079933,0.974587493845857,0.973166643822982,0.734428135165062,1.92178709328235,0.626261049913007
-0.659338895228572,0.165041334773209,0,1,1,1,26,26,26pz03,M-O,1,0.3726,0.1452,0.922056200589038,0.914520720989141,0.845623632711778,0.928988255207873,0.565544276153356,0.922056200589038,0.914520720989141,0.845623632711778,0.928988255207873,0.565544276153356,0.659338895228572,0.165041334773209
1.85389271282473,-0.0444829467499071,1,1,1,1,26,26,26pz03,M-O,1,0.327,0.1141,0.937994461279746,0.972258986595577,0.927898884866445,0.911128810724826,0.517740277478452,0.937994461279746,0.972258986595577,0.927898884866445,0.911128810724826,0.517740277478452,1.85389271282473,0.0444829467499071
2.06942618300904,0.411341983010474,1,1,1,1,26,26,26pz03,M-O,1,0.4685,0.0061,0.971888362744633,0.988927650559144,0.968932988788572,0.956790515532362,0.659589105452886,0.971888362744633,0.988927650559144,0.968932988788572,0.956790515532362,0.659589105452886,2.06942618300904,0.411341983010474
-2.07130846743236,1.22521996622939,0,1,1,1,26,26,26pz03,M-O,1,0.2533,0.3552,0.996065340474617,0.997734203345468,0.993951687443692,0.994272052624213,0.889753823186319,0.996065340474617,0.997734203345468,0.993951687443692,0.994272052624213,0.889753823186319,2.07130846743236,1.22521996622939
-0.257433924995576,1.37030525813539,0,1,1,1,26,26,26pz03,M-O,1,0.4751,0.0062,0.987459402133736,0.986168053641144,0.975663691148502,0.996247470991448,0.914704183812949,0.987459402133736,0.986168053641144,0.975663691148502,0.996247470991448,0.914704183812949,0.257433924995576,1.37030525813539
-0.895020635688422,1.6771652418233,0,1,1,1,26,26,26pz03,M-O,1,0.2691,0.051,0.996129904329924,0.995999290521589,0.992144278484607,0.998560738504599,0.953244913088103,0.996129904329924,0.995999290521589,0.992144278484607,0.998560738504599,0.953244913088103,0.895020635688422,1.6771652418233
-2.24442452651029,-0.118563680449381,0,1,1,1,26,26,26pz03,M-O,1,0.2293,0.0977,0.949946277482415,0.986855687863395,0.959364715585653,0.922460689589134,0.547189479434449,0.949946277482415,0.986855687863395,0.959364715585653,0.922460689589134,0.547189479434449,2.24442452651029,0.118563680449381
0.28391828424966,2.00496158409004,1,1,1,1,26,26,26pz03,M-O,1,1.1947,0.226,0.996986470642661,0.997086249935735,0.994773084107648,0.999530540754645,0.977516422954077,0.996986470642661,0.997086249935735,0.994773084107648,0.999530540754645,0.977516422954077,0.28391828424966,2.00496158409004
-1.06442517129455,0.432347211189903,0,1,1,1,26,26,26pz03,M-O,1,0.325,0.0061,0.958805279972166,0.959459529613846,0.918591661412112,0.95868298622461,0.667255460572427,0.958805279972166,0.959459529613846,0.918591661412112,0.95868298622461,0.667255460572427,1.06442517129455,0.432347211189903
-2.00158484792624,2.2391641391573,0,1,1,1,26,26,26pz03,M-O,1,0.2918,0.082,0.999760581553221,0.999812216955809,0.999538773272837,0.999801763232306,0.987427380886108,0.999760581553221,0.999812216955809,0.999538773272837,0.999801763232306,0.987427380886108,2.00158484792624,2.2391641391573
1.87457120073909,2.17917871704489,1,1,1,1,26,26,26pz03,M-O,1,0.4155,0.5153,0.999660462081536,0.999719376607837,0.99932990953596,0.999751561770895,0.985340802825648,0.999660462081536,0.999719376607837,0.99932990953596,0.999751561770895,0.985340802825648,1.87457120073909,2.17917871704489
1.0458410312481,0.132420100627888,1,1,1,1,26,26,26pz03,M-O,1,0.3851,0.1949,0.930732843930467,0.935602361883628,0.872374219910276,0.924452727687752,0.552673991662962,0.930732843930467,0.935602361883628,0.872374219910276,0.924452727687752,0.552673991662962,1.0458410312481,0.132420100627888
-0.654832045298518,0.401287021324583,0,1,1,1,26,26,26pz03,M-O,1,0.6403,0.7079,0.945929762255755,0.938956075110582,0.888669251477757,0.955860151910302,0.655895591021944,0.945929762255755,0.938956075110582,0.888669251477757,0.955860151910302,0.655895591021944,0.654832045298518,0.401287021324583
-0.0718577514051423,0.195688307035,0,1,1,1,26,26,26pz03,M-O,1,0.9488,0.1934,0.90313337526164,0.88074051385303,0.807052754676354,0.933055952462958,0.577572931449394,0.90313337526164,0.88074051385303,0.807052754676354,0.933055952462958,0.577572931449394,0.0718577514051423,0.195688307035
-1.04825353331024,1.71380386933627,0,1,1,1,26,26,26pz03,M-O,1,0.2762,0.0579,0.996939107521457,0.996887347002358,0.99371118197014,0.998723802788119,0.956717623725559,0.996939107521457,0.996887347002358,0.99371118197014,0.998723802788119,0.956717623725559,1.04825353331024,1.71380386933627
-2.21870897102704,1.99171566424356,0,1,1,1,26,26,26pz03,M-O,1,0.2782,0.0061,0.999611185654722,0.999747349467001,0.999330936548225,0.999507841880119,0.976798867976017,0.999611185654722,0.999747349467001,0.999330936548225,0.999507841880119,0.976798867976017,2.21870897102704,1.99171566424356
1.23247764011619,0.761314336666649,1,1,1,1,26,26,26pz03,M-O,1,0.2633,0.0061,0.979865410947879,0.980556048775906,0.959059550515016,0.980518161201007,0.776765330283639,0.979865410947879,0.980556048775906,0.959059550515016,0.980518161201007,0.776765330283639,1.23247764011619,0.761314336666649
1.63358728389094,1.13050130888696,1,1,1,1,26,26,26pz03,M-O,1,0.4221,0.2744,0.993182888707299,0.994352623524679,0.986799172359716,0.992528493658253,0.870867476385303,0.993182888707299,0.994352623524679,0.986799172359716,0.992528493658253,0.870867476385303,1.63358728389094,1.13050130888696
-0.505045562329097,-2.04317058195628,1,0,0,1,26,26,26pz03,M-O,1,0.1237,0.2587,0.250938381268256,0.248848824894964,0.107388527886434,0.229675896150464,0.0205177774028536,0.749061618731744,0.751151175105036,0.892611472113566,0.770324103849536,0.979482222597146,0.505045562329097,2.04317058195628
-2.05593215590629,0.381705098223979,0,1,1,1,26,26,26pz03,M-O,1,0.3229,0.0061,0.969928211023207,0.988092857389746,0.966728437795497,0.954001956049916,0.648659940957643,0.969928211023207,0.988092857389746,0.966728437795497,0.954001956049916,0.648659940957643,2.05593215590629,0.381705098223979
-0.979060131442947,0.795221136689619,0,1,1,1,26,26,26pz03,M-O,1,0.3125,0.0061,0.977607856948211,0.976106943037708,0.95267681666082,0.98206848880494,0.786757560656308,0.977607856948211,0.976106943037708,0.95267681666082,0.98206848880494,0.786757560656308,0.979060131442947,0.795221136689619
2.20251081035533,1.39459327060953,1,1,1,1,26,26,26pz03,M-O,1,0.2065,0.1142,0.997719893353849,0.998794095757139,0.996673038249397,0.996510547823982,0.918430737239577,0.997719893353849,0.998794095757139,0.996673038249397,0.996510547823982,0.918430737239577,2.20251081035533,1.39459327060953
1.08030517777203,0.584847463425913,1,1,1,1,26,26,26pz03,M-O,1,0.36,0.0329,0.968987505600346,0.968863097299793,0.937038936418337,0.970493965292917,0.720674856635156,0.968987505600346,0.968863097299793,0.937038936418337,0.970493965292917,0.720674856635156,1.08030517777203,0.584847463425913
-1.55408116075388,1.61522851436089,0,1,1,1,26,26,26pz03,M-O,1,0.2075,0.2136,0.997714670212832,0.997896036651435,0.995251303934325,0.99824131296145,0.946869391132374,0.997714670212832,0.997896036651435,0.995251303934325,0.99824131296145,0.946869391132374,1.55408116075388,1.61522851436089
2.14577752300054,0.442769477412265,1,1,1,1,26,26,26pz03,M-O,1,0.2585,0.1612,0.974263538947075,0.990803446119395,0.973386641779258,0.959596732779992,0.671033758616867,0.974263538947075,0.990803446119395,0.973386641779258,0.959596732779992,0.671033758616867,2.14577752300054,0.442769477412265
0.344363095076259,0.837736636786125,1,1,1,1,26,26,26pz03,M-O,1,0.4464,0.098,0.968432050669284,0.962675898078847,0.934646693936061,0.98386268184782,0.798910683848391,0.968432050669284,0.962675898078847,0.934646693936061,0.98386268184782,0.798910683848391,0.344363095076259,0.837736636786125
-1.61532129803872,1.06815136382102,0,1,1,1,26,26,26pz03,M-O,1,0.2016,0.0061,0.9920153453085,0.993400416690782,0.984626785284481,0.99113975458152,0.857273880185319,0.9920153453085,0.993400416690782,0.984626785284481,0.99113975458152,0.857273880185319,1.61532129803872,1.06815136382102
2.29476867951171,0.11579957035258,1,1,1,1,26,26,26pz03,M-O,1,0.4917,0.3882,0.950012054367122,0.987946494295824,0.961783981934582,0.922058584141459,0.546094304482819,0.950012054367122,0.987946494295824,0.961783981934582,0.922058584141459,0.546094304482819,2.29476867951171,0.11579957035258
1.32287974753667,0.96381391892976,1,1,1,1,26,26,26pz03,M-O,1,0.4655,0.1314,0.987491816983887,0.988048562746517,0.974249092565712,0.988307020897767,0.832430386473034,0.987491816983887,0.988048562746517,0.974249092565712,0.988307020897767,0.832430386473034,1.32287974753667,0.96381391892976
1.50951635640477,1.03151273630805,1,1,1,1,26,26,26pz03,M-O,1,0.3086,0.0061,0.990609331421836,0.9917669632341,0.981370390809408,0.990222245931786,0.848849780639867,0.990609331421836,0.9917669632341,0.981370390809408,0.990222245931786,0.848849780639867,1.50951635640477,1.03151273630805
2.19270178403698,1.66378158277564,1,1,1,1,26,26,26pz03,M-O,1,0.2768,0.0061,0.998936060542575,0.999362979112419,0.998284467631927,0.998496578718809,0.951921957113179,0.998936060542575,0.999362979112419,0.998284467631927,0.998496578718809,0.951921957113179,2.19270178403698,1.66378158277564
-2.23859213248316,1.57629423349498,0,1,1,1,26,26,26pz03,M-O,1,0.2108,0.0061,0.998677065670105,0.999274976167168,0.998004155928552,0.998008785404313,0.942520995012261,0.998677065670105,0.999274976167168,0.998004155928552,0.998008785404313,0.942520995012261,2.23859213248316,1.57629423349498
1.03894820194331,1.76371137322925,1,1,1,1,26,26,26pz03,M-O,1,0.3008,0.0061,0.997254703071526,0.997225569305482,0.994405016116162,0.998918787505986,0.961109707339185,0.997254703071526,0.997225569305482,0.994405016116162,0.998918787505986,0.961109707339185,1.03894820194331,1.76371137322925
-1.85497967078979,0.831813851135532,0,1,1,1,26,26,26pz03,M-O,1,0.2274,0.0061,0.988169469932672,0.992634627374007,0.981344774058453,0.983622345312694,0.797242987808513,0.988169469932672,0.992634627374007,0.981344774058453,0.983622345312694,0.797242987808513,1.85497967078979,0.831813851135532
-2.0774059702789,1.37292230295775,0,1,1,1,26,26,26pz03,M-O,1,0.1644,0.0062,0.99735969875033,0.998396145581048,0.995751993409809,0.996276648560451,0.915111748868953,0.99735969875033,0.998396145581048,0.995751993409809,0.996276648560451,0.915111748868953,2.0774059702789,1.37292230295775
0.0336555587219899,1.13231487503578,0,1,1,1,26,26,26pz03,M-O,1,0.3598,0.0062,0.977218757976576,0.973875310801021,0.95586358193947,0.992565843104671,0.871248960726198,0.977218757976576,0.973875310801021,0.95586358193947,0.992565843104671,0.871248960726198,0.0336555587219899,1.13231487503578
-2.0774059702789,1.97796470065943,0,1,1,1,26,26,26pz03,M-O,1,0.2137,0.0061,0.999525078473988,0.999654885404559,0.999121590769386,0.999483205730133,0.97603365550806,0.999525078473988,0.999654885404559,0.999121590769386,0.999483205730133,0.97603365550806,2.0774059702789,1.97796470065943
0.0890633019797051,-0.543787551015031,1,1,0,0,26,26,26pz03,M-O,1,0.5661,0.4186,0.75271163462634,0.70915444550044,0.567984794381688,0.776213793037015,0.293293838234424,0.24728836537366,0.29084555449956,0.432015205618312,0.223786206962985,0.706706161765576,0.0890633019797051,0.543787551015031
-2.30566466379513,0.602455124642987,0,1,1,1,26,26,26pz03,M-O,1,0.2661,0.0342,0.982825596485294,0.994843892315719,0.984170979399857,0.971656148832493,0.726564387091849,0.982825596485294,0.994843892315719,0.984170979399857,0.971656148832493,0.726564387091849,2.30566466379513,0.602455124642987
-0.585903752250643,1.36100786205597,0,1,1,1,26,26,26pz03,M-O,1,0.6697,0.1474,0.989972515818481,0.988969161631078,0.979563030107623,0.996142148584349,0.913244397547081,0.989972515818481,0.988969161631078,0.979563030107623,0.996142148584349,0.913244397547081,0.585903752250643,1.36100786205597
1.67361871562259,0.32114576277334,1,1,1,1,26,26,26pz03,M-O,1,0.2916,0.3064,0.961625444355751,0.976441924483642,0.943138224430921,0.947854948552736,0.625950034091956,0.961625444355751,0.976441924483642,0.943138224430921,0.947854948552736,0.625950034091956,1.67361871562259,0.32114576277334
1.74016102929573,0.377710661389858,1,1,1,1,26,26,26pz03,M-O,1,0.3355,0.2432,0.966547938055215,0.980409511620321,0.951623326074647,0.953615299454747,0.647177226556998,0.966547938055215,0.980409511620321,0.951623326074647,0.953615299454747,0.647177226556998,1.74016102929573,0.377710661389858
-1.12831639677354,0.233245195889149,0,1,1,1,26,26,26pz03,M-O,1,0.2931,0.0174,0.943535797297119,0.948551801975837,0.895410998622214,0.93779224087793,0.592214493868502,0.943535797297119,0.948551801975837,0.895410998622214,0.93779224087793,0.592214493868502,1.12831639677354,0.233245195889149
1.53814810890158,1.84272776163755,1,1,1,1,26,26,26pz03,M-O,1,0.3927,0.2435,0.998693938395603,0.998791007076925,0.997298676612019,0.999172353865046,0.967315615719279,0.998693938395603,0.998791007076925,0.997298676612019,0.999172353865046,0.967315615719279,1.53814810890158,1.84272776163755
0.323684607161896,-1.89374650521322,0,0,0,1,26,26,26pz03,M-O,1,0.7443,0.2422,0.30292167795098,0.307905217299994,0.145177809808233,0.277430906224678,0.0291293326423474,0.69707832204902,0.692094782700006,0.854822190191767,0.722569093775322,0.970870667357653,0.323684607161896,1.89374650521322
0.459685431521742,1.66956662922506,1,1,1,1,26,26,26pz03,M-O,1,0.3301,0.0504,0.994251657008717,0.993999521687163,0.989037326105341,0.998524625161051,0.952497431273093,0.994251657008717,0.993999521687163,0.989037326105341,0.998524625161051,0.952497431273093,0.459685431521742,1.66956662922506
1.59647204917285,0.721163359523674,1,1,1,1,26,26,26pz03,M-O,1,0.2414,0.4019,0.982554172940298,0.986728948794286,0.969003099604898,0.978536486418915,0.764595493884508,0.982554172940298,0.986728948794286,0.969003099604898,0.978536486418915,0.764595493884508,1.59647204917285,0.721163359523674
1.14472662088986,-0.0023347511898718,1,1,1,1,26,26,26pz03,M-O,1,0.7593,0.1809,0.917652642761846,0.930158629757334,0.858318676885893,0.904154106988205,0.500931430117643,0.917652642761846,0.930158629757334,0.858318676885893,0.904154106988205,0.500931430117643,1.14472662088986,0.0023347511898718
-1.22322535412407,1.75032771418159,0,1,1,1,26,26,26pz03,M-O,1,0.1654,0.0061,0.997659685582102,0.997677348357595,0.995143341639972,0.998869371685082,0.959969109330503,0.997659685582102,0.997677348357595,0.995143341639972,0.998869371685082,0.959969109330503,1.22322535412407,1.75032771418159
-0.337496788458877,-0.345603797055453,1,0,0,1,26,26,26pz03,M-O,1,0.0166,0.2304,0.785368562995014,0.733316803646545,0.61144162144834,0.830880902998878,0.364820245994865,0.214631437004986,0.266683196353455,0.38855837855166,0.169119097001122,0.635179754005135,0.337496788458877,0.345603797055453
-0.409871496159146,1.48288409856372,0,1,1,1,26,26,26pz03,M-O,1,0.4196,0.1152,0.991070193696934,0.990343148105396,0.982561945258898,0.997333008899287,0.930947396531287,0.991070193696934,0.990343148105396,0.982561945258898,0.997333008899287,0.930947396531287,0.409871496159146,1.48288409856372
2.68978082043992,0.380557271547507,1,1,1,1,26,26,26pz03,M-O,1,0.295,0.0529,0.972835191964594,0.996510092537278,0.986667217597941,0.953891113895925,0.648234104011858,0.972835191964594,0.996510092537278,0.986667217597941,0.953891113895925,0.648234104011858,2.68978082043992,0.380557271547507
1.28735516573508,1.90108326986937,1,1,1,1,26,26,26pz03,M-O,1,0.4458,0.0679,0.998498696829755,0.998547769996981,0.996929363559315,0.999323135608532,0.971354446706871,0.998498696829755,0.998547769996981,0.996929363559315,0.999323135608532,0.971354446706871,1.28735516573508,1.90108326986937
2.24943507139177,1.59628937419911,1,1,1,1,26,26,26pz03,M-O,1,0.2671,0.0061,0.998762294224286,0.999324839340674,0.998137682572003,0.998131478411078,0.944787899324173,0.998762294224286,0.999324839340674,0.998137682572003,0.998131478411078,0.944787899324173,2.24943507139177,1.59628937419911
-2.20916505352811,2.14816444024663,0,1,1,1,26,26,26pz03,M-O,1,0.2796,0.1304,0.999757861220969,0.999835122746991,0.999569555481762,0.999721177874394,0.984149652747298,0.999757861220969,0.999835122746991,0.999569555481762,0.999721177874394,0.984149652747298,2.20916505352811,2.14816444024663
-0.787386455005971,0.765538338836064,0,1,1,1,26,26,26pz03,M-O,1,0.2185,0.0061,0.973086173130829,0.96989850730224,0.942858136906047,0.980717302458422,0.77802447706012,0.973086173130829,0.96989850730224,0.942858136906047,0.980717302458422,0.77802447706012,0.787386455005971,0.765538338836064
-1.32131561730759,0.060887542150181,0,1,1,1,26,26,26pz03,M-O,1,0.2851,4.4337,0.929802871323331,0.946370040075801,0.885051848139436,0.913738794795355,0.524275614519098,0.929802871323331,0.946370040075801,0.885051848139436,0.913738794795355,0.524275614519098,1.32131561730759,0.060887542150181
-0.803292984170865,0.354593432125721,0,1,1,1,26,26,26pz03,M-O,1,0.3008,0.1145,0.946046969824099,0.941936034685396,0.890798751024824,0.951326063933311,0.638552901378252,0.946046969824099,0.941936034685396,0.890798751024824,0.951326063933311,0.638552901378252,0.803292984170865,0.354593432125721
-0.867979536108102,0.0564339746454714,0,1,1,1,26,26,26pz03,M-O,1,0.2978,0.2523,0.915903975098077,0.916264779281572,0.842007755964097,0.913035965274216,0.522501953890996,0.915903975098077,0.916264779281572,0.842007755964097,0.913035965274216,0.522501953890996,0.867979536108102,0.0564339746454714
-0.532616879548247,0.352022300370425,0,1,1,1,26,26,26pz03,M-O,1,0.3446,0.3556,0.937744503972561,0.928012011793404,0.872245043386866,0.951065965130437,0.637589230856071,0.937744503972561,0.928012011793404,0.872245043386866,0.951065965130437,0.637589230856071,0.532616879548247,0.352022300370425
-0.127530603482272,1.41775641294073,0,1,1,1,26,26,26pz03,M-O,1,0.4025,0.1802,0.987549748351928,0.986416021449976,0.976504058314334,0.996745883575221,0.921869053162935,0.987549748351928,0.986416021449976,0.976504058314334,0.996745883575221,0.921869053162935,0.127530603482272,1.41775641294073
2.05908693905186,1.75563067342689,1,1,1,1,26,26,26pz03,M-O,1,0.3716,0.1627,0.999075516465174,0.999351834624204,0.998335412842632,0.998889193932627,0.960424254381084,0.999075516465174,0.999351834624204,0.998335412842632,0.998889193932627,0.960424254381084,2.05908693905186,1.75563067342689
1.8605204333101,0.11297591672846,1,0,1,0,26,26,26pz03,M-O,1,0.6109,1.0096,0.94559058937045,0.975170667237243,0.935385381224366,0.921646184894788,0.544975175690339,0.94559058937045,0.975170667237243,0.935385381224366,0.921646184894788,0.544975175690339,1.8605204333101,0.11297591672846
2.22610549528325,0.719946663246615,1,1,1,1,26,26,26pz03,M-O,1,0.908,0.0061,0.986762124354408,0.99518872310692,0.98586882331514,0.978473868545228,0.764221082118714,0.986762124354408,0.99518872310692,0.98586882331514,0.978473868545228,0.764221082118714,2.22610549528325,0.719946663246615
2.24863974493352,0.895862579682644,1,1,1,1,26,26,26pz03,M-O,1,0.501,0.02,0.991516720206555,0.996732214319389,0.990447893646364,0.986065252165263,0.814836919026495,0.991516720206555,0.996732214319389,0.990447893646364,0.986065252165263,0.814836919026495,2.24863974493352,0.895862579682644
1.61741564590663,1.96839182617766,1,1,1,1,26,26,26pz03,M-O,1,0.6992,0.2097,0.999147238855399,0.999230988820428,0.998256914766818,0.999465386523843,0.97548851417468,0.999147238855399,0.999230988820428,0.998256914766818,0.999465386523843,0.97548851417468,1.61741564590663,1.96839182617766
-1.60842846873393,0.573047805191786,0,1,1,1,26,26,26pz03,M-O,1,0.2924,0.0061,0.976316564482714,0.983020592080386,0.960079663213221,0.969693208791302,0.716693836920602,0.976316564482714,0.983020592080386,0.960079663213221,0.969693208791302,0.716693836920602,1.60842846873393,0.573047805191786
-1.62778141255122,1.56988936064027,0,1,1,1,26,26,26pz03,M-O,1,0.2635,0.8191,0.99763032983876,0.997889188126725,0.995140860783692,0.997967964263841,0.941779573393629,0.99763032983876,0.997889188126725,0.995140860783692,0.997967964263841,0.941779573393629,1.62778141255122,1.56988936064027
-0.452023798446116,2.00819845531769,0,1,1,1,26,26,26pz03,M-O,1,1.5233,0.0063,0.99738332678624,0.997458694073345,0.995334863300652,0.999535938175546,0.977688896448989,0.99738332678624,0.997458694073345,0.995334863300652,0.999535938175546,0.977688896448989,0.452023798446116,2.00819845531769
2.83373490938222,0.570132325433548,1,1,1,1,26,26,26pz03,M-O,1,0.2413,0.0061,0.982842476315198,0.99822975153097,0.99284450488985,0.969492605708247,0.715706024033008,0.982842476315198,0.99822975153097,0.99284450488985,0.969492605708247,0.715706024033008,2.83373490938222,0.570132325433548
0.222111277127375,2.69958984675827,1,1,1,1,26,26,26pz04,O-M,1,0.8311,0.2139,0.999528218415842,0.999613355388097,0.999303677097033,0.999968707451128,0.996528749649366,0.999528218415842,0.999613355388097,0.999303677097033,0.999968707451128,0.996528749649366,0.222111277127375,2.69958984675827
-1.46044193484521,1.11503443311539,0,1,1,1,26,26,26pz04,O-M,1,0.9153,0.6007,0.991896902955492,0.992592371990351,0.983484820179857,0.992203186331769,0.867582166738009,0.991896902955492,0.992592371990351,0.983484820179857,0.992203186331769,0.867582166738009,1.46044193484521,1.11503443311539
-1.71018606311189,2.79714989230296,0,1,1,1,26,26,26pz04,O-M,1,0.3799,0.0676,0.999935117925261,0.999947605739142,0.999882254742688,0.999979378688656,0.997422219553522,0.999935117925261,0.999947605739142,0.999882254742688,0.999979378688656,0.997422219553522,1.71018606311189,2.79714989230296
-2.49789359810725,1.90611915024946,0,1,1,1,26,26,26pz04,O-M,1,0.2972,0.0493,0.999607673654417,0.99982276390753,0.999483062290819,0.999334880853944,0.971682625676151,0.999607673654417,0.99982276390753,0.999483062290819,0.999334880853944,0.971682625676151,2.49789359810725,1.90611915024946
0.0500979713913485,-0.129386365218177,0,1,0,0,26,26,26pz04,O-M,1,0.3458,0.4083,0.846210880845723,0.811339701136056,0.707704923845104,0.879776365566365,0.448525967986059,0.153789119154277,0.188660298863944,0.292295076154896,0.120223634433635,0.551474032013941,0.0500979713913485,0.129386365218177
-0.030043287159895,1.11503443311539,1,1,1,1,26,26,26pz04,O-M,1,0.7443,0.1942,0.976445148687348,0.972912570125592,0.954292579610238,0.992203186331769,0.867582166738009,0.976445148687348,0.972912570125592,0.954292579610238,0.992203186331769,0.867582166738009,0.030043287159895,1.11503443311539
-2.33487925351476,1.44801111030051,0,1,1,1,26,26,26pz04,O-M,1,0.3393,1.0454,0.998199321184962,0.999183585362569,0.997649730446938,0.997031738756071,0.926193028302821,0.998199321184962,0.999183585362569,0.997649730446938,0.997031738756071,0.926193028302821,2.33487925351476,1.44801111030051
2.21629943176198,1.26057917497417,1,1,1,1,26,26,26pz04,O-M,1,0.313,0.1364,0.996722219139297,0.99840208445921,0.995522347452263,0.99482386453492,0.896269747228188,0.996722219139297,0.99840208445921,0.995522347452263,0.99482386453492,0.896269747228188,2.21629943176198,1.26057917497417
1.13057017848755,2.24810952729469,1,1,1,1,26,26,26pz04,O-M,1,0.4007,0.6318,0.999277648137226,0.999331888355932,0.998634015932795,0.999808381073907,0.987715396641037,0.999277648137226,0.999331888355932,0.998634015932795,0.999808381073907,0.987715396641037,1.13057017848755,2.24810952729469
1.86474307729228,-2.17470090700417,0,0,0,1,26,26,26pz04,O-M,1,3.2993,0.3754,0.174495142605702,0.110407991215885,0.0474281217323501,0.19175562243046,0.0148262684453303,0.825504857394298,0.889592008784115,0.95257187826765,0.80824437756954,0.98517373155467,1.86474307729228,2.17470090700417
1.14076287937461,0.563077871093555,1,1,1,1,26,26,26pz04,O-M,1,0.3459,0.2826,0.968847114636863,0.969670227454115,0.937741763190644,0.969002661756404,0.713309070358466,0.968847114636863,0.969670227454115,0.937741763190644,0.969002661756404,0.713309070358466,1.14076287937461,0.563077871093555
-1.73080103022132,0.262179361057638,0,1,1,1,26,26,26pz04,O-M,1,0.2918,0.072,0.957740823202843,0.976137466917846,0.941139064714048,0.941259562257661,0.603408417756878,0.957740823202843,0.976137466917846,0.941139064714048,0.941259562257661,0.603408417756878,1.73080103022132,0.262179361057638
-1.64487472522066,2.35972034026837,0,1,1,1,26,26,26pz04,O-M,1,0.5579,0.2755,0.999725394409377,0.999761515697234,0.999463138670025,0.999875349186443,0.9908556418217,0.999725394409377,0.999761515697234,0.999463138670025,0.999875349186443,0.9908556418217,1.64487472522066,2.35972034026837
-0.455726288396133,2.31571227624549,0,1,1,1,26,26,26pz04,O-M,1,2.1411,0.2226,0.99882380098666,0.998935524529492,0.998036701807773,0.999852110022995,0.989713008162248,0.99882380098666,0.998935524529492,0.998036701807773,0.999852110022995,0.989713008162248,0.455726288396133,2.31571227624549
0.875339438707333,0.354437230214025,1,1,1,1,26,26,26pz04,O-M,1,0.2757,0.1897,0.94800074200946,0.945424524099452,0.895624957381485,0.951310293953149,0.638494381272575,0.94800074200946,0.945424524099452,0.895624957381485,0.951310293953149,0.638494381272575,0.875339438707333,0.354437230214025
-2.37071440235421,1.38889184357098,0,1,1,1,26,26,26pz04,O-M,1,0.2631,0.0007,0.997904823403142,0.999127309069797,0.997440029526297,0.996450326092988,0.917567179429984,0.997904823403142,0.999127309069797,0.997440029526297,0.996450326092988,0.917567179429984,2.37071440235421,1.38889184357098
0.766800948180183,-0.0554210046014182,0,1,0,0,26,26,26pz04,O-M,1,1.1421,0.1337,0.821811628727978,0.771683903208674,0.676699719672351,0.893954244861618,0.477901531150209,0.178188371272022,0.228316096791326,0.323300280327649,0.106045755138382,0.522098468849791,0.766800948180183,0.0554210046014182
1.27648190560061,0.874050516267238,1,1,1,1,26,26,26pz04,O-M,1,0.2881,0.3093,0.984420412571181,0.984992459884131,0.968036880301817,0.985271145280709,0.808954628058731,0.984420412571181,0.984992459884131,0.968036880301817,0.985271145280709,0.808954628058731,1.27648190560061,0.874050516267238
0.165615248111445,0.449876405203391,1,1,1,1,26,26,26pz04,O-M,1,0.8005,0.1806,0.935335109468104,0.921011668704925,0.868206792530052,0.96021035410136,0.673600219216432,0.935335109468104,0.921011668704925,0.868206792530052,0.96021035410136,0.673600219216432,0.165615248111445,0.449876405203391
-0.757489921640503,0.157726486208165,1,1,0,0,26,26,26pz04,O-M,1,0.5245,1.1116,0.801646023085516,0.745846561657298,0.64287119303548,0.874005050182218,0.437336164377068,0.198353976914484,0.254153438342702,0.35712880696452,0.125994949817782,0.562663835622932,0.757489921640503,0.157726486208165
1.76440006923514,2.30908455576012,1,1,1,1,26,26,26pz04,O-M,1,0.4234,0.4036,0.999730152274346,0.999770180844944,0.999468118784097,0.999848277123592,0.989530555197568,0.999730152274346,0.999770180844944,0.999468118784097,0.999848277123592,0.989530555197568,1.76440006923514,2.30908455576012
-0.0101858856569372,1.49732135071168,1,1,1,1,26,26,26pz04,O-M,1,0.6943,0.6484,0.988571784317631,0.987767720031162,0.979117638473244,0.997449435532691,0.932845169015098,0.988571784317631,0.987767720031162,0.979117638473244,0.997449435532691,0.932845169015098,0.0101858856569372,1.49732135071168
1.72840422466099,2.51586943490374,1,1,1,1,26,26,26pz04,O-M,1,0.4824,0.0755,0.999847058694897,0.999871466774395,0.999707169350262,0.999933037158864,0.99406304193192,0.999847058694897,0.999871466774395,0.999707169350262,0.999933037158864,0.99406304193192,1.72840422466099,2.51586943490374
1.08350928475221,1.41301674613774,1,1,1,1,26,26,26pz04,O-M,1,0.3816,0.3871,0.994138900703865,0.993883702781737,0.987550610768172,0.996698924288851,0.921174599848125,0.994138900703865,0.993883702781737,0.987550610768172,0.996698924288851,0.921174599848125,1.08350928475221,1.41301674613774
0.803462532226685,-0.815487989863951,0,0,0,1,26,26,26pz04,O-M,1,0.6182,0.565,0.63050797043173,0.546612346474394,0.404558508097909,0.68714289405922,0.207396518248792,0.36949202956827,0.453387653525606,0.595441491902091,0.31285710594078,0.792603481751208,0.803462532226685,0.815487989863951
1.82204392492754,0.400301055972803,1,1,1,1,26,26,26pz04,O-M,1,0.3731,2.0841,0.968974914793527,0.98325916624323,0.957417942037531,0.955768059771491,0.65553260485865,0.968974914793527,0.98325916624323,0.957417942037531,0.955768059771491,0.65553260485865,1.82204392492754,0.400301055972803
1.22540361849763,0.691655648509784,1,1,1,1,26,26,26pz04,O-M,1,0.3176,0.0401,0.976815866496896,0.977806633789151,0.953370885620742,0.97697373856844,0.755423197146264,0.976815866496896,0.977806633789151,0.953370885620742,0.97697373856844,0.755423197146264,1.22540361849763,0.691655648509784
-1.10473044780668,2.18368808417687,0,1,1,1,26,26,26pz04,O-M,1,0.8669,0.2308,0.999114674214548,0.999170164839807,0.998310100820812,0.99975571320187,0.985507412018578,0.999114674214548,0.999170164839807,0.998310100820812,0.99975571320187,0.985507412018578,1.10473044780668,2.18368808417687
0.672242986572457,0.503428386725201,1,1,1,1,26,26,26pz04,O-M,1,0.6754,0.2153,0.954638543444094,0.948592307808083,0.905518671475569,0.964594243953763,0.692668441066613,0.954638543444094,0.948592307808083,0.905518671475569,0.964594243953763,0.692668441066613,0.672242986572457,0.503428386725201
-1.13845359556141,0.106295375241674,1,0,0,1,26,26,26pz04,O-M,1,0.6895,2.4034,0.791283306598515,0.732656509632039,0.637150789600866,0.884339038019633,0.457674000413126,0.208716693401485,0.267343490367961,0.362849210399134,0.115660961980367,0.542325999586874,1.13845359556141,0.106295375241674
-2.25069764506234,2.51374856434843,0,1,1,1,26,26,26pz04,O-M,1,0.2935,0.1669,0.999929348206313,0.9999504648092,0.999872571095522,0.999932459148815,0.994027221722787,0.999929348206313,0.9999504648092,0.999872571095522,0.999932459148815,0.994027221722787,2.25069764506234,2.51374856434843
0.427549295682252,0.574742659147811,1,1,1,1,26,26,26pz04,O-M,1,2.0264,0.2296,0.953595917897774,0.94495921257214,0.903280390978955,0.969809321965225,0.717267323980104,0.953595917897774,0.94495921257214,0.903280390978955,0.969809321965225,0.717267323980104,0.427549295682252,0.574742659147811
2.04952021567067,0.894994113001016,1,1,1,1,26,26,26pz04,O-M,1,0.2881,0.4393,0.990764716414899,0.995289696122251,0.987255121140627,0.986034354380121,0.814604882518653,0.990764716414899,0.995289696122251,0.987255121140627,0.986034354380121,0.814604882518653,2.04952021567067,0.894994113001016
-1.77301809538194,1.89869610330585,0,1,1,1,26,26,26pz04,O-M,1,0.3371,0.3242,0.999147190008566,0.999271440648818,0.998281580833237,0.999317501408907,0.971197777898068,0.999147190008566,0.999271440648818,0.998281580833237,0.999317501408907,0.971197777898068,1.77301809538194,1.89869610330585
1.02393708024334,2.5203762848338,1,1,1,1,26,26,26pz04,O-M,1,0.2902,0.3387,0.999621879746113,0.999669473761051,0.999337496088893,0.99993424999159,0.994138528017574,0.999621879746113,0.999669473761051,0.999337496088893,0.99993424999159,0.994138528017574,1.02393708024334,2.5203762848338
1.0653277101969,0.621666920184249,1,1,1,1,26,26,26pz04,O-M,1,0.4274,0.2285,0.970755986724586,0.97028907359391,0.940108918226679,0.972880495540608,0.732919546213086,0.970755986724586,0.97028907359391,0.940108918226679,0.972880495540608,0.732919546213086,1.0653277101969,0.621666920184249
1.5524423951579,2.19349711049522,1,1,1,1,26,26,26pz04,O-M,1,0.6186,0.2607,0.999500143025419,0.999550622655664,0.999002714873734,0.999764521211674,0.985864208727136,0.999500143025419,0.999550622655664,0.999002714873734,0.999764521211674,0.985864208727136,1.5524423951579,2.19349711049522
-0.205959203595925,2.55696130191305,0,1,1,1,26,26,26pz04,O-M,1,0.7747,0.2939,0.999270386294503,0.99938199568392,0.998891416469969,0.999943356869319,0.994720451826137,0.999270386294503,0.99938199568392,0.998891416469969,0.999943356869319,0.994720451826137,0.205959203595925,2.55696130191305
-1.91987104036971,0.358413862505248,0,1,1,1,26,26,26pz04,O-M,1,0.3096,0.2004,0.96719463540871,0.984564057975895,0.959166239434014,0.951710500939417,0.639983190478337,0.96719463540871,0.984564057975895,0.959166239434014,0.951710500939417,0.639983190478337,1.91987104036971,0.358413862505248
2.07020405238069,0.627764423030792,1,1,1,1,26,26,26pz04,O-M,1,0.3817,0.1208,0.982685356635879,0.992441077628769,0.979044705081543,0.973259733168849,0.7349208622948,0.982685356635879,0.992441077628769,0.979044705081543,0.973259733168849,0.7349208622948,2.07020405238069,0.627764423030792
-0.850555708568817,1.40983544030476,0,1,1,1,26,26,26pz04,O-M,1,0.8222,0.3282,0.992723620523613,0.992176545246066,0.984792844546373,0.996667063951281,0.92070586038065,0.992723620523613,0.992176545246066,0.984792844546373,0.996667063951281,0.92070586038065,0.850555708568817,1.40983544030476
-1.11191584280139,2.08771869154867,0,1,1,1,26,26,26pz04,O-M,1,0.2721,0.0367,0.998868071532639,0.998920126869792,0.99779645264492,0.999651777269578,0.981588391127241,0.998868071532639,0.998920126869792,0.99779645264492,0.999651777269578,0.981588391127241,1.11191584280139,2.08771869154867
1.0777242383028,0.272783713834234,1,1,1,1,26,26,26pz04,O-M,1,0.3366,0.3087,0.94599219774531,0.948948185159586,0.897524349474389,0.942491668107479,0.607490260283814,0.94599219774531,0.948948185159586,0.897524349474389,0.942491668107479,0.607490260283814,1.0777242383028,0.272783713834234
1.45462460578899,1.85177184226941,1,1,1,1,26,26,26pz04,O-M,1,1.657,0.2099,0.998594325439037,0.998672620047583,0.997089842932149,0.99919758589974,0.967970703682601,0.998594325439037,0.998672620047583,0.997089842932149,0.99919758589974,0.967970703682601,1.45462460578899,1.85177184226941
0.272294259422711,-1.30037202057381,0,0,0,1,26,26,26pz04,O-M,1,0.6288,0.399,0.506969590991784,0.471495175523306,0.295543249015013,0.501150517706831,0.0967367473588902,0.493030409008216,0.528504824476693,0.704456750984987,0.498849482293169,0.90326325264111,0.272294259422711,1.30037202057381
0.0512228415342906,0.676544445803134,1,1,1,1,26,26,26pz04,O-M,1,0.8531,0.2079,0.951418132071214,0.940964669515984,0.902082500286372,0.976137018758237,0.750652481436631,0.951418132071214,0.940964669515984,0.902082500286372,0.976137018758237,0.750652481436631,0.0512228415342906,0.676544445803134
-2.23579885480174,1.0370924402074,0,1,1,1,26,26,26pz04,O-M,1,0.2904,0.2847,0.994083726212862,0.997495899361942,0.992801710712838,0.990367120496834,0.850153610977198,0.994083726212862,0.997495899361942,0.992801710712838,0.990367120496834,0.850153610977198,2.23579885480174,1.0370924402074
2.13317382385191,2.25394192132182,1,1,1,1,26,26,26pz04,O-M,1,0.328,0.2636,0.999808261259426,0.999859801469079,0.999644084435193,0.99981258408711,0.987900089026527,0.999808261259426,0.999859801469079,0.999644084435193,0.99981258408711,0.987900089026527,2.13317382385191,2.25394192132182
-1.01343231396013,1.4673640541178,0,1,1,1,26,26,26pz04,O-M,1,0.2835,0.4226,0.99445043772313,0.994173044882997,0.988306855833332,0.997202516003135,0.928861476275774,0.99445043772313,0.994173044882997,0.988306855833332,0.997202516003135,0.928861476275774,1.01343231396013,1.4673640541178
1.99669723201945,1.89365903573696,1,1,1,1,26,26,26pz04,O-M,1,0.3321,0.1958,0.999334096076844,0.999496022025992,0.998739167368512,0.999305470691234,0.970864859009229,0.999334096076844,0.999496022025992,0.998739167368512,0.999305470691234,0.970864859009229,1.99669723201945,1.89365903573696
0.769601645270774,0.812280161343566,1,1,1,1,26,26,26pz04,O-M,1,0.2367,0.0679,0.974964644774399,0.971873240107078,0.946739902273293,0.98280785950984,0.791684554285708,0.974964644774399,0.971873240107078,0.946739902273293,0.98280785950984,0.791684554285708,0.769601645270774,0.812280161343566
-0.963295244731852,2.14259621716756,0,1,1,1,26,26,26pz04,O-M,1,0.2876,0.0991,0.998848402231992,0.998908244784766,0.997829598795303,0.99971536915152,0.983927232408577,0.998848402231992,0.998908244784766,0.997829598795303,0.99971536915152,0.983927232408577,0.963295244731852,2.14259621716756
2.26914537194673,0.908249553971761,1,1,1,1,26,26,26pz04,O-M,1,0.2551,0.3136,0.99184193661739,0.996935999756729,0.990977630745563,0.986499574241772,0.818126805842786,0.99184193661739,0.996935999756729,0.990977630745563,0.986499574241772,0.818126805842786,2.26914537194673,0.908249553971761
-2.47755410940018,1.13756868276565,0,1,1,1,26,26,26pz04,O-M,1,0.314,0.1376,0.995901729114515,0.998764596210948,0.996119145103841,0.992673115511611,0.872349685087083,0.995901729114515,0.998764596210948,0.996119145103841,0.992673115511611,0.872349685087083,2.47755410940018,1.13756868276565
1.09191137602398,1.38491521127976,1,1,1,1,26,26,26pz04,O-M,1,0.3889,0.1653,0.993814724638293,0.993544209735101,0.986836381988828,0.996407771952227,0.916960802396423,0.993814724638293,0.993544209735101,0.986836381988828,0.996407771952227,0.916960802396423,1.09191137602398,1.38491521127976
-2.06199493945042,0.763500138571223,0,1,1,1,26,26,26pz04,O-M,1,0.4505,0.2959,0.987371100894499,0.99404649141121,0.983683270131631,0.98062142821164,0.777417410137733,0.987371100894499,0.99404649141121,0.983683270131631,0.98062142821164,0.777417410137733,2.06199493945042,0.763500138571223
-0.0351855506704876,2.70383158786891,1,1,1,1,26,26,26pz04,O-M,1,0.3807,0.195,0.999465920558989,0.99956579149401,0.999234003179981,0.999969263957233,0.996572749000746,0.999465920558989,0.99956579149401,0.999234003179981,0.999969263957233,0.996572749000746,0.0351855506704876,2.70383158786891
2.03778942703713,2.71682192002024,1,1,1,1,26,26,26pz04,O-M,1,0.5119,0.1333,0.999949726094813,0.999961275917284,0.999906523438746,0.999970910545345,0.996704396936708,0.999949726094813,0.999961275917284,0.999906523438746,0.999970910545345,0.996704396936708,2.03778942703713,2.71682192002024
0.204618398577948,-0.647674107174316,0,0,0,1,26,26,26pz04,O-M,1,1.0905,0.2967,0.717913453958397,0.667216737870388,0.519428975450989,0.743953392657573,0.258597877351098,0.282086546041603,0.332783262129612,0.480571024549011,0.256046607342427,0.741402122648902,0.204618398577948,0.647674107174316
-0.803173423364071,0.193516176829178,0,1,1,1,26,26,26pz04,O-M,1,0.6016,0.2116,0.930129012370796,0.92666228173308,0.862960538170848,0.932773718674602,0.576722630888481,0.930129012370796,0.92666228173308,0.862960538170848,0.932773718674602,0.576722630888481,0.803173423364071,0.193516176829178
1.64523270368386,1.88676620643218,1,1,1,1,26,26,26pz04,O-M,1,0.3211,0.1797,0.998974284431047,0.999081081248595,0.997897892361533,0.999288690554424,0.970404110849376,0.998974284431047,0.999081081248595,0.997897892361533,0.999288690554424,0.970404110849376,1.64523270368386,1.88676620643218
1.11860982451871,1.55405463806647,1,1,1,1,26,26,26pz04,O-M,1,0.3306,0.3108,0.995866776126991,0.995756145410352,0.99130160057569,0.997863762230931,0.939914307888611,0.995866776126991,0.995756145410352,0.99130160057569,0.997863762230931,0.939914307888611,1.11860982451871,1.55405463806647
1.51089106946963,0.29849926931748,1,1,1,1,26,26,26pz04,O-M,1,0.539,0.118,0.957349676733349,0.969746575794012,0.930919219656058,0.945395124891954,0.617338933144109,0.957349676733349,0.969746575794012,0.930919219656058,0.945395124891954,0.617338933144109,1.51089106946963,0.29849926931748
0.12023018132376,2.5702167428838,1,1,1,1,26,26,26pz04,O-M,1,0.3624,0.1982,0.999251947271735,0.999370456173132,0.998881538190443,0.999946352281957,0.994918254771122,0.999251947271735,0.999370456173132,0.998881538190443,0.999946352281957,0.994918254771122,0.12023018132376,2.5702167428838
-2.47580941285194,0.387310723821473,0,1,1,1,26,26,26pz04,O-M,1,0.4067,0.1261,0.972613377209225,0.994577864084721,0.981568344808776,0.954540202431708,0.650736906280012,0.972613377209225,0.994577864084721,0.981568344808776,0.954540202431708,0.650736906280012,2.47580941285194,0.387310723821473
0.291784356389198,-2.20571863887571,0,0,0,1,26,26,26pz04,O-M,1,0.5011,0.4287,0.21215771848499,0.244301072794731,0.0956719756274649,0.18340556509614,0.0137018530197568,0.78784228151501,0.755698927205269,0.904328024372535,0.81659443490386,0.986298146980243,0.291784356389198,2.20571863887571
1.46412861067018,0.751570241697553,1,1,1,1,26,26,26pz04,O-M,1,0.2352,0.1856,0.982303741134305,0.985031954366297,0.966417934077408,0.98005210202056,0.77384522765259,0.982303741134305,0.985031954366297,0.966417934077408,0.98005210202056,0.77384522765259,1.46412861067018,0.751570241697553
0.791571047858439,2.53177596406864,1,1,1,1,26,26,26pz04,O-M,1,0.7218,0.3075,0.999530989922531,0.999592539368115,0.999211488334976,0.999937226002845,0.994325676215759,0.999530989922531,0.999592539368115,0.999211488334976,0.999937226002845,0.994325676215759,0.791571047858439,2.53177596406864
1.58522432503793,0.622197137823079,1,1,1,1,26,26,26pz04,O-M,1,0.3937,1.224,0.978366875820278,0.98391443137506,0.962493196718664,0.972913649915908,0.733093876080956,0.978366875820278,0.98391443137506,0.962493196718664,0.972913649915908,0.733093876080956,1.58522432503793,0.622197137823079
-0.95128897769596,1.49042852140689,0,1,1,1,26,26,26pz04,O-M,1,0.3023,0.2924,0.994413875498163,0.994105940191127,0.988314438297955,0.997394435085699,0.931944201086397,0.994413875498163,0.994105940191127,0.988314438297955,0.997394435085699,0.931944201086397,0.95128897769596,1.49042852140689
1.75301362860454,1.24573308108694,1,1,1,1,26,26,26pz04,O-M,1,0.3139,0.1991,0.995290508227145,0.996311954550753,0.991110885500578,0.994598215008427,0.893568797784108,0.995290508227145,0.996311954550753,0.991110885500578,0.994598215008427,0.893568797784108,1.75301362860454,1.24573308108694
0.593226598164156,1.3019361508029,1,1,1,1,26,26,26pz04,O-M,1,0.4412,0.3068,0.988763685769256,0.987540182362917,0.976915417211231,0.995408861853977,0.903530893430781,0.988763685769256,0.987540182362917,0.976915417211231,0.995408861853977,0.903530893430781,0.593226598164156,1.3019361508029
-2.25469208189646,0.557775694705257,0,1,1,1,26,26,26pz04,O-M,1,0.435,0.1957,0.980692859649542,0.993839423882102,0.98144747744251,0.968630145617131,0.711501219173474,0.980692859649542,0.993839423882102,0.98144747744251,0.968630145617131,0.711501219173474,2.25469208189646,0.557775694705257
-1.4904690807017,1.08216093950794,0,1,1,1,26,26,26pz04,O-M,1,1.1507,0.3285,0.991486710902124,0.99238197572824,0.982868357400366,0.991470111569391,0.860409489269315,0.991486710902124,0.99238197572824,0.982868357400366,0.991470111569391,0.860409489269315,1.4904690807017,1.08216093950794
0.401447717059289,1.31545670059306,1,1,1,1,26,26,26pz04,O-M,1,1.3387,0.3569,0.987371099023192,0.985944586914262,0.974761262707771,0.995586886897546,0.905821769855529,0.987371099023192,0.985944586914262,0.974761262707771,0.995586886897546,0.905821769855529,0.401447717059289,1.31545670059306
2.05831256801244,2.07605390349442,1,1,1,1,26,26,26pz04,O-M,1,0.3261,0.2602,0.99963697899614,0.999728378150113,0.999316457033351,0.999636659712658,0.981055517069397,0.99963697899614,0.999728378150113,0.999316457033351,0.999636659712658,0.981055517069397,2.05831256801244,2.07605390349442
1.15915106273169,0.830837778702609,1,1,1,1,26,26,26pz04,O-M,1,0.4488,0.4031,0.981545233142048,0.98142292091272,0.961588944384482,0.983582445215443,0.796967361237232,0.981545233142048,0.98142292091272,0.961588944384482,0.983582445215443,0.796967361237232,1.15915106273169,0.830837778702609
0.61684887116594,1.11954128304544,1,1,1,1,26,26,26pz04,O-M,1,0.667,0.1653,0.984224652958549,0.982159805284435,0.96694712103251,0.992299239622895,0.868545355419084,0.984224652958549,0.982159805284435,0.96694712103251,0.992299239622895,0.868545355419084,0.61684887116594,1.11954128304544
0.730552581737212,1.59647204917285,1,1,1,1,26,26,26pz04,O-M,1,0.2365,0.3884,0.994608578263338,0.994312294311517,0.989157802161057,0.998132566936092,0.944808279328795,0.994608578263338,0.994312294311517,0.989157802161057,0.998132566936092,0.944808279328795,0.730552581737212,1.59647204917285
-2.17902734738346,1.4763777539779,0,1,1,1,26,26,26pz04,O-M,1,0.3522,0.2131,0.998158496655447,0.998960915328695,0.997174148079153,0.99727898768836,0.930078744348219,0.998158496655447,0.998960915328695,0.997174148079153,0.99727898768836,0.930078744348219,2.17902734738346,1.4763777539779
-1.80846298315138,0.752365568155797,0,1,1,1,26,26,26pz04,O-M,1,0.4024,0.052,0.985463384730491,0.990794218099287,0.97697802485732,0.980090493735718,0.774084376526163,0.985463384730491,0.990794218099287,0.97697802485732,0.980090493735718,0.774084376526163,1.80846298315138,0.752365568155797
1.40219188320777,2.52090650247263,1,1,1,1,26,26,26pz04,O-M,1,0.2925,0.0721,0.999762576405975,0.999793964924358,0.999559613775572,0.999934391309077,0.994147352523128,0.999762576405975,0.999793964924358,0.999559613775572,0.999934391309077,0.994147352523128,1.40219188320777,2.52090650247263
-1.81241150691844,0.916467927373623,0,1,1,1,26,26,26pz04,O-M,1,0.3345,0.2115,0.99005560361721,0.993322987011942,0.983387535368133,0.986781241330099,0.820289239035453,0.99005560361721,0.993322987011942,0.983387535368133,0.986781241330099,0.820289239035453,1.81241150691844,0.916467927373623
-0.0443452075487305,-2.04453247667145,0,0,0,1,26,26,26pz04,O-M,1,0.4729,0.3091,0.265942253693011,0.317962100600144,0.139014723245201,0.229262894039569,0.0204504862104448,0.734057746306989,0.682037899399856,0.860985276754799,0.770737105960431,0.979549513789555,0.0443452075487305,2.04453247667145
-2.05607215379982,0.912756403901815,0,1,1,1,26,26,26pz04,O-M,1,0.5615,0.2478,0.991186911547203,0.995505423644591,0.987822815361459,0.986654671781401,0.819314664134592,0.991186911547203,0.995505423644591,0.987822815361459,0.986654671781401,0.819314664134592,2.05607215379982,0.912756403901815
2.15512026990605,2.60017403947768,1,1,1,1,26,26,26pz04,O-M,1,0.2109,0.2286,0.999938672952214,0.999954570357369,0.999886542572239,0.99995258050263,0.995341175414369,0.999938672952214,0.999954570357369,0.999886542572239,0.99995258050263,0.995341175414369,2.15512026990605,2.60017403947768
1.53001386189965,1.65267511888881,1,1,1,1,26,26,26pz04,O-M,1,0.37,0.1041,0.997863978918911,0.998014621491261,0.995549451127091,0.998441366220998,0.950801499596389,0.997863978918911,0.998014621491261,0.995549451127091,0.998441366220998,0.950801499596389,1.53001386189965,1.65267511888881
2.05066804234714,1.81995878393962,1,1,1,1,26,26,26pz04,O-M,1,0.2944,0.1316,0.999224430406841,0.999443817981026,0.998580937575592,0.999105564074472,0.965617359110634,0.999224430406841,0.999443817981026,0.998580937575592,0.999105564074472,0.965617359110634,2.05066804234714,1.81995878393962
-2.4438768747125,2.46390810629842,0,1,1,1,26,26,26pz04,O-M,1,0.3654,0.0005,0.999936026520897,0.99996165227579,0.999895638161974,0.999917443746205,0.993128432939748,0.999936026520897,0.99996165227579,0.999895638161974,0.999917443746205,0.993128432939748,2.4438768747125,2.46390810629842
0.909429890998538,0.594625820603929,1,1,1,1,26,26,26pz04,O-M,1,0.2259,0.2151,0.966225443490559,0.963836461450607,0.929793508322318,0.971144170530685,0.723953191751807,0.966225443490559,0.963836461450607,0.929793508322318,0.971144170530685,0.723953191751807,0.909429890998538,0.594625820603929
2.19435298570785,1.30670810955236,1,1,1,1,26,26,26pz04,O-M,1,0.3776,0.0725,0.997074704647919,0.998498822724013,0.995841671253163,0.995472413150547,0.904344068286749,0.997074704647919,0.998498822724013,0.995841671253163,0.995472413150547,0.904344068286749,2.19435298570785,1.30670810955236
0.919393026550311,-1.99045027751081,0,0,0,1,26,26,26pz04,O-M,1,1.0255,0.1991,0.251369305571204,0.211859482249868,0.0949677500203885,0.245980137597881,0.0232706780680753,0.748630694428796,0.788140517750132,0.905032249979612,0.754019862402119,0.976729321931925,0.919393026550311,1.99045027751081
1.11863278105224,1.78204822276329,1,1,1,1,26,26,26pz04,O-M,1,0.0679,0.179,0.997579548781075,0.997577106613137,0.995039354937698,0.998983279585562,0.962629315895172,0.997579548781075,0.997577106613137,0.995039354937698,0.998983279585562,0.962629315895172,1.11863278105224,1.78204822276329
1.90721266432173,0.735398603713243,1,1,1,1,26,26,26pz04,O-M,1,0.3441,0.0685,0.985589796474195,0.991865195994785,0.978923393259091,0.979257741514111,0.768951614012822,0.985589796474195,0.991865195994785,0.978923393259091,0.979257741514111,0.768951614012822,1.90721266432173,0.735398603713243
2.10939085511542,2.53601770517928,1,1,1,1,26,26,26pz04,O-M,1,0.205,0.0368,0.999918921304609,0.999938803844871,0.99984826218732,0.999938300583108,0.994393946735848,0.999918921304609,0.999938803844871,0.99984826218732,0.999938300583108,0.994393946735848,2.10939085511542,2.53601770517928
0.981926623884481,2.12483392626676,1,1,1,1,26,26,26pz04,O-M,1,0.3275,0.244,0.998817060958892,0.998874849096121,0.997756070147095,0.99969607789971,0.98319976356906,0.998817060958892,0.998874849096121,0.997756070147095,0.99969607789971,0.98319976356906,0.981926623884481,2.12483392626676
-0.808774817545252,0.828982016966705,0,1,1,1,26,26,26pz04,O-M,1,0.4153,0.1843,0.976354339250191,0.973636285455678,0.949651534285298,0.983506355413273,0.796442708425457,0.976354339250191,0.973636285455678,0.949651534285298,0.983506355413273,0.796442708425457,0.808774817545252,0.828982016966705
-1.99879560264389,0.28444850188849,0,1,1,1,26,26,26pz04,O-M,1,0.3498,0.3737,0.962567577984224,0.984649408190524,0.957934099640391,0.943823406464977,0.611966652914022,0.962567577984224,0.984649408190524,0.957934099640391,0.943823406464977,0.611966652914022,1.99879560264389,0.28444850188849
-0.172373795042367,0.716575877534785,0,1,1,1,26,26,26pz04,O-M,1,0.4039,0.1839,0.957316395673252,0.948555642849085,0.912882435247009,0.978299582454691,0.763182083401544,0.957316395673252,0.948555642849085,0.912882435247009,0.978299582454691,0.763182083401544,0.172373795042367,0.716575877534785
0.768522688194891,-0.129121256398762,0,1,0,0,26,26,26pz04,O-M,1,0.8197,0.784,0.806958779780552,0.75256507193574,0.651882789931912,0.879829459429175,0.448630851314127,0.193041220219448,0.24743492806426,0.348117210068088,0.120170540570825,0.551369148685873,0.768522688194891,0.129121256398762
1.47305870221313,-2.34012881031907,0,0,0,1,26,26,26pz04,O-M,1,0.6659,0.2651,0.149220488799447,0.108472056328809,0.0404358153664264,0.149897555641025,0.0096385450051642,0.850779511200553,0.891527943671191,0.959564184633574,0.850102444358975,0.990361454994836,1.47305870221313,2.34012881031907
1.53391647259965,2.53204107288805,1,1,1,1,26,26,26pz04,O-M,1,0.3065,0.0065,0.999807886156158,0.999835097306399,0.999638826691232,0.999937293677649,0.994329964649156,0.999807886156158,0.999835097306399,0.999638826691232,0.999937293677649,0.994329964649156,1.53391647259965,2.53204107288805
-1.77317879111665,1.88093381240505,0,1,1,1,26,26,26pz04,O-M,1,0.3723,0.0546,0.999105029540868,0.99923616551232,0.998196953298325,0.999274200897212,0.970009538513309,0.999105029540868,0.99923616551232,0.998196953298325,0.999274200897212,0.970009538513309,1.77317879111665,1.88093381240505
-0.0547215607040333,1.95198297600824,1,1,1,1,26,26,26pz04,O-M,1,0.3577,0.0866,0.995958881636347,0.996079189152633,0.993177486322822,0.999433514947095,0.974529887088213,0.995958881636347,0.996079189152633,0.993177486322822,0.999433514947095,0.974529887088213,0.0547215607040333,1.95198297600824
-1.78564418882313,2.31094031749602,0,1,1,1,26,26,26pz04,O-M,1,0.5357,0.1338,0.999739450362085,0.999779318089304,0.999486868640918,0.999849359608814,0.989581924146852,0.999739450362085,0.999779318089304,0.999486868640918,0.999849359608814,0.989581924146852,1.78564418882313,2.31094031749602
1.32299184253124,0.239645111407371,1,1,1,1,26,26,26pz04,O-M,1,0.7547,0.2927,0.948673613417664,0.958598877792119,0.910949452825872,0.938572607735041,0.594697305127248,0.948673613417664,0.958598877792119,0.910949452825872,0.938572607735041,0.594697305127248,1.32299184253124,0.239645111407371
-1.56213937838059,1.16063315005475,0,1,1,1,26,26,26pz04,O-M,1,0.5201,0.0607,0.993270348258952,0.994134492276631,0.986572164731912,0.993128068463848,0.877104440854931,0.993270348258952,0.994134492276631,0.986572164731912,0.993128068463848,0.877104440854931,1.56213937838059,1.16063315005475
-0.259907057390087,0.647382475667495,0,1,1,1,26,26,26pz04,O-M,1,0.5948,0.2196,0.954597217690562,0.945331619939752,0.906400488668815,0.974449963282458,0.741307782574829,0.954597217690562,0.945331619939752,0.906400488668815,0.974449963282458,0.741307782574829,0.259907057390087,0.647382475667495
-2.30329106337827,0.546110906651001,0,1,1,1,26,26,26pz04,O-M,1,0.3234,0.3153,0.980383415233848,0.994259569415758,0.982312871455846,0.967797570702888,0.707505148459426,0.980383415233848,0.994259569415758,0.982312871455846,0.967797570702888,0.707505148459426,2.30329106337827,0.546110906651001
-2.50335725308726,0.955704032647029,0,1,1,1,26,26,26pz04,O-M,1,0.2802,0.2115,0.993303296452431,0.998273696807811,0.994403879774752,0.988057062718619,0.830389107720316,0.993303296452431,0.998273696807811,0.994403879774752,0.988057062718619,0.830389107720316,2.50335725308726,0.955704032647029
-0.188420411979439,0.717106095173615,0,1,1,1,26,26,26pz04,O-M,1,0.5974,0.0834,0.957734852682682,0.949102845672376,0.91358619401336,0.978327076054925,0.763345682436083,0.957734852682682,0.949102845672376,0.91358619401336,0.978327076054925,0.763345682436083,0.188420411979439,0.717106095173615
-1.44586453605402,0.402421926528123,0,1,1,1,26,26,26pz04,O-M,1,0.4525,0.0377,0.964037216452972,0.972148713874327,0.937722363492832,0.955965964044676,0.656313232066289,0.964037216452972,0.972148713874327,0.937722363492832,0.955965964044676,0.656313232066289,1.44586453605402,0.402421926528123
-1.63998498357889,1.4389974104404,0,1,1,1,26,26,26pz04,O-M,1,0.476,0.0006,0.996760349176316,0.997172161900447,0.993441697397939,0.996949037175369,0.924924371776579,0.996760349176316,0.997172161900447,0.993441697397939,0.996949037175369,0.924924371776579,1.63998498357889,1.4389974104404
-2.33839160314477,0.876171386822558,0,1,1,1,26,26,26pz04,O-M,1,0.3744,0.1187,0.991345377992356,0.997145298618693,0.991322387089558,0.985350031213782,0.809531565452042,0.991345377992356,0.997145298618693,0.991322387089558,0.985350031213782,0.809531565452042,2.33839160314477,0.876171386822558
-0.35781667289311,0.677604881080794,0,1,1,1,26,26,26pz04,O-M,1,1.3421,0.3114,0.959104449662056,0.951229323409832,0.914975258331877,0.976196558361183,0.750988874777827,0.959104449662056,0.951229323409832,0.914975258331877,0.976196558361183,0.750988874777827,0.35781667289311,0.677604881080794
-2.44706783287309,1.33693051496566,0,1,1,1,26,26,26pz04,O-M,1,0.6814,0.2966,0.997653617762527,0.999160627616309,0.997450903636415,0.995856978765068,0.909377340464581,0.997653617762527,0.999160627616309,0.997450903636415,0.995856978765068,0.909377340464581,2.44706783287309,1.33693051496566
-0.682766405002206,-0.374612023176964,1,0,0,1,26,26,26pz04,O-M,1,2.7313,0.4868,0.757503413277996,0.692314209417438,0.572301146711909,0.823463174082412,0.353974514977215,0.242496586722004,0.307685790582562,0.427698853288091,0.176536825917588,0.646025485022785,0.682766405002206,0.374612023176964
-2.48017115422253,2.63569862127928,0,1,1,1,26,26,26pz04,O-M,1,0.4028,0.0005,0.999966577505343,0.999979785806953,0.999945234706868,0.999959081287879,0.995801786517583,0.999966577505343,0.999979785806953,0.999945234706868,0.999959081287879,0.995801786517583,2.48017115422253,2.63569862127928
-0.277744283942455,2.22106842771437,0,1,1,1,26,26,26pz04,O-M,1,0.6054,0.0006,0.998251084324646,0.998391937316207,0.997106084634935,0.99978771791915,0.986826836465294,0.998251084324646,0.998391937316207,0.997106084634935,0.99978771791915,0.986826836465294,0.277744283942455,2.22106842771437
-0.912905653634751,1.66062838347126,0,1,1,1,26,26,26pz04,O-M,1,0.9452,0.2446,0.996047806617833,0.995908556822756,0.991940550014406,0.998481087732804,0.951605947585898,0.996047806617833,0.995908556822756,0.991940550014406,0.998481087732804,0.951605947585898,0.912905653634751,1.66062838347126
1.13550583319637,1.66752121277605,1,1,1,1,26,26,26pz04,O-M,1,0.5841,0.075,0.996875273525377,0.996834417699048,0.993492888106492,0.998514763818693,0.952294595011602,0.996875273525377,0.996834417699048,0.993492888106492,0.998514763818693,0.952294595011602,1.13550583319637,1.66752121277605
-0.191542500539442,2.28495965319336,0,1,1,1,26,26,26pz04,O-M,1,0.4916,0.0007,0.998424068762003,0.998577364595776,0.997464191590288,0.999833525540627,0.98884240317467,0.998424068762003,0.998577364595776,0.997464191590288,0.999833525540627,0.98884240317467,0.191542500539442,2.28495965319336
1.74644806001512,1.33772584142391,1,1,1,1,26,26,26pz04,O-M,1,0.4324,0.0006,0.996224867405654,0.996964416996964,0.992723948260554,0.995866691831546,0.9095070880392,0.996224867405654,0.996964416996964,0.992723948260554,0.995866691831546,0.9095070880392,1.74644806001512,1.33772584142391
-0.0136752787534107,-1.42841958035121,0,1,0,0,26,26,26pz04,O-M,1,0.3914,0.0005,0.476302735666805,0.478374898638473,0.286469310574294,0.450197002708915,0.0765855633277904,0.523697264333195,0.521625101361527,0.713530689425706,0.549802997291085,0.92341443667221,0.0136752787534107,1.42841958035121
-0.624250201035686,0.0980770018398118,1,1,0,0,26,26,26pz04,O-M,1,1.245,0.1941,0.82116973810763,0.77141205201901,0.672115643149212,0.885932885255967,0.460935574670604,0.17883026189237,0.22858794798099,0.327884356850788,0.114067114744033,0.539064425329396,0.624250201035686,0.0980770018398118
-0.987399604937755,0.605760391019355,0,1,1,1,26,26,26pz04,O-M,1,0.6416,0.7749,0.968424512797354,0.967028486775314,0.934796937229237,0.97187000782143,0.727663062362047,0.968424512797354,0.967028486775314,0.934796937229237,0.97187000782143,0.727663062362047,0.987399604937755,0.605760391019355
1.50209871712786,2.70966398189604,1,1,1,1,26,26,26pz04,O-M,1,0.3006,0.2804,0.99988361503354,0.99990309221878,0.99978998433823,0.999970013869332,0.996632429867705,0.99988361503354,0.99990309221878,0.99978998433823,0.999970013869332,0.996632429867705,1.50209871712786,2.70966398189604
-0.966738724761267,-0.408545952062072,1,1,0,0,26,26,26pz04,O-M,1,0.7573,0.614,0.731534954245341,0.656981134928232,0.53923959351015,0.81452893223013,0.341436450707216,0.268465045754659,0.343018865071768,0.46076040648985,0.18547106776987,0.658563549292784,0.966738724761267,0.408545952062072
-1.52343466284997,2.77249477209737,0,1,1,1,26,26,26pz04,O-M,1,0.3847,0.1387,0.999907421159892,0.999923934271307,0.999834780776028,0.999977066932994,0.99721857935254,0.999907421159892,0.999923934271307,0.999834780776028,0.999977066932994,0.99721857935254,1.52343466284997,2.77249477209737
-1.55167119909117,1.64101033083456,0,1,1,1,26,26,26pz04,O-M,1,0.4083,0.6507,0.997851412919551,0.99801845382047,0.99553343124081,0.998381393244259,0.949602364637732,0.997851412919551,0.99801845382047,0.99553343124081,0.998381393244259,0.949602364637732,1.55167119909117,1.64101033083456
-0.0552725175087396,2.29132226485932,1,1,1,1,26,26,26pz04,O-M,1,0.4113,0.203,0.998291386636034,0.998468429702683,0.997313526167415,0.999837541233434,0.989027609096765,0.998291386636034,0.998468429702683,0.997313526167415,0.999837541233434,0.989027609096765,0.0552725175087396,2.29132226485932
-1.75554817336604,1.5545848557053,0,1,1,1,26,26,26pz04,O-M,1,0.4192,0.4025,0.997835714403507,0.998197991763604,0.995707608504725,0.99786732835637,0.939977513564606,0.997835714403507,0.998197991763604,0.995707608504725,0.99786732835637,0.939977513564606,1.75554817336604,1.5545848557053
0.302872362083913,-1.7857862689225,0,0,0,1,26,26,26pz04,O-M,1,0.7863,0.8251,0.338716285482434,0.337105488536814,0.168582549371361,0.314714631030669,0.0370669354081268,0.661283714517566,0.662894511463186,0.831417450628639,0.685285368969331,0.962933064591873,0.302872362083913,1.7857862689225
0.302206622611559,2.13755914959868,1,1,1,1,26,26,26pz04,O-M,1,0.2904,0.1818,0.997868867594487,0.998000128375312,0.996394905839696,0.999710017639901,0.983723729893056,0.997868867594487,0.998000128375312,0.996394905839696,0.999710017639901,0.983723729893056,0.302206622611559,2.13755914959868
-0.488990305480279,1.9583455876742,0,1,1,1,26,26,26pz04,O-M,1,1.5949,0.2,0.997132528525302,0.997181591347231,0.994802701655082,0.999446076247784,0.974905262549384,0.997132528525302,0.997181591347231,0.994802701655082,0.999446076247784,0.974905262549384,0.488990305480279,1.9583455876742
-1.67848309030774,2.64895406225003,0,1,1,1,26,26,26pz04,O-M,1,0.7641,0.1315,0.999890904215142,0.999909428823608,0.999796691359594,0.999961283630698,0.99596293471111,0.999890904215142,0.999909428823608,0.999796691359594,0.999961283630698,0.99596293471111,1.67848309030774,2.64895406225003
0.164237856099679,0.529409051027862,1,1,1,1,26,26,26pz04,O-M,1,0.3928,0.229,0.942570101738757,0.929997218584227,0.882720305677816,0.966573797040854,0.701739139598266,0.942570101738757,0.929997218584227,0.882720305677816,0.966573797040854,0.701739139598266,0.164237856099679,0.529409051027862
-0.671517703572785,1.32420529163375,0,1,1,1,26,26,26pz04,O-M,1,1.0502,1.0765,0.989901079874671,0.988880940224394,0.979106866803402,0.995698767875903,0.907282563042959,0.989901079874671,0.988880940224394,0.979106866803402,0.995698767875903,0.907282563042959,0.671517703572785,1.32420529163375
-0.652831085279828,0.309368730913491,0,1,1,1,26,26,26pz04,O-M,1,0.3965,0.1482,0.937387914781605,0.929922400215552,0.872754442171172,0.946586962910468,0.62147947320713,0.937387914781605,0.929922400215552,0.872754442171172,0.946586962910468,0.62147947320713,0.652831085279828,0.309368730913491
1.01553498897157,1.47876373335264,1,1,1,1,26,26,26pz04,O-M,1,0.4407,0.181,0.994598886153805,0.994336498608738,0.988629834048663,0.99729891177705,0.930398264087766,0.994598886153805,0.994336498608738,0.988629834048663,0.99729891177705,0.930398264087766,1.01553498897157,1.47876373335264
1.59330502484029,1.41805381370662,1,1,1,1,26,26,26pz04,O-M,1,0.2909,0.0398,0.99643551538169,0.996822464520629,0.992715899696456,0.996748810005506,0.921912472922397,0.99643551538169,0.996822464520629,0.992715899696456,0.996748810005506,0.921912472922397,1.59330502484029,1.41805381370662
0.364120393540435,0.109741789894068,0,1,0,0,26,26,26pz04,O-M,1,0.5491,0.211,0.833085024735083,0.789084640439476,0.687541590009859,0.883665964044992,0.456307078504449,0.166914975264917,0.210915359560524,0.312458409990141,0.116334035955008,0.543692921495551,0.364120393540435,0.109741789894068
-2.1707170822458,0.91090064216591,0,1,1,1,26,26,26pz04,O-M,1,0.3014,0.3121,0.991583229369018,0.996329784962618,0.989612030447887,0.986590995448238,0.818826136351112,0.991583229369018,0.996329784962618,0.989612030447887,0.986590995448238,0.818826136351112,2.1707170822458,0.91090064216591
-2.04066831980158,2.44906201241119,0,1,1,1,26,26,26pz04,O-M,1,0.2864,0.1805,0.99988143844925,0.99990801020976,0.999774534300634,0.99991239647391,0.992838560678549,0.99988143844925,0.99990801020976,0.999774534300634,0.99991239647391,0.992838560678549,2.04066831980158,2.44906201241119
-0.8375163975241,2.81226109500961,0,1,1,1,26,26,26pz04,O-M,1,0.5019,0.2289,0.99980894635907,0.999844396284216,0.999696939562306,0.999980684377257,0.997540272354599,0.99980894635907,0.999844396284216,0.999696939562306,0.999980684377257,0.997540272354599,0.8375163975241,2.81226109500961
2.24807127416672,2.01030691627952,1,1,1,1,26,26,26pz04,O-M,1,0.2269,0.1008,0.999644323289139,0.999773916079347,0.999396901218983,0.999539423008668,0.977800642334042,0.999644323289139,0.999773916079347,0.999396901218983,0.999539423008668,0.977800642334042,2.24807127416672,2.01030691627952
-0.284332809065402,0.737254365449147,0,1,1,1,26,26,26pz04,O-M,1,0.4715,0.2776,0.961284057551397,0.953706283947946,0.920088361612359,0.979350237403749,0.769516160982088,0.961284057551397,0.953706283947946,0.920088361612359,0.979350237403749,0.769516160982088,0.284332809065402,0.737254365449147
-0.83264961241586,1.16169358533241,0,1,1,1,26,26,26pz04,O-M,1,0.3988,0.0708,0.987691549512885,0.986442797364316,0.973819040451352,0.993148372408251,0.877320023866959,0.987691549512885,0.986442797364316,0.973819040451352,0.993148372408251,0.877320023866959,0.83264961241586,1.16169358533241
-1.6701039555695,1.85945999803244,0,1,1,1,26,26,26pz04,O-M,1,0.2973,0.0007,0.998929037595118,0.999048763264987,0.997808913650283,0.999218476181441,0.968519017878942,0.998929037595118,0.999048763264987,0.997808913650283,0.999218476181441,0.968519017878942,1.6701039555695,1.85945999803244
-1.10762297103138,0.942183482856869,0,1,1,1,26,26,26pz04,O-M,1,0.4799,0.0775,0.984633580405521,0.984074874740378,0.967454434801798,0.987630031659322,0.82695064559134,0.984633580405521,0.984074874740378,0.967454434801798,0.987630031659322,0.82695064559134,1.10762297103138,0.942183482856869
-0.482401780357332,2.57896533392449,0,1,1,1,26,26,26pz04,O-M,1,0.4883,0.0005,0.999453541346801,0.999534810969081,0.999136626735006,0.999948246688394,0.995045163461108,0.999453541346801,0.999534810969081,0.999136626735006,0.999948246688394,0.995045163461108,0.482401780357332,2.57896533392449
-1.09185183249667,1.19562751421752,0,1,1,1,26,26,26pz04,O-M,1,0.3068,0.0523,0.99072605266484,0.990265433356072,0.980154981361723,0.993770736271891,0.88407902528581,0.99072605266484,0.990265433356072,0.980154981361723,0.993770736271891,0.88407902528581,1.09185183249667,1.19562751421752
0.230146063862676,-1.36214237549748,0,0,0,1,26,26,26pz04,O-M,1,0.6549,0.4377,0.487919155660571,0.460703250915193,0.28179295825836,0.47652128300973,0.0865764786393471,0.512080844339429,0.539296749084807,0.71820704174164,0.52347871699027,0.913423521360653,0.230146063862676,1.36214237549748
1.09519416031869,1.06121734277416,1,1,1,1,26,26,26pz04,O-M,1,0.5059,0.0145,0.987792243022094,0.987221444078836,0.973942523054418,0.990972135299308,0.855704430198932,0.987792243022094,0.987221444078836,0.973942523054418,0.990972135299308,0.855704430198932,1.09519416031869,1.06121734277416
-0.148430130571171,-1.85657032370628,1,0,0,1,26,26,26pz04,O-M,1,0.8951,0.1701,0.321791528938002,0.344477437793938,0.166655177088407,0.290024078353996,0.0316861546512386,0.678208471061998,0.655522562206062,0.833344822911593,0.709975921646004,0.968313845348761,0.148430130571171,1.85657032370628
-0.724432513358123,2.48114017956039,0,1,1,1,26,26,26pz04,O-M,1,0.3245,0.2031,0.999419580057266,0.999490602934925,0.99902378060597,0.999922958877685,0.993451857071526,0.999419580057266,0.999490602934925,0.99902378060597,0.999922958877685,0.993451857071526,0.724432513358123,2.48114017956039
-1.69811092647541,2.44269940074523,0,1,1,1,26,26,26pz04,O-M,1,0.3006,0.0281,0.999800664004226,0.999830111866272,0.999614371215212,0.999910145720778,0.992711063036993,0.999800664004226,0.999830111866272,0.999614371215212,0.999910145720778,0.992711063036993,1.69811092647541,2.44269940074523
0.612992173532996,-1.93000546668421,0,0,0,1,26,26,26pz04,O-M,1,0.5555,0.1596,0.280486161867334,0.259697061824249,0.119740391055262,0.265411718315014,0.0268030802045001,0.719513838132666,0.740302938175751,0.880259608944738,0.734588281684986,0.9731969197955,0.612992173532996,1.93000546668421
0.0147219532224954,2.81703305375908,1,1,1,1,26,26,26pz04,O-M,1,0.3225,0.0006,0.999617859831066,0.999697583953614,0.99946662489561,0.999981080126738,0.997576523141799,0.999617859831066,0.999697583953614,0.99946662489561,0.999981080126738,0.997576523141799,0.0147219532224954,2.81703305375908
0.695612737705418,2.3549483815189,1,1,1,1,26,26,26pz04,O-M,1,0.8925,0.0319,0.999148727378028,0.99923126454486,0.998533642581601,0.999873005735329,0.990737360569114,0.999148727378028,0.99923126454486,0.998533642581601,0.999873005735329,0.990737360569114,0.695612737705418,2.3549483815189
2.19318220249785,2.02965986009681,1,1,1,1,26,26,26pz04,O-M,1,0.3019,0.0005,0.999643981845365,0.999761013208733,0.999373580568658,0.999570295273145,0.978804437151073,0.999643981845365,0.999761013208733,0.999373580568658,0.999570295273145,0.978804437151073,2.19318220249785,2.02965986009681
2.11811433785661,1.14605216498693,1,1,1,1,26,26,26pz04,O-M,1,0.2717,0.0858,0.995288370402675,0.997525330454621,0.993248471175117,0.992843452354544,0.874113215754049,0.995288370402675,0.997525330454621,0.993248471175117,0.992843452354544,0.874113215754049,2.11811433785661,1.14605216498693
2.19201141928785,2.30245683527475,1,1,1,1,26,26,26pz04,O-M,1,0.3164,0.086,0.999847793277575,0.999892118973108,0.999722704145569,0.999844351351526,0.989345288513417,0.999847793277575,0.999892118973108,0.999722704145569,0.999844351351526,0.989345288513417,2.19201141928785,2.30245683527475
-2.40322085383188,0.85575800772761,0,1,1,1,26,26,26pz04,O-M,1,0.3604,0.0006,0.991050442015302,0.997389141483942,0.991820837977854,0.984575457750163,0.803934176560735,0.991050442015302,0.997389141483942,0.991820837977854,0.984575457750163,0.803934176560735,2.40322085383188,0.85575800772761
2.21985769445905,0.569440482759513,1,1,1,1,26,26,26pz04,O-M,1,0.3028,0.0006,0.981044619145977,0.99356548105251,0.980934854174218,0.969444841514377,0.715471374803116,0.981044619145977,0.99356548105251,0.980934854174218,0.969444841514377,0.715471374803116,2.21985769445905,0.569440482759513
-0.87461415570766,2.44906201241119,0,1,1,1,26,26,26pz04,O-M,1,1.0709,0.2319,0.999453501849928,0.999515315255891,0.999050450782245,0.99991239647391,0.992838560678549,0.999453501849928,0.999515315255891,0.999050450782245,0.99991239647391,0.992838560678549,0.87461415570766,2.44906201241119
1.99059079410062,0.792131891068033,1,1,1,1,26,26,26pz04,O-M,1,0.5035,0.2153,0.987841989225254,0.993630629757194,0.983036126393191,0.981931735015146,0.78585811168657,0.987841989225254,0.993630629757194,0.983036126393191,0.981931735015146,0.78585811168657,1.99059079410062,0.792131891068033
0.907409716047948,2.02197170433378,1,1,1,1,26,26,26pz04,O-M,1,0.3127,0.2275,0.998334965779368,0.998381550032907,0.99681231814231,0.999558268163633,0.978410362433262,0.998334965779368,0.998381550032907,0.99681231814231,0.999558268163633,0.978410362433262,0.907409716047948,2.02197170433378
-0.453797939579661,2.42334645692794,0,1,1,1,26,26,26pz04,O-M,1,0.4371,0.0391,0.999124553529077,0.999227570971234,0.998573934922358,0.999902960878179,0.992310873701523,0.999124553529077,0.999227570971234,0.998573934922358,0.999902960878179,0.992310873701523,0.453797939579661,2.42334645692794
-2.10134243791986,2.49386540289231,0,1,1,1,26,26,26pz04,O-M,1,0.3887,0.0068,0.999906007688448,0.999928869043252,0.99982353101528,0.999926806930151,0.993681977504129,0.999906007688448,0.999928869043252,0.99982353101528,0.999926806930151,0.993681977504129,2.10134243791986,2.49386540289231
-2.02698622581804,2.2322029981298,0,1,1,1,26,26,26pz04,O-M,1,0.3659,0.0245,0.999763729784274,0.999817052137244,0.999547577471681,0.999796466251625,0.987199225318442,0.999763729784274,0.999817052137244,0.999547577471681,0.999796466251625,0.987199225318442,2.02698622581804,2.2322029981298
1.16078097661228,1.61290879597658,1,1,1,1,26,26,26pz04,O-M,1,0.2945,0.0005,0.996539157373861,0.996487157963397,0.992739579055283,0.998228183314341,0.946617838035979,0.996539157373861,0.996487157963397,0.992739579055283,0.998228183314341,0.946617838035979,1.16078097661228,1.61290879597658
-0.760474270999329,2.31385651450959,0,1,1,1,26,26,26pz04,O-M,1,1.6338,0.1713,0.999104952408842,0.999182997565683,0.998426924522319,0.9998510460545,0.989662202936229,0.999104952408842,0.999182997565683,0.998426924522319,0.9998510460545,0.989662202936229,0.760474270999329,2.31385651450959
1.59904415822264,0.759258397460585,1,1,1,1,26,26,26pz04,O-M,1,0.4419,0.1198,0.983947654672558,0.987668016469565,0.971196050304775,0.980420603241161,0.776151000574488,0.983947654672558,0.987668016469565,0.971196050304775,0.980420603241161,0.776151000574488,1.59904415822264,0.759258397460585
-1.00645352776718,2.67652537946918,0,1,1,1,26,26,26pz04,O-M,1,0.3016,0.0007,0.99975804563818,0.999795891388127,0.999592393960252,0.999965510655572,0.99628050342667,0.99975804563818,0.999795891388127,0.999592393960252,0.999965510655572,0.99628050342667,1.00645352776718,2.67652537946918
-1.55300267803587,1.46497807474306,0,1,1,1,26,26,26pz04,O-M,1,0.3796,0.0005,0.996692159641552,0.996981422656681,0.993160652976323,0.997181951529061,0.928536550133244,0.996692159641552,0.996981422656681,0.993160652976323,0.997181951529061,0.928536550133244,1.55300267803587,1.46497807474306
0.349979168886305,1.11423910665714,1,1,1,1,26,26,26pz04,O-M,1,0.4318,0.2014,0.980753057841516,0.977912710739496,0.96090025494961,0.992186126756007,0.867411688683059,0.980753057841516,0.977912710739496,0.96090025494961,0.992186126756007,0.867411688683059,0.349979168886305,1.11423910665714
0.544489877481174,-1.18027772537886,0,0,0,1,26,26,26pz04,O-M,1,0.9496,0.1654,0.531483600074547,0.467046075309284,0.305931157027691,0.5489378272869,0.118944887169516,0.468516399925453,0.532953924690716,0.694068842972309,0.4510621727131,0.881055112830484,0.544489877481174,1.18027772537886
1.01250472654568,0.983805567505009,1,1,1,1,26,26,26pz04,O-M,1,0.2337,0.0677,0.984795611901076,0.983769839610632,0.967530849407416,0.988903883522056,0.837394439317892,0.984795611901076,0.983769839610632,0.967530849407416,0.988903883522056,0.837394439317892,1.01250472654568,0.983805567505009
-2.47971202355194,2.716026593562,0,1,1,1,26,26,26pz04,O-M,1,0.2931,0.1684,0.999974874875875,0.999984544565056,0.99995841413931,0.999970812183266,0.996696469466787,0.999974874875875,0.999984544565056,0.99995841413931,0.999970812183266,0.996696469466787,2.47971202355194,2.716026593562
-1.43741653171519,1.79132703144281,0,1,1,1,26,26,26pz04,O-M,1,0.3732,0.0016,0.998328494635903,0.998409822559875,0.996522194449568,0.999014551016588,0.963379584614784,0.998328494635903,0.998409822559875,0.996522194449568,0.999014551016588,0.963379584614784,1.43741653171519,1.79132703144281
-0.795299332363476,1.02834384916671,0,1,1,1,26,26,26pz04,O-M,1,0.4599,0.3759,0.983561315465894,0.981671378237107,0.964945111950732,0.990139122658296,0.848105944257968,0.983561315465894,0.981671378237107,0.964945111950732,0.990139122658296,0.848105944257968,0.795299332363476,1.02834384916671
0.0544367562284109,-1.69352839976612,0,0,0,1,26,26,26pz04,O-M,1,0.5873,0.3711,0.380791971365152,0.40120739179664,0.212101257724956,0.34816754466806,0.0451774669057975,0.619208028634848,0.59879260820336,0.787898742275044,0.65183245533194,0.954822533094203,0.0544367562284109,1.69352839976612
0.0596478893395918,2.64577275641705,1,1,1,1,26,26,26pz04,O-M,1,0.5126,0.0314,0.999374859477775,0.999484350521392,0.999088842663945,0.999960765528096,0.995924772548359,0.999374859477775,0.999484350521392,0.999088842663945,0.999960765528096,0.995924772548359,0.0596478893395918,2.64577275641705
0.276701913860362,-2.13413925763369,0,0,0,1,26,26,26pz04,O-M,1,0.4378,0.2863,0.232315509113164,0.261270401387442,0.107088910286004,0.203019775706682,0.0164156915809798,0.767684490886836,0.738729598612558,0.892911089713996,0.796980224293318,0.98358430841902,0.276701913860362,2.13413925763369
0.470202534979935,2.45224331824417,1,1,1,1,26,26,26pz04,O-M,1,0.5152,0.0005,0.99920423038922,0.999302251172319,0.998708646783671,0.99991350186488,0.992901568657313,0.99920423038922,0.999302251172319,0.998708646783671,0.99991350186488,0.992901568657313,0.470202534979935,2.45224331824417
-2.50622681977844,0.527818398111373,0,1,1,1,26,26,26pz04,O-M,1,0.3398,0.1498,0.980278356738598,0.996037543732161,0.986516314658041,0.966455276258629,0.70118730685107,0.980278356738598,0.996037543732161,0.986516314658041,0.966455276258629,0.70118730685107,2.50622681977844,0.527818398111373
-0.0086937109775242,0.826065819953141,1,1,1,1,26,26,26pz04,O-M,1,0.405,0.181,0.960852409817854,0.953102153478474,0.922121014129114,0.983386175852731,0.79561662225465,0.960852409817854,0.953102153478474,0.922121014129114,0.983386175852731,0.79561662225465,0.0086937109775242,0.826065819953141
0.208360313543246,1.06466375742656,1,1,1,1,26,26,26pz04,O-M,1,0.3156,0.0234,0.976887416480519,0.973218932116231,0.953710630315174,0.991055791082035,0.85648594177548,0.976887416480519,0.973218932116231,0.953710630315174,0.991055791082035,0.85648594177548,0.208360313543246,1.06466375742656
0.315773933927453,0.784708844124416,1,1,1,1,26,26,26pz04,O-M,1,0.5089,0.0061,0.964870621107625,0.95822013892446,0.927352344533782,0.98159949448036,0.783687851911911,0.964870621107625,0.95822013892446,0.927352344533782,0.98159949448036,0.783687851911911,0.315773933927453,0.784708844124416
0.19770848198559,-0.707853809181499,0,1,0,0,26,26,26pz04,O-M,1,0.6744,0.1684,0.701561059776893,0.651455799573821,0.4991313083146,0.72421265083112,0.239518023376394,0.298438940223107,0.348544200426179,0.5008686916854,0.27578734916888,0.760481976623606,0.19770848198559,0.707853809181499
-1.94950792515621,0.309633839732906,0,1,1,1,26,26,26pz04,O-M,1,0.504,0.5838,0.964005771749227,0.984050199315948,0.957219851927287,0.946615772517552,0.621580290139596,0.964005771749227,0.984050199315948,0.957219851927287,0.946615772517552,0.621580290139596,1.94950792515621,0.309633839732906
0.608194258025345,2.29291291777581,1,1,1,1,26,26,26pz04,O-M,1,0.3305,0.1494,0.998905736821781,0.998999797727102,0.998116617991885,0.999838530894396,0.989073490516635,0.998905736821781,0.998999797727102,0.998116617991885,0.999838530894396,0.989073490516635,0.608194258025345,2.29291291777581
-0.632055422435693,1.13253161519677,0,1,1,1,26,26,26pz04,O-M,1,0.4208,0.3074,0.984785566214212,0.98283684501806,0.968104207751191,0.992570295731139,0.87129449974368,0.984785566214212,0.98283684501806,0.968104207751191,0.992570295731139,0.87129449974368,0.632055422435693,1.13253161519677
-1.04442363422486,2.1770603636915,0,1,1,1,26,26,26pz04,O-M,1,1.015,0.0837,0.999036502485428,0.999094209286842,0.998174571108405,0.999749588938533,0.985261968055382,0.999036502485428,0.999094209286842,0.998174571108405,0.999749588938533,0.985261968055382,1.04442363422486,2.1770603636915
0.562602582435895,0.920179450845432,1,1,1,1,26,26,26pz04,O-M,1,0.3051,0.1648,0.976275026023097,0.972609425043504,0.950023344729381,0.986906772413118,0.821260504562763,0.976275026023097,0.972609425043504,0.950023344729381,0.986906772413118,0.821260504562763,0.562602582435895,0.920179450845432
0.957409046075049,0.864506598768302,1,1,1,1,26,26,26pz04,O-M,1,0.4904,0.1721,0.980055252009843,0.978500243101047,0.95757698531877,0.984911620961453,0.80634517152614,0.980055252009843,0.978500243101047,0.95757698531877,0.984911620961453,0.80634517152614,0.957409046075049,0.864506598768302
1.9412801600794,1.04504570478985,1,1,1,1,26,26,26pz04,O-M,1,0.3919,0.1455,0.993241971139046,0.995820914136318,0.989211369885112,0.990570379528838,0.851999076874617,0.993241971139046,0.995820914136318,0.989211369885112,0.990570379528838,0.851999076874617,1.9412801600794,1.04504570478985
-1.59329139438003,2.15505633168006,0,1,1,1,26,26,26pz04,O-M,1,0.3098,0.0256,0.999472347161998,0.999527309078184,0.99894058841188,0.999728214531916,0.984421286827774,0.999472347161998,0.999527309078184,0.99894058841188,0.999728214531916,0.984421286827774,1.59329139438003,2.15505633168006
-0.607514888092731,0.912756403901815,0,1,1,1,26,26,26pz04,O-M,1,0.8272,0.1363,0.976680242853019,0.973197902321256,0.950700300571628,0.986654671781401,0.819314664134592,0.976680242853019,0.973197902321256,0.950700300571628,0.986654671781401,0.819314664134592,0.607514888092731,0.912756403901815
-1.48459220811817,2.71973811703381,0,1,1,1,26,26,26pz04,O-M,1,0.2761,0.1277,0.999884432451063,0.999903882796577,0.999792407243917,0.999971268527101,0.996733318176177,0.999884432451063,0.999903882796577,0.999792407243917,0.999971268527101,0.996733318176177,1.48459220811817,2.71973811703381
-0.478613952324976,1.14419640325103,0,1,1,1,26,26,26pz04,O-M,1,0.2625,0.0162,0.98335692304374,0.981064676730583,0.965731409918791,0.992806492591304,0.873728902791043,0.98335692304374,0.981064676730583,0.965731409918791,0.992806492591304,0.873728902791043,0.478613952324976,1.14419640325103
-1.83931656421494,0.989107743893307,0,1,1,1,26,26,26pz04,O-M,1,0.3464,0.0065,0.991760115144429,0.994465037197465,0.986149709497713,0.989057667241305,0.838694785397425,0.991760115144429,0.994465037197465,0.986149709497713,0.989057667241305,0.838694785397425,1.83931656421494,0.989107743893307
2.27773111548674,0.238849784949126,1,1,1,1,26,26,26pz04,O-M,1,0.295,0.038,0.961078038162194,0.989788395863781,0.968167550570325,0.938476048581156,0.59438896778801,0.961078038162194,0.989788395863781,0.968167550570325,0.938476048581156,0.59438896778801,2.27773111548674,0.238849784949126
-1.83263621295787,2.43898787727342,0,1,1,1,26,26,26pz04,O-M,1,0.6423,0.5168,0.999833968225901,0.999862285807945,0.999678156019435,0.999908807787889,0.992635768830867,0.999833968225901,0.999862285807945,0.999678156019435,0.999908807787889,0.992635768830867,1.83263621295787,2.43898787727342
0.0840736410149063,-2.35046805427625,0,0,0,1,26,26,26pz04,O-M,1,0.3779,0.2498,0.180058917159054,0.246710771472557,0.0887341131365361,0.147500880726518,0.0093749085287141,0.819941082840946,0.753289228527443,0.911265886863464,0.852499119273482,0.990625091471286,0.0840736410149063,2.35046805427625
1.87610656138935,2.33665587297927,1,1,1,1,26,26,26pz04,O-M,1,0.2365,0.1994,0.99978748255586,0.999824828850439,0.999584657003742,0.999863634287091,0.990271457633538,0.99978748255586,0.999824828850439,0.999584657003742,0.999863634287091,0.990271457633538,1.87610656138935,2.33665587297927
1.63646330787562,1.40479837273588,1,1,1,1,26,26,26pz04,O-M,1,0.2628,0.0869,0.996465499743058,0.996923629864016,0.992864088225423,0.996616052765083,0.919959378439098,0.996465499743058,0.996923629864016,0.992864088225423,0.996616052765083,0.919959378439098,1.63646330787562,1.40479837273588
-2.15930768508168,2.5755189192721,0,1,1,1,26,26,26pz04,O-M,1,0.3513,0.007,0.99993392168706,0.999951173032246,0.999877746665257,0.999947508070447,0.99499551012861,0.99993392168706,0.999951173032246,0.999877746665257,0.999947508070447,0.99499551012861,2.15930768508168,2.5755189192721
0.0692207638213645,2.81252620382902,1,1,1,1,26,26,26pz04,O-M,1,0.3592,0.0005,0.999626992155461,0.999703922967507,0.999474827857778,0.999980706567915,0.99754229908296,0.999626992155461,0.999703922967507,0.999474827857778,0.999980706567915,0.99754229908296,0.0692207638213645,2.81252620382902
1.3037772239671,2.05935204787128,1,1,1,1,26,26,26pz04,O-M,1,0.1921,0.0005,0.999021185512212,0.999074668548875,0.998041794777792,0.999613950402009,0.980269737076981,0.999021185512212,0.999074668548875,0.998041794777792,0.999613950402009,0.980269737076981,1.3037772239671,2.05935204787128
0.749491721898992,1.10416497151938,1,1,1,1,26,26,26pz04,O-M,1,0.1599,0.135,0.985294224618672,0.983567633249237,0.968805960411881,0.991967179332133,0.86523920922918,0.985294224618672,0.983567633249237,0.968805960411881,0.991967179332133,0.86523920922918,0.749491721898992,1.10416497151938
-2.19144683202288,0.845153654951014,0,1,1,1,26,26,26pz04,O-M,1,0.29,0.0856,0.990155234878922,0.995973283806314,0.988452208381162,0.984159384576697,0.80098747283122,0.990155234878922,0.995973283806314,0.988452208381162,0.984159384576697,0.80098747283122,2.19144683202288,0.845153654951014
-1.77138818150135,1.21922219914544,0,1,1,1,26,26,26pz04,O-M,1,0.2548,0.0006,0.995047737361716,0.996201839128975,0.990785758883699,0.994173440428184,0.888620065766655,0.995047737361716,0.996201839128975,0.990785758883699,0.994173440428184,0.888620065766655,1.77138818150135,1.21922219914544
0.260287992386818,-0.268038277772172,0,1,0,0,26,26,26pz04,O-M,1,0.3953,0.5647,0.806999314189827,0.760385435800504,0.644588211627597,0.849716365050656,0.394334927488894,0.193000685810173,0.239614564199496,0.355411788372403,0.150283634949344,0.605665072511106,0.260287992386818,0.268038277772172
1.75177397579395,0.806712876135853,1,1,1,1,26,26,26pz04,O-M,1,0.1931,0.0851,0.986750094886897,0.990941903102265,0.977817132029522,0.982569479215776,0.790084038002137,0.986750094886897,0.990941903102265,0.977817132029522,0.982569479215776,0.790084038002137,1.75177397579395,0.806712876135853
1.4802900102749,0.557510585885842,1,1,1,1,26,26,26pz04,O-M,1,0.3112,0.0691,0.973920197656517,0.979353259280681,0.95336865983824,0.968611423058278,0.71141068576746,0.973920197656517,0.979353259280681,0.95336865983824,0.968611423058278,0.71141068576746,1.4802900102749,0.557510585885842
1.43052024558309,1.89631012393111,1,1,1,1,26,26,26pz04,O-M,1,0.3663,0.0439,0.998710692821442,0.998780439536429,0.997342868817991,0.999311826813068,0.971040475821879,0.998710692821442,0.998780439536429,0.997342868817991,0.999311826813068,0.971040475821879,1.43052024558309,1.89631012393111
-0.575903741422705,2.502613993933,0,1,1,1,26,26,26pz04,O-M,1,0.3488,0.0728,0.999372263026674,0.999454184150293,0.99897513691021,0.999929346685466,0.993836004106223,0.999372263026674,0.999454184150293,0.99897513691021,0.999929346685466,0.993836004106223,0.575903741422705,2.502613993933
-0.118081593245263,0.676014228164304,1,1,1,1,26,26,26pz04,O-M,1,0.3459,0.0005,0.953088494578354,0.943140225837891,0.904720024973334,0.976107202044598,0.750484194218533,0.953088494578354,0.943140225837891,0.904720024973334,0.976107202044598,0.750484194218533,0.118081593245263,0.676014228164304
1.97266174141413,2.03072029537447,1,1,1,1,26,26,26pz04,O-M,1,0.2873,0.0122,0.999538834005907,0.999638974684825,0.999109574305836,0.999571930146741,0.978858311824101,0.999538834005907,0.999638974684825,0.999109574305836,0.999571930146741,0.978858311824101,1.97266174141413,2.03072029537447
-1.04848694065957,1.47611264515849,0,1,1,1,26,26,26pz04,O-M,1,0.5543,0.0733,0.994731845461335,0.994498849675528,0.988882672794585,0.997276765730865,0.930043172593841,0.994731845461335,0.994498849675528,0.988882672794585,0.997276765730865,0.930043172593841,1.04848694065957,1.47611264515849
0.3086344519998,-0.618247028219261,0,0,0,1,26,26,26pz04,O-M,1,0.5752,0.4571,0.719292679260591,0.662700770101396,0.518988884204174,0.753330852809998,0.268206257062082,0.280707320739409,0.337299229898604,0.481011115795826,0.246669147190002,0.731793742937918,0.3086344519998,0.618247028219261
-1.92639069589207,1.26084428379358,0,1,1,1,26,26,26pz04,O-M,1,0.2814,0.033,0.99603602569937,0.997304519499408,0.993154963384172,0.994827816594071,0.896317522339364,0.99603602569937,0.997304519499408,0.993154963384172,0.994827816594071,0.896317522339364,1.92639069589207,1.26084428379358
1.65749149258858,0.189539544537954,1,1,1,1,26,26,26pz04,O-M,1,0.2717,0.1498,0.950241344508614,0.970488654004854,0.929067807078621,0.932254635801065,0.57516501764976,0.950241344508614,0.970488654004854,0.929067807078621,0.932254635801065,0.57516501764976,1.65749149258858,0.189539544537954
1.59812589688147,0.585347011924407,1,1,1,1,26,26,26pz04,O-M,1,0.2892,0.1475,0.976795546244265,0.98314347888522,0.960508636873431,0.970527474736935,0.720842794953395,0.976795546244265,0.98314347888522,0.960508636873431,0.970527474736935,0.720842794953395,1.59812589688147,0.585347011924407
0.694924041699535,-0.917819994158104,0,0,0,1,26,26,26pz04,O-M,1,0.5077,0.2763,0.606527945725137,0.527288077477016,0.37814832342036,0.65004277428837,0.179356556409806,0.393472054274863,0.472711922522984,0.62185167657964,0.34995722571163,0.820643443590194,0.694924041699535,0.917819994158104
-1.96711558637328,0.94059282994038,0,1,1,1,26,26,26pz04,O-M,1,0.2613,0.0532,0.991393075968206,0.995047363322898,0.987026768123996,0.987578933515492,0.826543221158533,0.991393075968206,0.995047363322898,0.987026768123996,0.987578933515492,0.826543221158533,1.96711558637328,0.94059282994038
0.822011411318465,0.853637137172291,1,1,1,1,26,26,26pz04,O-M,1,2.2047,0.3506,0.977607804793127,0.975093028558621,0.952275422563297,0.984493001950876,0.803346962531485,0.977607804793127,0.975093028558621,0.952275422563297,0.984493001950876,0.803346962531485,0.822011411318465,0.853637137172291
0.41111241767518,2.4652336503955,1,1,1,1,26,26,26pz04,O-M,1,0.5784,0.3123,0.999193560397963,0.999296528288596,0.998707756235136,0.999917880835067,0.993153803395166,0.999193560397963,0.999296528288596,0.998707756235136,0.999917880835067,0.993153803395166,0.41111241767518,2.4652336503955
0.194287958489704,2.64391699468114,1,1,1,1,26,26,26pz04,O-M,1,0.2714,0.0645,0.999430256484966,0.99952741354913,0.999152288798818,0.999960460281694,0.995902362473029,0.999430256484966,0.99952741354913,0.999152288798818,0.999960460281694,0.995902362473029,0.194287958489704,2.64391699468114
2.16347644811076,1.52542288556966,1,1,1,1,26,26,26pz04,O-M,1,0.3131,0.0246,0.998378172187685,0.999049234216183,0.997437156170576,0.9976629710383,0.936423172923169,0.998378172187685,0.999049234216183,0.997437156170576,0.9976629710383,0.936423172923169,2.16347644811076,1.52542288556966
-0.628910377342161,-0.723495229526978,1,0,0,1,26,26,26pz04,O-M,1,0.5883,0.7249,0.669027493920139,0.594545556898719,0.451579384747597,0.718962003487633,0.234687841941161,0.330972506079861,0.405454443101281,0.548420615252403,0.281037996512367,0.765312158058839,0.628910377342161,0.723495229526978
-2.40361111490188,2.68606929696811,0,1,1,1,26,26,26pz04,O-M,1,0.2926,0.1983,0.999968699639967,0.99997971088263,0.999946371438986,0.999966869242062,0.996385095374524,0.999968699639967,0.99997971088263,0.999946371438986,0.999966869242062,0.996385095374524,2.40361111490188,2.68606929696811
0.696140737976595,-0.0432259989083325,0,1,0,0,26,26,26pz04,O-M,1,0.6327,0.1476,0.827930083212445,0.779731186241349,0.685263129859889,0.896170720149555,0.482760690160984,0.172069916787555,0.220268813758651,0.314736870140111,0.103829279850445,0.517239309839016,0.696140737976595,0.0432259989083325
-2.4262462569619,0.993084376184531,0,1,1,1,26,26,26pz04,O-M,1,0.2985,0.2943,0.993806513560312,0.998122050710053,0.994139523807479,0.98917178481869,0.839665581381476,0.993806513560312,0.998122050710053,0.994139523807479,0.98917178481869,0.839665581381476,2.4262462569619,0.993084376184531
1.88712569748347,2.14604263181995,1,1,1,1,26,26,26pz04,O-M,1,0.3909,0.58,0.999632196126741,0.99969769048714,0.999274759848443,0.999718977566562,0.984065211213914,0.999632196126741,0.99969769048714,0.999274759848443,0.999718977566562,0.984065211213914,1.88712569748347,2.14604263181995
0.901395104263237,-1.90084349654857,0,0,0,1,26,26,26pz04,O-M,1,0.7149,0.2901,0.277930167040883,0.232717798560185,0.109704481656027,0.275057586156948,0.0286612574361033,0.722069832959117,0.767282201439815,0.890295518343973,0.724942413843052,0.971338742563897,0.901395104263237,1.90084349654857
-1.80495063352138,1.02728341388905,0,1,1,1,26,26,26pz04,O-M,1,0.3108,0.1792,0.992311528366524,0.99459405341843,0.986643598441772,0.990111168841959,0.847856484956634,0.992311528366524,0.99459405341843,0.986643598441772,0.990111168841959,0.847856484956634,1.80495063352138,1.02728341388905
-2.35847856998302,1.64313120138988,0,1,1,1,26,26,26pz04,O-M,1,0.3423,0.2077,0.999006524123084,0.999519648045753,0.998630321380243,0.99839245142078,0.949822104742697,0.999006524123084,0.999519648045753,0.998630321380243,0.99839245142078,0.949822104742697,2.35847856998302,1.64313120138988
-1.47809550912934,2.61263415399018,0,1,1,1,26,26,26pz04,O-M,1,0.3999,0.1227,0.999837491182945,0.999861973658977,0.999701466157182,0.999954964362668,0.995507628877215,0.999837491182945,0.999861973658977,0.999701466157182,0.999954964362668,0.995507628877215,1.47809550912934,2.61263415399018
1.41293554089955,2.65293069454125,1,1,1,1,26,26,26pz04,O-M,1,0.3373,0.1537,0.999843038218455,0.999867317511275,0.999716648331205,0.999961922164607,0.996010187339212,0.999843038218455,0.999867317511275,0.999716648331205,0.999961922164607,0.996010187339212,1.41293554089955,2.65293069454125
1.27122485942237,0.650828890319889,1,1,1,1,26,26,26pz04,O-M,1,0.3537,0.2093,0.975600311119055,0.97736723921101,0.951873653705401,0.97465440739176,0.742421525721099,0.975600311119055,0.97736723921101,0.951873653705401,0.97465440739176,0.742421525721099,1.27122485942237,0.650828890319889
1.10490477400164,1.40479837273588,1,1,1,1,26,26,26pz04,O-M,1,0.298,0.2641,0.994149142353549,0.993914172282836,0.987557008630754,0.996616052765083,0.919959378439098,0.994149142353549,0.993914172282836,0.987557008630754,0.996616052765083,0.919959378439098,1.10490477400164,1.40479837273588
1.20618899993349,2.6253593773221,1,1,1,1,26,26,26pz04,O-M,1,0.3816,0.2556,0.999776925586945,0.999809484680832,0.999607123561401,0.99995728181105,0.995672122262973,0.999776925586945,0.999809484680832,0.999607123561401,0.99995728181105,0.995672122262973,1.20618899993349,2.6253593773221
-2.02712396501921,2.01958572495904,0,1,1,1,26,26,26pz04,O-M,1,0.3452,0.0372,0.999554208581514,0.999662565530188,0.999155068914014,0.999554472627782,0.97828681145507,0.999554208581514,0.999662565530188,0.999155068914014,0.999554472627782,0.97828681145507,2.02712396501921,2.01958572495904
0.514210209755854,2.72557051106093,1,1,1,1,26,26,26pz04,O-M,1,0.6593,0.2949,0.999657750790319,0.999718285174912,0.999474400350858,0.999971972010606,0.996790476791808,0.999657750790319,0.999718285174912,0.999474400350858,0.999971972010606,0.996790476791808,0.514210209755854,2.72557051106093
1.09303624616693,1.3464744324646,1,1,1,1,26,26,26pz04,O-M,1,0.3225,0.0221,0.993281929073405,0.992976289837426,0.985674919666568,0.995972198497712,0.910925219732921,0.993281929073405,0.992976289837426,0.985674919666568,0.995972198497712,0.910925219732921,1.09303624616693,1.3464744324646
1.60680346655559,0.77145340315367,1,1,1,1,26,26,26pz04,O-M,1,0.303,0.0243,0.984435978694519,0.988071926687473,0.972079929212053,0.980993259752763,0.779780884137337,0.984435978694519,0.988071926687473,0.972079929212053,0.980993259752763,0.779780884137337,1.60680346655559,0.77145340315367
-1.29161958726977,2.37615708707209,0,1,1,1,26,26,26pz04,O-M,1,0.3233,0.0071,0.99958296891176,0.999625997443701,0.99921438338608,0.999883114303855,0.991252993297275,0.99958296891176,0.999625997443701,0.99921438338608,0.999883114303855,0.991252993297275,1.29161958726977,2.37615708707209
-2.49568977088843,0.378562132780781,0,1,1,1,26,26,26pz04,O-M,1,0.4833,0.0006,0.972142476860098,0.994712448265173,0.98182370826045,0.953697938917144,0.647493476789301,0.972142476860098,0.994712448265173,0.98182370826045,0.953697938917144,0.647493476789301,2.49568977088843,0.378562132780781
-1.16081325921908,1.20199012588348,0,1,1,1,26,26,26pz04,O-M,1,0.2787,0.0006,0.991373053686947,0.991099167794731,0.981573800187643,0.993881688586116,0.885316323128912,0.991373053686947,0.991099167794731,0.981573800187643,0.993881688586116,0.885316323128912,1.16081325921908,1.20199012588348
2.25649632197202,2.16062361688777,1,1,1,1,26,26,26pz04,O-M,1,0.4003,0.0367,0.999780029589806,0.999855529585188,0.999618077023775,0.999733777578939,0.984637787213713,0.999780029589806,0.999855529585188,0.999618077023775,0.999733777578939,0.984637787213713,2.25649632197202,2.16062361688777
1.00164628618626,2.77991781904099,1,1,1,1,26,26,26pz04,O-M,1,0.2738,0.0006,0.999823290114135,0.999854456630383,0.999709748809116,0.999977787610294,0.99728136716964,0.999823290114135,0.999854456630383,0.999709748809116,0.999977787610294,0.99728136716964,1.00164628618626,2.77991781904099
1.80326548050046,0.31095938382998,1,1,1,1,26,26,26pz04,O-M,1,0.3998,0.0006,0.96252467788714,0.980097558503409,0.949607898602144,0.94675963587626,0.622084250543057,0.96252467788714,0.980097558503409,0.949607898602144,0.94675963587626,0.622084250543057,1.80326548050046,0.31095938382998
0.0020040336471906,0.997326117295169,1,1,1,1,26,26,26pz04,O-M,1,0.3362,0.0007,0.970527785440611,0.965489204225232,0.942287256814221,0.989292367040195,0.840696879731367,0.970527785440611,0.965489204225232,0.942287256814221,0.989292367040195,0.840696879731367,0.0020040336471906,0.997326117295169
0.468848099501699,0.321298627787162,1,1,1,1,26,26,26pz04,O-M,1,0.4135,0.0007,0.932632047999338,0.921260965925634,0.862222252510474,0.947871248341101,0.626007951899021,0.932632047999338,0.921260965925634,0.862222252510474,0.947871248341101,0.626007951899021,0.468848099501699,0.321298627787162
0.372591354412795,1.14048487977922,1,1,1,1,26,26,26pz04,O-M,1,0.4049,0.1158,0.98195060079557,0.979372953934481,0.963321041925792,0.992732067680765,0.872957825757937,0.98195060079557,0.979372953934481,0.963321041925792,0.992732067680765,0.872957825757937,0.372591354412795,1.14048487977922
-1.05470816124605,1.42415131655317,0,1,1,1,26,26,26pz04,O-M,1,0.3736,0.0071,0.994126089540974,0.993846395774011,0.987548847987514,0.996808290079597,0.922798662938569,0.994126089540974,0.993846395774011,0.987548847987514,0.996808290079597,0.922798662938569,1.05470816124605,1.42415131655317
1.05281639942336,1.61476455771248,1,1,1,1,26,26,26pz04,O-M,1,0.2921,0.0999,0.996163726152168,0.996051993561935,0.992015019123819,0.998238694062763,0.946819154439511,0.996163726152168,0.996051993561935,0.992015019123819,0.998238694062763,0.946819154439511,1.05281639942336,1.61476455771248
-2.42787617084249,1.66937697451195,0,1,1,1,26,26,26pz04,O-M,1,0.3374,0.1007,0.999125993127997,0.999612308596388,0.998870015950042,0.998523713319033,0.952478653037081,0.999125993127997,0.999612308596388,0.998870015950042,0.998523713319033,0.952478653037081,2.42787617084249,1.66937697451195
-2.06879007337513,0.370608868198334,0,1,1,1,26,26,26pz04,O-M,1,0.2757,0.1121,0.969305585194465,0.988129545663936,0.9666300276726,0.952921414524475,0.644535562061857,0.969305585194465,0.988129545663936,0.9666300276726,0.952921414524475,0.644535562061857,2.06879007337513,0.370608868198334
-1.37485997784749,1.35045106475582,0,1,1,1,26,26,26pz04,O-M,1,0.2685,0.0007,0.994864936404565,0.995015049968554,0.989165130884054,0.99601935396741,0.91156432980474,0.994864936404565,0.995015049968554,0.989165130884054,0.99601935396741,0.91156432980474,1.37485997784749,1.35045106475582
-1.51778735560173,0.606290608658185,0,1,1,1,26,26,26pz04,O-M,1,0.2289,0.0006,0.976836268977848,0.981910455511773,0.958690579249664,0.971904188866132,0.727839103123558,0.976836268977848,0.981910455511773,0.958690579249664,0.971904188866132,0.727839103123558,1.51778735560173,0.606290608658185
-0.303065340425417,-0.257433924995576,1,0,0,1,26,26,26pz04,O-M,1,0.6802,1.2209,0.806776985931828,0.758955195012702,0.644331196575825,0.852178393635372,0.398421908389552,0.193223014068172,0.241044804987298,0.355668803424175,0.147821606364628,0.601578091610448,0.303065340425417,0.257433924995576
-1.91858547449206,2.51480899962608,0,1,1,1,26,26,26pz04,O-M,1,0.3046,0.0039,0.999884273898555,0.999906629683791,0.999778324514259,0.999932748738902,0.994045155708601,0.999884273898555,0.999906629683791,0.999778324514259,0.999932748738902,0.994045155708601,1.91858547449206,2.51480899962608
1.19686864732054,2.025948336625,1,1,1,1,26,26,26pz04,O-M,1,0.1575,0.2964,0.998791669937069,0.998840971055119,0.997596158586269,0.999564527509243,0.978614960418648,0.998791669937069,0.998840971055119,0.997596158586269,0.999564527509243,0.978614960418648,1.19686864732054,2.025948336625
-2.48602507027254,0.66116813427707,0,1,1,1,26,26,26pz04,O-M,1,0.221,0.0046,0.9856548573798,0.996778369437829,0.989299992411024,0.975259533647813,0.745747752803904,0.9856548573798,0.996778369437829,0.989299992411024,0.975259533647813,0.745747752803904,2.48602507027254,0.66116813427707
-0.698606413137513,2.14074045543165,0,1,1,1,26,26,26pz04,O-M,1,0.2998,0.0088,0.998493906810252,0.998572377338693,0.997279072147588,0.999713408333183,0.98385251292517,0.998493906810252,0.998572377338693,0.997279072147588,0.999713408333183,0.98385251292517,0.698606413137513,2.14074045543165
-1.13797150835729,2.34911598749177,0,1,1,1,26,26,26pz04,O-M,1,0.5226,0.3696,0.999458377963333,0.999509171954891,0.998996166130647,0.999870085406661,0.990590978073889,0.999458377963333,0.999509171954891,0.998996166130647,0.999870085406661,0.990590978073889,1.13797150835729,2.34911598749177
-0.312867780242485,-2.19564450373795,1,0,0,1,26,26,26pz04,O-M,1,0.8236,0.2126,0.214274924256708,0.243338666454991,0.0958492857185103,0.186092350677564,0.0140586991099894,0.785725075743292,0.756661333545009,0.90415071428149,0.813907649322436,0.985941300890011,0.312867780242485,2.19564450373795
-2.21219953833348,2.77779694848567,0,1,1,1,26,26,26pz04,O-M,1,0.2584,3.5895,0.99996914331964,0.999977657021994,0.999944054793568,0.999977583924824,0.997263559656235,0.99996914331964,0.999977657021994,0.999944054793568,0.999977583924824,0.997263559656235,2.21219953833348,2.77779694848567
1.76596111351514,1.84408368650638,1,1,1,1,26,26,26pz04,O-M,1,0.4083,0.0006,0.999002520169218,0.999147794662258,0.997988882065995,0.999176182703111,0.967414527502987,0.999002520169218,0.999147794662258,0.997988882065995,0.999176182703111,0.967414527502987,1.76596111351514,1.84408368650638
0.54343387693882,1.11901106540661,1,1,1,1,26,26,26pz04,O-M,1,3.0911,0.3353,0.98333754780331,0.98105551794809,0.965355520785246,0.992287993559448,0.868432290805806,0.98333754780331,0.98105551794809,0.965355520785246,0.992287993559448,0.868432290805806,0.54343387693882,1.11901106540661
0.733100756958979,1.94933188781409,1,1,1,1,26,26,26pz04,O-M,1,0.7544,0.2474,0.997636582457497,0.997665613859974,0.995533077178319,0.999428203769303,0.974372098584236,0.997636582457497,0.997665613859974,0.995533077178319,0.999428203769303,0.974372098584236,0.733100756958979,1.94933188781409
2.04612264870831,2.52355759066678,1,1,1,1,26,26,26pz04,O-M,1,0.3625,0.1657,0.999907133367932,0.999928111256607,0.999824303940319,0.999935093613546,0.99419129850797,0.999907133367932,0.999928111256607,0.999824303940319,0.999935093613546,0.99419129850797,2.04612264870831,2.52355759066678
-0.586348964178596,0.475591960686636,0,1,1,1,26,26,26pz04,O-M,1,0.7377,0.2593,0.950202945002685,0.942603237620329,0.896464574793087,0.962367649608843,0.682817448045893,0.950202945002685,0.942603237620329,0.896464574793087,0.962367649608843,0.682817448045893,0.586348964178596,0.475591960686636
0.186758215492051,0.377501697503122,1,1,1,1,26,26,26pz04,O-M,1,0.7206,0.3249,0.928816961531888,0.913168804735754,0.855200557840402,0.953595000402937,0.647099598439678,0.928816961531888,0.913168804735754,0.855200557840402,0.953595000402937,0.647099598439678,0.186758215492051,0.377501697503122
-2.26644582706353,2.60998306579604,0,1,1,1,26,26,26pz04,O-M,1,0.3272,0.0676,0.999949958163239,0.999964923547176,0.999910005613189,0.99995446684126,0.995472664759874,0.999949958163239,0.999964923547176,0.999910005613189,0.99995446684126,0.995472664759874,2.26644582706353,2.60998306579604
0.0591887586690031,1.30617789191353,1,1,1,1,26,26,26pz04,O-M,1,0.378,0.1955,0.983795948916892,0.981968877236804,0.969223462748572,0.995465390892655,0.904253965384137,0.983795948916892,0.981968877236804,0.969223462748572,0.995465390892655,0.904253965384137,0.0591887586690031,1.30617789191353
1.47310461528019,1.84408368650638,1,1,1,1,26,26,26pz04,O-M,1,0.2832,0.1308,0.998596616639775,0.998679669041211,0.997092924553788,0.999176182703111,0.967414527502987,0.998596616639775,0.998679669041211,0.997092924553788,0.999176182703111,0.967414527502987,1.47310461528019,1.84408368650638
2.17477106260724,0.850455831339312,1,1,1,1,26,26,26pz04,O-M,1,0.3741,0.2441,0.990223016225363,0.995890411660877,0.988297464818231,0.98436860897005,0.802464146550911,0.990223016225363,0.995890411660877,0.988297464818231,0.98436860897005,0.802464146550911,2.17477106260724,0.850455831339312
1.00366646113685,1.62908043396089,1,1,1,1,26,26,26pz04,O-M,1,0.2891,0.3281,0.996105618513538,0.995979142749629,0.991944699305813,0.998317889284634,0.948352003674148,0.996105618513538,0.995979142749629,0.991944699305813,0.998317889284634,0.948352003674148,1.00366646113685,1.62908043396089
2.16836618975253,1.74122146457339,1,1,1,1,26,26,26pz04,O-M,1,0.4387,0.1308,0.999132958276637,0.999452557262413,0.998545428869024,0.998834575325893,0.95917761690424,0.999132958276637,0.999452557262413,0.998545428869024,0.998834575325893,0.95917761690424,2.16836618975253,1.74122146457339
2.19942637961785,1.58401193466035,1,1,1,1,26,26,26pz04,O-M,1,1.0012,0.2311,0.998666479956309,0.999231885160345,0.997914161916637,0.998056983891138,0.943404498393929,0.998666479956309,0.999231885160345,0.997914161916637,0.998056983891138,0.943404498393929,2.19942637961785,1.58401193466035
0.381911707025744,0.273048822653649,1,1,1,1,26,26,26pz04,O-M,1,0.6966,0.2799,0.924495795418791,0.910607140920796,0.846557874647221,0.942522208264143,0.607592157049572,0.924495795418791,0.910607140920796,0.846557874647221,0.942522208264143,0.607592157049572,0.381911707025744,0.273048822653649
-1.7979488907949,2.00712561044654,0,1,1,1,26,26,26pz04,O-M,1,0.43,0.246,0.999386953307441,0.999479530864833,0.998770538978283,0.999534155630446,0.977631855047259,0.999386953307441,0.999479530864833,0.998770538978283,0.999534155630446,0.977631855047259,1.7979488907949,2.00712561044654
0.163480290493208,2.62933600961332,1,1,1,1,26,26,26pz04,O-M,1,0.6071,0.266,0.99939108643925,0.999493782717897,0.999095348544519,0.999957982591308,0.995722410841646,0.99939108643925,0.999493782717897,0.999095348544519,0.999957982591308,0.995722410841646,0.163480290493208,2.62933600961332
-0.37879894453901,2.69958984675827,0,1,1,1,26,26,26pz04,O-M,1,0.3262,0.2312,0.99958372297188,0.999656874701573,0.999370569052185,0.999968707451128,0.996528749649366,0.99958372297188,0.999656874701573,0.999370569052185,0.999968707451128,0.996528749649366,0.37879894453901,2.69958984675827
-0.467411163962614,-0.933726523322998,1,0,0,1,26,26,26pz04,O-M,1,0.4316,0.7262,0.616433606084313,0.550796192043732,0.393215506628595,0.644133426300735,0.175222489854125,0.383566393915687,0.449203807956268,0.606784493371405,0.355866573699265,0.824777510145875,0.467411163962614,0.933726523322998
0.772723733830776,1.66646077749839,1,1,1,1,26,26,26pz04,O-M,1,0.5356,0.2457,0.995560027954052,0.995377056248816,0.99111679809092,0.998509627620609,0.952189162947501,0.995560027954052,0.995377056248816,0.99111679809092,0.998509627620609,0.952189162947501,0.772723733830776,1.66646077749839
-0.327743613969556,0.608146370394089,0,1,1,1,26,26,26pz04,O-M,1,0.327,0.1151,0.953468755850777,0.944212655182115,0.903551491558004,0.972023550293514,0.728454800000326,0.953468755850777,0.944212655182115,0.903551491558004,0.972023550293514,0.728454800000326,0.327743613969556,0.608146370394089
0.680484382109523,2.71178485245136,1,1,1,1,26,26,26pz04,O-M,1,0.7212,0.2279,0.999694107436079,0.999746023882784,0.999515852112763,0.999970282243546,0.996653899320966,0.999694107436079,0.999746023882784,0.999515852112763,0.999970282243546,0.996653899320966,0.680484382109523,2.71178485245136
-0.782558456254642,0.338000483410301,0,1,1,1,26,26,26pz04,O-M,1,0.3974,0.1521,0.943975181466559,0.939435327131961,0.886703410617589,0.949627901661783,0.632318588256731,0.943975181466559,0.939435327131961,0.886703410617589,0.949627901661783,0.632318588256731,0.782558456254642,0.338000483410301
0.441805303004029,0.111332442810557,0,1,0,0,26,26,26pz04,O-M,1,1.3288,0.5985,0.828555080323245,0.782425452422311,0.681048506148578,0.883354379018344,0.455676364835663,0.171444919676755,0.217574547577689,0.318951493851422,0.116645620981656,0.544323635164337,0.441805303004029,0.111332442810557
0.418986508675775,2.73087268744923,1,1,1,1,26,26,26pz04,O-M,1,0.3569,0.146,0.999634186394868,0.999700260680825,0.999447298422918,0.999972597354465,0.996841656601966,0.999634186394868,0.999700260680825,0.999447298422918,0.999972597354465,0.996841656601966,0.418986508675775,2.73087268744923
1.77913816376103,0.628294640669622,1,1,1,1,26,26,26pz04,O-M,1,0.2552,0.4165,0.980580009578644,0.987929749165143,0.969987448811608,0.973292500016575,0.735094529086808,0.980580009578644,0.987929749165143,0.969987448811608,0.973292500016575,0.735094529086808,1.77913816376103,0.628294640669622
1.17005541615817,1.16487489116539,1,1,1,1,26,26,26pz04,O-M,1,0.3128,0.1479,0.990740497869416,0.990478504973926,0.980246647997908,0.993208966682493,0.877965180763108,0.990740497869416,0.990478504973926,0.980246647997908,0.993208966682493,0.877965180763108,1.17005541615817,1.16487489116539
-1.66124273362714,1.68475328603802,0,1,1,1,26,26,26pz04,O-M,1,0.3019,0.1698,0.998291485839184,0.998487406704643,0.996501935214064,0.998595994633541,0.953981909468639,0.998291485839184,0.998487406704643,0.996501935214064,0.998595994633541,0.953981909468639,1.66124273362714,1.68475328603802
1.81472079073165,1.0760634366614,1,1,1,1,26,26,26pz04,O-M,1,0.3977,0.3074,0.99320537010061,0.995186517579864,0.988095067099727,0.991327679618684,0.859050556745874,0.99320537010061,0.995186517579864,0.988095067099727,0.991327679618684,0.859050556745874,1.81472079073165,1.0760634366614
