s1,s2,r1,r2,acc1,acc2,id,seq,id_sess,task,dataset,rt1,rt2,p_r2_discrete,p_r2_bayesian,p_r2_optimal,p_r2_fixed,p_r2_naive,p_c2_discrete,p_c2_bayesian,p_c2_optimal,p_c2_fixed,p_c2_naive,abs1,abs2
-0.914257376521823,-0.425078266837881,0,1,1,1,22,1,22zz03,M-O,1,0.2991,2.0993,0.968554753880044,0.984106186256999,0.908488676864237,0.982732226203995,0.664610189781416,0.968554753880044,0.984106186256999,0.908488676864237,0.982732226203995,0.664610189781416,0.914257376521823,0.425078266837881
2.02593106866863,0.785368047557214,1,1,1,1,22,1,22zz03,M-O,1,0.1401,0.006,0.996136834644979,0.998385713852918,0.983594897324885,0.993320494836142,0.783881095395198,0.996136834644979,0.998385713852918,0.983594897324885,0.993320494836142,0.783881095395198,2.02593106866863,0.785368047557214
-1.72970415492039,1.16765957663749,0,1,1,1,22,1,22zz03,M-O,1,0.343,0.0061,0.996290252351082,0.998673894717408,0.989132491763363,0.997857246779443,0.878527945778898,0.996290252351082,0.998673894717408,0.989132491763363,0.997857246779443,0.878527945778898,1.72970415492039,1.16765957663749
2.50849501485973,0.476231479248787,1,1,1,1,22,1,22zz03,M-O,1,0.0661,3.2199,0.997998499793668,0.999036820696659,0.98516342974052,0.984802934017762,0.683045262412926,0.997998499793668,0.999036820696659,0.98516342974052,0.984802934017762,0.683045262412926,2.50849501485973,0.476231479248787
-0.155563304312163,-2.04254703577792,1,1,0,0,22,1,22zz03,M-O,1,0.1217,0.0065,0.776285049045883,0.655231016957645,0.130532622119703,0.361720895183933,0.0205486493615775,0.223714950954117,0.344768983042355,0.869467377880297,0.638279104816067,0.979451350638422,0.155563304312163,2.04254703577792
-1.1389449910826,0.367569975488375,0,1,1,1,22,1,22zz03,M-O,1,0.3948,0.0061,0.974289035965871,0.986705224951629,0.91494355580848,0.980120995700104,0.64340304703992,0.974289035965871,0.986705224951629,0.91494355580848,0.980120995700104,0.64340304703992,1.1389449910826,0.367569975488375
-1.33973672935331,-0.102980043843951,0,1,1,1,22,1,22zz03,M-O,1,0.357,0.0062,0.974559887824297,0.985075415848776,0.89312182607814,0.963406629088005,0.541010595279447,0.974559887824297,0.985075415848776,0.89312182607814,0.963406629088005,0.541010595279447,1.33973672935331,0.102980043843951
2.01995709959611,0.165019279696004,1,0,1,0,22,1,22zz03,M-O,1,0.1985,2.1296,0.992143628803045,0.995537803273735,0.95021441790778,0.968109213728393,0.565535596454798,0.992143628803045,0.995537803273735,0.95021441790778,0.968109213728393,0.565535596454798,2.01995709959611,0.165019279696004
-1.87141997680733,-0.226016398030705,0,1,1,1,22,1,22zz03,M-O,1,0.2975,0.3867,0.990203595557175,0.99460838558221,0.94642901999149,0.972234660754197,0.589405666740969,0.990203595557175,0.99460838558221,0.94642901999149,0.972234660754197,0.589405666740969,1.87141997680733,0.226016398030705
-1.47415103348495,0.32773552054349,0,1,1,1,22,1,22zz03,M-O,1,0.3133,0.0837,0.983007153103707,0.991083790957114,0.93170928131488,0.97812195514853,0.628444178065501,0.983007153103707,0.991083790957114,0.93170928131488,0.97812195514853,0.628444178065501,1.47415103348495,0.32773552054349
-1.131975360498,-0.110244753199199,0,1,1,1,22,1,22zz03,M-O,1,0.2077,0.0061,0.966829052597844,0.980600280592991,0.876121589351607,0.963985051675445,0.543892364681169,0.966829052597844,0.980600280592991,0.876121589351607,0.963985051675445,0.543892364681169,1.131975360498,0.110244753199199
0.969202317174511,0.210086975118683,1,1,1,1,22,1,22zz03,M-O,1,0.2062,0.3065,0.963245738646688,0.979493248313132,0.879266958551741,0.971202725344436,0.583200104506053,0.963245738646688,0.979493248313132,0.879266958551741,0.971202725344436,0.583200104506053,0.969202317174511,0.210086975118683
0.823503849239235,0.870976795795198,1,1,1,1,22,1,22zz03,M-O,1,0.0847,0.0062,0.980170545020225,0.991710715993745,0.953803660695718,0.994761286567076,0.808116588487982,0.980170545020225,0.991710715993745,0.953803660695718,0.994761286567076,0.808116588487982,0.823503849239235,0.870976795795198
-1.36396449281408,-1.55276430566012,1,1,0,0,22,1,22zz03,M-O,1,0.6717,3.2338,0.62623146445087,0.566896199603847,0.154471596491283,0.554057754203031,0.06023972655153,0.37376853554913,0.433103800396153,0.845528403508717,0.445942245796969,0.93976027344847,1.36396449281408,1.55276430566012
1.59945605432506,-0.0710285713909303,1,1,1,1,22,1,22zz03,M-O,1,0.1393,0.1323,0.982187884983532,0.989379106557565,0.91071670651911,0.960771752851934,0.528312491884861,0.982187884983532,0.989379106557565,0.91071670651911,0.960771752851934,0.528312491884861,1.59945605432506,0.0710285713909303
2.45705250340194,1.10291754676032,1,1,1,1,22,1,22zz03,M-O,1,0.2617,0.1637,0.999037396420161,0.999656483141331,0.995648420392787,0.997377607933982,0.86496851325137,0.999037396420161,0.999656483141331,0.995648420392787,0.997377607933982,0.86496851325137,2.45705250340194,1.10291754676032
-0.346730314632708,1.07536022981397,0,1,1,1,22,1,22zz03,M-O,1,0.6931,0.0504,0.977383476011506,0.99111870601493,0.95776814484002,0.997145513027218,0.858893259928062,0.977383476011506,0.99111870601493,0.95776814484002,0.997145513027218,0.858893259928062,0.346730314632708,1.07536022981397
0.875610135038411,0.683617954216841,1,1,1,1,22,1,22zz03,M-O,1,0.6476,3.7944,0.975837135839169,0.989091792181862,0.938043321556385,0.991161189681726,0.752891777867872,0.975837135839169,0.989091792181862,0.938043321556385,0.991161189681726,0.752891777867872,0.875610135038411,0.683617954216841
1.32797234869623,0.97341140582254,1,1,1,1,22,1,22zz03,M-O,1,0.3871,0.1955,0.990695545448061,0.996337800126945,0.97485263976148,0.996117210788839,0.834825563796106,0.990695545448061,0.996337800126945,0.97485263976148,0.996117210788839,0.834825563796106,1.32797234869623,0.97341140582254
0.553679579463883,-1.82418621263492,0,1,0,0,22,1,22zz03,M-O,1,0.6046,0.0061,0.724840796012503,0.625550018838163,0.142615949251848,0.446107544755755,0.034061962629892,0.275159203987497,0.374449981161837,0.857384050748152,0.553892455244245,0.965938037370108,0.553679579463883,1.82418621263492
-2.07254360224873,-0.458244204380685,0,1,1,1,22,1,22zz03,M-O,1,0.2192,0.0063,0.994723392058574,0.99742289740103,0.971512108635798,0.984100514916513,0.676611497533766,0.994723392058574,0.99742289740103,0.971512108635798,0.984100514916513,0.676611497533766,2.07254360224873,0.458244204380685
-1.29161308960248,1.03669607759196,0,1,1,1,22,1,22zz03,M-O,1,0.2088,0.0062,0.99112594990813,0.996592773066392,0.97704654390144,0.996788628187611,0.85006123969764,0.99112594990813,0.996592773066392,0.97704654390144,0.996788628187611,0.85006123969764,1.29161308960248,1.03669607759196
2.37441259789879,0.666240062841217,1,1,1,1,22,1,22zz03,M-O,1,0.1524,0.0062,0.997823249773018,0.999045765318738,0.987392257364404,0.990736763032329,0.747371165335318,0.997823249773018,0.999045765318738,0.987392257364404,0.990736763032329,0.747371165335318,2.37441259789879,0.666240062841217
0.532770687710074,-1.32890526783792,0,1,0,0,22,1,22zz03,M-O,1,0.2946,0.006,0.744031156839336,0.715029623972962,0.262856719431561,0.640493825390095,0.0919396128339813,0.255968843160664,0.284970376027038,0.737143280568439,0.359506174609905,0.908060387166019,0.532770687710074,1.32890526783792
0.197564645307731,-2.12033904507439,1,1,0,0,22,1,22zz03,M-O,1,0.4069,0.0061,0.769666811864148,0.636051027610309,0.114491157524119,0.332996198832088,0.0169887315736877,0.230333188135852,0.363948972389691,0.885508842475881,0.667003801167912,0.983011268426312,0.197564645307731,2.12033904507439
0.128864000973785,0.491776632398011,0,1,1,1,22,1,22zz03,M-O,1,0.64,2.6762,0.941099692626506,0.970606756105309,0.874109628288781,0.985388345889519,0.688561371240324,0.941099692626506,0.970606756105309,0.874109628288781,0.985388345889519,0.688561371240324,0.128864000973785,0.491776632398011
0.940660020494708,0.853245605484364,1,1,1,1,22,1,22zz03,M-O,1,0.3472,0.2753,0.982083607925325,0.992485275608315,0.956145760718283,0.994487886773869,0.803238441192115,0.982083607925325,0.992485275608315,0.956145760718283,0.994487886773869,0.803238441192115,0.940660020494708,0.853245605484364
1.04985089965349,0.282844474588416,1,1,1,1,22,1,22zz03,M-O,1,0.7595,0.0061,0.968783081775352,0.983184552045655,0.896987296252126,0.975668290176193,0.611351970022461,0.968783081775352,0.983184552045655,0.896987296252126,0.975668290176193,0.611351970022461,1.04985089965349,0.282844474588416
2.03489202227741,0.349794622810641,1,1,1,1,22,1,22zz03,M-O,1,0.1695,0.3231,0.993618830841772,0.996706986088436,0.963923577085765,0.979248972099702,0.636753582598488,0.993618830841772,0.996706986088436,0.963923577085765,0.979248972099702,0.636753582598488,2.03489202227741,0.349794622810641
2.1938659770405,0.381746095263662,1,1,1,1,22,1,22zz03,M-O,1,0.2688,0.2598,0.995520349589924,0.9977290365557,0.972183199036586,0.980793973249272,0.648675147170917,0.995520349589924,0.9977290365557,0.972183199036586,0.980793973249272,0.648675147170917,2.1938659770405,0.381746095263662
1.5168161488219,0.227155729925998,1,1,1,1,22,1,22zz03,M-O,1,0.1635,0.1793,0.982402251853195,0.990302567133898,0.923380080609096,0.972307272634563,0.589848674863925,0.982402251853195,0.990302567133898,0.923380080609096,0.972307272634563,0.589848674863925,1.5168161488219,0.227155729925998
1.03624352565498,-0.38943923674861,1,1,1,1,22,1,22zz03,M-O,1,0.1304,0.1302,0.971557233430125,0.985418157771758,0.911235851840626,0.981151011007619,0.651524374175665,0.971557233430125,0.985418157771758,0.911235851840626,0.981151011007619,0.651524374175665,1.03624352565498,0.38943923674861
1.16667518373827,-0.0882739756658504,1,1,1,1,22,1,22zz03,M-O,1,0.1871,0.0359,0.967627546734304,0.980863607797435,0.87551610833505,0.962212451371463,0.535170538698072,0.967627546734304,0.980863607797435,0.87551610833505,0.962212451371463,0.535170538698072,1.16667518373827,0.0882739756658504
2.20315881781997,0.179637023140303,1,1,1,1,22,1,22zz03,M-O,1,0.1158,0.0061,0.9946387564701,0.996978307837293,0.961215871872844,0.969141355190692,0.571281231404333,0.9946387564701,0.996978307837293,0.961215871872844,0.969141355190692,0.571281231404333,2.20315881781997,0.179637023140303
0.993430080635274,-0.206827849612132,1,1,1,1,22,1,22zz03,M-O,1,0.1289,0.0061,0.9641378540147,0.979964212450175,0.880655813623591,0.970987711293776,0.581927847228195,0.9641378540147,0.979964212450175,0.880655813623591,0.970987711293776,0.581927847228195,0.993430080635274,0.206827849612132
-1.78944384564556,-0.39129405615846,0,1,1,1,22,1,22zz03,M-O,1,0.1849,0.0061,0.990408599652321,0.9951394564906,0.955171430326782,0.981236243100757,0.652210054077264,0.990408599652321,0.9951394564906,0.955171430326782,0.981236243100757,0.652210054077264,1.78944384564556,0.39129405615846
-1.22092112224436,0.0211824506987833,0,1,1,1,22,1,22zz03,M-O,1,0.1837,0.0061,0.968059682986485,0.980479046011956,0.869115055948751,0.956354746328823,0.508449943271941,0.968059682986485,0.980479046011956,0.869115055948751,0.956354746328823,0.508449943271941,1.22092112224436,0.0211824506987833
2.20017183328371,-0.405690987768253,1,1,1,1,22,1,22zz03,M-O,1,0.0721,0.0061,0.995690253885322,0.997841916518306,0.973563082341434,0.981886720914495,0.657515167531416,0.995690253885322,0.997841916518306,0.973563082341434,0.981886720914495,0.657515167531416,2.20017183328371,0.405690987768253
-0.166515580945111,0.325505321014979,0,0,1,0,22,1,22zz03,M-O,1,0.1676,0.5298,0.931461637921234,0.963321627588648,0.843126667305753,0.978005187998357,0.627600671937314,0.931461637921234,0.963321627588648,0.843126667305753,0.978005187998357,0.627600671937314,0.166515580945111,0.325505321014979
-1.67261956156079,0.0450742911923346,0,1,1,1,22,1,22zz03,M-O,1,0.2542,0.114,0.983816339198483,0.990217287716727,0.913520240090849,0.958519541336708,0.51797595337712,0.983816339198483,0.990217287716727,0.913520240090849,0.958519541336708,0.51797595337712,1.67261956156079,0.0450742911923346
1.47499836531428,0.277765802394777,1,1,1,1,22,1,22zz03,M-O,1,0.2727,0.0668,0.982158756473631,0.990407811150479,0.926283389729983,0.975376682335495,0.609403927878585,0.982158756473631,0.990407811150479,0.926283389729983,0.975376682335495,0.609403927878585,1.47499836531428,0.277765802394777
-1.39715320988361,0.338820274635692,0,1,1,1,22,1,22zz03,M-O,1,0.2471,0.006,0.981212142152103,0.990185780860824,0.928063967808958,0.978694583872767,0.632627436598891,0.981212142152103,0.990185780860824,0.928063967808958,0.978694583872767,0.632627436598891,1.39715320988361,0.338820274635692
-1.22888641434105,0.509971527561307,0,1,1,1,22,1,22zz03,M-O,1,0.1519,0.1945,0.980383244572344,0.990517427584706,0.936751824568357,0.986048799638153,0.69496429536603,0.980383244572344,0.990517427584706,0.936751824568357,0.986048799638153,0.69496429536603,1.22888641434105,0.509971527561307
-1.65602520302602,0.118759200366993,0,1,1,1,22,1,22zz03,M-O,1,0.2328,0.006,0.984383148011196,0.990913693393546,0.921044741972941,0.964653425393033,0.547266933375534,0.984383148011196,0.990913693393546,0.921044741972941,0.964653425393033,0.547266933375534,1.65602520302602,0.118759200366993
2.38735619755591,-0.243239721122175,1,0,1,0,22,1,22zz03,M-O,1,0.1837,0.1627,0.996620115232461,0.998159109370235,0.972846973240452,0.973315560702249,0.596090151162948,0.996620115232461,0.998159109370235,0.972846973240452,0.973315560702249,0.596090151162948,2.38735619755591,0.243239721122175
0.348241420803438,-0.633546719795014,0,1,0,0,22,1,22zz03,M-O,1,0.2356,0.0061,0.811647904234037,0.845099862521123,0.509635615263747,0.8543188073826,0.263188340823602,0.188352095765963,0.154900137478877,0.490364384736253,0.1456811926174,0.736811659176398,0.348241420803438,0.633546719795014
-0.400496036285361,1.09227441633713,0,1,1,1,22,1,22zz03,M-O,1,0.3401,0.0061,0.978931243935879,0.99179752716074,0.960311889745739,0.99729006894475,0.862643749045655,0.978931243935879,0.99179752716074,0.960311889745739,0.99729006894475,0.862643749045655,0.400496036285361,1.09227441633713
2.29310024107842,0.131279231383484,1,1,1,1,22,1,22zz03,M-O,1,0.1919,0.4526,0.995379735010976,0.997326335961072,0.962660777423912,0.965617724221564,0.552222789726391,0.995379735010976,0.997326335961072,0.962660777423912,0.965617724221564,0.552222789726391,2.29310024107842,0.131279231383484
-1.51464126830978,0.712522223353678,0,1,1,1,22,1,22zz03,M-O,1,0.1115,0.0713,0.989751810216533,0.995510932841873,0.965716124582751,0.991829445566272,0.76192927255981,0.989751810216533,0.995510932841873,0.965716124582751,0.991829445566272,0.76192927255981,1.51464126830978,0.712522223353678
2.44344512940343,-0.20967632227726,1,1,1,1,22,1,22zz03,M-O,1,0.1104,0.4061,0.996932018115362,0.9982983307225,0.973429561834216,0.971175706535409,0.583039846589421,0.996932018115362,0.9982983307225,0.973429561834216,0.971175706535409,0.583039846589421,2.44344512940343,0.20967632227726
-0.313541597563169,-0.457272632308859,0,1,1,1,22,1,22zz03,M-O,1,0.192,0.0061,0.946718456346682,0.973131122873199,0.877844569603847,0.984061794431525,0.676262450910912,0.946718456346682,0.973131122873199,0.877844569603847,0.984061794431525,0.676262450910912,0.313541597563169,0.457272632308859
-0.961717241931264,0.379670464019305,0,1,1,1,22,1,22zz03,M-O,1,0.3277,0.0061,0.968687767337952,0.983855628898268,0.905080022681999,0.980696664419362,0.64790497621047,0.968687767337952,0.983855628898268,0.905080022681999,0.980696664419362,0.64790497621047,0.961717241931264,0.379670464019305
-0.7791792980488,0.237975509816793,0,1,1,1,22,1,22zz03,M-O,1,0.2606,0.0061,0.956082217618993,0.975769156077898,0.869214070484312,0.97298898313743,0.594049955530566,0.956082217618993,0.975769156077898,0.869214070484312,0.97298898313743,0.594049955530566,0.7791792980488,0.237975509816793
-0.3400925712188,0.680261614332349,0,1,1,1,22,1,22zz03,M-O,1,0.1625,0.006,0.960010664592232,0.981644186408675,0.914592111217757,0.991080570179138,0.751830587420887,0.960010664592232,0.981644186408675,0.914592111217757,0.991080570179138,0.751830587420887,0.3400925712188,0.680261614332349
-1.21428337883046,1.05040849251479,0,1,1,1,22,1,22zz03,M-O,1,0.0798,0.0523,0.99038109171742,0.996316313794461,0.97601198142882,0.996919551337641,0.853234828619365,0.99038109171742,0.996316313794461,0.97601198142882,0.996919551337641,0.853234828619365,1.21428337883046,1.05040849251479
-1.87075620246594,-0.0568082892487427,0,1,1,1,22,1,22zz03,M-O,1,0.137,0.0061,0.988597263373363,0.993143999773102,0.930461466618277,0.959550423450612,0.522651044630973,0.988597263373363,0.993143999773102,0.930461466618277,0.959550423450612,0.522651044630973,1.87075620246594,0.0568082892487427
1.91176188194942,-0.433976983768474,1,1,1,1,22,1,22zz03,M-O,1,0.3544,0.006,0.992635927099221,0.996351759703096,0.963746927058321,0.983108879216056,0.667847422568653,0.992635927099221,0.996351759703096,0.963746927058321,0.983108879216056,0.667847422568653,1.91176188194942,0.433976983768474
1.2360396024136,1.17121464717303,1,1,1,1,22,1,22zz03,M-O,1,0.2901,0.006,0.992306335924059,0.997195503246048,0.981651937720317,0.997881120213321,0.879243745396621,0.992306335924059,0.997195503246048,0.981651937720317,0.997881120213321,0.879243745396621,1.2360396024136,1.17121464717303
0.961237025077822,-0.0221849935981989,1,1,1,1,22,1,22zz03,M-O,1,0.0834,0.0061,0.95629776247456,0.973308925606613,0.84407008240393,0.956447382254407,0.508849805990154,0.95629776247456,0.973308925606613,0.84407008240393,0.956447382254407,0.508849805990154,0.961237025077822,0.0221849935981989
1.47732157550915,1.07149602271011,1,1,1,1,22,1,22zz03,M-O,1,0.1875,0.0061,0.993537378857103,0.997571599858364,0.982240558057205,0.997111527161456,0.858026770955554,0.993537378857103,0.997571599858364,0.982240558057205,0.997111527161456,0.858026770955554,1.47732157550915,1.07149602271011
1.62335193061512,0.79768934792265,1,1,1,1,22,1,22zz03,M-O,1,0.1692,0.0061,0.992273154077312,0.996751724658381,0.973901638603408,0.993547381464623,0.78747460656513,0.992273154077312,0.996751724658381,0.973901638603408,0.993547381464623,0.78747460656513,1.62335193061512,0.79768934792265
1.77767946498848,-0.504813420278005,1,1,1,1,22,1,22zz03,M-O,1,0.1514,0.006,0.991364042962929,0.995858221263104,0.962562913002778,0.985864232371123,0.693155055508305,0.991364042962929,0.995858221263104,0.962562913002778,0.985864232371123,0.693155055508305,1.77767946498848,0.504813420278005
-0.800088189802609,0.71294176583924,0,1,1,1,22,1,22zz03,M-O,1,0.1675,0.4193,0.974805116911727,0.988742854316353,0.937957819106295,0.9918388091311,0.762059103456965,0.974805116911727,0.988742854316353,0.937957819106295,0.9918388091311,0.762059103456965,0.800088189802609,0.71294176583924
2.11686815343917,0.925517318918184,1,1,1,1,22,1,22zz03,M-O,1,0.2149,0.0344,0.997351499712891,0.998964552786346,0.989111147837872,0.995528188529556,0.822651560402706,0.997351499712891,0.998964552786346,0.989111147837872,0.995528188529556,0.822651560402706,2.11686815343917,0.925517318918184
0.0356037060083808,0.520283440232738,0,1,1,1,22,1,22zz03,M-O,1,0.2624,0.0999,0.9391585057433,0.969928602661926,0.8746718852797,0.986411559231307,0.69856698197169,0.9391585057433,0.969928602661926,0.8746718852797,0.986411559231307,0.69856698197169,0.0356037060083808,0.520283440232738
-0.655717270550115,0.392124251485445,0,1,1,1,22,1,22zz03,M-O,1,0.3488,0.0519,0.957534608366457,0.978115557264784,0.887216842209132,0.9812742856028,0.652516795284438,0.957534608366457,0.978115557264784,0.887216842209132,0.9812742856028,0.652516795284438,0.655717270550115,0.392124251485445
0.953603620151828,-0.984306318907825,0,1,0,0,22,1,22zz03,M-O,1,0.6292,0.0358,0.714053884959333,0.730279760322097,0.335642572988982,0.759401307379925,0.162482461770361,0.285946115040667,0.269720239677903,0.664357427011018,0.240598692620075,0.837517538229639,0.953603620151828,0.984306318907825
0.339612354365357,0.710336186192069,1,0,1,0,22,1,22zz03,M-O,1,0.3498,0.4194,0.961514002184675,0.982549988405781,0.918681364821496,0.991780503584468,0.761252157455113,0.961514002184675,0.982549988405781,0.918681364821496,0.991780503584468,0.761252157455113,0.339612354365357,0.710336186192069
2.20382259216136,0.987940824533036,1,1,1,1,22,1,22zz03,M-O,1,0.1582,0.0061,0.99798207331585,0.999235078796538,0.991596290449841,0.996281610948819,0.838409184930563,0.99798207331585,0.999235078796538,0.991596290449841,0.996281610948819,0.838409184930563,2.20382259216136,0.987940824533036
0.264273966617504,-0.505542099331875,0,1,0,0,22,1,22zz03,M-O,1,0.8538,0.006,0.830994987901787,0.868684041679041,0.562992655594752,0.881623611700196,0.306589068595726,0.169005012098213,0.131315958320959,0.437007344405248,0.118376388299804,0.693410931404274,0.264273966617504,0.505542099331875
0.382093912214367,-0.0741199370740145,1,1,1,1,22,1,22zz03,M-O,1,0.3351,0.1618,0.926733215285769,0.956259592906024,0.801859267019626,0.961033247708411,0.529542524298293,0.926733215285769,0.956259592906024,0.801859267019626,0.961033247708411,0.529542524298293,0.382093912214367,0.0741199370740145
0.281200212322969,-1.0897660510679,0,1,0,0,22,1,22zz03,M-O,1,0.6445,0.0061,0.787817484350289,0.784613450270754,0.360148166747966,0.725386315005975,0.137908106033643,0.212182515649711,0.215386549729246,0.639851833252034,0.274613684994025,0.862091893966357,0.281200212322969,1.0897660510679
0.444156813134405,-1.13322182009868,0,1,0,0,22,1,22zz03,M-O,1,0.4936,0.0061,0.765348503345661,0.758998547015937,0.329862749717952,0.710710832736121,0.128560556590328,0.234651496654339,0.241001452984063,0.670137250282048,0.289289167263879,0.871439443409671,0.444156813134405,1.13322182009868
-0.484463490471294,-0.859172252293264,1,1,0,0,22,1,22zz03,M-O,1,0.957,0.2589,0.778653233210614,0.799160669619033,0.417137783929335,0.796592652187764,0.19512274482009,0.221346766789386,0.200839330380967,0.582862216070665,0.203407347812236,0.80487725517991,0.484463490471294,0.859172252293264
0.766087368708933,-0.11101759461997,1,1,1,1,22,1,22zz03,M-O,1,0.506,0.006,0.950027894463657,0.970738647245502,0.843778154279607,0.964046142838805,0.54419880275551,0.950027894463657,0.970738647245502,0.843778154279607,0.964046142838805,0.54419880275551,0.766087368708933,0.11101759461997
-0.262430973276079,-0.247368902427437,0,1,1,1,22,1,22zz03,M-O,1,0.4356,0.2273,0.931093164283795,0.961901520696087,0.832601388880175,0.97356941025564,0.597688630643244,0.931093164283795,0.961901520696087,0.832601388880175,0.97356941025564,0.597688630643244,0.262430973276079,0.247368902427437
1.19488559324738,0.818843121668327,1,1,1,1,22,1,22zz03,M-O,1,0.2431,0.0187,0.986128567716341,0.994145597956525,0.961911653364559,0.993921043431459,0.793562037643259,0.986128567716341,0.994145597956525,0.961911653364559,0.993921043431459,0.793562037643259,1.19488559324738,0.818843121668327
1.89018921585422,-0.441263774307172,1,1,1,1,22,1,22zz03,M-O,1,0.1447,0.0174,0.992400761096058,0.996247643612691,0.963276919267379,0.983412051681098,0.670488975758872,0.992400761096058,0.996247643612691,0.963276919267379,0.983412051681098,0.670488975758872,1.89018921585422,0.441263774307172
0.707675226666544,0.376490773602419,1,1,1,1,22,1,22zz03,M-O,1,0.2344,0.006,0.958944173483153,0.978712777925406,0.887999453142354,0.98054678317889,0.646723963301783,0.958944173483153,0.978712777925406,0.887999453142354,0.98054678317889,0.646723963301783,0.707675226666544,0.376490773602419
-1.91821606787538,0.48146471972658,0,1,1,1,22,1,22zz03,M-O,1,0.3749,0.1303,0.993096591743639,0.996659222515331,0.966875980842668,0.985002222451759,0.6849068757859,0.993096591743639,0.996659222515331,0.966875980842668,0.985002222451759,0.6849068757859,1.91821606787538,0.48146471972658
-1.678925417804,1.1481618916506,0,1,1,1,22,1,22zz03,M-O,1,0.2384,3.603,0.995831364542193,0.998494659641147,0.987947902423626,0.997721922601879,0.874549131042949,0.995831364542193,0.998494659641147,0.987947902423626,0.997721922601879,0.874549131042949,1.678925417804,1.1481618916506
-1.46817706441243,0.281718334232435,0,1,1,1,22,1,22zz03,M-O,1,0.1768,0.2905,0.982047903708317,0.990366282157396,0.926273146432788,0.975603880744768,0.610920252507618,0.982047903708317,0.990366282157396,0.926273146432788,0.975603880744768,0.610920252507618,1.46817706441243,0.281718334232435
2.04186165286201,0.0283367541367783,1,1,1,1,22,1,22zz03,M-O,1,0.2777,0.0061,0.991530777772881,0.994823885834465,0.939995705098962,0.957012341726535,0.511303216600542,0.991530777772881,0.994823885834465,0.939995705098962,0.957012341726535,0.511303216600542,2.04186165286201,0.0283367541367783
-0.977647826124643,0.0044890760101282,0,1,1,1,22,1,22zz03,M-O,1,0.1837,0.0061,0.956486068052404,0.973192553272628,0.842156027706515,0.954788769120232,0.501790876205476,0.956486068052404,0.973192553272628,0.842156027706515,0.954788769120232,0.501790876205476,0.977647826124643,0.0044890760101282
-0.227914707523758,-0.247435145977789,0,1,1,1,22,1,22zz03,M-O,1,0.2866,3.5684,0.929260972505263,0.960871123437385,0.830180730191865,0.973573466203273,0.597714261467323,0.929260972505263,0.960871123437385,0.830180730191865,0.973573466203273,0.597714261467323,0.227914707523758,0.247435145977789
2.0640980932986,0.943513483430425,1,1,1,1,22,1,22zz03,M-O,1,0.2357,0.0348,0.997134591305501,0.998886781516789,0.98870212024738,0.995758277554177,0.827290839059572,0.997134591305501,0.998886781516789,0.98870212024738,0.995758277554177,0.827290839059572,2.0640980932986,0.943513483430425
0.852046145919039,-1.47437610441048,0,1,0,0,22,1,22zz03,M-O,1,0.3935,0.0061,0.695798111743512,0.647154735417851,0.200101971727001,0.584846654753923,0.0701901772887951,0.304201888256488,0.352845264582149,0.799898028272999,0.415153345246077,0.929809822711205,0.852046145919039,1.47437610441048
1.06047128911574,1.13305836217039,1,1,1,1,22,1,22zz03,M-O,1,0.3934,0.0185,0.989800362027895,0.996197328696228,0.976796509034563,0.997611826000932,0.871405127335747,0.989800362027895,0.996197328696228,0.976796509034563,0.997611826000932,0.871405127335747,1.06047128911574,1.13305836217039
-1.31119443267351,-0.331895672676341,0,1,1,1,22,1,22zz03,M-O,1,0.2281,0.4816,0.978675215504814,0.988811851664963,0.921721639630261,0.978338370523875,0.630015980965138,0.978675215504814,0.988811851664963,0.921721639630261,0.978338370523875,0.630015980965138,1.31119443267351,0.331895672676341
-0.170166339822761,-1.70912116567383,1,1,0,0,22,1,22zz03,M-O,1,0.3244,0.066,0.779614972703724,0.703797010538949,0.19714037608829,0.491847456568756,0.04371425386058,0.220385027296276,0.296202989461051,0.80285962391171,0.508152543431244,0.95628574613942,0.170166339822761,1.70912116567383
0.668844427695184,-0.150079208144085,1,1,1,1,22,1,22zz03,M-O,1,0.1521,0.0671,0.946857624276735,0.969427468259536,0.843361039205947,0.967025014583538,0.559648938160272,0.946857624276735,0.969427468259536,0.843361039205947,0.967025014583538,0.559648938160272,0.668844427695184,0.150079208144085
0.224115618963362,-1.88371708321774,0,1,0,0,22,1,22zz03,M-O,1,0.3967,0.006,0.769037841488016,0.668131326180327,0.154814578989819,0.422683660050599,0.0298016272060662,0.230962158511984,0.331868673819673,0.845185421010181,0.577316339949401,0.970198372793934,0.224115618963362,1.88371708321774
1.42687472556345,0.719477796140618,1,1,1,1,22,1,22zz03,M-O,1,0.327,0.0061,0.988437876596995,0.994939059847739,0.963070302562893,0.991983470752527,0.764076710885909,0.988437876596995,0.994939059847739,0.963070302562893,0.991983470752527,0.764076710885909,1.42687472556345,0.719477796140618
-0.866133736770992,0.558947592454742,0,1,1,1,22,1,22zz03,M-O,1,0.3279,0.0061,0.97154093833408,0.986435340731586,0.923370488155306,0.9877001654156,0.711901256271058,0.97154093833408,0.986435340731586,0.923370488155306,0.9877001654156,0.711901256271058,0.866133736770992,0.558947592454742
1.29212853426112,0.429993481103227,1,1,1,1,22,1,22zz03,M-O,1,0.216,0.2906,0.980269736443789,0.990114639061503,0.931755461214569,0.982941148330416,0.666399808389803,0.980269736443789,0.990114639061503,0.931755461214569,0.982941148330416,0.666399808389803,1.29212853426112,0.429993481103227
2.10591587680622,0.173520535324486,1,1,1,1,22,1,22zz03,M-O,1,0.2722,0.0061,0.993418182339209,0.996278435523752,0.955721716850531,0.968712891760629,0.56887885607265,0.993418182339209,0.996278435523752,0.955721716850531,0.968712891760629,0.56887885607265,2.10591587680622,0.173520535324486
0.775380209488404,-0.488981211743923,1,1,1,1,22,1,22zz03,M-O,1,0.387,3.1301,0.966068748509623,0.983287536868783,0.909237238945034,0.98528452759552,0.687572500770183,0.966068748509623,0.983287536868783,0.909237238945034,0.98528452759552,0.687572500770183,0.775380209488404,0.488981211743923
-0.15655896582425,0.429949318736326,0,1,1,1,22,1,22zz03,M-O,1,0.3318,0.0061,0.938152627730706,0.968342060532033,0.863858971911186,0.982939280862648,0.666383745738807,0.938152627730706,0.968342060532033,0.863858971911186,0.982939280862648,0.666383745738807,0.15655896582425,0.429949318736326
1.9203909483875,0.160779692473489,1,1,1,1,22,1,22zz03,M-O,1,0.2082,0.0815,0.990482932575485,0.994582451566753,0.943795216427017,0.967804582142988,0.56386653990293,0.990482932575485,0.994582451566753,0.943795216427017,0.967804582142988,0.56386653990293,1.9203909483875,0.160779692473489
1.39567733151809,-0.284089910505788,1,1,1,1,22,1,22zz03,M-O,1,0.1557,3.7797,0.980106794597408,0.989329682574093,0.921656593217853,0.975739356365575,0.611829260591475,0.980106794597408,0.989329682574093,0.921656593217853,0.975739356365575,0.611829260591475,1.39567733151809,0.284089910505788
1.82845820210487,-0.267264048716429,1,1,1,1,22,1,22zz03,M-O,1,0.1668,0.0827,0.989834574487462,0.994520736033072,0.947402023043671,0.974764383294917,0.605367067399775,0.989834574487462,0.994520736033072,0.947402023043671,0.974764383294917,0.605367067399775,1.82845820210487,0.267264048716429
-0.100470033976729,-0.482842642744656,0,1,1,1,22,1,22zz03,M-O,1,0.3873,2.7542,0.939289316674461,0.969570121160566,0.870954845714793,0.985054320395089,0.685396264898804,0.939289316674461,0.969570121160566,0.870954845714793,0.985054320395089,0.685396264898804,0.100470033976729,0.482842642744656
-1.09712720757498,-0.104945269171055,0,1,1,1,22,1,22zz03,M-O,1,0.3178,0.0061,0.965222783466421,0.979605844964247,0.872128362877057,0.963563846929795,0.541790381166834,0.965222783466421,0.979605844964247,0.872128362877057,0.963563846929795,0.541790381166834,1.09712720757498,0.104945269171055
2.40826508930972,1.15193777402066,1,1,1,1,22,1,22zz03,M-O,1,0.2361,0.039,0.999005240608211,0.999651898142279,0.995778356475791,0.997748718509148,0.875326677756687,0.999005240608211,0.999651898142279,0.995778356475791,0.997748718509148,0.875326677756687,2.40826508930972,1.15193777402066
-1.84155013144474,0.59518281449718,0,1,1,1,22,1,22zz03,M-O,1,0.0082,2.7593,0.993056905232384,0.996814596630207,0.970366018246924,0.988810330466735,0.724139361738098,0.993056905232384,0.996814596630207,0.970366018246924,0.988810330466735,0.724139361738098,1.84155013144474,0.59518281449718
1.69570333382672,-0.121550319125907,1,1,1,1,22,1,22zz03,M-O,1,0.0526,0.0513,0.985402058035986,0.991518742263788,0.924366315980379,0.964870298089683,0.548372419387445,0.985402058035986,0.991518742263788,0.924366315980379,0.964870298089683,0.548372419387445,1.69570333382672,0.121550319125907
0.104304350342326,-0.276052359729769,0,1,1,1,22,1,22zz03,M-O,1,0.0848,0.0061,0.92470166941071,0.958791708442302,0.828195190629315,0.975277640441296,0.608746074607448,0.92470166941071,0.958791708442302,0.828195190629315,0.975277640441296,0.608746074607448,0.104304350342326,0.276052359729769
2.21676619181848,0.317202796037552,1,1,1,1,22,1,22zz03,M-O,1,0.0787,0.0061,0.995436152034102,0.997608255168807,0.969801879794738,0.97756585486811,0.62445513576879,0.995436152034102,0.997608255168807,0.969801879794738,0.97756585486811,0.62445513576879,2.21676619181848,0.317202796037552
-1.7363418983343,0.791329967088876,0,1,1,1,22,1,22zz03,M-O,1,0.1763,3.3498,0.993525823434566,0.997279637812884,0.976737204861478,0.993431144577635,0.78562426719253,0.993525823434566,0.997279637812884,0.976737204861478,0.993431144577635,0.78562426719253,1.7363418983343,0.791329967088876
0.515512554833914,0.0059905964847691,1,1,1,1,22,1,22zz03,M-O,1,0.0826,0.1202,0.930831141084647,0.957403862762841,0.797410880420236,0.95493144929653,0.502389887928174,0.930831141084647,0.957403862762841,0.797410880420236,0.95493144929653,0.502389887928174,0.515512554833914,0.0059905964847691
-2.06955661771247,0.121254374096911,0,1,1,1,22,1,22zz03,M-O,1,0.3892,0.2288,0.992585403635327,0.995689290504628,0.949695259627251,0.964847354736345,0.548255221257309,0.992585403635327,0.995689290504628,0.949695259627251,0.964847354736345,0.548255221257309,2.06955661771247,0.121254374096911
-1.15952199566572,0.693709055053765,0,1,1,1,22,1,22zz03,M-O,1,0.1712,0.1149,0.982858166665989,0.992355185526272,0.950891865651562,0.99139974447103,0.756067656901429,0.982858166665989,0.992355185526272,0.950891865651562,0.99139974447103,0.756067656901429,1.15952199566572,0.693709055053765
-0.358346365607046,-1.94852535664526,1,1,0,0,22,1,22zz03,M-O,1,0.4162,0.0822,0.749534129413876,0.635754703587821,0.132517750801327,0.397493208104855,0.0256760669014145,0.250465870586124,0.364245296412179,0.867482249198673,0.602506791895145,0.974323933098586,0.358346365607046,1.94852535664526
-0.978311600466034,0.499151747670512,0,1,1,1,22,1,22zz03,M-O,1,0.2941,2.5004,0.973046393996156,0.986839935194684,0.921978371891792,0.985659228188865,0.691163757736755,0.973046393996156,0.986839935194684,0.921978371891792,0.985659228188865,0.691163757736755,0.978311600466034,0.499151747670512
0.300781555393997,-1.75540332618629,0,1,0,0,22,1,22zz03,M-O,1,0.4219,0.0062,0.760956447460795,0.676264458887356,0.175284312486463,0.473402712492737,0.0395951717679321,0.239043552539205,0.323735541112644,0.824715687513537,0.526597287507263,0.960404828232068,0.300781555393997,1.75540332618629
-0.474506875350432,-1.74113888167721,1,0,0,1,22,1,22zz03,M-O,1,0.3564,0.1662,0.737581287086428,0.651946630315495,0.16489150933072,0.479083260857249,0.0408296186709707,0.262418712913572,0.348053369684505,0.83510849066928,0.520916739142751,0.959170381329029,0.474506875350432,1.74113888167721
1.4955753698974,0.797556860821946,1,1,1,1,22,1,22zz03,M-O,1,0.1115,3.7136,0.990583642458364,0.996026093809926,0.970125284112702,0.993544978545292,0.787436153229456,0.990583642458364,0.996026093809926,0.970125284112702,0.993544978545292,0.787436153229456,1.4955753698974,0.797556860821946
1.21015240309936,-0.857295351699963,0,1,0,0,22,1,22zz03,M-O,1,0.3794,0.006,0.696834239546412,0.730822090156921,0.36107753456785,0.797123043172667,0.195640838395498,0.303165760453588,0.269177909843079,0.63892246543215,0.202876956827333,0.804359161604502,1.21015240309936,0.857295351699963
-1.27435495672632,0.204058812036668,0,1,1,1,22,1,22zz03,M-O,1,0.2888,3.2518,0.97461223262831,0.985827426586547,0.902431704449885,0.970803983081908,0.580846229849398,0.97461223262831,0.985827426586547,0.902431704449885,0.970803983081908,0.580846229849398,1.27435495672632,0.204058812036668
-1.8013917837906,-0.317653309350703,0,1,1,1,22,1,22zz03,M-O,1,0.2412,0.0642,0.989860573925036,0.994670826290039,0.950050530605838,0.977589882527474,0.624626034096253,0.989860573925036,0.994670826290039,0.950050530605838,0.977589882527474,0.624626034096253,1.8013917837906,0.317653309350703
-0.767895134245157,1.02333696160435,0,0,1,0,22,1,22zz03,M-O,1,0.5527,0.1637,0.983248328488481,0.993400401825975,0.963921464313553,0.99665628531602,0.846925723233487,0.983248328488481,0.993400401825975,0.963921464313553,0.99665628531602,0.846925723233487,0.767895134245157,1.02333696160435
1.06213072496922,0.160227662887224,1,1,1,1,22,1,22zz03,M-O,1,0.4225,0.0061,0.965458671008458,0.980276906792831,0.878502228173834,0.96776474040863,0.563649130465911,0.965458671008458,0.980276906792831,0.878502228173834,0.96776474040863,0.563649130465911,1.06213072496922,0.160227662887224
1.82713065342209,0.152697979330568,1,0,1,0,22,1,22zz03,M-O,1,0.173,0.1471,0.988656973587912,0.993515467622228,0.936966290239794,0.967217224561254,0.56068177283076,0.988656973587912,0.993515467622228,0.936966290239794,0.967217224561254,0.56068177283076,1.82713065342209,0.152697979330568
-0.240526420010183,-1.76458909850174,1,1,0,0,22,1,22zz03,M-O,1,0.3961,0.403,0.768957089579475,0.684208588804127,0.178333937424223,0.469747438415145,0.0388164244810316,0.231042910420525,0.315791411195873,0.821666062575777,0.530252561584855,0.961183575518968,0.240526420010183,1.76458909850174
0.618397577749484,0.0777323615157748,1,1,1,1,22,1,22zz03,M-O,1,0.2344,2.7899,0.940625399771818,0.964657487221291,0.823539541000163,0.961337018040794,0.53097952439381,0.940625399771818,0.964657487221291,0.823539541000163,0.961337018040794,0.53097952439381,0.618397577749484,0.0777323615157748
0.943978892201661,1.08244828970161,1,1,1,1,22,1,22zz03,M-O,1,0.1564,0.0215,0.98734218086205,0.995162428202768,0.971762539947012,0.997206916660052,0.860473309579868,0.98734218086205,0.995162428202768,0.971762539947012,0.997206916660052,0.860473309579868,0.943978892201661,1.08244828970161
-0.601619661726767,0.788658143891354,0,1,1,1,22,1,22zz03,M-O,1,0.3568,0.0061,0.97233424360962,0.987949702528629,0.93827857826416,0.993381759117653,0.784844081143995,0.97233424360962,0.987949702528629,0.93827857826416,0.993381759117653,0.784844081143995,0.601619661726767,0.788658143891354
1.04155372038611,0.461591654621038,1,1,1,1,22,1,22zz03,M-O,1,0.152,0.0856,0.973866639149137,0.987038416899794,0.920907913002966,0.984233305256877,0.677812909833815,0.973866639149137,0.987038416899794,0.920907913002966,0.984233305256877,0.677812909833815,1.04155372038611,0.461591654621038
1.35551898386394,0.616248263509054,1,1,1,1,22,1,22zz03,M-O,1,0.3656,2.4988,0.985420264748977,0.993303486047282,0.952607061842896,0.989414826059557,0.73113466047544,0.985420264748977,0.993303486047282,0.952607061842896,0.989414826059557,0.73113466047544,1.35551898386394,0.616248263509054
0.363508230655425,-1.62605175353267,0,1,0,0,22,1,22zz03,M-O,1,0.2207,0.0061,0.755598093475571,0.687869893561038,0.199548935314037,0.52497046284378,0.0519693231354608,0.244401906524429,0.312130106438962,0.800451064685963,0.47502953715622,0.948030676864539,0.363508230655425,1.62605175353267
0.904816206059605,0.412461021443449,1,0,1,0,22,1,22zz03,M-O,1,0.2128,0.1793,0.967790766059169,0.983623984404074,0.906124903433025,0.982185896323658,0.659999227607435,0.967790766059169,0.983623984404074,0.906124903433025,0.982185896323658,0.659999227607435,0.904816206059605,0.412461021443449
-0.515660884516661,-0.82600631475046,1,1,0,0,22,1,22zz03,M-O,1,0.3321,0.1465,0.777670423756888,0.801435169519631,0.425712590325156,0.805842743169343,0.204400254841127,0.222329576243112,0.198564830480369,0.574287409674844,0.194157256830657,0.795599745158873,0.515660884516661,0.82600631475046
-0.920895119935731,-1.44807741492082,1,1,0,0,22,1,22zz03,M-O,1,0.4099,0.006,0.688017249800026,0.643393621002902,0.202258545279392,0.595070111612394,0.0737977005700929,0.311982750199974,0.356606378997098,0.797741454720608,0.404929888387606,0.926202299429907,0.920895119935731,1.44807741492082
-1.40677793783378,1.02088595024133,0,1,1,1,22,1,22zz03,M-O,1,0.422,0.0061,0.992249063087871,0.997017710664842,0.978824380300819,0.996631478656847,0.846345761813876,0.992249063087871,0.997017710664842,0.978824380300819,0.996631478656847,0.846345761813876,1.40677793783378,1.02088595024133
1.48064044721611,-0.244652916863013,1,1,1,1,22,1,22zz03,M-O,1,0.5679,0.0362,0.981729138240883,0.990016022235414,0.922873081440319,0.973402667937605,0.596637406444206,0.981729138240883,0.990016022235414,0.922873081440319,0.973402667937605,0.596637406444206,1.48064044721611,0.244652916863013
0.737545072029129,-2.13736363751481,0,1,0,0,22,1,22zz03,M-O,1,0.204,0.0062,0.694075660530426,0.541900269156449,0.0823896891104357,0.32683151314648,0.0162842132818342,0.305924339469574,0.458099730843551,0.917610310889564,0.67316848685352,0.983715786718166,0.737545072029129,2.13736363751481
1.54801354286727,-0.274153377953017,1,1,1,1,22,1,22zz03,M-O,1,0.5189,0.1298,0.983963143499308,0.991368029524847,0.930724941029552,0.975167483631371,0.608016622548424,0.983963143499308,0.991368029524847,0.930724941029552,0.975167483631371,0.608016622548424,1.54801354286727,0.274153377953017
-0.481476505935036,-0.333573842618587,0,1,1,1,22,1,22zz03,M-O,1,0.3621,0.0062,0.94710694866722,0.971940879569296,0.865414323722776,0.978425157224267,0.630649420349547,0.94710694866722,0.971940879569296,0.865414323722776,0.978425157224267,0.630649420349547,0.481476505935036,0.333573842618587
0.868640504453808,1.14710199484497,1,1,1,1,22,1,22zz03,M-O,1,0.3388,0.0349,0.987619349858171,0.995372080246595,0.973741157059693,0.997714349190763,0.874330265239525,0.987619349858171,0.995372080246595,0.973741157059693,0.997714349190763,0.874330265239525,0.868640504453808,1.14710199484497
0.011044055376922,-1.09402771947387,1,1,0,0,22,1,22zz03,M-O,1,0.1214,0.006,0.820258406679138,0.814723936318371,0.389589995852151,0.723963490378116,0.136971410571749,0.179741593320862,0.185276063681629,0.610410004147849,0.276036509621884,0.863028589428251,0.011044055376922,1.09402771947387
0.0180136859615252,0.58639450348384,0,1,1,1,22,1,22zz03,M-O,1,0.2665,2.196,0.943051312934026,0.972592564689495,0.885753988282925,0.988549399937529,0.721194781430782,0.943051312934026,0.972592564689495,0.885753988282925,0.988549399937529,0.721194781430782,0.0180136859615252,0.58639450348384
0.792306455193868,-0.686740290727514,0,1,0,0,22,1,22zz03,M-O,1,0.4202,0.1143,0.759711239484236,0.799576936361356,0.451097439664921,0.841814693591953,0.246123201173725,0.240288760515764,0.200423063638644,0.548902560335079,0.158185306408047,0.753876798826275,0.792306455193868,0.686740290727514
1.29976193918712,1.15233523532277,1,1,1,1,22,1,22zz03,M-O,1,0.4239,0.0204,0.99270671819086,0.997328663078593,0.982034143327855,0.99775152245465,0.875408328406869,0.99270671819086,0.997328663078593,0.982034143327855,0.99775152245465,0.875408328406869,1.29976193918712,1.15233523532277
0.966215332638252,-2.13124714969899,0,1,0,0,22,1,22zz03,M-O,1,0.3801,0.0061,0.662490255420142,0.507262841873917,0.074214660892019,0.329040997589353,0.0165343932612792,0.337509744579858,0.492737158126083,0.925785339107981,0.670959002410647,0.983465606738721,0.966215332638252,2.13124714969899
0.0017512145974511,-0.913204908196887,1,1,0,0,22,1,22zz03,M-O,1,0.3422,0.0517,0.830389952176129,0.839417633823085,0.451038062777591,0.780971794817594,0.18056739151763,0.169610047823871,0.160582366176915,0.548961937222409,0.219028205182406,0.81943260848237,0.0017512145974511,0.913204908196887
1.20849296724589,-0.3468887962393,1,1,1,1,22,1,22zz03,M-O,1,0.2196,0.0061,0.97594248168138,0.987451101725404,0.916829915659457,0.979103381559914,0.635662568021138,0.97594248168138,0.987451101725404,0.916829915659457,0.979103381559914,0.635662568021138,1.20849296724589,0.3468887962393
-1.73567812399291,0.851280380157261,0,1,1,1,22,1,22zz03,M-O,1,0.3606,0.0198,0.994034626896495,0.997559549434945,0.979269641923543,0.994456817546977,0.802693189501171,0.994034626896495,0.997559549434945,0.979269641923543,0.994456817546977,0.802693189501171,1.73567812399291,0.851280380157261
-1.18341787195578,-0.372745862059955,0,1,1,1,22,1,22zz03,M-O,1,0.1686,0.0674,0.97581733028924,0.987533821414567,0.918462013424798,0.980368992356927,0.645331200336574,0.97581733028924,0.987533821414567,0.918462013424798,0.980368992356927,0.645331200336574,1.18341787195578,0.372745862059955
0.585872635021336,-1.96058168280929,0,1,0,0,22,1,22zz03,M-O,1,0.3481,2.994,0.717781183593897,0.596881957826836,0.116124480318848,0.392850480009401,0.0249639204283998,0.282218816406103,0.403118042173164,0.883875519681152,0.607149519990599,0.9750360795716,0.585872635021336,1.96058168280929
1.40131941341991,0.566433113644496,1,1,1,1,22,1,22zz03,M-O,1,0.2544,0.0191,0.985483041162015,0.99318635495775,0.950509667756648,0.987937021536268,0.714450305150842,0.985483041162015,0.99318635495775,0.950509667756648,0.987937021536268,0.714450305150842,1.40131941341991,0.566433113644496
1.09133679599041,0.0793663690911193,1,0,1,0,22,1,22zz03,M-O,1,0.3938,0.1802,0.964201288219438,0.978742213381054,0.867132113448936,0.961473787279555,0.531629391094711,0.964201288219438,0.978742213381054,0.867132113448936,0.961473787279555,0.531629391094711,1.09133679599041,0.0793663690911193
0.487302145324806,0.380377061889725,1,1,1,1,22,1,22zz03,M-O,1,0.1578,0.0062,0.949869888791455,0.973952935040956,0.874437219747641,0.980729837762419,0.648167230378336,0.949869888791455,0.973952935040956,0.874437219747641,0.980729837762419,0.648167230378336,0.487302145324806,0.380377061889725
-1.69983430955781,0.204014649669767,0,1,1,1,22,1,22zz03,M-O,1,0.4111,3.2031,0.986543555425489,0.992505116467276,0.933487654940138,0.970801045055912,0.580828974555797,0.986543555425489,0.992505116467276,0.933487654940138,0.970801045055912,0.580828974555797,1.69983430955781,0.204014649669767
0.275890017591843,-0.739757212192409,0,1,0,0,22,1,22zz03,M-O,1,0.54,0.0829,0.810994603580472,0.836526636237651,0.479635850705293,0.82867116374133,0.22972366300043,0.189005396419528,0.163473363762349,0.520364149294707,0.17132883625867,0.77027633699957,0.275890017591843,0.739757212192409
-0.994905959000803,1.10989520073071,0,1,1,1,22,1,22zz03,M-O,1,0.3074,0.1137,0.988565890090822,0.995686213230051,0.974330766988058,0.997433603765427,0.866477905586001,0.988565890090822,0.995686213230051,0.974330766988058,0.997433603765427,0.866477905586001,0.994905959000803,1.10989520073071
1.24300923299821,-0.137448771210341,1,1,1,1,22,1,22zz03,M-O,1,0.4423,0.3873,0.971884251560403,0.983781162139229,0.890089067645553,0.966084893673023,0.554661958512456,0.971884251560403,0.983781162139229,0.890089067645553,0.966084893673023,0.554661958512456,1.24300923299821,0.137448771210341
2.18756012079729,1.07491860614496,1,1,1,1,22,1,22zz03,M-O,1,0.3876,0.1795,0.99817569997153,0.999334098943338,0.992871914882567,0.997141647265631,0.858794414512003,0.99817569997153,0.999334098943338,0.992871914882567,0.997141647265631,0.858794414512003,2.18756012079729,1.07491860614496
1.51913935901677,-1.39536963002423,0,1,0,0,22,1,22zz03,M-O,1,0.4327,0.0505,0.615737866809879,0.58319445578363,0.183824173547583,0.615359197308543,0.0814522023133046,0.384262133190121,0.41680554421637,0.816175826452417,0.384640802691457,0.918547797686695,1.51913935901677,1.39536963002423
1.55929770667091,-0.0932422419422358,1,1,1,1,22,1,22zz03,M-O,1,0.1795,0.0668,0.981390151012928,0.989029842173048,0.91025843885584,0.962619398059063,0.537144441836494,0.981390151012928,0.989029842173048,0.91025843885584,0.962619398059063,0.537144441836494,1.55929770667091,0.0932422419422358
1.74780961962589,0.165328416264313,1,1,1,1,22,1,22zz03,M-O,1,0.3452,0.0512,0.987135010300811,0.992692524210185,0.932808432094209,0.968131333006047,0.565657253187285,0.987135010300811,0.992692524210185,0.932808432094209,0.968131333006047,0.565657253187285,1.74780961962589,0.165328416264313
-1.15255236508111,0.0362638989955444,0,1,1,1,22,1,22zz03,M-O,1,0.3924,0.0191,0.965580811208138,0.979123200074542,0.865208218289835,0.957731600130231,0.514464032288687,0.965580811208138,0.979123200074542,0.865208218289835,0.957731600130231,0.514464032288687,1.15255236508111,0.0362638989955444
-1.94244383133614,1.00474460513894,0,1,1,1,22,1,22zz03,M-O,1,0.2947,0.0063,0.996700571188721,0.998746927229878,0.988269823479456,0.996463939180527,0.842490078086664,0.996700571188721,0.998746927229878,0.988269823479456,0.996463939180527,0.842490078086664,1.94244383133614,1.00474460513894
-1.47912934104538,-0.231426287976102,0,1,1,1,22,1,22zz03,M-O,1,0.3705,0.0061,0.981455247050652,0.989799808117981,0.92121363966973,0.972578036895733,0.591508177719704,0.981455247050652,0.989799808117981,0.92121363966973,0.972578036895733,0.591508177719704,1.47912934104538,0.231426287976102
-1.31119443267351,0.847416173053405,0,1,1,1,22,1,22zz03,M-O,1,0.2371,0.0507,0.988565871564155,0.995250597640122,0.967448188290717,0.994395272348179,0.801618403514936,0.988565871564155,0.995250597640122,0.967448188290717,0.994395272348179,0.801618403514936,1.31119443267351,0.847416173053405
1.82713065342209,-2.09247259155973,0,1,0,0,22,1,22zz03,M-O,1,0.1795,0.0191,0.550419048676405,0.399212640987105,0.0560147709421847,0.343184220926391,0.0181981305364128,0.449580951323595,0.600787359012895,0.943985229057815,0.656815779073609,0.981801869463587,1.82713065342209,2.09247259155973
2.49986594842165,0.453620347395371,1,1,1,1,22,1,22zz03,M-O,1,0.2112,0.0682,0.997904834281766,0.998979758970399,0.984303791194725,0.983915514343179,0.674948947076781,0.997904834281766,0.998979758970399,0.984303791194725,0.983915514343179,0.674948947076781,2.49986594842165,0.453620347395371
-0.340756345560191,0.862541783717068,0,1,1,1,22,1,22zz03,M-O,1,0.3611,0.0061,0.968724665921324,0.986660908778004,0.937310803560987,0.99463276738148,0.805805274834316,0.968724665921324,0.986660908778004,0.937310803560987,0.99463276738148,0.805805274834316,0.340756345560191,0.862541783717068
-0.699526377081906,0.80025076520292,0,0,1,0,22,1,22zz03,M-O,1,1.3385,1.5596,0.975190505244309,0.989278914637428,0.943057918854475,0.993593682609034,0.788217238690651,0.975190505244309,0.989278914637428,0.943057918854475,0.993593682609034,0.788217238690651,0.699526377081906,0.80025076520292
-1.94045250831197,0.529005507695726,0,1,1,1,22,1,22zz03,M-O,1,0.2823,0.0061,0.993726044599035,0.997034453960759,0.970361252830645,0.986712006774248,0.701599185407218,0.993726044599035,0.997034453960759,0.970361252830645,0.986712006774248,0.701599185407218,1.94045250831197,0.529005507695726
0.742191492418865,0.506129401640902,1,1,1,1,22,1,22zz03,M-O,1,0.1457,0.2923,0.965591304905492,0.983167918115241,0.909785011548146,0.98591151958533,0.693617094224694,0.965591304905492,0.983167918115241,0.909785011548146,0.98591151958533,0.693617094224694,0.742191492418865,0.506129401640902
-0.662023126793328,0.412615589727603,0,1,1,1,22,1,22zz03,M-O,1,0.4598,0.1197,0.958705589994455,0.978914377786196,0.890963494344473,0.982192677354413,0.660055861267346,0.958705589994455,0.978914377786196,0.890963494344473,0.982192677354413,0.660055861267346,0.662023126793328,0.412615589727603
2.31201780980806,-0.456411466154285,1,1,1,1,22,1,22zz03,M-O,1,0.1825,0.28,0.996791960425864,0.998436648692598,0.979352820269003,0.984027406444689,0.675952938999373,0.996791960425864,0.998436648692598,0.979352820269003,0.984027406444689,0.675952938999373,2.31201780980806,0.456411466154285
2.21477486879431,1.17582961451421,1,1,1,1,22,1,22zz03,M-O,1,0.187,0.1186,0.998537610759097,0.999489482088772,0.994543911184967,0.997911751286523,0.880168515135832,0.998537610759097,0.999489482088772,0.994543911184967,0.997911751286523,0.880168515135832,2.21477486879431,1.17582961451421
0.712985421397671,0.822552760488028,1,1,1,1,22,1,22zz03,M-O,1,0.1452,0.4555,0.976256001552128,0.989837507822336,0.945726231517265,0.993984557063914,0.794618814149627,0.976256001552128,0.989837507822336,0.945726231517265,0.993984557063914,0.794618814149627,0.712985421397671,0.822552760488028
-1.63312498824804,-0.161870560106707,0,1,1,1,22,1,22zz03,M-O,1,0.3898,0.0492,0.984404833209746,0.991123899752058,0.924274521460081,0.967883194013562,0.564296106665844,0.984404833209746,0.991123899752058,0.924274521460081,0.967883194013562,0.564296106665844,1.63312498824804,0.161870560106707
1.18061444490747,0.979881192573566,1,0,1,0,22,1,22zz03,M-O,1,0.3203,0.388,0.988807230429932,0.99558245969989,0.97157705007148,0.996191204256351,0.836427616164871,0.988807230429932,0.99558245969989,0.97157705007148,0.996191204256351,0.836427616164871,1.18061444490747,0.979881192573566
0.198560306819817,-1.70285010957386,1,1,0,0,22,1,22zz03,M-O,1,0.2084,0.0061,0.775931754438765,0.700392104872686,0.195980150336312,0.494348867484136,0.044298061273285,0.224068245561235,0.299607895127314,0.804019849663688,0.505651132515864,0.955701938726715,0.198560306819817,1.70285010957386
-1.24548077287582,-0.345696412332967,0,1,1,1,22,1,22zz03,M-O,1,0.3208,0.0338,0.977044422225493,0.988025033579391,0.919103805615811,0.979043389877808,0.635214559615147,0.977044422225493,0.988025033579391,0.919103805615811,0.979043389877808,0.635214559615147,1.24548077287582,0.345696412332967
-1.57338529752287,0.982928395889749,0,1,1,1,22,1,22zz03,M-O,1,0.2046,0.0332,0.993595032129526,0.997511471909538,0.980814536368829,0.996225614535419,0.837178659438093,0.993595032129526,0.997511471909538,0.980814536368829,0.996225614535419,0.837178659438093,1.57338529752287,0.982928395889749
-0.926537201837553,-0.503135250335759,0,1,1,1,22,1,22zz03,M-O,1,0.0369,3.0422,0.971563495515952,0.986125702068606,0.919609161284866,0.985803732270814,0.69256540767116,0.971563495515952,0.986125702068606,0.919609161284866,0.985803732270814,0.69256540767116,0.926537201837553,0.503135250335759
1.90147337965786,-0.436295508030787,1,1,1,1,22,1,22zz03,M-O,1,0.0937,0.0191,0.992514806499231,0.996295476670404,0.963449713103038,0.983205853076823,0.668688829725847,0.992514806499231,0.996295476670404,0.963449713103038,0.983205853076823,0.668688829725847,1.90147337965786,0.436295508030787
-1.58201436396095,0.647051514422644,0,1,1,1,22,1,22zz03,M-O,1,0.0171,0.0061,0.989955661916424,0.995475421162657,0.963997399453273,0.990247493890105,0.741200698119177,0.989955661916424,0.995475421162657,0.963997399453273,0.990247493890105,0.741200698119177,1.58201436396095,0.647051514422644
0.650922520477633,0.768012237365041,1,1,1,1,22,1,22zz03,M-O,1,0.3141,0.0066,0.972838786844053,0.988087103173076,0.937911724282067,0.992988946992728,0.778760042660527,0.972838786844053,0.988087103173076,0.937911724282067,0.992988946992728,0.778760042660527,0.650922520477633,0.768012237365041
-0.749309452686215,0.775541920921696,0,1,1,1,22,1,22zz03,M-O,1,0.3924,0.0061,0.97557873261437,0.989355007525241,0.942417506437226,0.993134530009487,0.780990247858336,0.97557873261437,0.989355007525241,0.942417506437226,0.993134530009487,0.780990247858336,0.749309452686215,0.775541920921696
-1.19602958444221,0.865036957446986,0,1,1,1,22,1,22zz03,M-O,1,0.3199,0.0062,0.987016316096535,0.994626995258754,0.965074434173712,0.994671073724414,0.806490747757986,0.987016316096535,0.994626995258754,0.965074434173712,0.994671073724414,0.806490747757986,1.19602958444221,0.865036957446986
-1.17279748249353,1.10084191551596,0,1,1,1,22,1,22zz03,M-O,1,0.2886,0.0507,0.990637086158976,0.996480717641807,0.977514673825913,0.997360739242177,0.864517267256109,0.990637086158976,0.996480717641807,0.977514673825913,0.997360739242177,0.864517267256109,1.17279748249353,1.10084191551596
1.69371201080255,0.684677851022469,1,1,1,1,22,1,22zz03,M-O,1,0.2193,3.4277,0.991997228253081,0.996466437820313,0.970177540806843,0.991186515441982,0.753226385666218,0.991997228253081,0.996466437820313,0.970177540806843,0.991186515441982,0.753226385666218,1.69371201080255,0.684677851022469
-0.946782319249972,-0.165182737624297,0,1,1,1,22,1,22zz03,M-O,1,0.1775,0.006,0.960714674486257,0.977604757070042,0.869669126982894,0.968120911016562,0.565599924000442,0.960714674486257,0.977604757070042,0.869669126982894,0.968120911016562,0.565599924000442,0.946782319249972,0.165182737624297
-1.67593843326774,0.471594430724161,0,1,1,1,22,1,22zz03,M-O,1,0.2115,0.0063,0.989360905098471,0.994806532582262,0.9557203583967,0.984624452587424,0.681391848650274,0.989360905098471,0.994806532582262,0.9557203583967,0.984624452587424,0.681391848650274,1.67593843326774,0.471594430724161
0.877601458062583,0.859803716969193,1,1,1,1,22,1,22zz03,M-O,1,0.1829,0.0061,0.980978265810139,0.992026417698989,0.954621918156977,0.994590450548056,0.805051374997322,0.980978265810139,0.992026417698989,0.954621918156977,0.994590450548056,0.805051374997322,0.877601458062583,0.859803716969193
0.0784171510280861,-0.624316785112662,1,1,0,0,22,1,22zz03,M-O,1,0.2003,0.0061,0.840313475156865,0.868417763506585,0.541375600375956,0.85641888875843,0.266209781365919,0.159686524843135,0.131582236493415,0.458624399624044,0.14358111124157,0.733790218634081,0.0784171510280861,0.624316785112662
0.720618826323664,0.123109193506762,1,1,1,1,22,1,22zz03,M-O,1,0.4571,0.0062,0.948250201366158,0.969861818627641,0.84225872291098,0.964990948228785,0.548989684351777,0.948250201366158,0.969861818627641,0.84225872291098,0.964990948228785,0.548989684351777,0.720618826323664,0.123109193506762
1.32631291284275,0.941283283901914,1,1,1,1,22,1,22zz03,M-O,1,0.2292,0.0199,0.990216718753081,0.996096967040774,0.973178046027698,0.995730350082262,0.826720146624483,0.990216718753081,0.996096967040774,0.973178046027698,0.995730350082262,0.826720146624483,1.32631291284275,0.941283283901914
-1.34637447276722,0.0700039473080641,0,1,1,1,22,1,22zz03,M-O,1,0.3022,0.006,0.974072575865398,0.984535966804952,0.888720859747215,0.960684766672657,0.527904741074974,0.974072575865398,0.984535966804952,0.888720859747215,0.960684766672657,0.527904741074974,1.34637447276722,0.0700039473080641
1.43550379200153,-0.287667062224786,1,0,1,0,22,1,22zz03,M-O,1,0.1964,0.2586,0.981279028068482,0.9899797509607,0.92476541081905,0.975942504608637,0.613199197377582,0.981279028068482,0.9899797509607,0.92476541081905,0.975942504608637,0.613199197377582,1.43550379200153,0.287667062224786
1.08967736013694,-2.05237316241344,0,0,0,1,22,1,22zz03,M-O,1,0.2091,0.1001,0.646884438786044,0.503443412842821,0.0798095694684884,0.358045198226272,0.0200667053347793,0.353115561213956,0.496556587157179,0.920190430531512,0.641954801773728,0.979933294665221,1.08967736013694,2.05237316241344
-1.83690371105501,0.445914014371111,0,1,1,1,22,1,22zz03,M-O,1,0.4648,0.0061,0.991680593027981,0.995898285138398,0.961249014732177,0.983603084300913,0.67217032070178,0.991680593027981,0.995898285138398,0.961249014732177,0.983603084300913,0.67217032070178,1.83690371105501,0.445914014371111
2.49322820500774,0.878859778287063,1,1,1,1,22,1,22zz03,M-O,1,0.2071,0.0659,0.998757620327192,0.99950959476338,0.993273905352005,0.994878912350797,0.810261345309754,0.998757620327192,0.99950959476338,0.993273905352005,0.994878912350797,0.810261345309754,2.49322820500774,0.878859778287063
-0.0148431439373183,-1.92664290384571,1,1,0,0,22,1,22zz03,M-O,1,0.3848,0.0061,0.796846306726685,0.696456701272566,0.164224884304299,0.405956619020422,0.0270120739608351,0.203153693273315,0.303543298727434,0.835775115695701,0.594043380979578,0.972987926039165,0.0148431439373183,1.92664290384571
0.240046203156741,1.05162295760457,1,1,1,1,22,1,22zz03,M-O,1,0.1983,0.0061,0.974477073920257,0.989842998309577,0.953292976252213,0.996930911839919,0.853513714717924,0.974477073920257,0.989842998309577,0.953292976252213,0.996930911839919,0.853513714717924,0.240046203156741,1.05162295760457
-1.33741351915844,0.248331584855125,0,1,1,1,22,1,22zz03,M-O,1,0.4778,0.1613,0.977650465333092,0.987795508517816,0.913132149243043,0.973628302066453,0.598061068479879,0.977650465333092,0.987795508517816,0.913132149243043,0.973628302066453,0.598061068479879,1.33741351915844,0.248331584855125
-1.45689290060878,0.613024410725266,0,1,1,1,22,1,22zz03,M-O,1,0.357,0.02,0.987336939071261,0.994189150341537,0.956662165392238,0.989324199014087,0.730069900450694,0.987336939071261,0.994189150341537,0.956662165392238,0.989324199014087,0.730069900450694,1.45689290060878,0.613024410725266
2.22108072503752,1.16507607817376,1,1,1,1,22,1,22zz03,M-O,1,0.0006,0.2907,0.99853089253055,0.999484910429708,0.994463223841288,0.997839745014169,0.878005900478909,0.99853089253055,0.999484910429708,0.994463223841288,0.997839745014169,0.878005900478909,2.22108072503752,1.16507607817376
-0.247496050594786,-1.7115942582203,1,1,0,0,22,1,22zz03,M-O,1,0.1368,0.1974,0.769137653863543,0.691498985571597,0.18958436379059,0.490861067337788,0.0434857335950951,0.230862346136457,0.308501014428403,0.81041563620941,0.509138932662212,0.956514266404905,0.247496050594786,1.7115942582203
-1.97131801518664,1.05581838246019,0,1,1,1,22,1,22zz03,M-O,1,0.2056,0.0061,0.997112325738492,0.998928422300846,0.989874923146738,0.996969867477475,0.854474400910369,0.997112325738492,0.998928422300846,0.989874923146738,0.996969867477475,0.854474400910369,1.97131801518664,1.05581838246019
0.854369356113906,0.908183589909462,1,1,1,1,22,1,22zz03,M-O,1,0.1578,0.0184,0.981805401336338,0.992517004363049,0.957787484199185,0.995296095641779,0.818109383684181,0.981805401336338,0.992517004363049,0.957787484199185,0.995296095641779,0.818109383684181,0.854369356113906,0.908183589909462
2.26488983156931,0.385389490533011,1,1,1,1,22,1,22zz03,M-O,1,0.1713,0.0666,0.996161372135201,0.998058940900657,0.974908060197626,0.980963773052459,0.650025566127338,0.996161372135201,0.998058940900657,0.974908060197626,0.980963773052459,0.650025566127338,2.26488983156931,0.385389490533011
-1.83159351632388,1.12491040547712,0,1,1,1,22,1,22zz03,M-O,1,0.0294,0.0671,0.996661771541583,0.998790434244478,0.989506240252057,0.997550452719454,0.869686498919513,0.996661771541583,0.998790434244478,0.989506240252057,0.997550452719454,0.869686498919513,1.83159351632388,1.12491040547712
2.27882909273852,0.191406293919473,1,1,1,1,22,1,22zz03,M-O,1,0.0327,0.4681,0.995486220478289,0.997471851921767,0.96556191347179,0.969952137126378,0.57589635530296,0.995486220478289,0.997471851921767,0.96556191347179,0.969952137126378,0.57589635530296,2.27882909273852,0.191406293919473
2.21444298162361,-0.427551359384349,1,1,1,1,22,1,22zz03,M-O,1,0.1742,0.0061,0.9959151381503,0.997977509919741,0.975063443434051,0.982837617106383,0.665511107370983,0.9959151381503,0.997977509919741,0.975063443434051,0.982837617106383,0.665511107370983,2.21444298162361,0.427551359384349
1.14443874330168,0.672290307106682,1,1,1,1,22,1,22zz03,M-O,1,0.1849,0.0061,0.982047353467646,0.991914787076082,0.948395853463255,0.990886511850966,0.749300550387856,0.982047353467646,0.991914787076082,0.948395853463255,0.990886511850966,0.749300550387856,1.14443874330168,0.672290307106682
1.26292246323993,-0.311558902718337,1,1,1,1,22,1,22zz03,M-O,1,0.144,0.006,0.976773327744035,0.987688028566543,0.915990052094589,0.977262998159456,0.622312114280376,0.976773327744035,0.987688028566543,0.915990052094589,0.977262998159456,0.622312114280376,1.26292246323993,0.311558902718337
1.58319358296098,-0.135660195350842,1,1,1,1,22,1,22zz03,M-O,1,0.0302,0.006,0.982720316185965,0.990032144504093,0.917455771090585,0.965949999798284,0.553955041877269,0.982720316185965,0.990032144504093,0.917455771090585,0.965949999798284,0.553955041877269,1.58319358296098,0.135660195350842
0.623375885309915,0.680239533148898,1,1,1,1,22,1,22zz03,M-O,1,0.0006,3.7806,0.968728732476487,0.985762028474294,0.926749506919941,0.991080037661386,0.751823597866085,0.968728732476487,0.985762028474294,0.926749506919941,0.991080037661386,0.751823597866085,0.623375885309915,0.680239533148898
2.25526510361914,1.05787193252109,1,1,1,1,22,1,22zz03,M-O,1,0.0376,2.1997,0.998375730374828,0.999404190925514,0.993325465961611,0.996988772389735,0.854943083592404,0.998375730374828,0.999404190925514,0.993325465961611,0.996988772389735,0.854943083592404,2.25526510361914,1.05787193252109
1.12950382062038,0.694658545942141,1,1,1,1,22,1,22zz03,M-O,1,0.1243,0.1331,0.982227195031177,0.992070561415789,0.949755152699916,0.991421897124209,0.756365343665638,0.982227195031177,0.992070561415789,0.949755152699916,0.991421897124209,0.756365343665638,1.12950382062038,0.694658545942141
-0.499398413152587,0.364412366254939,0,1,1,1,22,1,22zz03,M-O,1,0.2723,0.0061,0.949558593554551,0.973611825974069,0.872321201981486,0.979968400675932,0.642224948763816,0.949558593554551,0.973611825974069,0.872321201981486,0.979968400675932,0.642224948763816,0.499398413152587,0.364412366254939
2.40461433043207,0.89782751487113,1,1,1,1,22,1,22zz03,M-O,1,0.1957,0.115,0.998514441361842,0.999417201541543,0.992536259647332,0.995152358341191,0.815361243363559,0.998514441361842,0.999417201541543,0.992536259647332,0.995152358341191,0.815361243363559,2.40461433043207,0.89782751487113
-1.67726598195052,0.789055605193465,0,1,1,1,22,1,22zz03,M-O,1,0.1388,0.0183,0.992834914741849,0.99698106109577,0.975007793907161,0.993389126436328,0.784960246127964,0.992834914741849,0.99698106109577,0.975007793907161,0.993389126436328,0.784960246127964,1.67726598195052,0.789055605193465
2.28679438483521,0.741757710242275,1,1,1,1,22,1,22zz03,M-O,1,0.1954,1.1556,0.997603257305759,0.998984845934427,0.987623467920106,0.992459791444306,0.770882926348731,0.997603257305759,0.998984845934427,0.987623467920106,0.992459791444306,0.770882926348731,2.28679438483521,0.741757710242275
1.73918055318781,-0.0332035041400492,1,1,1,1,22,1,22zz03,M-O,1,0.198,0.0061,0.985370228483815,0.991098822940961,0.917565408576198,0.957455081948782,0.513243848117444,0.985370228483815,0.991098822940961,0.917565408576198,0.957455081948782,0.513243848117444,1.73918055318781,0.0332035041400492
-1.30522046360099,0.719499877324069,0,1,1,1,22,1,22zz03,M-O,1,0.1647,0.0061,0.986291720653888,0.99397951578453,0.95862463004651,0.991983955628689,0.764083511107456,0.986291720653888,0.99397951578453,0.95862463004651,0.991983955628689,0.764083511107456,1.30522046360099,0.719499877324069
-0.591663046605905,0.403562304512856,0,1,1,1,22,1,22zz03,M-O,1,0.264,3.2026,0.955453255559412,0.977132668396981,0.885073507591094,0.98179177138088,0.656732694994574,0.955453255559412,0.977132668396981,0.885073507591094,0.98179177138088,0.656732694994574,0.591663046605905,0.403562304512856
-0.229574143377235,-0.245558245384488,0,1,1,1,22,1,22zz03,M-O,1,0.2948,0.0061,0.929222016933035,0.960818135125198,0.829877989158268,0.973458346082697,0.596987892508693,0.929222016933035,0.960818135125198,0.829877989158268,0.973458346082697,0.596987892508693,0.229574143377235,0.245558245384488
0.833792351530792,-0.411233364814354,1,1,1,1,22,1,22zz03,M-O,1,0.2722,0.006,0.96519510289316,0.982272287581404,0.901494338884014,0.982131959805974,0.659549287350758,0.96519510289316,0.982272287581404,0.901494338884014,0.982131959805974,0.659549287350758,0.833792351530792,0.411233364814354
2.3949896024819,-0.247258496510184,1,1,1,1,22,1,22zz03,M-O,1,0.0485,0.0606,0.996690980872925,0.9982016206209,0.973326244451981,0.973562649186864,0.597645911669818,0.996690980872925,0.9982016206209,0.973326244451981,0.973562649186864,0.597645911669818,2.3949896024819,0.247258496510184
0.156410636141503,-0.755236121791281,1,1,0,0,22,1,22zz03,M-O,1,0.118,0.0105,0.822903549581156,0.845186042650019,0.487164775698766,0.824705704672822,0.225053659344839,0.177096450418844,0.154813957349981,0.512835224301234,0.175294295327178,0.774946340655161,0.156410636141503,0.755236121791281
0.885566750159273,0.242082609938605,1,1,1,1,22,1,22zz03,M-O,1,0.1865,0.0061,0.960883428419865,0.978483851846576,0.878137314730691,0.973244060827838,0.595641923619627,0.960883428419865,0.978483851846576,0.878137314730691,0.973244060827838,0.595641923619627,0.885566750159273,0.242082609938605
0.37180540992281,0.435668345250032,1,1,1,1,22,1,22zz03,M-O,1,0.6137,2.3799,0.94793089886904,0.973530280611117,0.877322330409476,0.983179668665081,0.668461312157546,0.94793089886904,0.973530280611117,0.877322330409476,0.983179668665081,0.668461312157546,0.37180540992281,0.435668345250032
-1.45324214173114,0.260939940605419,0,1,1,1,22,1,22zz03,M-O,1,0.1657,0.0074,0.981272587298008,0.989846054020638,0.922873018220809,0.97438954182114,0.602930588314458,0.981272587298008,0.989846054020638,0.922873018220809,0.97438954182114,0.602930588314458,1.45324214173114,0.260939940605419
2.06974017520042,-0.0315032530143528,1,1,1,1,22,1,22zz03,M-O,1,0.0918,0.2752,0.992002526531423,0.99511957437595,0.942189848848337,0.957300826881035,0.51256590104812,0.992002526531423,0.99511957437595,0.942189848848337,0.957300826881035,0.51256590104812,2.06974017520042,0.0315032530143528
-1.93945684679988,1.02108468089239,0,1,1,1,22,1,22zz03,M-O,1,0.2621,0.2646,0.996764379266771,0.998779709257666,0.988621557971208,0.996633496152633,0.846392839839985,0.996764379266771,0.998779709257666,0.988621557971208,0.996633496152633,0.846392839839985,1.93945684679988,1.02108468089239
2.41191584818737,0.0812432696844204,1,1,1,1,22,1,22zz03,M-O,1,0.2197,0.3877,0.996299898188702,0.997797281606533,0.965469031604947,0.961630400236341,0.532375755502869,0.996299898188702,0.997797281606533,0.965469031604947,0.961630400236341,0.532375755502869,2.41191584818737,0.0812432696844204
1.3658074861555,0.80722841917331,1,1,1,1,22,1,22zz03,M-O,1,0.2857,0.0353,0.988787137649566,0.995269235708393,0.966663116893297,0.993718325344064,0.79023255232987,0.988787137649566,0.995269235708393,0.966663116893297,0.993718325344064,0.79023255232987,1.3658074861555,0.80722841917331
0.395701286212878,-0.0745615607430266,1,1,1,1,22,1,22zz03,M-O,1,0.0921,0.0342,0.927577466459365,0.956775850853698,0.80314163418636,0.961070487983186,0.529718220482461,0.927577466459365,0.956775850853698,0.80314163418636,0.961070487983186,0.529718220482461,0.395701286212878,0.0745615607430266
0.799276085778472,0.0118641912826293,1,1,1,1,22,1,22zz03,M-O,1,0.296,0.2921,0.947513599097527,0.967780868067577,0.826095320444834,0.95548610273701,0.504733016489345,0.947513599097527,0.967780868067577,0.826095320444834,0.95548610273701,0.504733016489345,0.799276085778472,0.0118641912826293
-1.33509030896358,-1.02288214639603,1,1,0,0,22,1,22zz03,M-O,1,0.4513,0.1642,0.666483038660726,0.684385103522529,0.298542134318339,0.747231231023953,0.153181785930288,0.333516961339274,0.315614896477471,0.701457865681661,0.252768768976047,0.846818214069712,1.33509030896358,1.02288214639603
-1.97131801518664,0.464638857937221,0,1,1,1,22,1,22zz03,M-O,1,0.2603,0.1042,0.993628489299269,0.996893529323664,0.96801185216334,0.984353356851771,0.678904949845114,0.993628489299269,0.996893529323664,0.96801185216334,0.984353356851771,0.678904949845114,1.97131801518664,0.464638857937221
-1.78280610223166,1.02653873320469,0,1,1,1,22,1,22zz03,M-O,1,0.3507,0.1991,0.995750821491736,0.998391892737776,0.986250615993037,0.996688442987517,0.847681142000323,0.995750821491736,0.998391892737776,0.986250615993037,0.996688442987517,0.847681142000323,1.78280610223166,1.02653873320469
-1.50667597621309,0.810032729471536,0,1,1,1,22,1,22zz03,M-O,1,0.288,0.3905,0.990896197911255,0.996180287256501,0.971147285421731,0.993767811115307,0.791039317435859,0.990896197911255,0.996180287256501,0.971147285421731,0.993767811115307,0.791039317435859,1.50667597621309,0.810032729471536
0.59284226560594,1.0066435869157,1,1,1,1,22,1,22zz03,M-O,1,0.3827,0.6665,0.979640929248071,0.991871179173716,0.95823006429337,0.996484030702306,0.84294695968634,0.979640929248071,0.991871179173716,0.95823006429337,0.996484030702306,0.84294695968634,0.59284226560594,1.0066435869157
-0.128016669144446,-0.505873317083634,1,0,0,1,22,1,22zz03,M-O,1,0.1368,0.1327,0.844270789135973,0.878700489476758,0.576844801162492,0.881557975943193,0.306472792518481,0.155729210864027,0.121299510523242,0.423155198837508,0.118442024056807,0.69352720748152,0.128016669144446,0.505873317083634
-0.95408383700527,-0.0842331190943902,0,1,1,1,22,1,22zz03,M-O,1,0.1699,0.0236,0.958161385909649,0.975205664783328,0.855448015631677,0.961878808012142,0.533564456740359,0.958161385909649,0.975205664783328,0.855448015631677,0.961878808012142,0.533564456740359,0.95408383700527,0.0842331190943902
-1.90593624255965,0.945368302840276,0,1,1,1,22,1,22zz03,M-O,1,0.1318,0.0675,0.996140391383388,0.998493690786977,0.986079249025022,0.995781379819268,0.827764560640978,0.996140391383388,0.998493690786977,0.986079249025022,0.995781379819268,0.827764560640978,1.90593624255965,0.945368302840276
-0.399168487602579,0.744804913558458,0,1,1,1,22,1,22zz03,M-O,1,0.2502,0.0499,0.964959171944678,0.984362065322165,0.925514533885642,0.992522960489372,0.771805167962102,0.964959171944678,0.984362065322165,0.925514533885642,0.992522960489372,0.771805167962102,0.399168487602579,0.744804913558458
-1.85117485939491,-0.310741898930665,0,1,1,1,22,1,22zz03,M-O,1,0.1156,0.0656,0.990647865486809,0.995069606974752,0.952193386060416,0.977218872751031,0.622001578885936,0.990647865486809,0.995069606974752,0.952193386060416,0.977218872751031,0.622001578885936,1.85117485939491,0.310741898930665
-0.253138132496608,-0.466215511606353,0,1,1,1,22,1,22zz03,M-O,1,0.1969,3.5363,0.944707468372408,0.972186620493682,0.876086986602004,0.98441516427948,0.679469376306285,0.944707468372408,0.972186620493682,0.876086986602004,0.98441516427948,0.679469376306285,0.253138132496608,0.466215511606353
0.403002803968177,-0.168207859757029,1,1,1,1,22,1,22zz03,M-O,1,0.2459,0.0061,0.933689071469869,0.962079438871406,0.825518758784492,0.968336754240035,0.566790121072169,0.933689071469869,0.962079438871406,0.825518758784492,0.968336754240035,0.566790121072169,0.403002803968177,0.168207859757029
-0.8223246302392,0.299979472946083,0,1,1,1,22,1,22zz03,M-O,1,0.2787,0.0061,0.960464990583565,0.978813371334573,0.883205689572027,0.976630839024136,0.617903593396597,0.960464990583565,0.978813371334573,0.883205689572027,0.976630839024136,0.617903593396597,0.8223246302392,0.299979472946083
-1.95007723626213,0.234685413482653,0,1,1,1,22,1,22zz03,M-O,1,0.3149,0.0061,0.991590327768025,0.995393666567748,0.95167736207042,0.972783185405192,0.592773545029294,0.991590327768025,0.995393666567748,0.95167736207042,0.972783185405192,0.592773545029294,1.95007723626213,0.234685413482653
1.2795168217747,0.0671775558263871,1,1,1,1,22,1,22zz03,M-O,1,0.2168,0.0248,0.971534417413117,0.982997993712425,0.882257489975026,0.960444004320222,0.52677982369479,0.971534417413117,0.982997993712425,0.882257489975026,0.960444004320222,0.52677982369479,1.2795168217747,0.0671775558263871
1.92238227141167,0.545124771614665,1,1,1,1,22,1,22zz03,M-O,1,0.0434,0.0367,0.99363337164071,0.99701305800326,0.970563174916382,0.987252182354665,0.707166146690966,0.99363337164071,0.99701305800326,0.970563174916382,0.987252182354665,0.707166146690966,1.92238227141167,0.545124771614665
1.45408947356047,-0.401628050013342,1,1,1,1,22,1,22zz03,M-O,1,0.253,0.0061,0.983796674959216,0.991792909251813,0.938113332282728,0.981705126821349,0.656021108371346,0.983796674959216,0.991792909251813,0.938113332282728,0.981705126821349,0.656021108371346,1.45408947356047,0.401628050013342
-1.75990588745368,-0.0595242748131667,0,1,1,1,22,1,22zz03,M-O,1,0.1653,0.0061,0.986180825148515,0.991706838107412,0.922285173395563,0.959786045423378,0.52373273437576,0.986180825148515,0.991706838107412,0.922285173395563,0.959786045423378,0.52373273437576,1.75990588745368,0.0595242748131667
-0.199040523673259,-1.59524850261908,1,1,0,0,22,1,22zz03,M-O,1,0.3462,0.0831,0.778453954831019,0.717028385046058,0.221940181676059,0.537221342425635,0.0553283382306083,0.221546045168981,0.282971614953942,0.778059818323941,0.462778657574365,0.944671661769392,0.199040523673259,1.59524850261908
0.983805352685108,0.847129117668548,1,1,1,1,22,1,22zz03,M-O,1,0.1456,0.0822,0.982787437896543,0.992772459887662,0.957073301268419,0.994390676295936,0.801538421549775,0.982787437896543,0.992772459887662,0.957073301268419,0.994390676295936,0.801538421549775,0.983805352685108,0.847129117668548
0.0608271309812304,-1.89157798452616,1,1,0,0,22,1,22zz03,M-O,1,0.5551,0.0061,0.791128342031506,0.693875247362645,0.167191864880635,0.419609083793112,0.0292736157347563,0.208871657968494,0.306124752637355,0.832808135119365,0.580390916206888,0.970726384265244,0.0608271309812304,1.89157798452616
-1.61254798366492,0.814360641427854,0,1,1,1,22,1,22zz03,M-O,1,0.2093,0.0197,0.992316857991281,0.99679284690239,0.974416567733173,0.993843505431567,0.792280810416205,0.992316857991281,0.99679284690239,0.974416567733173,0.993843505431567,0.792280810416205,1.61254798366492,0.814360641427854
-0.623524214992662,-0.114616827522418,0,1,1,1,22,1,22zz03,M-O,1,0.3056,0.1312,0.942754877657983,0.966508215327995,0.832042993682212,0.964329535878098,0.545625579410313,0.942754877657983,0.966508215327995,0.832042993682212,0.964329535878098,0.545625579410313,0.623524214992662,0.114616827522418
1.70798315914245,0.479963199251939,1,1,1,1,22,1,22zz03,M-O,1,0.3361,0.2102,0.990003860331185,0.995142532569542,0.957813604551869,0.984945273753516,0.684373219505212,0.990003860331185,0.995142532569542,0.957813604551869,0.984945273753516,0.684373219505212,1.70798315914245,0.479963199251939
-1.33409464745149,0.835867714108741,0,1,1,1,22,1,22zz03,M-O,1,0.3025,3.0037,0.98873798157398,0.995302289643363,0.96743797305152,0.994207707770316,0.798385336364233,0.98873798157398,0.995302289643363,0.96743797305152,0.994207707770316,0.798385336364233,1.33409464745149,0.835867714108741
1.24035413563264,0.660322305676456,1,1,1,1,22,1,22zz03,M-O,1,0.0956,0.066,0.983875009141152,0.992717765850603,0.951376883114235,0.990588214763603,0.745476490553538,0.983875009141152,0.992717765850603,0.951376883114235,0.990588214763603,0.745476490553538,1.24035413563264,0.660322305676456
-1.85681694129673,-0.256002645156622,0,1,1,1,22,1,22zz03,M-O,1,0.3358,0.0061,0.99022792105789,0.99470336747467,0.948095025509545,0.974093668989606,0.601025602588521,0.99022792105789,0.99470336747467,0.948095025509545,0.974093668989606,0.601025602588521,1.85681694129673,0.256002645156622
-1.42038531183229,-0.0477770852174465,0,1,1,1,22,1,22zz03,M-O,1,0.3,0.0675,0.976208137876433,0.985648221804138,0.892002045791609,0.958758860961862,0.519053050478108,0.976208137876433,0.985648221804138,0.892002045791609,0.958758860961862,0.519053050478108,1.42038531183229,0.0477770852174465
0.939664358982621,-0.0056020248267968,1,1,1,1,22,1,22zz03,M-O,1,0.2915,0.6908,0.954624981244391,0.972061921254541,0.83861212832732,0.954894560542745,0.502234872869878,0.954624981244391,0.972061921254541,0.83861212832732,0.954894560542745,0.502234872869878,0.939664358982621,0.0056020248267968
1.98344951081962,0.402502407707228,1,1,1,1,22,1,22zz03,M-O,1,1.6471,0.9157,0.993335662877014,0.996649367805554,0.96488692017867,0.981744336916061,0.656342841615736,0.993335662877014,0.996649367805554,0.96488692017867,0.981744336916061,0.656342841615736,1.98344951081962,0.402502407707228
0.62735853135826,0.0294408133093084,1,1,1,1,22,1,22zz03,M-O,1,0.2801,0.0216,0.938707132230467,0.96267847798142,0.813489418340197,0.957113105777965,0.511743488706695,0.938707132230467,0.96267847798142,0.813489418340197,0.957113105777965,0.511743488706695,0.62735853135826,0.0294408133093084
-1.91755229353399,0.519598923545769,0,1,1,1,22,1,22zz03,M-O,1,0.0967,0.2434,0.993382560372149,0.996856529324652,0.969008683460448,0.986387733617765,0.698328425739003,0.993382560372149,0.996856529324652,0.969008683460448,0.986387733617765,0.698328425739003,1.91755229353399,0.519598923545769
-1.24216190116887,0.148789609859812,0,1,1,1,22,1,22zz03,M-O,1,0.3329,2.8841,0.972136026384363,0.984015724835958,0.891750540069686,0.966930021185784,0.559140175246856,0.972136026384363,0.984015724835958,0.891750540069686,0.966930021185784,0.559140175246856,1.24216190116887,0.148789609859812
1.17198537846939,0.531787736810502,1,1,1,1,22,1,22zz03,M-O,1,0.1972,0.2755,0.97942371340234,0.990140345619983,0.936067137591682,0.986806630692817,0.702563491407365,0.97942371340234,0.990140345619983,0.936067137591682,0.986806630692817,0.702563491407365,1.17198537846939,0.531787736810502
-1.34836579579139,0.171312416979426,0,1,1,1,22,1,22zz03,M-O,1,0.1284,0.0061,0.976340596601913,0.98658392474359,0.903662782266768,0.968557008120221,0.568010941272512,0.976340596601913,0.98658392474359,0.903662782266768,0.968557008120221,0.568010941272512,1.34836579579139,0.171312416979426
1.48528686760584,0.436087887735593,1,1,1,1,22,1,22zz03,M-O,1,0.1628,0.0419,0.985092743616985,0.992575773933563,0.943150750515611,0.983197188671621,0.668613517628725,0.985092743616985,0.992575773933563,0.943150750515611,0.983197188671621,0.668613517628725,1.48528686760584,0.436087887735593
-1.08020096186952,-1.43917869799022,1,1,0,0,22,1,22zz03,M-O,1,0.0328,0.7555,0.667909788665132,0.62521719469514,0.194959218303739,0.598515164215949,0.0750499496044739,0.332090211334868,0.37478280530486,0.805040781696261,0.401484835784051,0.924950050395526,1.08020096186952,1.43917869799022
2.2585839753261,0.709872481339606,1,1,1,1,22,1,22zz03,M-O,1,0.187,0.1615,0.997343999089688,0.998856985700937,0.98624977136231,0.991770088906052,0.761108391648031,0.997343999089688,0.998856985700937,0.98624977136231,0.991770088906052,0.761108391648031,2.2585839753261,0.709872481339606
0.984801014197194,-0.382152446209911,1,1,1,1,22,1,22zz03,M-O,1,0.2484,0.0061,0.969577291935806,0.984337875893625,0.906927947872856,0.980812974729546,0.648825853940277,0.969577291935806,0.984337875893625,0.906927947872856,0.980812974729546,0.648825853940277,0.984801014197194,0.382152446209911
-0.898326792328445,-1.7298333157505,1,0,0,1,22,1,22zz03,M-O,1,0.3164,0.1475,0.680283326706346,0.591951795115768,0.140627316190641,0.483588568217392,0.0418300301019516,0.319716673293654,0.408048204884232,0.859372683809359,0.516411431782608,0.958169969898048,0.898326792328445,1.7298333157505
2.19618918723536,-0.454159185442324,1,1,1,1,22,1,22zz03,M-O,1,0.1909,0.2268,0.995877883035809,0.997985953433487,0.97563232350527,0.983937167790041,0.675142871508013,0.995877883035809,0.997985953433487,0.97563232350527,0.983937167790041,0.675142871508013,2.19618918723536,0.454159185442324
-0.297279126199095,-0.565227538198852,1,1,0,0,22,1,22zz03,M-O,1,0.3873,0.4334,0.822630592377253,0.858457813883355,0.538794374522019,0.869378232889545,0.285959504066132,0.177369407622747,0.141542186116645,0.461205625477981,0.130621767110455,0.714040495933868,0.297279126199095,0.565227538198852
2.08367943636963,0.492792366836739,1,1,1,1,22,1,22zz03,M-O,1,0.4265,0.0994,0.995035083223836,0.997616803977337,0.973602990906354,0.985425912524447,0.688920347635494,0.995035083223836,0.997616803977337,0.973602990906354,0.985425912524447,0.688920347635494,2.08367943636963,0.492792366836739
1.18692030115069,0.844523538021377,1,1,1,1,22,1,22zz03,M-O,1,0.3045,0.0504,0.986478953736888,0.994354089676346,0.963426108887594,0.994348804969364,0.80081154203054,0.986478953736888,0.994354089676346,0.963426108887594,0.994348804969364,0.80081154203054,1.18692030115069,0.844523538021377
1.23072940768248,0.222032895365458,1,1,1,1,22,1,22zz03,M-O,1,0.2058,0.0356,0.973558695387448,0.985363023168084,0.901617371706918,0.971979536128346,0.587855862205942,0.973558695387448,0.985363023168084,0.901617371706918,0.971979536128346,0.587855862205942,1.23072940768248,0.222032895365458
0.0040744247923188,-0.859238495843616,1,1,0,0,22,1,22zz03,M-O,1,0.365,0.0362,0.833140718838561,0.846029433049703,0.469131457109268,0.796573917404003,0.195104474413287,0.166859281161439,0.153970566950297,0.530868542890732,0.203426082595997,0.804895525586713,0.0040744247923188,0.859238495843616
-0.222936399963327,-1.86583132462275,1,1,0,0,22,1,22zz03,M-O,1,0.2259,0.1296,0.769492066516937,0.671119437294553,0.158492507863894,0.4296964713985,0.0310324841325228,0.230507933483063,0.328880562705447,0.841507492136106,0.5703035286015,0.968967515867477,0.222936399963327,1.86583132462275
1.98079441345406,-0.304779979399002,1,1,1,1,22,1,22zz03,M-O,1,0.122,0.0061,0.992588460005043,0.996084735012213,0.958443275975994,0.97689468696173,0.619733134675857,0.992588460005043,0.996084735012213,0.958443275975994,0.97689468696173,0.619733134675857,1.98079441345406,0.304779979399002
-1.42403607070994,-0.37331997282967,0,1,1,1,22,1,22zz03,M-O,1,0.3823,0.0061,0.98255754219204,0.991041188557241,0.933461630832293,0.98039633766131,0.645544843472202,0.98255754219204,0.991041188557241,0.933461630832293,0.98039633766131,0.645544843472202,1.42403607070994,0.37331997282967
0.497922534787058,0.0313839574529613,1,1,1,1,22,1,22zz03,M-O,1,0.1497,0.1632,0.93118287830057,0.958118816646437,0.80189032885641,0.957289986853844,0.512518332526165,0.93118287830057,0.958118816646437,0.80189032885641,0.957289986853844,0.512518332526165,0.497922534787058,0.0313839574529613
2.42519133501518,0.388370450298842,1,1,1,1,22,1,22zz03,M-O,1,0.1485,0.0174,0.997322414705833,0.998650041850893,0.980158487924527,0.98110174904044,0.65112904567661,0.997322414705833,0.998650041850893,0.980158487924527,0.98110174904044,0.65112904567661,2.42519133501518,0.388370450298842
-1.48178443841094,-0.42942825997765,0,1,1,1,22,1,22zz03,M-O,1,0.2379,0.0334,0.984905483670366,0.992458261626708,0.942340013003727,0.982917233963822,0.666194204229751,0.984905483670366,0.992458261626708,0.942340013003727,0.982917233963822,0.666194204229751,1.48178443841094,0.42942825997765
-1.80238744530269,0.509397416791591,0,1,1,1,22,1,22zz03,M-O,1,0.4326,0.117,0.991769380710445,0.99606301080825,0.963883370219882,0.986028360100557,0.694763156673572,0.991769380710445,0.99606301080825,0.963883370219882,0.986028360100557,0.694763156673572,1.80238744530269,0.509397416791591
-1.66797314117105,0.922094735483341,0,1,1,1,22,1,22zz03,M-O,1,0.3029,0.402,0.993970100557258,0.997603253828729,0.980505402349528,0.99548318853959,0.821760418619934,0.993970100557258,0.997603253828729,0.980505402349528,0.99548318853959,0.821760418619934,1.66797314117105,0.922094735483341
0.531775026197988,0.855917428681887,1,1,1,1,22,1,22zz03,M-O,1,0.2034,0.0998,0.973142979907398,0.988590625636884,0.942857756631337,0.994529878761473,0.80397827306811,0.973142979907398,0.988590625636884,0.942857756631337,0.994529878761473,0.80397827306811,0.531775026197988,0.855917428681887
1.31005044147868,0.027188532597347,1,1,1,1,22,1,22zz03,M-O,1,0.1664,2.9784,0.97176268558203,0.982791477932803,0.878617726883167,0.956907344285923,0.510845319005922,0.97176268558203,0.982791477932803,0.878617726883167,0.956907344285923,0.510845319005922,1.31005044147868,0.027188532597347
1.50851896955452,-0.168472833958436,1,1,1,1,22,1,22zz03,M-O,1,0.4687,0.0513,0.981183152894599,0.989321921882595,0.915752086473002,0.968355602556255,0.566894343223954,0.981183152894599,0.989321921882595,0.915752086473002,0.968355602556255,0.566894343223954,1.50851896955452,0.168472833958436
1.0060417931217,0.550247606175205,1,1,1,1,22,1,22zz03,M-O,1,0.0611,0.0684,0.975391623678738,0.988263188699522,0.929542052824333,0.987419827991076,0.708925222445292,0.975391623678738,0.988263188699522,0.929542052824333,0.987419827991076,0.708925222445292,1.0060417931217,0.550247606175205
1.01898539277882,0.795105849458929,1,1,1,1,22,1,22zz03,M-O,1,2.0296,2.2742,0.982237555228692,0.992385322644327,0.954088408912075,0.993500381515456,0.786724033838545,0.982237555228692,0.992385322644327,0.954088408912075,0.993500381515456,0.786724033838545,1.01898539277882,0.795105849458929
2.07936490315059,0.325129940896319,1,1,1,1,22,1,22zz03,M-O,1,0.4471,0.2905,0.994002971011598,0.996867095408828,0.964406312873703,0.977985482481049,0.627458635327016,0.994002971011598,0.996867095408828,0.964406312873703,0.977985482481049,0.627458635327016,2.07936490315059,0.325129940896319
2.44079003203787,-0.425188672755134,1,1,1,1,22,1,22zz03,M-O,1,0.1578,0.0183,0.997517271420445,0.998772273182051,0.981887168555487,0.982736942917743,0.664650429557591,0.997517271420445,0.998772273182051,0.981887168555487,0.982736942917743,0.664650429557591,2.44079003203787,0.425188672755134
1.00936066482865,0.85492377542661,1,1,1,1,22,1,22zz03,M-O,1,0.1135,0.0061,0.983468033841039,0.993086665021878,0.958507098227562,0.994514295224989,0.803703326285653,0.983468033841039,0.993086665021878,0.958507098227562,0.994514295224989,0.803703326285653,1.00936066482865,0.85492377542661
2.44643211393969,-0.240987440410213,1,1,1,1,22,1,22zz03,M-O,1,0.1877,0.0214,0.997042198527398,0.998387129498514,0.974950172607817,0.973176241132745,0.595217574595697,0.997042198527398,0.998387129498514,0.974950172607817,0.973176241132745,0.595217574595697,2.44643211393969,0.240987440410213
-0.472183665155565,-1.3079060623764,1,1,0,0,22,1,22zz03,M-O,1,0.6838,2.915,0.752824732448513,0.726336194455686,0.274199311280256,0.648316113140932,0.095452586518903,0.247175267551487,0.273663805544314,0.725800688719744,0.351683886859068,0.904547413481097,0.472183665155565,1.3079060623764
-0.415252140202363,2.13810893236367,1,0,1,0,22,1,22zz04,O-M,1,0.2142,0.0007,0.997537297999467,0.999328144622195,0.996648149395185,0.999935088274501,0.983746048429098,0.997537297999467,0.999328144622195,0.996648149395185,0.999935088274501,0.983746048429098,0.415252140202363,2.13810893236367
-0.358878878852977,-0.290641382785187,0,1,0,0,22,1,22zz04,O-M,1,0.4025,2.2788,0.842028128422041,0.888727059384694,0.628291617385454,0.918949917200727,0.385662803372402,0.157971871577959,0.111272940615306,0.371708382614546,0.0810500827992732,0.614337196627598,0.358878878852977,0.290641382785187
-0.258630305987244,0.87063182747798,1,1,1,1,22,1,22zz04,O-M,1,0.4373,0.0006,0.967022397234448,0.985939275280445,0.935595187169215,0.994756084672111,0.808022393782994,0.967022397234448,0.985939275280445,0.935595187169215,0.994756084672111,0.808022393782994,0.258630305987244,0.87063182747798
-0.58167801986955,1.38837581376279,0,1,1,1,22,1,22zz04,O-M,1,0.3121,0.0885,0.989193604167752,0.996259579324975,0.980691376208213,0.998954734480016,0.917488681358794,0.989193604167752,0.996259579324975,0.980691376208213,0.998954734480016,0.917488681358794,0.58167801986955,1.38837581376279
-1.08488610952532,1.49059706233697,0,1,1,1,22,1,22zz04,O-M,1,0.267,0.0007,0.994759351451159,0.99829577514243,0.989590235710146,0.999261796604648,0.931966341971536,0.994759351451159,0.99829577514243,0.989590235710146,0.999261796604648,0.931966341971536,1.08488610952532,1.49059706233697
0.979837030206665,0.288833617248963,1,1,1,1,22,1,22zz04,O-M,1,0.2435,0.0005,0.966339534755125,0.98190426968365,0.892806754397566,0.976008444033404,0.613645647437554,0.966339534755125,0.98190426968365,0.892806754397566,0.976008444033404,0.613645647437554,0.979837030206665,0.288833617248963
-1.06735364986554,-0.475834424033214,1,0,0,1,22,1,22zz04,O-M,1,0.4283,0.1011,0.756027784655446,0.814782069420832,0.507755826935121,0.887406397841866,0.317096171580297,0.243972215344554,0.185217930579168,0.492244173064879,0.112593602158134,0.682903828419703,1.06735364986554,0.475834424033214
-0.501567486310766,-0.54453506836716,0,1,0,0,22,1,22zz04,O-M,1,0.3295,0.0005,0.803858500933924,0.845493594132608,0.526780411553103,0.873719133093025,0.293036661584267,0.196141499066076,0.154506405867392,0.473219588446897,0.126280866906975,0.706963338415733,0.501567486310766,0.54453506836716
-1.70750923928194,1.54701788135518,0,1,1,1,22,1,22zz04,O-M,1,0.2717,2.7135,0.998068794459974,0.999404689946842,0.995347764638801,0.999393280518236,0.939070533061866,0.998068794459974,0.999404689946842,0.995347764638801,0.999393280518236,0.939070533061866,1.70750923928194,1.54701788135518
0.197787755936697,1.53407428169806,1,1,1,1,22,1,22zz04,O-M,1,0.3163,0.0005,0.988758041790223,0.996229196701752,0.982493308761577,0.999365187547094,0.937494310234312,0.988758041790223,0.996229196701752,0.982493308761577,0.999365187547094,0.937494310234312,0.197787755936697,1.53407428169806
0.371279614308077,0.789983244999001,1,1,1,1,22,1,22zz04,O-M,1,0.5301,0.071,0.966255464322923,0.985200283577666,0.930004160539558,0.993406292908675,0.785231223280365,0.966255464322923,0.985200283577666,0.930004160539558,0.993406292908675,0.785231223280365,0.371279614308077,0.789983244999001
-1.55075491796612,2.32628895814796,0,1,1,1,22,1,22zz04,O-M,1,0.1958,0.0508,0.999592536667977,0.999902805278277,0.999327732163925,0.999970273738307,0.989998429657634,0.999592536667977,0.999902805278277,0.999327732163925,0.999970273738307,0.989998429657634,1.55075491796612,2.32628895814796
-1.03142756439141,0.695063514180119,0,1,1,1,22,1,22zz04,O-M,1,0.4888,0.0384,0.98001218348018,0.991059727347758,0.94576162318438,0.991431330234345,0.756492250620238,0.98001218348018,0.991059727347758,0.94576162318438,0.991431330234345,0.756492250620238,1.03142756439141,0.695063514180119
1.0343554721462,1.04354504341028,1,1,1,1,22,1,22zz04,O-M,1,0.3939,0.1053,0.987864895645378,0.995306760874025,0.971611684860695,0.996854633742163,0.851652034714752,0.987864895645378,0.995306760874025,0.971611684860695,0.996854633742163,0.851652034714752,1.0343554721462,1.04354504341028
0.919400831102367,-0.698862602740516,0,0,0,1,22,1,22zz04,O-M,1,0.6145,0.0745,0.744940827493901,0.786702156052337,0.436966810640556,0.83886937272802,0.242318950336073,0.255059172506099,0.213297843947663,0.563033189359444,0.16113062727198,0.757681049663927,0.919400831102367,0.698862602740516
-0.492381713995316,1.86695711390554,1,1,1,1,22,1,22zz04,O-M,1,0.2494,0.0005,0.995609091168445,0.998702517945796,0.993423023409951,0.99981147100133,0.969046211492273,0.995609091168445,0.998702517945796,0.993423023409951,0.99981147100133,0.969046211492273,0.492381713995316,1.86695711390554
-2.05054042418704,1.57755150105916,0,1,1,1,22,1,22zz04,O-M,1,0.1414,0.0125,0.999023095251484,0.999707724428988,0.997323691464292,0.999455062818876,0.942665659147266,0.999023095251484,0.999707724428988,0.997323691464292,0.999455062818876,0.942665659147266,2.05054042418704,1.57755150105916
-1.21785899626484,0.912449610985599,0,1,1,1,22,1,22zz04,O-M,1,0.2449,3.3539,0.98820735341825,0.99521987689538,0.968674767415495,0.995354191809811,0.819233958183051,0.98820735341825,0.99521987689538,0.968674767415495,0.995354191809811,0.819233958183051,1.21785899626484,0.912449610985599
-0.912100849024357,1.94727380921382,0,1,1,1,22,1,22zz04,O-M,1,0.286,0.0005,0.997579933003591,0.999320808897933,0.996116828918031,0.999861525355877,0.974249041533657,0.997579933003591,0.999320808897933,0.996116828918031,0.999861525355877,0.974249041533657,0.912100849024357,1.94727380921382
0.426637141218736,-1.50933107357866,0,1,0,0,22,1,22zz04,O-M,1,0.2987,3.1418,0.750726719784644,0.698291118547498,0.223079664278266,0.571169840704493,0.0656070988055009,0.249273280215356,0.301708881452502,0.776920335721734,0.428830159295507,0.934392901194499,0.426637141218736,1.50933107357866
-1.47053397849008,1.77701569064709,0,1,1,1,22,1,22zz04,O-M,1,0.2637,0.0005,0.998262760852924,0.999500750839115,0.99652481390441,0.999735573525519,0.962217170865961,0.998262760852924,0.999500750839115,0.99652481390441,0.999735573525519,0.962217170865961,1.47053397849008,1.77701569064709
-0.619039382267968,1.52710465111346,0,1,1,1,22,1,22zz04,O-M,1,0.2448,0.0007,0.991982945676103,0.997363404223338,0.986203731192841,0.999349567799633,0.936632504715792,0.991982945676103,0.997363404223338,0.986203731192841,0.999349567799633,0.936632504715792,0.619039382267968,1.52710465111346
0.646654053120533,0.786000598950656,1,1,1,1,22,1,22zz04,O-M,1,0.5014,0.0007,0.973382463775054,0.98841028848814,0.939660466116913,0.993332312234293,0.784066431878981,0.973382463775054,0.98841028848814,0.939660466116913,0.993332312234293,0.784066431878981,0.646654053120533,0.786000598950656
-0.474230981198921,-0.622860440651272,0,1,0,0,22,1,22zz04,O-M,1,0.7341,2.0989,0.799402550811745,0.836262788545345,0.501346497216411,0.856748374077697,0.266688118035928,0.200597449188255,0.163737211454655,0.498653502783589,0.143251625922303,0.733311881964072,0.474230981198921,0.622860440651272
-2.06816120858062,1.41691811044259,0,1,1,1,22,1,22zz04,O-M,1,0.3522,0.3732,0.998712063469269,0.999590151073001,0.996124343861976,0.999050540891052,0.921746564552295,0.998712063469269,0.999590151073001,0.996124343861976,0.999050540891052,0.921746564552295,2.06816120858062,1.41691811044259
0.640338834653661,-1.89199698139044,0,1,0,0,22,1,22zz04,O-M,1,0.2753,0.0556,0.711500006944141,0.600302907072601,0.124776132711304,0.419445340575582,0.0292456914988732,0.288499993055859,0.399697092927399,0.875223867288696,0.580554659424418,0.970754308501127,0.640338834653661,1.89199698139044
0.0240971669142627,-1.35301221618113,0,1,0,0,22,1,22zz04,O-M,1,0.2294,0.1213,0.808417867755096,0.777424442969521,0.307169936509848,0.631440938102848,0.0880258638617464,0.191582132244904,0.222575557030479,0.692830063490152,0.368559061897152,0.911974136138254,0.0240971669142627,1.35301221618113
-1.16905958083901,0.368154651045161,0,1,1,1,22,1,22zz04,O-M,1,0.2634,0.0832,0.975254927521296,0.987213777883106,0.916962737302984,0.980149142298785,0.643621038786711,0.975254927521296,0.987213777883106,0.916962737302984,0.980149142298785,0.643621038786711,1.16905958083901,0.368154651045161
-0.710919186605923,2.2366794220602,0,1,1,1,22,1,22zz04,O-M,1,0.2511,0.0707,0.998534141435655,0.999619314831111,0.997949267661314,0.999956700615316,0.987346350061123,0.998534141435655,0.999619314831111,0.997949267661314,0.999956700615316,0.987346350061123,0.710919186605923,2.2366794220602
-0.778244714946808,1.09133679599041,0,1,1,1,22,1,22zz04,O-M,1,0.1951,0.0006,0.98510358661504,0.994288174335161,0.968638190841644,0.997282232034607,0.862437643817955,0.98510358661504,0.994288174335161,0.968638190841644,0.997282232034607,0.862437643817955,0.778244714946808,1.09133679599041
0.227553191228109,-0.299602336393962,0,1,0,0,22,1,22zz04,O-M,1,0.2074,0.0005,0.852638532972619,0.895695864483433,0.637047689117271,0.917596093356307,0.382240250908096,0.147361467027381,0.104304135516567,0.362952310882729,0.0824039066436928,0.617759749091904,0.227553191228109,0.299602336393962
0.0608181749926137,-1.35234844183974,0,1,0,0,22,1,22zz04,O-M,1,0.2877,0.0005,0.803794050882464,0.772683687882235,0.303094794292974,0.631691211609079,0.0881319373023604,0.196205949117536,0.227316312117765,0.696905205707026,0.368308788390921,0.91186806269764,0.0608181749926137,1.35234844183974
-1.17391744119814,0.709998436861412,0,1,1,1,22,1,22zz04,O-M,1,0.3579,0.0005,0.983516779618461,0.992703956350713,0.952840867932459,0.991772918977124,0.761147447242549,0.983516779618461,0.992703956350713,0.952840867932459,0.991772918977124,0.761147447242549,1.17391744119814,0.709998436861412
-1.02952858261466,1.59746473130088,0,1,1,1,22,1,22zz04,O-M,1,0.2907,0.0005,0.99546872384968,0.998577786834943,0.991501936313167,0.999492163798528,0.944918923347691,0.99546872384968,0.998577786834943,0.991501936313167,0.999492163798528,0.944918923347691,1.02952858261466,1.59746473130088
-0.221268943588826,-0.743003596443003,0,1,0,0,22,1,22zz04,O-M,1,0.2293,0.0372,0.816706128389193,0.840981232801111,0.484309026106296,0.827844278302452,0.22873975151931,0.183293871610807,0.159018767198889,0.515690973893704,0.172155721697548,0.77126024848069,0.221268943588826,0.743003596443003
-1.69021967264012,0.814874782801155,0,1,1,1,22,1,22zz04,O-M,1,0.2564,0.0005,0.993229575346004,0.997181111894928,0.976557039975576,0.993852443318475,0.792428005488226,0.993229575346004,0.997181111894928,0.976557039975576,0.993852443318475,0.792428005488226,1.69021967264012,0.814874782801155
-1.57290234496707,1.55763827081744,0,1,1,1,22,1,22zz04,O-M,1,0.2753,0.0006,0.997651384990065,0.999273701447231,0.994650517173886,0.999415468623254,0.940340489439764,0.997651384990065,0.999273701447231,0.994650517173886,0.999415468623254,0.940340489439764,1.57290234496707,1.55763827081744
-1.73051783243747,1.90512413853551,0,1,1,1,22,1,22zz04,O-M,1,0.1553,2.7736,0.999134403069627,0.999765783897035,0.998211395905339,0.999837060296604,0.971618031829093,0.999134403069627,0.999765783897035,0.998211395905339,0.999837060296604,0.971618031829093,1.73051783243747,1.90512413853551
0.450948524197848,1.88521090829379,1,1,1,1,22,1,22zz04,O-M,1,0.3296,0.0065,0.995633559693619,0.998714100722986,0.99355190230697,0.999824145164484,0.970299315662889,0.995633559693619,0.998714100722986,0.99355190230697,0.999824145164484,0.970299315662889,0.450948524197848,1.88521090829379
-2.12042736980819,1.83675538137226,0,1,1,1,22,1,22zz04,O-M,1,0.2655,0.0027,0.999508887432111,0.999867071447714,0.998785646737685,0.999788609815249,0.966876992261759,0.999508887432111,0.999867071447714,0.998785646737685,0.999788609815249,0.966876992261759,2.12042736980819,1.83675538137226
-1.81965957002755,0.413623193430429,0,1,1,1,22,1,22zz04,O-M,1,0.2141,0.0699,0.991116184455055,0.995548989496228,0.958251492596108,0.982236827770545,0.660424957659483,0.991116184455055,0.995548989496228,0.958251492596108,0.982236827770545,0.660424957659483,1.81965957002755,0.413623193430429
-2.0435848514001,1.43981832522057,0,1,1,1,22,1,22zz04,O-M,1,0.2439,0.0005,0.998705298039123,0.999591221006367,0.996196714458477,0.999121502934026,0.925040597395869,0.998705298039123,0.999591221006367,0.996196714458477,0.999121502934026,0.925040597395869,2.0435848514001,1.43981832522057
0.585930798631378,-0.345402765949926,0,0,0,1,22,1,22zz04,O-M,1,0.2894,0.1213,0.816167334644982,0.867525490192184,0.590326539370502,0.910409593083374,0.364895799029602,0.183832665355018,0.132474509807816,0.409673460629498,0.0895904069166262,0.635104200970398,0.585930798631378,0.345402765949926
-1.22408588999791,2.13877270670506,0,1,1,1,22,1,22zz04,O-M,1,0.4531,0.0222,0.998949908540393,0.999728352521069,0.99829676357134,0.999935263017396,0.983772959538963,0.998949908540393,0.999728352521069,0.99829676357134,0.999935263017396,0.983772959538963,1.22408588999791,2.13877270670506
-1.03217832462873,2.47198742608323,0,1,1,1,22,1,22zz04,O-M,1,0.1903,0.0006,0.999449034660044,0.999869501268874,0.999235161971836,0.999984134357495,0.99328178789252,0.999449034660044,0.999869501268874,0.999235161971836,0.999984134357495,0.99328178789252,1.03217832462873,2.47198742608323
0.717512570813514,-1.97928330728333,0,1,0,0,22,1,22zz04,O-M,1,0.1942,0.0006,0.699213158358762,0.572862982649919,0.106026829724377,0.385679027779055,0.0238920589699786,0.300786841641238,0.427137017350081,0.893973170275623,0.614320972220945,0.976107941030021,0.717512570813514,1.97928330728333
-0.0066619216324257,-0.746322468149956,0,1,0,0,22,1,22zz04,O-M,1,0.2466,0.0005,0.83962949135948,0.859749190242836,0.507579760259944,0.82699630135388,0.227736321024213,0.16037050864052,0.140250809757164,0.492420239740056,0.17300369864612,0.772263678975787,0.0066619216324257,0.746322468149956
0.382629342601686,0.927052646496197,1,1,1,1,22,1,22zz04,O-M,1,0.3323,0.0006,0.972454836469884,0.988563518241227,0.945353331567309,0.995548244538062,0.82305039969573,0.972454836469884,0.988563518241227,0.945353331567309,0.995548244538062,0.82305039969573,0.382629342601686,0.927052646496197
0.689911091500262,1.13215891798595,1,1,1,1,22,1,22zz04,O-M,1,0.2088,0.0005,0.984771425122808,0.994231028400087,0.969275594387531,0.997605120074746,0.871216185860894,0.984771425122808,0.994231028400087,0.969275594387531,0.997605120074746,0.871216185860894,0.689911091500262,1.13215891798595
-1.28368300413109,-1.80802952720451,1,1,0,0,22,1,22zz04,O-M,1,0.4744,0.0364,0.626753073288854,0.524085270654401,0.108974371022047,0.452500945421086,0.0353009525763334,0.373246926711146,0.475914729345599,0.891025628977953,0.547499054578914,0.964699047423667,1.28368300413109,1.80802952720451
-2.02406508522977,1.51416105145634,0,1,1,1,22,1,22zz04,O-M,1,0.2935,0.0075,0.998834043362843,0.999642056390355,0.996737155894492,0.999319614944398,0.935007501289268,0.998834043362843,0.999642056390355,0.996737155894492,0.999319614944398,0.935007501289268,2.02406508522977,1.51416105145634
0.662243368636658,1.70466428743549,1,1,1,1,22,1,22zz04,O-M,1,0.0976,0.0234,0.994640657021782,0.99834571829901,0.991216405613884,0.999654781479288,0.955871472999768,0.994640657021782,0.99834571829901,0.991216405613884,0.999654781479288,0.955871472999768,0.662243368636658,1.70466428743549
-0.0717351692613495,-0.25081492230174,0,1,0,0,22,1,22zz04,O-M,1,0.2746,0.009,0.870199149811942,0.910052074088616,0.667696892411031,0.924764446812869,0.400978601976221,0.129800850188058,0.0899479259113838,0.332303107588969,0.075235553187131,0.599021398023779,0.0717351692613495,0.25081492230174
-0.670113159589211,0.329655739244496,0,1,1,1,22,1,22zz04,O-M,1,0.2211,0.0007,0.955302101694085,0.976316771727841,0.877551504327534,0.978222072730766,0.629169949608699,0.955302101694085,0.976316771727841,0.877551504327534,0.978222072730766,0.629169949608699,0.670113159589211,0.329655739244496
1.07441073892559,1.70366862592341,1,1,1,1,22,1,22zz04,O-M,1,0.1312,0.0249,0.996550436012162,0.998959458310704,0.993702074499922,0.999653524450333,0.955778493666835,0.996550436012162,0.998959458310704,0.993702074499922,0.999653524450333,0.955778493666835,1.07441073892559,1.70366862592341
-1.2584221302636,2.41755793008919,0,1,1,1,22,1,22zz04,O-M,1,0.2656,0.0546,0.999516681419072,0.999885530964409,0.99928244190166,0.999979892615748,0.99218747668355,0.999516681419072,0.999885530964409,0.99928244190166,0.999979892615748,0.99218747668355,1.2584221302636,2.41755793008919
0.628900781626249,-1.04668035762928,0,1,0,0,22,1,22zz04,O-M,1,0.2204,0.0559,0.748066998853638,0.752944566465342,0.340880143838703,0.739564703718214,0.147623512997928,0.251933001146362,0.247055433534658,0.659119856161297,0.260435296281786,0.852376487002072,0.628900781626249,1.04668035762928
-1.21247118750289,0.911785836644209,0,1,1,1,22,1,22zz04,O-M,1,0.4527,0.0006,0.988113457851506,0.99517957275822,0.968484895344936,0.99534519456759,0.819059266198115,0.988113457851506,0.99517957275822,0.968484895344936,0.99534519456759,0.819059266198115,1.21247118750289,0.911785836644209
-1.90204446548174,1.46172287848647,0,1,1,1,22,1,22zz04,O-M,1,0.1779,0.0391,0.998377090466826,0.999488345249818,0.995581003729928,0.999184784851623,0.928091417402628,0.998377090466826,0.999488345249818,0.995581003729928,0.999184784851623,0.928091417402628,1.90204446548174,1.46172287848647
0.074000641512623,-1.10973892006141,0,1,0,0,22,1,22zz04,O-M,1,0.1781,3.0986,0.811978478121495,0.80539015824071,0.376869694795813,0.718687001604417,0.13355577319739,0.188021521878505,0.19460984175929,0.623130305204187,0.281312998395583,0.86644422680261,0.074000641512623,1.10973892006141
-1.6474042579294,1.86430201653998,0,1,1,1,22,1,22zz04,O-M,1,0.1625,0.0005,0.998910749803652,0.9996995436816,0.997773119959935,0.999809557895912,0.96886034809816,0.998910749803652,0.9996995436816,0.997773119959935,0.999809557895912,0.96886034809816,1.6474042579294,1.86430201653998
0.599091183967936,1.3658074861555,1,1,1,1,22,1,22zz04,O-M,1,0.1547,3.2797,0.988915844974715,0.99613534139614,0.979948887654678,0.998872789238666,0.914000301959447,0.988915844974715,0.99613534139614,0.979948887654678,0.998872789238666,0.914000301959447,0.599091183967936,1.3658074861555
-1.45220659622608,1.19090294719903,0,1,1,1,22,1,22zz04,O-M,1,0.4285,0.0005,0.994480712452486,0.998022311682363,0.985813638320336,0.998009019776849,0.883154156286557,0.994480712452486,0.998022311682363,0.985813638320336,0.998009019776849,0.883154156286557,1.45220659622608,1.19090294719903
-1.42756399549521,1.94561437336035,0,1,1,1,22,1,22zz04,O-M,1,0.1558,0.3874,0.99873437836511,0.99965581945971,0.997666060934648,0.999860631118072,0.974149460426164,0.99873437836511,0.99965581945971,0.997666060934648,0.999860631118072,0.974149460426164,1.42756399549521,1.94561437336035
1.03049126504235,-0.589007949240342,0,0,0,1,22,1,22zz04,O-M,1,0.4111,0.1283,0.745728223010026,0.797452051436907,0.468761922124853,0.864263429112214,0.277927970549058,0.254271776989974,0.202547948563093,0.531238077875147,0.135736570887786,0.722072029450942,1.03049126504235,0.589007949240342
0.837965426536548,-0.163860483579548,0,0,0,1,22,1,22zz04,O-M,1,0.2923,0.0005,0.816246456000064,0.877573338649704,0.635370400215079,0.936348481971341,0.434920488040731,0.183753543999936,0.122426661350296,0.364629599784921,0.0636515180286586,0.565079511959269,0.837965426536548,0.163860483579548
-0.635710675773173,-0.98362179519716,1,0,0,1,22,1,22zz04,O-M,1,0.2607,0.7535,0.751697788193681,0.76318495282697,0.361060692290732,0.759614345133486,0.162650752348469,0.248302211806319,0.23681504717303,0.638939307709268,0.240385654866514,0.837349247651531,0.635710675773173,0.98362179519716
-0.197884970314638,1.81816969981332,1,1,1,1,22,1,22zz04,O-M,1,0.2461,0.0005,0.993792017033389,0.998103897837775,0.991107213261097,0.999773281109025,0.965480900203412,0.993792017033389,0.998103897837775,0.991107213261097,0.999773281109025,0.965480900203412,0.197884970314638,1.81816969981332
-1.25469041026045,0.626362869846174,0,1,1,1,22,1,22zz04,O-M,1,0.2611,0.0865,0.983491365805165,0.992433576296176,0.949073486706884,0.989694825912749,0.734461521077346,0.983491365805165,0.992433576296176,0.949073486706884,0.989694825912749,0.734461521077346,1.25469041026045,0.626362869846174
-1.51776562989092,0.752479994710422,0,1,1,1,22,1,22zz04,O-M,1,0.2489,3.4632,0.990322367518143,0.995836259462017,0.968239493619213,0.992680004607119,0.774118771987521,0.990322367518143,0.995836259462017,0.968239493619213,0.992680004607119,0.774118771987521,1.51776562989092,0.752479994710422
0.912621907783033,1.84969898102938,1,1,1,1,22,1,22zz04,O-M,1,0.1413,0.3259,0.996977606887656,0.999124161697868,0.994984971171659,0.999798707425143,0.967821526269077,0.996977606887656,0.999124161697868,0.994984971171659,0.999798707425143,0.967821526269077,0.912621907783033,1.84969898102938
-1.17831159670481,1.46139099131577,0,1,1,1,22,1,22zz04,O-M,1,0.3807,0.0007,0.995061995054765,0.998384669120186,0.98977902287637,0.999183858177668,0.928045914223298,0.995061995054765,0.998384669120186,0.98977902287637,0.999183858177668,0.928045914223298,1.17831159670481,1.46139099131577
-1.42469344164663,2.47862516949714,0,1,1,1,22,1,22zz04,O-M,1,0.156,0.231,0.999675797919372,0.999925498530854,0.999509833318611,0.999984589206284,0.993405508713393,0.999675797919372,0.999925498530854,0.999509833318611,0.999984589206284,0.993405508713393,1.42469344164663,2.47862516949714
-2.18592015992268,1.26458189909341,0,1,1,1,22,1,22zz04,O-M,1,0.1632,0.2832,0.998664608546994,0.99955036830532,0.99534942276659,0.99842784679071,0.896989377447129,0.998664608546994,0.99955036830532,0.99534942276659,0.99842784679071,0.896989377447129,2.18592015992268,1.26458189909341
-0.0093999883803003,-0.0228084360340077,0,1,0,0,22,1,22zz04,O-M,1,0.3462,0.0006,0.894086547679383,0.933802134264198,0.74273522797704,0.952130933789393,0.490901539397114,0.105913452320617,0.0661978657358018,0.25726477202296,0.0478690662106072,0.509098460602886,0.0093999883803003,0.0228084360340077
-1.06651456489442,0.998740275366401,0,1,1,1,22,1,22zz04,O-M,1,0.3209,0.0005,0.987482382319504,0.995076533023801,0.969808335381724,0.99639973240101,0.841039737593892,0.987482382319504,0.995076533023801,0.969808335381724,0.99639973240101,0.841039737593892,1.06651456489442,0.998740275366401
0.957292141903601,1.38605260356792,1,1,1,1,22,1,22zz04,O-M,1,0.4405,0.069,0.992593849488456,0.997481233858529,0.985271194434341,0.998946558565161,0.91713457927027,0.992593849488456,0.997481233858529,0.985271194434341,0.998946558565161,0.91713457927027,0.957292141903601,1.38605260356792
0.113393472788497,-1.97065424084525,0,0,0,1,22,1,22zz04,O-M,1,0.2968,0.2099,0.782924362533927,0.673299570120841,0.146977287017761,0.388983297724456,0.0243817189531056,0.217075637466073,0.326700429879159,0.853022712982239,0.611016702275544,0.975618281046894,0.113393472788497,1.97065424084525
0.17952661722305,0.187276143016174,0,1,0,0,22,1,22zz04,O-M,1,0.2547,0.6158,0.866896559138508,0.910420772316768,0.678123943008242,0.933374993406699,0.425722063585137,0.133103440861492,0.0895792276832321,0.321876056991758,0.0666250065933013,0.574277936414863,0.17952661722305,0.187276143016174
0.283264017073977,-1.69020958160764,0,1,0,0,22,1,22zz04,O-M,1,0.2249,0.2774,0.764793127579157,0.6894381802644,0.191372479420337,0.49939151977073,0.0454939329665687,0.235206872420843,0.3105618197356,0.808627520579663,0.50060848022927,0.954506067033431,0.283264017073977,1.69020958160764
-1.73652391433603,0.710330324032107,0,1,1,1,22,1,22zz04,O-M,1,0.15,0.0005,0.992791942974661,0.996857965927656,0.972898200003763,0.991780371994321,0.761250340262245,0.992791942974661,0.996857965927656,0.972898200003763,0.991780371994321,0.761250340262245,1.73652391433603,0.710330324032107
0.21183138861128,2.26356228288653,1,1,1,1,22,1,22zz04,O-M,1,0.4145,0.0005,0.997899723974929,0.999440537200699,0.997334493342684,0.999961289557247,0.988199475078213,0.997899723974929,0.999440537200699,0.997334493342684,0.999961289557247,0.988199475078213,0.21183138861128,2.26356228288653
-1.01647860319535,0.657892151062236,0,1,1,1,22,1,22zz04,O-M,1,0.2396,0.0387,0.978675257937378,0.990302610851208,0.94153608291421,0.990526611792762,0.744696282733657,0.978675257937378,0.990302610851208,0.94153608291421,0.990526611792762,0.744696282733657,1.01647860319535,0.657892151062236
-0.50832432844665,0.966215332638252,0,1,1,1,22,1,22zz04,O-M,1,0.573,2.7897,0.976643491979974,0.99049484799866,0.952591848746826,0.99603340012362,0.83303177892783,0.976643491979974,0.99049484799866,0.952591848746826,0.99603340012362,0.83303177892783,0.50832432844665,0.966215332638252
-0.482710155643952,1.64990290427075,1,1,1,1,22,1,22zz04,O-M,1,0.4919,0.0055,0.992921568256968,0.997751861458245,0.988676341394857,0.999578972095877,0.950518601683506,0.992921568256968,0.997751861458245,0.988676341394857,0.999578972095877,0.950518601683506,0.482710155643952,1.64990290427075
0.126487614574704,-1.78380176374374,0,1,0,0,22,1,22zz04,O-M,1,0.5264,0.0005,0.784018866953153,0.699265297807793,0.184231914340824,0.462110782224951,0.0372279414460446,0.215981133046847,0.300734702192207,0.815768085659176,0.537889217775049,0.962772058553955,0.126487614574704,1.78380176374374
-1.07932165129577,2.15968159845887,0,1,1,1,22,1,22zz04,O-M,1,0.3423,0.0704,0.998805865004051,0.999690164890763,0.998144420945516,0.999940545831843,0.984601336654652,0.998805865004051,0.999690164890763,0.998144420945516,0.999940545831843,0.984601336654652,1.07932165129577,2.15968159845887
1.11943427198137,1.47068383209524,1,1,1,1,22,1,22zz04,O-M,1,0.3529,0.0007,0.994779040114514,0.998292811870786,0.989434511595039,0.999209441957856,0.929311679689561,0.994779040114514,0.998292811870786,0.989434511595039,0.999209441957856,0.929311679689561,1.11943427198137,1.47068383209524
-1.64515197721744,1.59746473130088,0,1,1,1,22,1,22zz04,O-M,1,0.7672,0.0519,0.998066269567521,0.999413043959799,0.99555626545598,0.999492163798528,0.944918923347691,0.998066269567521,0.999413043959799,0.99555626545598,0.999492163798528,0.944918923347691,1.64515197721744,1.59746473130088
-0.377780371886692,-0.812699902289034,0,1,0,0,22,1,22zz04,O-M,1,0.2357,0.0054,0.794267238510891,0.816581752909564,0.443689198800471,0.809480754964791,0.208195068632659,0.205732761489109,0.183418247090436,0.556310801199529,0.190519245035209,0.791804931367341,0.377780371886692,0.812699902289034
1.16359663888257,1.84671199649312,1,1,1,1,22,1,22zz04,O-M,1,0.3444,0.1979,0.997735171308006,0.99935285064223,0.995979998689779,0.999796418023412,0.967605553951146,0.997735171308006,0.99935285064223,0.995979998689779,0.999796418023412,0.967605553951146,1.16359663888257,1.84671199649312
-1.57102544437377,1.55465128628118,0,1,1,1,22,1,22zz04,O-M,1,0.8719,0.1554,0.997630498217098,0.99926635612639,0.994599457966683,0.999409305235277,0.939985428885415,0.997630498217098,0.99926635612639,0.994599457966683,0.999409305235277,0.939985428885415,1.57102544437377,1.55465128628118
-1.0162357101774,1.5168161488219,0,1,1,1,22,1,22zz04,O-M,1,0.4307,0.0005,0.994597910628236,0.998253661184967,0.989596105846814,0.999325860928139,0.935343445667281,0.994597910628236,0.998253661184967,0.989596105846814,0.999325860928139,0.935343445667281,1.0162357101774,1.5168161488219
-1.21088134229445,2.50783124051834,0,1,1,1,22,1,22zz04,O-M,1,0.2937,0.0005,0.999600178811348,0.999907484573803,0.999430122585355,0.999986447359267,0.993926266628397,0.999600178811348,0.999907484573803,0.999430122585355,0.999986447359267,0.993926266628397,1.21088134229445,2.50783124051834
0.489701001153655,1.57788338822985,1,1,1,1,22,1,22zz04,O-M,1,0.3054,0.0005,0.991853307817594,0.997349370099409,0.986641221498174,0.999455701191091,0.942703799024063,0.991853307817594,0.997349370099409,0.986641221498174,0.999455701191091,0.942703799024063,0.489701001153655,1.57788338822985
0.271097284992696,-0.930187960715202,0,1,0,0,22,1,22zz04,O-M,1,0.4187,0.0005,0.798404610928148,0.80966198426704,0.414304110676036,0.775923062297486,0.176136887125495,0.201595389071852,0.19033801573296,0.585695889323964,0.224076937702514,0.823863112874505,0.271097284992696,0.930187960715202
0.309562706563644,2.50583991749416,1,1,1,1,22,1,22zz04,O-M,1,0.2343,0.0564,0.998991556813269,0.999750954034653,0.998781141240855,0.999986327755983,0.993891954305325,0.998991556813269,0.999750954034653,0.998781141240855,0.999986327755983,0.993891954305325,0.309562706563644,2.50583991749416
0.710932378145235,0.591182829752463,1,1,1,1,22,1,22zz04,O-M,1,0.4189,0.0006,0.967888379702737,0.98485070513597,0.919619625587497,0.988692216354705,0.722801036979387,0.967888379702737,0.98485070513597,0.919619625587497,0.988692216354705,0.722801036979387,0.710932378145235,0.591182829752463
0.130594714696516,-1.75559135423464,0,1,0,0,22,1,22zz04,O-M,1,0.4301,3.7492,0.783993983285452,0.702880623181243,0.190167841770924,0.473327867394391,0.0395791047730718,0.216006016714548,0.297119376818757,0.809832158229076,0.526672132605609,0.960420895226928,0.130594714696516,1.75559135423464
-1.89206377056207,2.05613280120191,0,1,1,1,22,1,22zz04,O-M,1,0.2269,0.0006,0.999542972906302,0.999883748087165,0.999065554285153,0.999909737397527,0.980115141337397,0.999542972906302,0.999883748087165,0.999065554285153,0.999909737397527,0.980115141337397,1.89206377056207,2.05613280120191
0.0002494887876126,-0.909942843302783,0,1,0,0,22,1,22zz04,O-M,1,0.5021,0.0007,0.830737425063008,0.839984607160994,0.452330194010103,0.781933998951581,0.181426326821334,0.169262574936992,0.160015392839006,0.547669805989897,0.218066001048419,0.818573673178666,0.0002494887876126,0.909942843302783
1.08949218722235,1.85202219122425,1,1,1,1,22,1,22zz04,O-M,1,0.2382,0.0006,0.997547833033967,0.999297450838098,0.99574317931855,0.999800471418346,0.96798868181148,0.997547833033967,0.999297450838098,0.99574317931855,0.999800471418346,0.96798868181148,1.08949218722235,1.85202219122425
-2.07772236101473,2.35283993180359,0,1,1,1,22,1,22zz04,O-M,1,0.3761,3.3619,0.99984955613004,0.99996571488102,0.999712432746219,0.99997344755923,0.990684673941291,0.99984955613004,0.99996571488102,0.999712432746219,0.99997344755923,0.990684673941291,2.07772236101473,2.35283993180359
-1.73968152356947,2.28314362595756,0,1,1,1,22,1,22zz04,O-M,1,0.1864,0.0249,0.999663332794446,0.999919666190128,0.999404167484693,0.999964338390517,0.988789045242049,0.999663332794446,0.999919666190128,0.999404167484693,0.999964338390517,0.988789045242049,1.73968152356947,2.28314362595756
-1.12441142790189,0.527128605808252,0,1,1,1,22,1,22zz04,O-M,1,0.1891,0.3355,0.978047136709921,0.989447916021385,0.933102974239857,0.986647842510775,0.700947858474446,0.978047136709921,0.989447916021385,0.933102974239857,0.986647842510775,0.700947858474446,1.12441142790189,0.527128605808252
0.808774102014852,1.42023698214954,1,1,1,1,22,1,22zz04,O-M,1,0.3856,0.0785,0.991838938275166,0.997238808492993,0.984660627569516,0.999061141456654,0.922230649769992,0.991838938275166,0.997238808492993,0.984660627569516,0.999061141456654,0.922230649769992,0.808774102014852,1.42023698214954
-0.385840003846162,-1.98890803523349,0,1,0,0,22,1,22zz04,O-M,1,0.5778,0.4001,0.745122009870278,0.624632050977711,0.123565746011598,0.38200326881007,0.0233556773533603,0.254877990129722,0.375367949022289,0.876434253988402,0.61799673118993,0.97664432264664,0.385840003846162,1.98890803523349
-1.84781307892706,0.698050498716378,0,1,1,1,22,1,22zz04,O-M,1,0.2777,0.0007,0.993962371963899,0.997360753943179,0.97566531576504,0.991500626754694,0.75742719317158,0.993962371963899,0.997360753943179,0.97566531576504,0.991500626754694,0.75742719317158,1.84781307892706,0.698050498716378
-0.878692018463596,2.20880089972179,0,1,1,1,22,1,22zz04,O-M,1,0.1122,0.0005,0.998675125896187,0.999656879005181,0.998064245628191,0.999951401629267,0.986405753775917,0.998675125896187,0.999656879005181,0.998064245628191,0.999951401629267,0.986405753775917,0.878692018463596,2.20880089972179
-1.06428436536591,0.214822778183891,0,1,1,1,22,1,22zz04,O-M,1,0.161,0.0005,0.967236726204465,0.98177591219438,0.887584616873666,0.971512797592527,0.585047253472908,0.967236726204465,0.98177591219438,0.887584616873666,0.971512797592527,0.585047253472908,1.06428436536591,0.214822778183891
0.891534377587708,0.781022291390225,1,1,1,1,22,1,22zz04,O-M,1,0.1234,0.0005,0.979105380536111,0.990953305463457,0.948246740675379,0.993238805263046,0.782605307938661,0.979105380536111,0.990953305463457,0.948246740675379,0.993238805263046,0.782605307938661,0.891534377587708,0.781022291390225
-2.15558061386155,2.03987032983784,0,1,1,1,22,1,22zz04,O-M,1,0.2449,0.0006,0.999714543368148,0.999928229073943,0.999352214919757,0.999903709436224,0.979318378694317,0.999714543368148,0.999928229073943,0.999352214919757,0.999903709436224,0.979318378694317,2.15558061386155,2.03987032983784
-0.528616936037754,1.81584648961845,0,1,1,1,22,1,22zz04,O-M,1,0.3288,0.0103,0.995232764394203,0.998570837997337,0.992688630555614,0.999771293704617,0.965303038199775,0.995232764394203,0.998570837997337,0.992688630555614,0.999771293704617,0.965303038199775,0.528616936037754,1.81584648961845
-1.45931673729717,1.31303742601493,0,1,1,1,22,1,22zz04,O-M,1,0.3831,2.7774,0.995578546466143,0.998490821793702,0.989225790679547,0.998657712929353,0.905414831389231,0.995578546466143,0.998490821793702,0.989225790679547,0.998657712929353,0.905414831389231,1.45931673729717,1.31303742601493
-0.795997986441092,1.90379658985273,0,1,1,1,22,1,22zz04,O-M,1,0.2931,2.2443,0.996972822528406,0.99913215286311,0.995205704259822,0.999836227688901,0.971531659578954,0.996972822528406,0.99913215286311,0.995205704259822,0.999836227688901,0.971531659578954,0.795997986441092,1.90379658985273
-1.46636063481792,0.639306469503294,0,1,1,1,22,1,22zz04,O-M,1,0.2742,2.0498,0.987910756736765,0.994519701302985,0.958990742093569,0.990043704350184,0.738688209692366,0.987910756736765,0.994519701302985,0.958990742093569,0.990043704350184,0.738688209692366,1.46636063481792,0.639306469503294
1.13230760193307,0.718959390470187,1,1,1,1,22,1,22zz04,O-M,1,0.3035,0.0005,0.982837649787016,0.992424079776793,0.951957660713382,0.991972079778176,0.763917029282769,0.982837649787016,0.992424079776793,0.951957660713382,0.991972079778176,0.763917029282769,1.13230760193307,0.718959390470187
-0.670245646689914,2.1580221626054,0,1,1,1,22,1,22zz04,O-M,1,0.4368,2.5436,0.998136402466728,0.999502987799024,0.997351305914335,0.999940141884798,0.984536945637249,0.998136402466728,0.999502987799024,0.997351305914335,0.999940141884798,0.984536945637249,0.670245646689914,2.1580221626054
-1.52829835439685,1.22010901822022,0,1,1,1,22,1,22zz04,O-M,1,0.4683,0.2682,0.995310814376987,0.99834479338981,0.987736470733691,0.9981858670775,0.888788224835779,0.995310814376987,0.99834479338981,0.987736470733691,0.9981858670775,0.888788224835779,1.52829835439685,1.22010901822022
1.11625458156448,1.27885304743331,1,1,1,1,22,1,22zz04,O-M,1,0.2431,0.3542,0.992550059852655,0.997381923290256,0.983729786348925,0.998499021180583,0.899525595306334,0.992550059852655,0.997381923290256,0.983729786348925,0.998499021180583,0.899525595306334,1.11625458156448,1.27885304743331
-0.991571028263073,1.54038013794128,0,1,1,1,22,1,22zz04,O-M,1,0.101,0.5645,0.994693178634298,0.99829670461856,0.989943477847741,0.999379020565986,0.938266140004575,0.994693178634298,0.99829670461856,0.989943477847741,0.999379020565986,0.938266140004575,0.991571028263073,1.54038013794128
-2.0822490036221,1.58219792144889,0,1,1,1,22,1,22zz04,O-M,1,0.2873,0.3283,0.999090840558985,0.999728937895559,0.997479634679397,0.99946393733144,0.943197802628401,0.999090840558985,0.999728937895559,0.997479634679397,0.99946393733144,0.943197802628401,2.0822490036221,1.58219792144889
-0.252535899354878,1.11589644662187,1,1,1,1,22,1,22zz04,O-M,1,0.3377,0.3616,0.97717883983661,0.991139141613146,0.958972395329113,0.997480897053885,0.867766768495009,0.97717883983661,0.991139141613146,0.958972395329113,0.997480897053885,0.867766768495009,0.252535899354878,1.11589644662187
1.15368218751325,1.88189203658683,1,1,1,1,22,1,22zz04,O-M,1,0.2708,0.1111,0.997881616206849,0.999401455539275,0.996298653210289,0.999821901719451,0.970074662049866,0.997881616206849,0.999401455539275,0.996298653210289,0.999821901719451,0.970074662049866,1.15368218751325,1.88189203658683
-1.43407794461314,2.25559699078984,0,1,1,1,22,1,22zz04,O-M,1,0.3232,0.0005,0.999415678232944,0.999856354567568,0.999040640207452,0.999959980176016,0.987952059074105,0.999415678232944,0.999856354567568,0.999040640207452,0.999959980176016,0.987952059074105,1.43407794461314,2.25559699078984
-2.00644430083619,1.10826304169588,0,1,1,1,22,1,22zz04,O-M,1,0.4463,0.0967,0.997515364836142,0.99909969810393,0.991387137179717,0.997420603354192,0.866125884096884,0.997515364836142,0.99909969810393,0.991387137179717,0.997420603354192,0.866125884096884,2.00644430083619,1.10826304169588
-1.74294953872015,1.79095495181629,0,1,1,1,22,1,22zz04,O-M,1,0.2885,0.0955,0.998905455886258,0.999691976372295,0.997610800945968,0.999748955362922,0.963349737853485,0.998905455886258,0.999691976372295,0.997610800945968,0.999748955362922,0.963349737853485,1.74294953872015,1.79095495181629
0.783159929212154,-1.16151331868989,0,1,0,0,22,1,22zz04,O-M,1,0.4344,0.0005,0.721511122797682,0.714990610983974,0.291968261713203,0.700962587252477,0.122716605023268,0.278488877202318,0.285009389016026,0.708031738286797,0.299037412747523,0.877283394976732,0.783159929212154,1.16151331868989
-1.3575666439568,0.594169814288721,0,1,1,1,22,1,22zz04,O-M,1,0.2053,2.8974,0.985065220461648,0.993071737159168,0.95086524604496,0.988780519826002,0.723800730003004,0.985065220461648,0.993071737159168,0.95086524604496,0.988780519826002,0.723800730003004,1.3575666439568,0.594169814288721
0.694813114226296,-1.88701867383001,0,1,0,0,22,1,22zz04,O-M,1,0.239,2.0974,0.704090388122926,0.592806484384299,0.122570547379032,0.421391748194101,0.0295789070131277,0.295909611877074,0.407193515615701,0.877429452620968,0.578608251805899,0.970421092986872,0.694813114226296,1.88701867383001
0.199951711914856,0.142803262142992,0,1,0,0,22,1,22zz04,O-M,1,0.204,0.1538,0.869352177956896,0.913809618435485,0.690461143783111,0.938933355274941,0.443222780335921,0.130647822043104,0.086190381564515,0.309538856216889,0.0610666447250594,0.556777219664079,0.199951711914856,0.142803262142992
-0.994066201992991,2.33657746043951,0,1,1,1,22,1,22zz04,O-M,1,0.2778,0.0208,0.999165921712458,0.999793817665334,0.998800827876231,0.999971544019159,0.990269417211629,0.999165921712458,0.999793817665334,0.998800827876231,0.999971544019159,0.990269417211629,0.994066201992991,2.33657746043951
-0.911924199556752,2.01829766374264,0,1,1,1,22,1,22zz04,O-M,1,0.3909,0.3391,0.997952712753911,0.999438431418175,0.99679274563474,0.999895128082503,0.978219865052967,0.997952712753911,0.999438431418175,0.99679274563474,0.999895128082503,0.978219865052967,0.911924199556752,2.01829766374264
0.785765508859325,-0.821992743068505,0,0,0,1,22,1,22zz04,O-M,1,0.3636,0.3549,0.747510483561435,0.776647279413114,0.403701185962074,0.806944496577929,0.205540513554418,0.252489516438565,0.223352720586886,0.596298814037926,0.193055503422071,0.794459486445582,0.785765508859325,0.821992743068505
-0.131266039844172,-1.11239401742697,0,1,0,0,22,1,22zz04,O-M,1,0.7756,0.0006,0.804920028827473,0.798427423867823,0.369325096452155,0.717790520989446,0.1329843878808,0.195079971172527,0.201572576132177,0.630674903547845,0.282209479010554,0.8670156121192,0.131266039844172,1.11239401742697
0.278825699200406,2.00203519237856,1,1,1,1,22,1,22zz04,O-M,1,0.2718,0.0556,0.996171017141391,0.998901564375767,0.994716288584561,0.999888189704447,0.977359526651852,0.996171017141391,0.998901564375767,0.994716288584561,0.999888189704447,0.977359526651852,0.278825699200406,2.00203519237856
-0.270267089665711,-2.09942646307506,0,1,0,0,22,1,22zz04,O-M,1,0.3216,0.0046,0.759797632129628,0.626567780585474,0.112914821109165,0.340630820734008,0.0178896619754945,0.240202367870372,0.373432219414526,0.887085178890834,0.659369179265992,0.982110338024506,0.270267089665711,2.09942646307506
-1.05266966287089,1.33859273815848,0,1,1,1,22,1,22zz04,O-M,1,0.2103,0.2147,0.992766970543875,0.997507719226368,0.984901215099923,0.998766161775177,0.90964835426159,0.992766970543875,0.997507719226368,0.984901215099923,0.998766161775177,0.90964835426159,1.05266966287089,1.33859273815848
-1.85971483680694,2.20249504347858,0,1,1,1,22,1,22zz04,O-M,1,0.215,0.0005,0.99966337618916,0.999918248838943,0.999360874378195,0.999950120929175,0.98618482056873,0.99966337618916,0.999918248838943,0.999360874378195,0.999950120929175,0.98618482056873,1.85971483680694,2.20249504347858
-1.34186692252342,0.391054865823143,0,1,1,1,22,1,22zz04,O-M,1,0.293,2.5965,0.980775021334426,0.990197331958937,0.930433761325592,0.981225270352578,0.652121659347273,0.980775021334426,0.990197331958937,0.930433761325592,0.981225270352578,0.652121659347273,1.34186692252342,0.391054865823143
-1.5959992628564,1.98710026969727,0,1,1,1,22,1,22zz04,O-M,1,0.3175,0.6494,0.999109416452372,0.999763680952422,0.998299312822804,0.999881440241964,0.976544356812908,0.999109416452372,0.999763680952422,0.998299312822804,0.999881440241964,0.976544356812908,1.5959992628564,1.98710026969727
-0.982738554882832,2.49887028690956,0,1,1,1,22,1,22zz04,O-M,1,0.3551,0.1689,0.999459058048661,0.999872418531545,0.999262799318141,0.999985901192185,0.993770504738427,0.999459058048661,0.999872418531545,0.999262799318141,0.999985901192185,0.993770504738427,0.982738554882832,2.49887028690956
-0.109714804796385,-0.798760641119828,0,0,0,1,22,1,22zz04,O-M,1,0.2999,0.1665,0.825122419020145,0.843752943488744,0.477374709443165,0.813246573092577,0.212214608336379,0.174877580979855,0.156247056511256,0.522625290556835,0.186753426907423,0.787785391663621,0.109714804796385,0.798760641119828
-0.598283069824403,1.87459051883153,0,1,1,1,22,1,22zz04,O-M,1,0.3381,0.1025,0.996075772030441,0.998850593922316,0.994001025394662,0.999816871589508,0.969575460735289,0.996075772030441,0.998850593922316,0.994001025394662,0.999816871589508,0.969575460735289,0.598283069824403,1.87459051883153
1.08494346343153,2.42651888369797,1,1,1,1,22,1,22zz04,O-M,1,0.4414,0.2166,0.999412898561083,0.999859599339998,0.999163856352901,0.999980658078906,0.992377771522961,0.999412898561083,0.999859599339998,0.999163856352901,0.999980658078906,0.992377771522961,1.08494346343153,2.42651888369797
-0.647104566433683,1.61206776681148,0,1,1,1,22,1,22zz04,O-M,1,0.4751,1.4295,0.993411276134255,0.997899267160294,0.988903964436345,0.999517869819392,0.946526403009805,0.993411276134255,0.997899267160294,0.988903964436345,0.999517869819392,0.946526403009805,0.647104566433683,1.61206776681148
0.143666775299272,0.330319513585887,1,1,1,1,22,1,22zz04,O-M,1,0.196,0.165,0.930656179789222,0.962952995114022,0.842707833127282,0.978256590888578,0.629420725023803,0.930656179789222,0.962952995114022,0.842707833127282,0.978256590888578,0.629420725023803,0.143666775299272,0.330319513585887
0.839025323342177,1.53241484584459,1,1,1,1,22,1,22zz04,O-M,1,0.2871,0.42,0.993624282462201,0.997931204063788,0.988395086490167,0.999361500291037,0.937289951867665,0.993624282462201,0.997931204063788,0.988395086490167,0.999361500291037,0.937289951867665,0.839025323342177,1.53241484584459
-0.24712600940948,-1.57703605640052,0,1,0,0,22,1,22zz04,O-M,1,0.4654,0.3117,0.772543718799916,0.712839238178529,0.221948392995126,0.544448859608488,0.0573936144279035,0.227456281200084,0.287160761821471,0.778051607004874,0.455551140391512,0.942606385572097,0.24712600940948,1.57703605640052
-1.76485407270315,1.95457532696912,0,1,1,1,22,1,22zz04,O-M,1,0.1788,0.0742,0.999271612681927,0.999806649475362,0.998509535284332,0.999865396498286,0.974683392064172,0.999271612681927,0.999806649475362,0.998509535284332,0.999865396498286,0.974683392064172,1.76485407270315,1.95457532696912
-2.1262347210557,1.64923912992936,0,1,1,1,22,1,22zz04,O-M,1,0.157,0.0216,0.999273918373806,0.999789471585777,0.99801805885581,0.999577965041654,0.95045067279012,0.999273918373806,0.999789471585777,0.99801805885581,0.999577965041654,0.95045067279012,2.1262347210557,1.64923912992936
1.08613584733786,1.86463390371067,1,1,1,1,22,1,22zz04,O-M,1,0.1765,1.8144,0.997606708832855,0.999317073298432,0.995868068057315,0.999809798022492,0.968883631393257,0.997606708832855,0.999317073298432,0.995868068057315,0.999809798022492,0.968883631393257,1.08613584733786,1.86463390371067
0.829949956943979,1.49424782121462,1,1,1,1,22,1,22zz04,O-M,1,0.1859,0.1007,0.993065742473364,0.997718085572437,0.987235764348862,0.999271041177551,0.932444571170191,0.993065742473364,0.997718085572437,0.987235764348862,0.999271041177551,0.932444571170191,0.829949956943979,1.49424782121462
0.413344268781473,1.79526948503533,1,1,1,1,22,1,22zz04,O-M,1,0.2436,0.3674,0.994490445070061,0.998325920217978,0.99170339736756,0.999752967647716,0.963694612805154,0.994490445070061,0.998325920217978,0.99170339736756,0.999752967647716,0.963694612805154,0.413344268781473,1.79526948503533
-2.10876850494628,1.41127602854077,0,1,1,1,22,1,22zz04,O-M,1,0.208,0.0822,0.998799580649396,0.999617903587403,0.996304428940293,0.999032267333771,0.92091838006553,0.998799580649396,0.999617903587403,0.996304428940293,0.999032267333771,0.92091838006553,2.10876850494628,1.41127602854077
-0.276251090380824,-1.95605120533465,0,1,0,0,22,1,22zz04,O-M,1,0.2379,0.3035,0.760767355767059,0.648135597061131,0.136998031347854,0.394593357149893,0.0252295611856915,0.239232644232941,0.351864402938869,0.863001968652146,0.605406642850107,0.974770438814308,0.276251090380824,1.95605120533465
-0.217316411751168,-0.332791053463501,0,1,0,0,22,1,22zz04,O-M,1,0.3391,0.0958,0.850544628367083,0.892602562111621,0.626877622237959,0.912433439219995,0.369646005996458,0.149455371632917,0.107397437888379,0.373122377762041,0.0875665607800052,0.630353994003542,0.217316411751168,0.332791053463501
-0.487214717067875,1.91574452799776,1,1,1,1,22,1,22zz04,O-M,1,0.8894,0.1041,0.99605309625413,0.998851455148449,0.994181918147415,0.999843579948424,0.972301189180336,0.99605309625413,0.998851455148449,0.994181918147415,0.999843579948424,0.972301189180336,0.487214717067875,1.91574452799776
-1.72903839314628,1.72656884070139,0,1,1,1,22,1,22zz04,O-M,1,0.2292,0.4207,0.998712138167993,0.99962882456523,0.997120629923058,0.99968138625166,0.957877437005632,0.998712138167993,0.99962882456523,0.997120629923058,0.99968138625166,0.957877437005632,1.72903839314628,1.72656884070139
1.07257800069919,-0.450610999060365,0,0,0,1,22,1,22zz04,O-M,1,0.2876,0.0384,0.758769357363355,0.818798717511338,0.516685962371439,0.892155567442867,0.326134968946719,0.241230642636645,0.181201282488662,0.483314037628561,0.107844432557133,0.673865031053281,1.07257800069919,0.450610999060365
1.0306458333265,1.62833023817555,1,1,1,1,22,1,22zz04,O-M,1,0.2685,0.2439,0.995750173983178,0.998680659067603,0.99211882444126,0.999545075667209,0.948272559450248,0.995750173983178,0.998680659067603,0.99211882444126,0.999545075667209,0.948272559450248,1.0306458333265,1.62833023817555
-1.34937452489663,0.25664056169151,0,1,1,1,22,1,22zz04,O-M,1,0.3379,0.0396,0.978192783800635,0.988140897013068,0.915054576831652,0.974132056988871,0.601271870132103,0.978192783800635,0.988140897013068,0.915054576831652,0.974132056988871,0.601271870132103,1.34937452489663,0.25664056169151
-1.39115212398517,2.38602864887313,0,1,1,1,22,1,22zz04,O-M,1,0.2615,0.2603,0.999560768862093,0.999895966065117,0.999319520199623,0.999976964435116,0.99148428788298,0.999560768862093,0.999895966065117,0.999319520199623,0.999976964435116,0.99148428788298,1.39115212398517,2.38602864887313
-0.668192096629008,1.9847770595024,0,1,1,1,22,1,22zz04,O-M,1,0.3046,0.1822,0.997151977590519,0.999198212377442,0.99573051036231,0.999880356583967,0.976415359554436,0.997151977590519,0.999198212377442,0.99573051036231,0.999880356583967,0.976415359554436,0.668192096629008,1.9847770595024
-1.02950650143121,-1.63710763429638,1,1,0,0,22,1,22zz04,O-M,1,0.3107,0.0235,0.665878290116087,0.592000214403371,0.152510189225489,0.520567012503439,0.0508039908557433,0.334121709883913,0.407999785596629,0.847489810774511,0.479432987496561,0.949196009144257,1.02950650143121,1.63710763429638
-1.63313981342031,1.35751030688812,0,1,1,1,22,1,22zz04,O-M,1,0.3773,2.1575,0.996874999759297,0.9989602783223,0.992007478795447,0.998841211284496,0.912690439614787,0.996874999759297,0.9989602783223,0.992007478795447,0.998841211284496,0.912690439614787,1.63313981342031,1.35751030688812
-1.09290157911789,0.362844456314035,0,1,1,1,22,1,22zz04,O-M,1,0.3331,0.0006,0.972661452860154,0.985822905280286,0.911319993527073,0.979892261210509,0.641639459801712,0.972661452860154,0.985822905280286,0.911319993527073,0.979892261210509,0.641639459801712,1.09290157911789,0.362844456314035
-0.61431400900954,-1.55214451859836,1,1,0,0,22,1,22zz04,O-M,1,0.3935,0.0725,0.724210600315241,0.664694272895172,0.197506444140885,0.554302729682993,0.0603138239266926,0.275789399684759,0.335305727104828,0.802493555859115,0.445697270317007,0.939686176073307,0.61431400900954,1.55214451859836
-0.120689152971334,-1.15653501112946,0,1,0,0,22,1,22zz04,O-M,1,0.4365,0.0134,0.804135491173047,0.793333210932613,0.356361233023402,0.702688715262163,0.123731193714336,0.195864508826953,0.206666789067387,0.643638766976598,0.297311284737837,0.876268806285664,0.120689152971334,1.15653501112946
-0.18693270332314,0.154751200288026,0,1,0,0,22,1,22zz04,O-M,1,0.4215,0.0005,0.869275190856601,0.913296546755227,0.687809286530953,0.937476949818792,0.438508732078625,0.130724809143399,0.0867034532447726,0.312190713469047,0.0625230501812084,0.561491267921375,0.18693270332314,0.154751200288026
-1.83652959418381,1.87890505205057,0,1,1,1,22,1,22zz04,O-M,1,0.2105,2.9594,0.999234909368529,0.99979244006805,0.99833955604822,0.999819859761499,0.969871270546854,0.999234909368529,0.99979244006805,0.99833955604822,0.999819859761499,0.969871270546854,1.83652959418381,1.87890505205057
-0.318669043789431,1.92935190199627,1,1,1,1,22,1,22zz04,O-M,1,0.2353,0.1444,0.995599921293693,0.99871196058977,0.99375337201801,0.999851576586254,0.973156404761385,0.995599921293693,0.99871196058977,0.99375337201801,0.999851576586254,0.973156404761385,0.318669043789431,1.92935190199627
-0.186689810305183,0.69572728852151,1,1,1,1,22,1,22zz04,O-M,1,0.2131,0.1544,0.955880223124416,0.979784215362791,0.910449053823807,0.991446772151011,0.756700183704906,0.955880223124416,0.979784215362791,0.910449053823807,0.991446772151011,0.756700183704906,0.186689810305183,0.69572728852151
-1.10537744776748,1.71760788709261,0,1,1,1,22,1,22zz04,O-M,1,0.1373,0.2935,0.996773922829346,0.999033270018003,0.994088858592193,0.999670741747373,0.957065919623485,0.996773922829346,0.999033270018003,0.994088858592193,0.999670741747373,0.957065919623485,1.10537744776748,1.71760788709261
-1.74085182629235,1.03358842828942,0,0,1,0,22,1,22zz04,O-M,1,1.9461,2.1203,0.995484468842787,0.998293531596396,0.985739592710561,0.996758269878876,0.849335694316603,0.995484468842787,0.998293531596396,0.985739592710561,0.996758269878876,0.849335694316603,1.74085182629235,1.03358842828942
-0.997599191345088,-1.41540700427186,1,1,0,0,22,1,22zz04,O-M,1,0.4933,0.5092,0.679711155162962,0.640213455894294,0.205774451938963,0.607679984813364,0.0784745985819129,0.320288844837038,0.359786544105706,0.794225548061037,0.392320015186636,0.921525401418087,0.997599191345088,1.41540700427186
-1.24877265309568,2.23568376054812,0,1,1,1,22,1,22zz04,O-M,1,0.6756,0.6648,0.999205115206742,0.999800868860595,0.99874638333484,0.999956521157823,0.987313753234854,0.999205115206742,0.999800868860595,0.99874638333484,0.999956521157823,0.987313753234854,1.24877265309568,2.23568376054812
-1.04929124180295,-0.94114023734815,1,0,0,1,22,1,22zz04,O-M,1,0.8785,0.599,0.706731779230221,0.729176556135672,0.343246246697935,0.772632406412463,0.173316498918315,0.293268220769779,0.270823443864328,0.656753753302065,0.227367593587537,0.826683501081685,1.04929124180295,0.94114023734815
-0.891344536580791,2.50816312768903,0,1,1,1,22,1,22zz04,O-M,1,0.4521,0.5686,0.999416658537844,0.999861878539245,0.999221351968837,0.999986467196169,0.993931968711799,0.999416658537844,0.999861878539245,0.999221351968837,0.999986467196169,0.993931968711799,0.891344536580791,2.50816312768903
-0.844046641629602,-0.598964564361204,1,1,0,0,22,1,22zz04,O-M,1,0.3758,0.4688,0.763490892872124,0.810257533839056,0.478725321818776,0.86208170051295,0.274598257517872,0.236509107127876,0.189742466160944,0.521274678181224,0.13791829948705,0.725401742482128,0.844046641629602,0.598964564361204
1.03411257912824,1.13381835383942,1,1,1,1,22,1,22zz04,O-M,1,0.432,0.0222,0.989490783696094,0.996078748877054,0.976318238652069,0.997617478969537,0.871564624746627,0.989490783696094,0.996078748877054,0.976318238652069,0.997617478969537,0.871564624746627,1.03411257912824,1.13381835383942
-1.88433535635436,2.16100914714165,0,1,1,1,22,1,22zz04,O-M,1,0.1673,0.4106,0.999642275966854,0.999912084806856,0.999303113490566,0.999940867137314,0.984652683581948,0.999642275966854,0.999912084806856,0.999303113490566,0.999940867137314,0.984652683581948,1.88433535635436,2.16100914714165
0.0301032488128265,-0.671647854743494,0,1,0,0,22,1,22zz04,O-M,1,0.5761,0.0858,0.842011214016471,0.866720598594545,0.530553640732485,0.845431965158121,0.250903952665381,0.157988785983529,0.133279401405455,0.469446359267515,0.154568034841879,0.749096047334619,0.0301032488128265,0.671647854743494
-1.97959358176026,1.44081398673266,0,1,1,1,22,1,22zz04,O-M,1,0.3915,0.0005,0.998538433613712,0.999537241477941,0.995834489348135,0.999124474672445,0.925181379530242,0.998538433613712,0.999537241477941,0.995834489348135,0.999124474672445,0.925181379530242,1.97959358176026,1.44081398673266
0.987742093881981,-1.5783636050833,0,1,0,0,22,1,22zz04,O-M,1,0.4996,0.0086,0.673626865196699,0.609135057060198,0.167453442362658,0.54392249610897,0.0572410506654431,0.326373134803301,0.390864942939802,0.832546557637343,0.45607750389103,0.942758949334557,0.987742093881981,1.5783636050833
0.384042538342525,-0.283339865029888,0,0,0,1,22,1,22zz04,O-M,1,0.3579,0.36,0.840560231678733,0.888072902167095,0.628597667958391,0.920040566494209,0.388458160459062,0.159439768321267,0.111927097832905,0.371402332041609,0.0799594335057915,0.611541839540938,0.384042538342525,0.283339865029888
0.314663459940733,-1.92186682675303,0,0,0,1,22,1,22zz04,O-M,1,0.4385,0.3437,0.755984889930969,0.647241048583339,0.140514801538001,0.407809855116821,0.0273112584605372,0.244015110069031,0.352758951416661,0.859485198461999,0.592190144883179,0.972688741539463,0.314663459940733,1.92186682675303
0.4051521497213,1.16236065051923,1,1,1,1,22,1,22zz04,O-M,1,0.7658,0.0198,0.981275736757001,0.992901288456876,0.965513358855051,0.997821209885471,0.877455500033803,0.981275736757001,0.992901288456876,0.965513358855051,0.997821209885471,0.877455500033803,0.4051521497213,1.16236065051923
0.558285156951224,2.39731281267677,1,1,1,1,22,1,22zz04,O-M,1,0.2966,0.0006,0.998895195033513,0.999723490275574,0.998567181891545,0.999978056042527,0.991742091379993,0.998895195033513,0.999723490275574,0.998567181891545,0.999978056042527,0.991742091379993,0.558285156951224,2.39731281267677
0.916441952519987,1.65322177597771,1,1,1,1,22,1,22zz04,O-M,1,0.3032,0.088,0.995403553989081,0.998576442490921,0.991818076117185,0.99958397401828,0.950857131893457,0.995403553989081,0.998576442490921,0.991818076117185,0.99958397401828,0.950857131893457,0.916441952519987,1.65322177597771
-1.31338219587215,0.894195816597353,0,1,1,1,22,1,22zz04,O-M,1,0.2429,0.1811,0.989333872713908,0.995657388204456,0.970268671283296,0.995101032543197,0.814391434923279,0.989333872713908,0.995657388204456,0.970268671283296,0.995101032543197,0.814391434923279,1.31338219587215,0.894195816597353
-1.74052060854059,2.47630195930227,0,1,1,1,22,1,22zz04,O-M,1,0.3805,0.0252,0.999800955369406,0.9999552689422,0.999673299291287,0.999984431437365,0.993362437495373,0.999800955369406,0.9999552689422,0.999673299291287,0.999984431437365,0.993362437495373,1.74052060854059,2.47630195930227
1.05151255168732,0.970529865857293,1,1,1,1,22,1,22zz04,O-M,1,0.3046,0.0005,0.98670149501308,0.994705955659516,0.967718228548643,0.996083842659241,0.834108777223133,0.98670149501308,0.994705955659516,0.967718228548643,0.996083842659241,0.834108777223133,1.05151255168732,0.970529865857293
0.58933130088277,0.796289101242213,1,1,1,1,22,1,22zz04,O-M,1,0.5937,2.5145,0.972307844942586,0.987971071862896,0.938644869788813,0.993521945120117,0.787067990575619,0.972307844942586,0.987971071862896,0.938644869788813,0.993521945120117,0.787067990575619,0.58933130088277,0.796289101242213
-0.545575284927816,1.58750811618002,0,1,1,1,22,1,22zz04,O-M,1,0.2368,0.0098,0.992394674194103,0.99754107411507,0.987402097866875,0.999473915835896,0.943801194878827,0.992394674194103,0.99754107411507,0.987402097866875,0.999473915835896,0.943801194878827,0.545575284927816,1.58750811618002
-1.35462984655787,0.862998422551986,0,1,1,1,22,1,22zz04,O-M,1,0.2999,0.0007,0.989463199834716,0.995658591041852,0.96965513527872,0.994639796029639,0.805930832874343,0.989463199834716,0.995658591041852,0.96965513527872,0.994639796029639,0.805930832874343,1.35462984655787,0.862998422551986
1.09072873349559,1.00803311614587,1,1,1,1,22,1,22zz04,O-M,1,0.4903,0.1805,0.988012748018227,0.995307227179747,0.970942099924462,0.996498667124021,0.84328071778537,0.988012748018227,0.995307227179747,0.970942099924462,0.996498667124021,0.84328071778537,1.09072873349559,1.00803311614587
-2.11029210660437,2.05613280120191,0,1,1,1,22,1,22zz04,O-M,1,0.2066,0.0005,0.999699081283678,0.999924539767794,0.999334103679078,0.999909737397527,0.980115141337397,0.999699081283678,0.999924539767794,0.999334103679078,0.999909737397527,0.980115141337397,2.11029210660437,2.05613280120191
0.684898662856975,1.13149514364456,1,1,1,1,22,1,22zz04,O-M,1,0.4377,0.0005,0.984680550107773,0.99419389368095,0.969131240015004,0.99760016029357,0.871076626853692,0.984680550107773,0.99419389368095,0.969131240015004,0.99760016029357,0.871076626853692,0.684898662856975,1.13149514364456
-0.210405001331129,-0.0433854406171218,0,1,0,0,22,1,22zz04,O-M,1,0.3435,3.6771,0.87785287295899,0.922892504488671,0.720277212417828,0.950045907391737,0.482697141738993,0.12214712704101,0.0771074955113289,0.279722787582172,0.0499540926082633,0.517302858261007,0.210405001331129,0.0433854406171218
-1.38788410883448,2.20680957669762,0,1,1,1,22,1,22zz04,O-M,1,0.2735,0.0006,0.999291971311618,0.999822695760871,0.998830858354203,0.999951000590509,0.986336317137792,0.999291971311618,0.999822695760871,0.998830858354203,0.999951000590509,0.986336317137792,1.38788410883448,2.20680957669762
-0.657394397921664,1.42289207951511,0,1,1,1,22,1,22zz04,O-M,1,0.2836,0.0727,0.990558182052479,0.996784300586649,0.982992661422589,0.999069543513833,0.922616278672485,0.990558182052479,0.996784300586649,0.982992661422589,0.999069543513833,0.922616278672485,0.657394397921664,1.42289207951511
-2.04437977400432,0.419265275332251,0,1,1,1,22,1,22zz04,O-M,1,0.2484,0.0006,0.994179534276176,0.997100240397796,0.968373211852286,0.982482326372763,0.662488864268852,0.994179534276176,0.997100240397796,0.968373211852286,0.982482326372763,0.662488864268852,2.04437977400432,0.419265275332251
-1.95786569724486,1.999380095013,0,1,1,1,22,1,22zz04,O-M,1,0.0989,0.2127,0.999536307925144,0.999880264410583,0.999004437217152,0.999887016785879,0.977216378028228,0.999536307925144,0.999880264410583,0.999004437217152,0.999887016785879,0.977216378028228,1.95786569724486,1.999380095013
0.196860346231772,1.05516109438462,1,1,1,1,22,1,22zz04,O-M,1,0.2231,0.2293,0.973781430860827,0.989561819878894,0.952602069110231,0.996963793957878,0.854324172846012,0.973781430860827,0.989561819878894,0.952602069110231,0.996963793957878,0.854324172846012,0.196860346231772,1.05516109438462
-1.32272253647175,1.25130641226559,0,1,1,1,22,1,22zz04,O-M,1,0.1568,0.3565,0.994019198513842,0.99789558884371,0.985775816424576,0.998358889824496,0.894588646545834,0.994019198513842,0.99789558884371,0.985775816424576,0.998358889824496,0.894588646545834,1.32272253647175,1.25130641226559
-1.06066305128001,-0.377927708678074,1,1,0,0,22,1,22zz04,O-M,1,0.2696,0.692,0.769362681273856,0.831935620610107,0.54415679803959,0.905030001752205,0.352742148905018,0.230637318726144,0.168064379389893,0.45584320196041,0.0949699982477947,0.647257851094982,1.06066305128001,0.377927708678074
0.806654308403594,0.829809705482447,1,1,1,1,22,1,22zz04,O-M,1,0.3824,0.0006,0.978616447792689,0.990903186411427,0.94965317553578,0.994107106306147,0.796676808713628,0.978616447792689,0.990903186411427,0.94965317553578,0.994107106306147,0.796676808713628,0.806654308403594,0.829809705482447
-0.061003714104357,0.867312955771026,1,1,1,1,22,1,22zz04,O-M,1,0.2187,2.8419,0.961739520787302,0.983551418483537,0.929046079098057,0.994705803023591,0.807114720037824,0.961739520787302,0.983551418483537,0.929046079098057,0.994705803023591,0.807114720037824,0.061003714104357,0.867312955771026
-1.0090372443725,1.67114368319526,0,1,1,1,22,1,22zz04,O-M,1,0.2885,0.0348,0.996011005951895,0.998778576433913,0.992763392259888,0.999610044986707,0.952653349594292,0.996011005951895,0.998778576433913,0.992763392259888,0.999610044986707,0.952653349594292,1.0090372443725,1.67114368319526
0.329413690485735,-0.0141793695959275,0,1,0,0,22,1,22zz04,O-M,1,0.2762,0.1109,0.872089700487812,0.920232021667992,0.719994498245641,0.952984301522611,0.494343439505559,0.127910299512188,0.0797679783320077,0.280005501754359,0.0470156984773888,0.505656560494441,0.329413690485735,0.0141793695959275
-1.35531436324484,1.88620656980587,0,1,1,1,22,1,22zz04,O-M,1,0.1847,0.2593,0.998392605918318,0.999552033453735,0.997030473851267,0.999824813026519,0.970366438222791,0.998392605918318,0.999552033453735,0.997030473851267,0.999824813026519,0.970366438222791,1.35531436324484,1.88620656980587
1.07054653182174,-1.07057623391935,0,1,0,0,22,1,22zz04,O-M,1,0.2425,0.1038,0.693158365543095,0.701226567943854,0.299710427958203,0.731747962768819,0.142180007166927,0.306841634456905,0.298773432056146,0.700289572041797,0.268252037231181,0.857819992833073,1.07054653182174,1.07057623391935
1.13334541755525,0.681456140181608,1,1,1,1,22,1,22zz04,O-M,1,0.4759,0.4015,0.982009598866638,0.991927875864428,0.948748725163769,0.991109336313397,0.752208544875858,0.982009598866638,0.991927875864428,0.948748725163769,0.991109336313397,0.752208544875858,1.13334541755525,0.681456140181608
-2.12190680909938,0.496263098933581,0,1,1,1,22,1,22zz04,O-M,1,0.4133,0.2009,0.995419529965805,0.997806406786606,0.97505252515674,0.985553649937128,0.690145601181551,0.995419529965805,0.997806406786606,0.97505252515674,0.985553649937128,0.690145601181551,2.12190680909938,0.496263098933581
-0.376830880998316,-1.73169547794457,0,1,0,0,22,1,22zz04,O-M,1,0.4259,0.0391,0.751127169922941,0.668409174342207,0.17433014761984,0.482846330534834,0.0416638981077951,0.248872830077059,0.331590825657793,0.82566985238016,0.517153669465166,0.958336101892205,0.376830880998316,1.73169547794457
0.696954989021004,0.386408445433407,1,0,1,0,22,1,22zz04,O-M,1,0.4685,0.0006,0.958943129463214,0.97880271087953,0.888924897566311,0.981011032208666,0.650402901810217,0.958943129463214,0.97880271087953,0.888924897566311,0.981011032208666,0.650402901810217,0.696954989021004,0.386408445433407
-1.91807540466688,0.298126458028434,0,1,1,1,22,1,22zz04,O-M,1,0.2833,0.0415,0.991610948411066,0.995551285902409,0.954772718086626,0.976528316619805,0.617196675680009,0.991610948411066,0.995551285902409,0.954772718086626,0.976528316619805,0.617196675680009,1.91807540466688,0.298126458028434
-1.5226455714335,0.714644857251147,0,1,1,1,22,1,22zz04,O-M,1,0.1647,0.0738,0.989903195524415,0.995582408845726,0.966125268851126,0.991876722847207,0.762585740357572,0.989903195524415,0.995582408845726,0.966125268851126,0.991876722847207,0.762585740357572,1.5226455714335,0.714644857251147
-1.57645741550262,0.213495229501109,0,1,1,1,22,1,22zz04,O-M,1,0.2202,0.0156,0.983734523321357,0.990978565183989,0.926020180745833,0.971426159059148,0.584529645171027,0.983734523321357,0.990978565183989,0.926020180745833,0.971426159059148,0.584529645171027,1.57645741550262,0.213495229501109
-0.631603575651361,1.30872289279589,0,1,1,1,22,1,22zz04,O-M,1,0.2904,0.1218,0.988082499617371,0.99576393419002,0.977813679242638,0.998638566457211,0.904685882915201,0.988082499617371,0.99576393419002,0.977813679242638,0.998638566457211,0.904685882915201,0.631603575651361,1.30872289279589
-0.814855317107906,2.46269458530376,0,1,1,1,22,1,22zz04,O-M,1,0.3454,0.0359,0.99928101646955,0.999826572146536,0.99904120708299,0.999983476096499,0.993105133802228,0.99928101646955,0.999826572146536,0.99904120708299,0.999983476096499,0.993105133802228,0.814855317107906,2.46269458530376
-0.17922637029888,1.12054286701161,1,1,1,1,22,1,22zz04,O-M,1,0.27,0.0006,0.976069593466178,0.990695690994589,0.957822082256529,0.997516970787648,0.868758752005917,0.976069593466178,0.990695690994589,0.957822082256529,0.997516970787648,0.868758752005917,0.17922637029888,1.12054286701161
-1.70280594720696,0.727588456908267,0,1,1,1,22,1,22zz04,O-M,1,0.3919,0.0873,0.992543085557574,0.996772102714022,0.972733362386368,0.992159845807844,0.766567225617474,0.992543085557574,0.996772102714022,0.972733362386368,0.992159845807844,0.766567225617474,1.70280594720696,0.727588456908267
-0.393502174503521,-0.208997138794121,0,1,0,0,22,1,22zz04,O-M,1,0.3338,0.0051,0.847276563137239,0.896263243495472,0.65280303383862,0.930521629572849,0.417225236104975,0.152723436862761,0.103736756504528,0.34719696616138,0.0694783704271508,0.582774763895025,0.393502174503521,0.208997138794121
0.593460482188033,0.361185020460558,1,1,1,1,22,1,22zz04,O-M,1,0.3888,0.2298,0.953491213090856,0.975673243741414,0.877902748616706,0.979811409928631,0.641019430332451,0.953491213090856,0.975673243741414,0.877902748616706,0.979811409928631,0.641019430332451,0.593460482188033,0.361185020460558
-1.79885909521708,2.16432801884861,0,1,1,1,22,1,22zz04,O-M,1,0.3402,0.3599,0.999587078291474,0.999898044155108,0.999218704081266,0.99994166325224,0.984780408083327,0.999587078291474,0.999898044155108,0.999218704081266,0.99994166325224,0.984780408083327,1.79885909521708,2.16432801884861
-0.598702612309964,0.575252245559084,0,1,1,1,22,1,22zz04,O-M,1,0.387,0.3257,0.963568842455295,0.9826466258815,0.911888850174712,0.988210992546993,0.717439643402741,0.963568842455295,0.9826466258815,0.911888850174712,0.988210992546993,0.717439643402741,0.598702612309964,0.575252245559084
-0.439607685548377,-0.114741182316631,0,1,0,0,22,1,22zz04,O-M,1,0.0887,0.1697,0.853420050382316,0.904461841149146,0.680112243415887,0.942249705231216,0.45432513535422,0.146579949617684,0.0955381588508544,0.319887756584113,0.0577502947687842,0.54567486464578,0.439607685548377,0.114741182316631
-1.36028262952122,2.09629114885605,0,1,1,1,22,1,22zz04,O-M,1,0.1214,0.0054,0.99902885628985,0.999747605788939,0.998341749654743,0.999923138137811,0.981971814279872,0.99902885628985,0.999747605788939,0.998341749654743,0.999923138137811,0.981971814279872,1.36028262952122,2.09629114885605
-1.33519840512134,1.42421962819789,0,1,1,1,22,1,22zz04,O-M,1,0.1565,0.0225,0.995694700916843,0.998583249836267,0.990457271969396,0.999073718587467,0.922808547653156,0.995694700916843,0.998583249836267,0.990457271969396,0.999073718587467,0.922808547653156,1.33519840512134,1.42421962819789
-0.823003273801178,1.18061444490747,0,1,1,1,22,1,22zz04,O-M,1,0.3922,0.0007,0.987708579531267,0.995455462244164,0.974634067142212,0.997943085109612,0.88112203868203,0.987708579531267,0.995455462244164,0.974634067142212,0.997943085109612,0.88112203868203,0.823003273801178,1.18061444490747
-2.09722004600161,0.726592795396181,0,1,1,1,22,1,22zz04,O-M,1,0.1356,0.088,0.996368856832799,0.998443519575457,0.983280191467929,0.992138379499378,0.766262278489546,0.996368856832799,0.998443519575457,0.983280191467929,0.992138379499378,0.766262278489546,2.09722004600161,0.726592795396181
-0.387650660889111,-0.0858669984661317,0,1,0,0,22,1,22zz04,O-M,1,0.1211,0.2293,0.860446974867041,0.910190915109882,0.693327160435698,0.945512507283127,0.465786072997747,0.139553025132959,0.0898090848901184,0.306672839564302,0.0544874927168726,0.534213927002253,0.387650660889111,0.0858669984661317
-1.32908191730552,1.7763519163057,0,1,1,1,22,1,22zz04,O-M,1,0.1531,0.1679,0.997871817971659,0.999383162344997,0.995927203591512,0.999734920006927,0.962162534424725,0.997871817971659,0.999383162344997,0.995927203591512,0.999734920006927,0.962162534424725,1.32908191730552,1.7763519163057
1.0361882103726,-0.590999272264514,0,1,0,0,22,1,22zz04,O-M,1,0.2172,0.1793,0.744921023822698,0.796654856943316,0.467640253960917,0.863828985415859,0.277260454280856,0.255078976177302,0.203345143056684,0.532359746039083,0.136171014584141,0.722739545719144,1.0361882103726,0.590999272264514
-1.75297439600673,1.75610679889328,0,1,1,1,22,1,22zz04,O-M,1,0.2115,0.3277,0.998839229022977,0.999669445566897,0.997416655403523,0.999714249605406,0.960464912778027,0.998839229022977,0.999669445566897,0.997416655403523,0.999714249605406,0.960464912778027,1.75297439600673,1.75610679889328
-0.443295243184628,-0.22127696410985,0,1,0,0,22,1,22zz04,O-M,1,0.497,1.2095,0.841860010970994,0.892012563901456,0.644640596727072,0.928867366382722,0.412438392703479,0.158139989029006,0.107987436098544,0.355359403272928,0.0711326336172784,0.587561607296521,0.443295243184628,0.22127696410985
-1.20856281803214,0.66121102276919,0,1,1,1,22,1,22zz04,O-M,1,0.2775,0.2334,0.983213920812006,0.992415953654716,0.950119527086372,0.990610655559366,0.745761503358786,0.983213920812006,0.992415953654716,0.950119527086372,0.990610655559366,0.745761503358786,1.20856281803214,0.66121102276919
0.310997983487933,0.830805366994534,1,1,1,1,22,1,22zz04,O-M,1,0.2564,0.1794,0.966515609246055,0.985523151546048,0.932724165623291,0.994123746298661,0.7969582048752,0.966515609246055,0.985523151546048,0.932724165623291,0.994123746298661,0.7969582048752,0.310997983487933,0.830805366994534
0.409833360612827,0.49128479137315,1,1,1,1,22,1,22zz04,O-M,1,0.6352,0.5173,0.952572210511063,0.976477846123384,0.889094727475313,0.985370125373799,0.688387482480595,0.952572210511063,0.976477846123384,0.889094727475313,0.985370125373799,0.688387482480595,0.409833360612827,0.49128479137315
-1.79011494657064,1.55863393232952,0,1,1,1,22,1,22zz04,O-M,1,0.1965,0.1001,0.998359863806106,0.999498824824604,0.995939431653652,0.999417509843318,0.940458476483876,0.998359863806106,0.999498824824604,0.995939431653652,0.999417509843318,0.940458476483876,1.79011494657064,1.55863393232952
-1.31135072699469,0.262282643593332,0,1,1,1,22,1,22zz04,O-M,1,0.3113,0.0006,0.977148786880328,0.987602926901298,0.913057013650488,0.974469513707572,0.603448228914488,0.977148786880328,0.987602926901298,0.913057013650488,0.974469513707572,0.603448228914488,1.31135072699469,0.262282643593332
-1.35317248845013,2.05513713968982,0,1,1,1,22,1,22zz04,O-M,1,0.2682,0.0784,0.998915567491293,0.999714240936417,0.998123218622958,0.999909378778342,0.98006711971449,0.998915567491293,0.999714240936417,0.998123218622958,0.999909378778342,0.98006711971449,1.35317248845013,2.05513713968982
-1.92507513982072,-1.43299702431872,1,0,0,1,22,1,22zz04,O-M,1,0.0062,1.0465,0.565590659426985,0.531423026590534,0.159516022764383,0.600903857657324,0.0759293438562656,0.434409340573015,0.468576973409466,0.840483977235617,0.399096142342676,0.924070656143734,1.92507513982072,1.43299702431872
-2.06577644076796,2.4746425234488,0,1,1,1,22,1,22zz04,O-M,1,0.8666,0.6282,0.999889729011319,0.999975791322008,0.999800714912375,0.999984317806911,0.993331520265718,0.999889729011319,0.999975791322008,0.999800714912375,0.999984317806911,0.993331520265718,2.06577644076796,2.4746425234488
0.597876718878153,2.01033237164595,1,1,1,1,22,1,22zz04,O-M,1,0.249,0.1819,0.997135773005553,0.999196609151324,0.995803265400717,0.999891781827476,0.977801988547107,0.997135773005553,0.999196609151324,0.995803265400717,0.999891781827476,0.977801988547107,0.597876718878153,2.01033237164595
0.0951985776252009,-0.0915090803679533,0,1,0,0,22,1,22zz04,O-M,1,0.4907,0.1202,0.882001765817174,0.923925606173138,0.715245123001655,0.944886677857302,0.463544045710292,0.117998234182826,0.0760743938268615,0.284754876998345,0.0551133221426984,0.536455954289708,0.0951985776252009,0.0915090803679533
0.647250245073699,1.90512413853551,1,1,1,1,22,1,22zz04,O-M,1,0.2554,0.3609,0.996503413059162,0.99898890430437,0.994648898307873,0.999837060296604,0.971618031829093,0.996503413059162,0.99898890430437,0.994648898307873,0.999837060296604,0.971618031829093,0.647250245073699,1.90512413853551
-1.73623685895117,1.8556729501019,0,1,1,1,22,1,22zz04,O-M,1,0.2361,0.0569,0.999040972737698,0.999736095074734,0.99797089171069,0.999803214253251,0.968249905673615,0.999040972737698,0.999736095074734,0.99797089171069,0.999803214253251,0.968249905673615,1.73623685895117,1.8556729501019
-1.3097388006028,1.66516971412274,0,1,1,1,22,1,22zz04,O-M,1,0.2182,0.0252,0.99723143851537,0.999164680501656,0.994494285835154,0.999601528084756,0.952060549309818,0.99723143851537,0.999164680501656,0.994494285835154,0.999601528084756,0.952060549309818,1.3097388006028,1.66516971412274
-1.22523411153734,2.3445427525362,0,1,1,1,22,1,22zz04,O-M,1,0.1346,0.0388,0.999384519027733,0.999850640056839,0.999070478327077,0.999972491967947,0.990474786834377,0.999384519027733,0.999850640056839,0.999070478327077,0.999972491967947,0.990474786834377,1.22523411153734,2.3445427525362
-1.60304316037714,2.00303085389065,0,1,1,1,22,1,22zz04,O-M,1,0.1209,3.0132,0.999151875343136,0.999776248045073,0.998387368791073,0.999888626594594,0.977413011568872,0.999151875343136,0.999776248045073,0.998387368791073,0.999888626594594,0.977413011568872,1.60304316037714,2.00303085389065
-0.659514191532922,-0.10179758265951,1,1,0,0,22,1,22zz04,O-M,1,0.6355,0.0326,0.837882646547201,0.894847975517057,0.668443128669884,0.943730853467468,0.459458672221075,0.162117353452799,0.105152024482943,0.331556871330116,0.0562691465325316,0.540541327778925,0.659514191532922,0.10179758265951
0.562590987724091,1.18260576793165,1,1,1,1,22,1,22zz04,O-M,1,0.347,0.4328,0.984210180718828,0.994099643520313,0.969853322354806,0.997955999239737,0.881517287246269,0.984210180718828,0.994099643520313,0.969853322354806,0.997955999239737,0.881517287246269,0.562590987724091,1.18260576793165
-1.15671619929012,1.88122826224544,0,1,1,1,22,1,22zz04,O-M,1,1.161,0.2132,0.99788646735708,0.999402803656342,0.996303161400434,0.999821449830565,0.970029562626538,0.99788646735708,0.999402803656342,0.996303161400434,0.999821449830565,0.970029562626538,1.15671619929012,1.88122826224544
-0.693033428010935,1.69603522099741,0,1,1,1,22,1,22zz04,O-M,1,0.2787,0.1038,0.994702051504299,0.998362740088836,0.991226978709698,0.999643744961983,0.955060394946456,0.994702051504299,0.998362740088836,0.991226978709698,0.999643744961983,0.955060394946456,0.693033428010935,1.69603522099741
-0.653088567148796,2.04750373476383,0,0,1,0,22,1,22zz04,O-M,1,0.237,0.2115,0.997512412307947,0.999312740175908,0.996355002638665,0.999906584526525,0.979695674728568,0.997512412307947,0.999312740175908,0.996355002638665,0.999906584526525,0.979695674728568,0.653088567148796,2.04750373476383
-1.05936026145642,1.15240403539837,0,1,1,1,22,1,22zz04,O-M,1,0.4383,0.2163,0.990105933634575,0.996339045373281,0.977679442459399,0.997752007492886,0.875422458240499,0.990105933634575,0.996339045373281,0.977679442459399,0.997752007492886,0.875422458240499,1.05936026145642,1.15240403539837
-1.31466290451228,1.54801354286727,0,1,1,1,22,1,22zz04,O-M,1,0.2589,0.0006,0.99651162842249,0.998902417248125,0.992711303723202,0.999395393233127,0.939190482036062,0.99651162842249,0.998902417248125,0.992711303723202,0.999395393233127,0.939190482036062,1.31466290451228,1.54801354286727
-1.91286424537254,0.92539321064272,0,1,1,1,22,1,22zz04,O-M,1,0.4165,0.0006,0.996075292184328,0.998455099930776,0.985627610543071,0.995526563781293,0.822619295432855,0.996075292184328,0.998455099930776,0.985627610543071,0.995526563781293,0.822619295432855,1.91286424537254,0.92539321064272
-0.0470042437966754,2.12118268665821,1,1,1,1,22,1,22zz04,O-M,1,0.3873,0.0005,0.996604672336428,0.999046692892729,0.995642295411798,0.999930479224933,0.983046784166582,0.996604672336428,0.999046692892729,0.995642295411798,0.999930479224933,0.983046784166582,0.0470042437966754,2.12118268665821
-1.56133180483895,-0.97499272875908,1,1,0,0,22,1,22zz04,O-M,1,0.6856,0.0007,0.645979658763047,0.673491791552809,0.301698019533914,0.762291054853448,0.164781933390602,0.354020341236953,0.326508208447191,0.698301980466086,0.237708945146552,0.835218066609398,1.56133180483895,0.97499272875908
1.09569699977197,1.02130860297369,1,1,1,1,22,1,22zz04,O-M,1,0.6834,0.0079,0.988325302854871,0.995455006245739,0.971807781591159,0.99663576808818,0.846445874110398,0.988325302854871,0.995455006245739,0.971807781591159,0.99663576808818,0.846445874110398,1.09569699977197,1.02130860297369
-0.79703580206327,1.75146037850354,0,1,1,1,22,1,22zz04,O-M,1,0.4864,2.7281,0.995758235208637,0.998721073718962,0.992927444819979,0.999709298400928,0.960066679766721,0.995758235208637,0.998721073718962,0.992927444819979,0.999709298400928,0.960066679766721,0.79703580206327,1.75146037850354
-0.445238387328281,1.91441697931498,1,1,1,1,22,1,22zz04,O-M,1,2.6274,0.0006,0.995895514873915,0.998802044921998,0.993998998069049,0.999842778560124,0.972216551129317,0.995895514873915,0.998802044921998,0.993998998069049,0.999842778560124,0.972216551129317,0.445238387328281,1.91441697931498
0.84207252665836,0.498254421957753,1,1,1,1,22,1,22zz04,O-M,1,0.3494,1.8914,0.968669508932623,0.984653253206456,0.914268647511628,0.985626502884438,0.690847635814916,0.968669508932623,0.984653253206456,0.914268647511628,0.985626502884438,0.690847635814916,0.84207252665836,0.498254421957753
-2.02419757233047,1.43981832522057,0,1,1,1,22,1,22zz04,O-M,1,0.4129,0.0089,0.998655583136445,0.999575113685896,0.996086421406921,0.999121502934026,0.925040597395869,0.998655583136445,0.999575113685896,0.996086421406921,0.999121502934026,0.925040597395869,2.02419757233047,1.43981832522057
-2.07105384361265,2.28447117464034,0,1,1,1,22,1,22zz04,O-M,1,0.754,2.2078,0.999817174131978,0.999957391371235,0.999640691774807,0.99996453664707,0.988828072607587,0.999817174131978,0.999957391371235,0.999640691774807,0.99996453664707,0.988828072607587,2.07105384361265,2.28447117464034
-0.456919333373649,1.78265777254891,1,0,1,0,22,1,22zz04,O-M,1,0.236,0.8103,0.994541169787201,0.998338701917502,0.991671219877138,0.999741068122642,0.962678985393287,0.994541169787201,0.998338701917502,0.991671219877138,0.999741068122642,0.962678985393287,0.456919333373649,1.78265777254891
-0.117354894270293,2.38304166433687,1,1,1,1,22,1,22zz04,O-M,1,0.3414,0.0006,0.998362968229624,0.99957593374634,0.998015763881641,0.999976666973968,0.991414874555099,0.998362968229624,0.99957593374634,0.998015763881641,0.999976666973968,0.991414874555099,0.117354894270293,2.38304166433687
0.0603323889567004,2.3594776752175,1,1,1,1,22,1,22zz04,O-M,1,0.3299,0.0046,0.998184109400009,0.999524616846859,0.997804304609723,0.999974189295854,0.990849659014793,0.998184109400009,0.999524616846859,0.997804304609723,0.999974189295854,0.990849659014793,0.0603323889567004,2.3594776752175
-0.884631856811808,-1.14956538054485,1,1,0,0,22,1,22zz04,O-M,1,0.5616,0.0566,0.709771997270031,0.705792496196297,0.288048734797506,0.705097615412071,0.125161461914546,0.290228002729969,0.294207503803703,0.711951265202494,0.294902384587929,0.874838538085454,0.884631856811808,1.14956538054485
0.482458372981857,1.8623106935158,1,1,1,1,22,1,22zz04,O-M,1,0.31,0.0005,0.995524393337708,0.998674722753863,0.993300593599568,0.999808111175883,0.968720345480227,0.995524393337708,0.998674722753863,0.993300593599568,0.999808111175883,0.968720345480227,0.482458372981857,1.8623106935158
-0.697008041032044,-0.243513404546442,1,1,0,0,22,1,22zz04,O-M,1,0.2388,0.1204,0.81801675147691,0.874583693954421,0.617499575197236,0.925795061985934,0.403803851132287,0.18198324852309,0.125416306045579,0.382500424802764,0.0742049380140664,0.596196148867713,0.697008041032044,0.243513404546442
-2.15990852581787,2.08633453373519,0,1,1,1,22,1,22zz04,O-M,1,0.3493,2.1759,0.999747269061479,0.999937477561104,0.999438197582988,0.999920002227735,0.981525834708432,0.999747269061479,0.999937477561104,0.999438197582988,0.999920002227735,0.981525834708432,2.15990852581787,2.08633453373519
0.481950505762493,-1.39449811251805,0,0,0,1,22,1,22zz04,O-M,1,0.3139,0.4778,0.747757805871956,0.710300803137812,0.248867064093526,0.615692200714816,0.0815836195396911,0.252242194128044,0.289699196862188,0.751132935906474,0.384307799285184,0.918416380460309,0.481950505762493,1.39449811251805
-1.66972833439796,1.9705059111625,0,1,1,1,22,1,22zz04,O-M,1,0.276,0.384,0.999177233571451,0.999781472379475,0.998380137183888,0.999873493275078,0.975609790903126,0.999177233571451,0.999781472379475,0.998380137183888,0.999873493275078,0.975609790903126,1.66972833439796,1.9705059111625
-1.69123540707885,1.68674238021794,0,1,1,1,22,1,22zz04,O-M,1,0.416,1.5912,0.998507772261962,0.999562742047594,0.996649992310108,0.999631493426083,0.954173550409224,0.998507772261962,0.999562742047594,0.996649992310108,0.999631493426083,0.954173550409224,1.69123540707885,1.68674238021794
-0.770648787839801,1.92968378916697,0,1,1,1,22,1,22zz04,O-M,1,0.2134,0.0006,0.997072822068697,0.999166551793377,0.99543038941038,0.999851766756235,0.973176985116487,0.997072822068697,0.999166551793377,0.99543038941038,0.999851766756235,0.973176985116487,0.770648787839801,1.92968378916697
-2.04795692572332,0.10330868883024,1,1,0,0,22,1,22zz04,O-M,1,0.3678,0.0005,0.737484403650366,0.827970856628599,0.596526663270706,0.943559495846059,0.458858989915163,0.262515596349634,0.172029143371401,0.403473336729294,0.0564405041539414,0.541141010084837,2.04795692572332,0.10330868883024
-0.842699689439115,0.55533901531736,0,1,1,1,22,1,22zz04,O-M,1,0.2058,2.0942,0.970697658857939,0.986003644861238,0.921712018380326,0.987584550893697,0.710668601354496,0.970697658857939,0.986003644861238,0.921712018380326,0.987584550893697,0.710668601354496,0.842699689439115,0.55533901531736
-1.28165153525363,2.24696792435176,0,1,1,1,22,1,22zz04,O-M,1,0.306,0.0095,0.999260967660777,0.999815921905673,0.998829576640964,0.99995851448192,0.987678961447287,0.999260967660777,0.999815921905673,0.998829576640964,0.99995851448192,0.987678961447287,1.28165153525363,2.24696792435176
0.869077814018446,2.13346251197394,1,0,1,0,22,1,22zz04,O-M,1,0.2849,0.3259,0.99838079897678,0.999570516175708,0.997581337237072,0.999933852570979,0.983556598125768,0.99838079897678,0.999570516175708,0.997581337237072,0.999933852570979,0.983556598125768,0.869077814018446,2.13346251197394
-1.32665298712596,1.58020659842472,0,1,1,1,22,1,22zz04,O-M,1,0.4117,0.0074,0.996781632120889,0.998999812587916,0.993337870583442,0.99946015046686,0.94297021941281,0.996781632120889,0.998999812587916,0.993337870583442,0.99946015046686,0.94297021941281,1.32665298712596,1.58020659842472
-2.03106482038361,-1.48510331011789,1,1,0,0,22,1,22zz04,O-M,1,1.0716,0.4775,0.550144724431199,0.508449784000961,0.14476581911197,0.580659543515882,0.0687582296911113,0.449855275568801,0.491550215999039,0.85523418088803,0.419340456484118,0.931241770308889,2.03106482038361,1.48510331011789
-1.59032439870959,2.00004386935439,0,1,1,1,22,1,22zz04,O-M,1,0.3575,0.3591,0.999128551724677,0.999769677840371,0.998347582499406,0.99988731109348,0.97725223649676,0.999128551724677,0.999769677840371,0.998347582499406,0.99988731109348,0.97725223649676,1.59032439870959,2.00004386935439
-0.339049976114336,-0.186428811186835,0,1,0,0,22,1,22zz04,O-M,1,0.5602,0.4194,0.854030451572604,0.901826013809698,0.664743361054071,0.933484436466187,0.426054250199325,0.145969548427396,0.0981739861903022,0.335256638945929,0.0665155635338129,0.573945749800675,0.339049976114336,0.186428811186835
-1.1849801141069,1.69470767231463,0,1,1,1,22,1,22zz04,O-M,1,0.2422,0.3141,0.996933364127676,0.999077877488189,0.994198764681575,0.999642018222651,0.954934555248524,0.996933364127676,0.999077877488189,0.994198764681575,0.999642018222651,0.954934555248524,1.1849801141069,1.69470767231463
0.249568131128359,1.38505694205583,1,1,1,1,22,1,22zz04,O-M,1,2.1972,0.2185,0.985640069724845,0.994941888085622,0.976323366644252,0.998943036681123,0.916982471719258,0.985640069724845,0.994941888085622,0.976323366644252,0.998943036681123,0.916982471719258,0.249568131128359,1.38505694205583
-1.46490327671018,1.54369900964823,0,0,1,0,22,1,22zz04,O-M,1,0.4935,0.6011,0.997156519016589,0.999111024715369,0.993732923243313,0.999386188786422,0.938669366824595,0.997156519016589,0.999111024715369,0.993732923243313,0.999386188786422,0.938669366824595,1.46490327671018,1.54369900964823
-0.82821443309552,-0.155563304312163,1,1,0,0,22,1,22zz04,O-M,1,0.4653,0.487,0.818081613784479,0.879221513848861,0.638877962315357,0.937376983104956,0.43818862582156,0.181918386215521,0.120778486151139,0.361122037684643,0.0626230168950443,0.56181137417844,0.82821443309552,0.155563304312163
0.590479522422202,-1.53223128835664,0,1,0,0,22,1,22zz04,O-M,1,0.4835,0.3592,0.72809869388404,0.671552803022803,0.204140645255472,0.562162041458157,0.0627326850564161,0.27190130611596,0.328447196977197,0.795859354744528,0.437837958541843,0.937267314943584,0.590479522422202,1.53223128835664
0.0744864275485363,-0.908947181790697,0,1,0,0,22,1,22zz04,O-M,1,0.3794,0.1828,0.822368204419345,0.832651052243009,0.443691012592479,0.782227200963729,0.181689003442089,0.177631795580655,0.167348947756991,0.556308987407521,0.217772799036271,0.818310996557911,0.0744864275485363,0.908947181790697
1.08010768425585,-1.14392329864303,0,1,0,0,22,1,22zz04,O-M,1,0.7563,0.1021,0.686331623643354,0.685372039452243,0.276404904010311,0.70704106430186,0.126327723868884,0.313668376356646,0.314627960547757,0.723595095989689,0.29295893569814,0.873672276131116,1.08010768425585,1.14392329864303
-1.53801407511512,1.52245823072372,0,1,1,1,22,1,22zz04,O-M,1,0.993,0.2746,0.997343370735696,0.999166086185032,0.993931563128676,0.999338958392597,0.936052848132247,0.997343370735696,0.999166086185032,0.993931563128676,0.999338958392597,0.936052848132247,1.53801407511512,1.52245823072372
-1.9150282013507,0.295139473492175,0,1,1,1,22,1,22zz04,O-M,1,0.1889,0.0005,0.991538630301071,0.99550601213792,0.954390392384519,0.976362258178113,0.616056331725055,0.991538630301071,0.99550601213792,0.954390392384519,0.976362258178113,0.616056331725055,1.9150282013507,0.295139473492175
-0.435279773592059,2.34587030121899,1,1,1,1,22,1,22zz04,O-M,1,0.3326,0.0005,0.998585941246582,0.99963772853943,0.99817870971984,0.999972647021336,0.990508644126317,0.998585941246582,0.99963772853943,0.99817870971984,0.999972647021336,0.990508644126317,0.435279773592059,2.34587030121899
-0.421832332870643,-1.26804910048311,0,1,0,0,22,1,22zz04,O-M,1,0.2822,2.4605,0.761153195429116,0.739362126116828,0.290525765539286,0.662989274124216,0.102390208347469,0.238846804570884,0.260637873883172,0.709474234460714,0.337010725875784,0.897609791652531,0.421832332870643,1.26804910048311
-0.43896733122831,-1.42768682958759,0,1,0,0,22,1,22zz04,O-M,1,0.4678,0.1483,0.752063584589166,0.71038157058071,0.243552569977282,0.602952789232263,0.0766910093446743,0.247936415410834,0.28961842941929,0.756447430022718,0.397047210767737,0.923308990655326,0.43896733122831,1.42768682958759
