s1,s2,r1,r2,acc1,acc2,id,seq,id_sess,task,dataset,rt1,rt2,p_r2_discrete,p_r2_bayesian,p_r2_optimal,p_r2_fixed,p_r2_naive,p_c2_discrete,p_c2_bayesian,p_c2_optimal,p_c2_fixed,p_c2_naive,abs1,abs2
-0.245685631005975,-0.478951655135026,0,0,0,1,32,1,32ls03,M-O,1,0.7011,0.8321,0.660367119615592,0.665655989288933,0.574094072949531,0.734116698826191,0.315986510941807,0.339632880384408,0.334344010711067,0.425905927050469,0.265883301173809,0.684013489058193,0.245685631005975,0.478951655135026
-1.96791172836042,1.13271242258089,0,1,1,1,32,1,32ls03,M-O,1,0.5476,0.9097,0.992753485136194,0.995562413781324,0.991389608801929,0.987356033425334,0.871332480417127,0.992753485136194,0.995562413781324,0.991389608801929,0.987356033425334,0.871332480417127,1.96791172836042,1.13271242258089
1.35454427740465,1.66773942387252,1,1,1,1,32,1,32ls03,M-O,1,0.7106,1.0081,0.994238271634929,0.996919744366553,0.994782021701872,0.997214370651433,0.952316267181791,0.994238271634929,0.996919744366553,0.994782021701872,0.997214370651433,0.952316267181791,1.35454427740465,1.66773942387252
-1.74813233453797,1.31538547158821,0,1,1,1,32,1,32ls03,M-O,1,0.7601,0.9038,0.993010002061534,0.99583345741601,0.992358075842413,0.992232245724749,0.905809807134218,0.993010002061534,0.99583345741601,0.992358075842413,0.992232245724749,0.905809807134218,1.74813233453797,1.31538547158821
1.61716202765012,0.722937826220617,1,1,1,1,32,1,32ls03,M-O,1,0.438,0.7676,0.976527082683658,0.983205878439743,0.969779906369953,0.966165225401196,0.765140958577471,0.976527082683658,0.983205878439743,0.969779906369953,0.966165225401196,0.765140958577471,1.61716202765012,0.722937826220617
-2.69243871308019,1.61582884160183,0,1,1,1,32,1,32ls03,M-O,1,0.2548,0.1682,0.999215676705687,0.999657207073243,0.999208886366318,0.996736812656214,0.946934338027921,0.999215676705687,0.999657207073243,0.999208886366318,0.996736812656214,0.946934338027921,2.69243871308019,1.61582884160183
1.88536738960294,1.01192606774434,1,1,1,1,32,1,32ls03,M-O,1,0.2222,0.191,0.989805800324897,0.993474155857665,0.987546876422001,0.98283564331124,0.844213297848071,0.989805800324897,0.993474155857665,0.987546876422001,0.98283564331124,0.844213297848071,1.88536738960294,1.01192606774434
-2.42206039101896,2.07986304658136,0,1,1,1,32,1,32ls03,M-O,1,0.2027,0.0155,0.999600494102343,0.999825960450482,0.999640164021309,0.999274041635901,0.981230951839231,0.999600494102343,0.999825960450482,0.999640164021309,0.999274041635901,0.981230951839231,2.42206039101896,2.07986304658136
-1.44702214808631,2.14801381101495,0,1,1,1,32,1,32ls03,M-O,1,0.1491,0.0226,0.998325008685597,0.999242647888061,0.998705624132347,0.99942757807116,0.984143670840245,0.998325008685597,0.999242647888061,0.998705624132347,0.99942757807116,0.984143670840245,1.44702214808631,2.14801381101495
-1.57057045139328,1.17699591930008,0,1,1,1,32,1,32ls03,M-O,1,0.1367,0.0083,0.988491955306231,0.992752658547456,0.987158023225445,0.98873344095416,0.880401432496786,0.988491955306231,0.992752658547456,0.987158023225445,0.98873344095416,0.880401432496786,1.57057045139328,1.17699591930008
-2.12467527903886,1.13436544112247,0,1,1,1,32,1,32ls03,M-O,1,0.1594,0.0082,0.994250566325368,0.996603828199722,0.993136889438024,0.987409955559202,0.871679355442937,0.994250566325368,0.996603828199722,0.993136889438024,0.987409955559202,0.871679355442937,2.12467527903886,1.13436544112247
0.536890430895712,-0.274702364111288,0,1,0,0,32,1,32ls03,M-O,1,0.5103,0.4228,0.675472225018593,0.696746570200031,0.61891480906768,0.796606437107212,0.391772457358583,0.324527774981407,0.303253429799969,0.38108519093232,0.203393562892788,0.608227542641417,0.536890430895712,0.274702364111288
-1.05557890569915,1.55469615588863,0,1,1,1,32,1,32ls03,M-O,1,0.383,0.1394,0.989806741571913,0.994317044089055,0.990804820083735,0.996080879126017,0.939990774716116,0.989806741571913,0.994317044089055,0.990804820083735,0.996080879126017,0.939990774716116,1.05557890569915,1.55469615588863
-0.450875149814787,1.14109351658996,0,1,1,1,32,1,32ls03,M-O,1,0.4596,0.0309,0.963103223531038,0.976397313470753,0.96495496578775,0.987627379238074,0.873084495493771,0.963103223531038,0.976397313470753,0.96495496578775,0.987627379238074,0.873084495493771,0.450875149814787,1.14109351658996
0.0883293799445268,-0.686912987795998,0,1,0,0,32,1,32ls03,M-O,1,0.5306,0.069,0.630854356340612,0.622856052401706,0.518570819244309,0.661788868012793,0.246068780992671,0.369145643659388,0.377143947598294,0.481429180755691,0.338211131987207,0.753931219007329,0.0883293799445268,0.686912987795998
-1.23717628618804,1.57047233284688,0,1,1,1,32,1,32ls03,M-O,1,0.2835,0.0933,0.9918919759253,0.995509889757663,0.99253140097081,0.996260588955094,0.941847366943378,0.9918919759253,0.995509889757663,0.99253140097081,0.996260588955094,0.941847366943378,1.23717628618804,1.57047233284688
-1.38524799643283,0.902217837168899,0,1,1,1,32,1,32ls03,M-O,1,0.3266,0.0972,0.976943422287703,0.984022928156594,0.972665808921908,0.977597525182204,0.816529419349908,0.976943422287703,0.984022928156594,0.972665808921908,0.977597525182204,0.816529419349908,1.38524799643283,0.902217837168899
1.54793772705351,1.72420305721388,1,1,1,1,32,1,32ls03,M-O,1,0.351,0.254,0.996020998087042,0.997921689261773,0.996364435408679,0.99766141845149,0.957664403784389,0.996020998087042,0.997921689261773,0.996364435408679,0.99766141845149,0.957664403784389,1.54793772705351,1.72420305721388
-2.19576211687127,1.74902733566289,0,1,1,1,32,1,32ls03,M-O,1,0.2328,0.1108,0.998628634672991,0.999317713053432,0.998637833674265,0.997836547896766,0.959856852815986,0.998628634672991,0.999317713053432,0.998637833674265,0.997836547896766,0.959856852815986,2.19576211687127,1.74902733566289
1.88629865822084,1.83101125526023,1,1,1,1,32,1,32ls03,M-O,1,0.1771,0.0568,0.998095615426531,0.999053027727528,0.998239169522765,0.99833373609888,0.96645056842701,0.998095615426531,0.999053027727528,0.998239169522765,0.99833373609888,0.96645056842701,1.88629865822084,1.83101125526023
-2.69368040457071,1.07465377134853,0,1,1,1,32,1,32ls03,M-O,1,0.2411,0.0475,0.997003376193005,0.998739813076093,0.996943771247381,0.98533108172455,0.858735115952538,0.997003376193005,0.998739813076093,0.996943771247381,0.98533108172455,0.858735115952538,2.69368040457071,1.07465377134853
0.960928074909082,1.61951188291377,1,1,1,1,32,1,32ls03,M-O,1,0.327,0.1578,0.990185167655626,0.994644372036655,0.991448210208825,0.996772977882443,0.947331414073724,0.990185167655626,0.994644372036655,0.991448210208825,0.996772977882443,0.947331414073724,0.960928074909082,1.61951188291377
1.84159776456203,0.911758944189602,1,1,1,1,32,1,32ls03,M-O,1,0.2027,0.3544,0.987063801335337,0.991453988145827,0.983824255078382,0.978101170017701,0.819052186418565,0.987063801335337,0.991453988145827,0.983824255078382,0.978101170017701,0.819052186418565,1.84159776456203,0.911758944189602
-2.11784597584099,1.14468955692603,0,1,1,1,32,1,32ls03,M-O,1,0.2098,0.0084,0.994310536082042,0.996639801764508,0.99322521480158,0.987742249122635,0.873831110534447,0.994310536082042,0.996639801764508,0.99322521480158,0.987742249122635,0.873831110534447,2.11784597584099,1.14468955692603
1.64882516065844,1.32347656234437,1,1,1,1,32,1,32ls03,M-O,1,0.1405,0.2209,0.992105593180924,0.9952798869685,0.991522187079538,0.992403379704217,0.907161527239117,0.992105593180924,0.9952798869685,0.991522187079538,0.992403379704217,0.907161527239117,1.64882516065844,1.32347656234437
1.79348221930429,0.781257480380597,1,1,1,1,32,1,32ls03,M-O,1,0.1631,0.2473,0.982766791864016,0.988176680840938,0.977822777220537,0.970320212664835,0.782674463681974,0.982766791864016,0.988176680840938,0.977822777220537,0.970320212664835,0.782674463681974,1.79348221930429,0.781257480380597
0.677511992197364,0.573586150972534,1,1,1,1,32,1,32ls03,M-O,1,0.1986,0.1655,0.927488927144281,0.944034463227997,0.915629884070889,0.953311744146146,0.716876057212259,0.927488927144281,0.944034463227997,0.915629884070889,0.953311744146146,0.716876057212259,0.677511992197364,0.573586150972534
0.617600377779663,1.12563634320992,1,1,1,1,32,1,32ls03,M-O,1,0.1389,0.3749,0.9665593167622,0.978463369900606,0.967360450012788,0.98712294373079,0.869840260870366,0.9665593167622,0.978463369900606,0.967360450012788,0.98712294373079,0.869840260870366,0.617600377779663,1.12563634320992
0.365537005203633,1.54234201731471,1,1,1,1,32,1,32ls03,M-O,1,0.1037,0.1337,0.981240810830274,0.989452463067674,0.984355345592249,0.995934789645454,0.93850474820033,0.981240810830274,0.989452463067674,0.984355345592249,0.995934789645454,0.93850474820033,0.365537005203633,1.54234201731471
0.998799665370012,1.49014143179111,1,1,1,1,32,1,32ls03,M-O,1,0.1698,0.4153,0.987716934126076,0.992996895026452,0.988764547140348,0.995262255178006,0.931906473889693,0.987716934126076,0.992996895026452,0.988764547140348,0.995262255178006,0.931906473889693,0.998799665370012,1.49014143179111
-2.03558391459389,1.15176563629701,0,1,1,1,32,1,32ls03,M-O,1,0.3743,0.0156,0.993668611875838,0.996191803486271,0.992488326947868,0.987965587461615,0.875291303824599,0.993668611875838,0.996191803486271,0.992488326947868,0.987965587461615,0.875291303824599,2.03558391459389,1.15176563629701
0.247576313604013,2.09244918775761,1,1,1,1,32,1,32ls03,M-O,1,0.5803,0.1208,0.994035110108376,0.997150145503435,0.995782299063498,0.999304982751815,0.981800823682903,0.994035110108376,0.997150145503435,0.995782299063498,0.999304982751815,0.981800823682903,0.247576313604013,2.09244918775761
-0.217437149596593,0.664009165229529,1,1,1,1,32,1,32ls03,M-O,1,0.563,0.3517,0.912072797489862,0.934711429209402,0.907052263019734,0.96149230950856,0.746657777461546,0.912072797489862,0.934711429209402,0.907052263019734,0.96149230950856,0.746657777461546,0.217437149596593,0.664009165229529
-2.15012995459457,1.66889943688416,0,1,1,1,32,1,32ls03,M-O,1,0.2183,0.0546,0.998217246242355,0.999085675487187,0.998186987067933,0.997224281610421,0.952431344381719,0.998217246242355,0.999085675487187,0.998186987067933,0.997224281610421,0.952431344381719,2.15012995459457,1.66889943688416
-1.21575710797653,0.613374597271635,0,1,1,1,32,1,32ls03,M-O,1,0.1876,0.308,0.957182080407361,0.967434177631625,0.946178773913425,0.957068649467634,0.730185660632154,0.957182080407361,0.967434177631625,0.946178773913425,0.957068649467634,0.730185660632154,1.21575710797653,0.613374597271635
0.538442545258865,-0.118071607215192,0,0,0,1,32,1,32ls03,M-O,1,0.5434,0.7584,0.712923554709286,0.741217789313529,0.671653403808967,0.83798044869242,0.453005460109569,0.287076445290714,0.258782210686471,0.328346596191033,0.16201955130758,0.546994539890431,0.538442545258865,0.118071607215192
-1.43056973583689,1.33823772791743,0,1,1,1,32,1,32ls03,M-O,1,0.6452,0.2221,0.989817038135587,0.993899825245748,0.989498091695296,0.992707053999938,0.909590522944909,0.989817038135587,0.993899825245748,0.989498091695296,0.992707053999938,0.909590522944909,1.43056973583689,1.33823772791743
-1.0499912939918,0.731202918928521,0,1,1,1,32,1,32ls03,M-O,1,0.8039,0.0084,0.957543953451318,0.968736345233445,0.949793730251348,0.966781672839719,0.767672391234135,0.957543953451318,0.968736345233445,0.949793730251348,0.966781672839719,0.767672391234135,1.0499912939918,0.731202918928521
-1.04160987643078,2.04094461004098,0,1,1,1,32,1,32ls03,M-O,1,0.3056,0.159,0.996492849739991,0.998338900822006,0.997316775258043,0.9991701555514,0.979371833494212,0.996492849739991,0.998338900822006,0.997316775258043,0.9991701555514,0.979371833494212,1.04160987643078,2.04094461004098
-2.45931113573463,2.1007432807908,0,1,1,1,32,1,32ls03,M-O,1,0.1622,0.0621,0.999648444853997,0.999848712993929,0.999684799209702,0.999324702809148,0.98216824609502,0.999648444853997,0.999848712993929,0.999684799209702,0.999324702809148,0.98216824609502,2.45931113573463,2.1007432807908
-0.0196977797309144,-0.443745260231886,0,1,0,0,32,1,32ls03,M-O,1,0.7674,0.3204,0.696761161280886,0.701531314698837,0.609543797200998,0.745539245986921,0.328613384364618,0.303238838719114,0.298468685301163,0.390456202799002,0.254460754013079,0.671386615635382,0.0196977797309144,0.443745260231886
1.49889091317787,1.09402598864285,1,1,1,1,32,1,32ls03,M-O,1,0.3656,0.1102,0.985399913612691,0.990524548158034,0.983435186366808,0.986035747928456,0.863028209884066,0.985399913612691,0.990524548158034,0.983435186366808,0.986035747928456,0.863028209884066,1.49889091317787,1.09402598864285
0.230192632736701,2.11324242099117,1,1,1,1,32,1,32ls03,M-O,1,0.7226,0.2719,0.994270434868999,0.997277010611906,0.995975249261612,0.999353447540658,0.982709987922864,0.994270434868999,0.997277010611906,0.995975249261612,0.999353447540658,0.982709987922864,0.230192632736701,2.11324242099117
0.638088287373281,1.49417247700655,1,1,1,1,32,1,32ls03,M-O,1,0.5532,0.246,0.983154987518492,0.990398373869312,0.985317215546203,0.995317520604683,0.932434727815889,0.983154987518492,0.990398373869312,0.985317215546203,0.995317520604683,0.932434727815889,0.638088287373281,1.49417247700655
0.496225034581106,1.71440094726556,1,1,1,1,32,1,32ls03,M-O,1,0.1977,0.1891,0.988026737812756,0.993633146524944,0.990392035134927,0.997588802683471,0.9567724426572,0.988026737812756,0.993633146524944,0.990392035134927,0.997588802683471,0.9567724426572,0.496225034581106,1.71440094726556
-2.2519486568174,0.804689743215636,0,1,1,1,32,1,32ls03,M-O,1,0.3866,0.2715,0.990719965617113,0.994613136991707,0.988523350129535,0.971865919024126,0.789500630074356,0.990719965617113,0.994613136991707,0.988523350129535,0.971865919024126,0.789500630074356,2.2519486568174,0.804689743215636
-0.290696947537409,-0.545913406231691,0,0,0,1,32,1,32ls03,M-O,1,0.6316,0.3043,0.63866884015863,0.640548076213888,0.546235190469341,0.711697226400392,0.292562731275518,0.36133115984137,0.359451923786112,0.453764809530659,0.288302773599608,0.707437268724482,0.290696947537409,0.545913406231691
1.90150937897973,1.35497091561027,1,1,1,1,32,1,32ls03,M-O,1,0.2268,0.7502,0.994824500598485,0.996992782921762,0.994300219375505,0.993038310625488,0.912286588181302,0.994824500598485,0.996992782921762,0.994300219375505,0.993038310625488,0.912286588181302,1.90150937897973,1.35497091561027
-1.27784168250265,1.83756532877597,0,1,1,1,32,1,32ls03,M-O,1,0.2893,0.0233,0.995651011176179,0.997805443067166,0.996332073077814,0.998368597308334,0.966936759147562,0.995651011176179,0.997805443067166,0.996332073077814,0.998368597308334,0.966936759147562,1.27784168250265,1.83756532877597
1.01556250049206,-0.580858798207214,0,1,0,0,32,1,32ls03,M-O,1,0.5113,0.1343,0.544403526352597,0.556194391031053,0.472776554533722,0.699653570198986,0.28066781150863,0.455596473647403,0.443805608968947,0.527223445466278,0.300346429801014,0.71933218849137,1.01556250049206,0.580858798207214
0.709175125205683,1.68792365027498,1,1,1,1,32,1,32ls03,M-O,1,0.723,0.4621,0.989304442513849,0.994281161831499,0.991156987151033,0.997382344282787,0.954287056974624,0.989304442513849,0.994281161831499,0.991156987151033,0.997382344282787,0.954287056974624,0.709175125205683,1.68792365027498
-2.13647134819883,1.03988238132475,0,1,1,1,32,1,32ls03,M-O,1,0.2256,0.0868,0.993188224008223,0.995923166007117,0.991699195942169,0.983989388213773,0.850802725531962,0.993188224008223,0.995923166007117,0.991699195942169,0.983989388213773,0.850802725531962,2.13647134819883,1.03988238132475
0.875872207808303,1.38948130270643,1,1,1,1,32,1,32ls03,M-O,1,0.0976,0.0086,0.983219471034808,0.990096979521188,0.984398269579994,0.993679825346544,0.917656778703301,0.983219471034808,0.990096979521188,0.984398269579994,0.993679825346544,0.917656778703301,0.875872207808303,1.38948130270643
1.91609925399337,0.595394395591283,1,1,1,1,32,1,32ls03,M-O,1,0.1583,0.1506,0.97963563799192,0.986075106720199,0.972916889730448,0.955402325325835,0.724210064564719,0.97963563799192,0.986075106720199,0.972916889730448,0.955402325325835,0.724210064564719,1.91609925399337,0.595394395591283
-0.99442559979093,1.69030167694883,0,1,1,1,32,1,32ls03,M-O,1,0.2138,0.0082,0.99181832697475,0.995642422320518,0.993007718504685,0.997401519429489,0.954514872773409,0.99181832697475,0.995642422320518,0.993007718504685,0.997401519429489,0.954514872773409,0.99442559979093,1.69030167694883
0.808510444447468,0.677987322019738,1,1,1,1,32,1,32ls03,M-O,1,0.1776,0.0085,0.943263268405322,0.957546657103659,0.934536987466081,0.962645806583532,0.751110134161655,0.943263268405322,0.957546657103659,0.934536987466081,0.962645806583532,0.751110134161655,0.808510444447468,0.677987322019738
-1.38897307090439,1.49994354173943,0,1,1,1,32,1,32ls03,M-O,1,0.161,0.0086,0.992182314047132,0.995569979543302,0.992440644720263,0.995395640542991,0.933185486083341,0.992182314047132,0.995569979543302,0.992440644720263,0.995395640542991,0.933185486083341,1.38897307090439,1.49994354173943
-1.86485133464707,0.545484835765662,0,1,1,1,32,1,32ls03,M-O,1,0.1492,0.0085,0.976526840081658,0.983581255615154,0.968479873097669,0.950502759807094,0.70728994640017,0.976526840081658,0.983581255615154,0.968479873097669,0.950502759807094,0.70728994640017,1.86485133464707,0.545484835765662
1.37348007263512,0.855208309872367,1,1,1,1,32,1,32ls03,M-O,1,0.1442,0.0081,0.974809776449093,0.982280556744497,0.969754673499543,0.974971203561387,0.803782081683402,0.974809776449093,0.982280556744497,0.969754673499543,0.974971203561387,0.803782081683402,1.37348007263512,0.855208309872367
-1.07016878071279,1.50501859866534,0,1,1,1,32,1,32ls03,M-O,1,0.1293,0.0083,0.98890644921916,0.993708954093166,0.989800257582052,0.995463375530861,0.933840352423426,0.98890644921916,0.993708954093166,0.989800257582052,0.995463375530861,0.933840352423426,1.07016878071279,1.50501859866534
-2.13647134819883,1.62644296065829,0,1,1,1,32,1,32ls03,M-O,1,0.0901,0.0085,0.997993050213258,0.998955549387048,0.997931442786831,0.996840060451814,0.948072270967307,0.997993050213258,0.998955549387048,0.997931442786831,0.996840060451814,0.948072270967307,2.13647134819883,1.62644296065829
0.895118425911399,0.75886922925603,1,1,1,1,32,1,32ls03,M-O,1,0.4889,0.0085,0.953025272182573,0.965722315879872,0.946325859190265,0.968778181870319,0.776034606202866,0.953025272182573,0.965722315879872,0.946325859190265,0.968778181870319,0.776034606202866,0.895118425911399,0.75886922925603
-1.96387623101623,2.13125162299682,0,1,1,1,32,1,32ls03,M-O,1,0.2249,0.0087,0.999191144630599,0.999638904881758,0.999325417928296,0.99939288210283,0.98346579090346,0.999191144630599,0.999638904881758,0.999325417928296,0.99939288210283,0.98346579090346,1.96387623101623,2.13125162299682
1.43308126418019,0.756636204208632,1,1,1,1,32,1,32ls03,M-O,1,0.0554,0.009,0.972496832660766,0.980145360833388,0.965695257841072,0.968620808237405,0.775366077549921,0.972496832660766,0.980145360833388,0.965695257841072,0.968620808237405,0.775366077549921,1.43308126418019,0.756636204208632
0.965894840871171,1.96157071971982,1,1,1,1,32,1,32ls03,M-O,1,0.0809,0.0082,0.99542072954737,0.99777024437495,0.996433490189549,0.998914680769465,0.975093758003199,0.99542072954737,0.99777024437495,0.996433490189549,0.998914680769465,0.975093758003199,0.965894840871171,1.96157071971982
-1.88906431871226,-0.226996829007774,1,0,0,1,32,1,32ls03,M-O,1,0.1296,0.0083,0.567927781166397,0.617688404065225,0.55669343749718,0.809829014019755,0.410213103950659,0.432072218833603,0.382311595934775,0.44330656250282,0.190170985980245,0.589786896049341,1.88906431871226,0.226996829007774
-1.20271934732605,1.57493838294167,0,1,1,1,32,1,32ls03,M-O,1,0.1883,0.0084,0.991647445104124,0.995380297960575,0.992357412205894,0.996310102481981,0.942364666059917,0.991647445104124,0.995380297960575,0.992357412205894,0.996310102481981,0.942364666059917,1.20271934732605,1.57493838294167
0.386956183415143,1.88854790063736,1,1,1,1,32,1,32ls03,M-O,1,0.6041,4.6071,0.991186265278071,0.995548146700577,0.99334199031612,0.998617896106467,0.970523783155037,0.991186265278071,0.995548146700577,0.99334199031612,0.998617896106467,0.970523783155037,0.386956183415143,1.88854790063736
1.82949127252944,1.3275076075598,1,1,1,1,32,1,32ls03,M-O,1,0.3894,0.2869,0.993923217376168,0.996414414970245,0.993307860227887,0.992487394286916,0.907829587463425,0.993923217376168,0.996414414970245,0.993307860227887,0.992487394286916,0.907829587463425,1.82949127252944,1.3275076075598
1.43152914981704,1.90270005937931,1,1,1,1,32,1,32ls03,M-O,1,0.3991,0.2304,0.996900188791329,0.998474985515119,0.997391034214888,0.998680641748017,0.971460152899476,0.996900188791329,0.998474985515119,0.997391034214888,0.998680641748017,0.971460152899476,1.43152914981704,1.90270005937931
-2.0498633667349,2.07267096590922,0,1,1,1,32,1,32ls03,M-O,1,0.2611,0.2087,0.99918973399848,0.999632649953738,0.999300353884866,0.999255795912822,0.98089854419661,0.99918973399848,0.999632649953738,0.999300353884866,0.999255795912822,0.98089854419661,2.0498633667349,2.07267096590922
-2.30720392814564,1.48358735827537,0,1,1,1,32,1,32ls03,M-O,1,0.1395,0.041,0.997931645739807,0.998919054800344,0.997747241113385,0.995171156560794,0.931040787405638,0.997931645739807,0.998919054800344,0.997747241113385,0.995171156560794,0.931040787405638,2.30720392814564,1.48358735827537
0.608598114473376,0.755679193474032,1,1,1,1,32,1,32ls03,M-O,1,0.2548,0.2166,0.940394898009788,0.956638895091987,0.934936807530703,0.968553161900653,0.775079219117851,0.940394898009788,0.956638895091987,0.934936807530703,0.968553161900653,0.775079219117851,0.608598114473376,0.755679193474032
1.10713724791808,1.94596854471332,1,1,1,1,32,1,32ls03,M-O,1,0.2316,0.1766,0.995894473448996,0.997996653843134,0.996734860222037,0.99885667576044,0.974170740904114,0.995894473448996,0.997996653843134,0.996734860222037,0.99885667576044,0.974170740904114,1.10713724791808,1.94596854471332
0.625050526722796,-0.655505635505964,0,0,0,1,32,1,32ls03,M-O,1,0.375,0.3349,0.569830701878744,0.569190874659264,0.476170476236087,0.673196724147433,0.256071129614418,0.430169298121256,0.430809125340736,0.523829523763913,0.326803275852567,0.743928870385582,0.625050526722796,0.655505635505964
1.23689400867767,1.9501735918805,1,1,1,1,32,1,32ls03,M-O,1,0.2749,0.288,0.996482856323355,0.998290751403333,0.997162716467968,0.998872582392483,0.974422283884662,0.996482856323355,0.998290751403333,0.997162716467968,0.998872582392483,0.974422283884662,1.23689400867767,1.9501735918805
0.502123069161088,0.83772111372196,1,1,1,1,32,1,32ls03,M-O,1,0.2321,0.2369,0.942731095737726,0.959516112522587,0.939977425560927,0.973930500529722,0.798906323754634,0.942731095737726,0.959516112522587,0.939977425560927,0.973930500529722,0.798906323754634,0.502123069161088,0.83772111372196
-0.547727086075528,-1.02027172701478,1,1,0,0,32,1,32ls03,M-O,1,0.3215,0.4325,0.486273298219611,0.460120268127546,0.356733805242666,0.533468395476524,0.153799804144746,0.513726701780389,0.539879731872454,0.643266194757334,0.466531604523476,0.846200195855254,0.547727086075528,1.02027172701478
-0.385375923689735,1.52673984230821,1,1,1,1,32,1,32ls03,M-O,1,0.9254,0.399,0.980912705689232,0.989217013956556,0.983976573205777,0.995743336342255,0.936587142065052,0.980912705689232,0.989217013956556,0.983976573205777,0.995743336342255,0.936587142065052,0.385375923689735,1.52673984230821
-1.80183549150306,0.716963759210694,0,1,1,1,32,1,32ls03,M-O,1,0.3047,0.0082,0.980995161934533,0.986816688428408,0.975188879485205,0.965713818210975,0.763301770677994,0.980995161934533,0.986816688428408,0.975188879485205,0.965713818210975,0.763301770677994,1.80183549150306,0.716963759210694
-1.46999344066098,1.73626719253489,0,1,1,1,32,1,32ls03,M-O,1,0.2858,0.0642,0.995703789451432,0.997761863182859,0.996137996155009,0.997748070967019,0.958741699346659,0.995703789451432,0.997761863182859,0.996137996155009,0.997748070967019,0.958741699346659,1.46999344066098,1.73626719253489
-1.25114531545642,1.31173143060156,0,1,1,1,32,1,32ls03,M-O,1,0.2195,0.3417,0.986776596974306,0.991987640499775,0.986632638517939,0.992153853688703,0.905194616052235,0.986776596974306,0.991987640499775,0.986632638517939,0.992153853688703,0.905194616052235,1.25114531545642,1.31173143060156
1.6392020516069,1.60367770530495,1,1,1,1,32,1,32ls03,M-O,1,0.2798,0.3036,0.995450582931638,0.997527307498593,0.995591800985876,0.996614896217759,0.945607443668472,0.995450582931638,0.997527307498593,0.995591800985876,0.996614896217759,0.945607443668472,1.6392020516069,1.60367770530495
-2.78090923177991,1.56632528633028,0,1,1,1,32,1,32ls03,M-O,1,0.1945,0.0945,0.999229803124711,0.999682885638819,0.999243549243936,0.996214079462696,0.941363757920127,0.999229803124711,0.999682885638819,0.999243549243936,0.996214079462696,0.941363757920127,2.78090923177991,1.56632528633028
-0.805378070358908,1.74577929923031,0,1,1,1,32,1,32ls03,M-O,1,0.3094,0.1424,0.991313597863019,0.995448023858283,0.992873280967081,0.997814330634901,0.95957534531023,0.991313597863019,0.995448023858283,0.992873280967081,0.997814330634901,0.95957534531023,0.805378070358908,1.74577929923031
1.96235226201533,0.562305024434378,1,1,1,1,32,1,32ls03,M-O,1,0.1757,0.2018,0.979558461285973,0.986223153091072,0.972832137979297,0.952199854464777,0.713045892183289,0.979558461285973,0.986223153091072,0.972832137979297,0.952199854464777,0.713045892183289,1.96235226201533,0.562305024434378
-2.27336783502891,1.47917930883116,0,1,1,1,32,1,32ls03,M-O,1,0.3257,0.0483,0.997789904370732,0.998833655740003,0.997590516103358,0.995109011606309,0.930453800970296,0.997789904370732,0.998833655740003,0.997590516103358,0.995109011606309,0.930453800970296,2.27336783502891,1.47917930883116
-1.87975163253334,1.50484459671359,0,1,1,1,32,1,32ls03,M-O,1,0.1545,0.1205,0.996062216606139,0.997813434458641,0.995895865961734,0.995461067997289,0.933817982475948,0.996062216606139,0.997813434458641,0.995895865961734,0.995461067997289,0.933817982475948,1.87975163253334,1.50484459671359
1.66279418992682,1.85719854899791,1,1,1,1,32,1,32ls03,M-O,1,0.1789,0.1208,0.997485793761905,0.998750356527495,0.997774702511617,0.99846908739926,0.968358544318314,0.997485793761905,0.998750356527495,0.997774702511617,0.99846908739926,0.968358544318314,1.66279418992682,1.85719854899791
0.0762228879119342,1.16020473095666,1,1,1,1,32,1,32ls03,M-O,1,0.1135,0.2384,0.954650312405554,0.971239503490804,0.959002598306395,0.9882273250913,0.877017269364896,0.954650312405554,0.971239503490804,0.959002598306395,0.9882273250913,0.877017269364896,0.0762228879119342,1.16020473095666
-0.909059309817521,2.09743724370764,0,1,1,1,32,1,32ls03,M-O,1,0.2933,0.1286,0.996513638566125,0.998372656186296,0.997414891195502,0.999316905065091,0.982022556463317,0.996513638566125,0.998372656186296,0.997414891195502,0.999316905065091,0.982022556463317,0.909059309817521,2.09743724370764
-1.59881893280267,1.78539374357766,0,1,1,1,32,1,32ls03,M-O,1,0.1953,0.1579,0.996759608253716,0.998345454381509,0.997082793769641,0.998071687807535,0.962901263623109,0.996759608253716,0.998345454381509,0.997082793769641,0.998071687807535,0.962901263623109,1.59881893280267,1.78539374357766
-0.265242271981702,-0.414715934615705,0,1,0,0,32,1,32ls03,M-O,1,0.5421,0.5096,0.673164865612066,0.682347526010667,0.59440668941032,0.754760530922972,0.339174932992875,0.326835134387934,0.317652473989333,0.40559331058968,0.245239469077028,0.660825067007125,0.265242271981702,0.414715934615705
-1.93159225226265,1.89278194812983,0,1,1,1,32,1,32ls03,M-O,1,0.1621,0.0084,0.998467331178061,0.99925570624901,0.998606333130311,0.998636948330548,0.970806563415247,0.998467331178061,0.99925570624901,0.998606333130311,0.998636948330548,0.970806563415247,1.93159225226265,1.89278194812983
-1.31602369583621,0.659224111556532,0,1,1,1,32,1,32ls03,M-O,1,0.1832,0.0084,0.963829213825925,0.972969453946319,0.954417197010331,0.96109083252666,0.745124067082389,0.963829213825925,0.972969453946319,0.954417197010331,0.96109083252666,0.745124067082389,1.31602369583621,0.659224111556532
-0.733670386781244,1.80424395501674,0,1,1,1,32,1,32ls03,M-O,1,0.2968,0.5526,0.991862856427634,0.995811452948405,0.993496687391926,0.998184205686001,0.964403464274879,0.991862856427634,0.995811452948405,0.993496687391926,0.998184205686001,0.964403464274879,0.733670386781244,1.80424395501674
-2.16689278971662,1.60808575474916,0,1,1,1,32,1,32ls03,M-O,1,0.1713,0.1341,0.998013727064956,0.998965249439912,0.997933720642281,0.996659588972072,0.946091800672938,0.998013727064956,0.998965249439912,0.997933720642281,0.996659588972072,0.946091800672938,2.16689278971662,1.60808575474916
-2.38667218353907,1.52215779091225,0,1,1,1,32,1,32ls03,M-O,1,0.073,0.0566,0.998342081400726,0.999160211411499,0.99821575621214,0.995685598934622,0.936015225790432,0.998342081400726,0.999160211411499,0.99821575621214,0.995685598934622,0.936015225790432,2.38667218353907,1.52215779091225
1.67490068195941,1.10678613177084,1,1,1,1,32,1,32ls03,M-O,1,0.2198,0.2329,0.988597057217536,0.99270458417776,0.986771193148037,0.986483789557995,0.86580679721335,0.988597057217536,0.99270458417776,0.986771193148037,0.986483789557995,0.86580679721335,1.67490068195941,1.10678613177084
-0.290076101792148,-0.770839929187834,0,1,0,0,32,1,32ls03,M-O,1,0.3311,0.1294,0.583315198588728,0.571212696578446,0.467279966898012,0.630592601315203,0.220400908321046,0.416684801411272,0.428787303421554,0.532720033101988,0.369407398684797,0.779599091678954,0.290076101792148,0.770839929187834
1.7854112246159,2.06373886571962,1,1,1,1,32,1,32ls03,M-O,1,0.5494,0.4142,0.998722275531662,0.999411545962245,0.998934318743917,0.999232547858417,0.980478758890423,0.998722275531662,0.999411545962245,0.998934318743917,0.999232547858417,0.980478758890423,1.7854112246159,2.06373886571962
0.538752968131496,-0.560268567250682,0,0,0,1,32,1,32ls03,M-O,1,0.683,0.6532,0.604455915263042,0.608899477091205,0.517842755417319,0.706777417868607,0.287648132007715,0.395544084736958,0.391100522908795,0.482157244582681,0.293222582131393,0.712351867992285,0.538752968131496,0.560268567250682
0.409617053117175,-1.05136007572661,0,1,0,0,32,1,32ls03,M-O,1,0.5,0.0167,0.496082808291351,0.467590732745229,0.359584859204367,0.52109545363443,0.146546622496038,0.503917191708649,0.53240926725477,0.640415140795633,0.47890454636557,0.853453377503962,0.409617053117175,1.05136007572661
-2.45248183253676,1.5764463998568,0,1,1,1,32,1,32ls03,M-O,1,0.3116,0.0082,0.998694363824357,0.999359527024948,0.998619099181666,0.996326688031812,0.942538518886415,0.998694363824357,0.999359527024948,0.998619099181666,0.996326688031812,0.942538518886415,2.45248183253676,1.5764463998568
0.0923648772887243,-0.0262855776695249,0,1,0,0,32,1,32ls03,M-O,1,0.4677,0.1664,0.777752800499679,0.800848500640129,0.734860646424738,0.859478129298827,0.489514779145145,0.222247199500321,0.199151499359871,0.265139353575262,0.140521870701173,0.510485220854855,0.0923648772887243,0.0262855776695249
0.0858459969634821,0.50404337092498,0,1,0,0,32,1,32ls03,M-O,1,0.5492,0.7121,0.674590158518259,0.676768995836546,0.581969524776135,0.725820130854635,0.307115449889461,0.325409841481741,0.323231004163454,0.418030475223865,0.274179869145365,0.692884550110539,0.0858459969634821,0.50404337092498
1.83601015285468,0.905436873276188,1,1,1,1,32,1,32ls03,M-O,1,0.2642,0.0083,0.98682294874535,0.99127333339179,0.983502593408725,0.977768529050753,0.817383005685498,0.98682294874535,0.99127333339179,0.983502593408725,0.977768529050753,0.817383005685498,1.83601015285468,0.905436873276188
0.128994776259133,1.13917949512076,1,1,1,1,32,1,32ls03,M-O,1,0.4628,0.2477,0.954432676038407,0.970904049602103,0.958325950625778,0.987565859452143,0.872685851937293,0.954432676038407,0.970904049602103,0.958325950625778,0.987565859452143,0.872685851937293,0.128994776259133,1.13917949512076
-1.65314293551302,0.811736822261322,0,1,1,1,32,1,32ls03,M-O,1,0.3165,0.0083,0.980529382582052,0.986435890070817,0.975411956090488,0.972317453758934,0.791528669660267,0.980529382582052,0.986435890070817,0.975411956090488,0.972317453758934,0.791528669660267,1.65314293551302,0.811736822261322
-2.08059523112532,1.40725850210975,0,1,1,1,32,1,32ls03,M-O,1,0.2261,0.0086,0.996470304571165,0.998027149757504,0.996106178721701,0.993989405340984,0.920324625114479,0.996470304571165,0.998027149757504,0.996106178721701,0.993989405340984,0.920324625114479,2.08059523112532,1.40725850210975
-2.0377568747023,1.83251927217536,0,1,1,1,32,1,32ls03,M-O,1,0.1704,0.0226,0.998518718110709,0.999270794356563,0.998600747086934,0.998341816822099,0.966562953425677,0.998518718110709,0.999270794356563,0.998600747086934,0.998341816822099,0.966562953425677,2.0377568747023,1.83251927217536
0.760084476317098,-0.264726252211222,0,0,0,1,32,1,32ls03,M-O,1,0.0858,0.1199,0.654423450897318,0.680573751837757,0.605498823596641,0.799415968497674,0.395610176217425,0.345576549102682,0.319426248162243,0.394501176403359,0.200584031502326,0.604389823782575,0.760084476317098,0.264726252211222
0.377643497236226,0.251160534388419,0,0,0,1,32,1,32ls03,M-O,1,0.5518,0.3297,0.698508572203654,0.718003515057185,0.64001818048417,0.803198814144269,0.400844997862549,0.301491427796346,0.281996484942815,0.35998181951583,0.196801185855731,0.599155002137451,0.377643497236226,0.251160534388419
1.87388174331561,0.951634391464576,1,1,1,1,32,1,32ls03,M-O,1,0.3378,0.2774,0.988453580295424,0.992486837595673,0.985679483019215,0.98010380597403,0.829358783267545,0.988453580295424,0.992486837595673,0.985679483019215,0.98010380597403,0.829358783267545,1.87388174331561,0.951634391464576
-1.22320725691967,1.25294777123692,0,1,1,1,32,1,32ls03,M-O,1,0.2283,0.3693,0.98480499771081,0.990602229751772,0.984394428916196,0.990793608729833,0.894887642553892,0.98480499771081,0.990602229751772,0.984394428916196,0.990793608729833,0.894887642553892,1.22320725691967,1.25294777123692
-1.63886348337201,1.50925264615781,0,1,1,1,32,1,32ls03,M-O,1,0.2982,0.1188,0.994461949505996,0.996889784200681,0.994444994240674,0.995519203644419,0.934382884490193,0.994461949505996,0.996889784200681,0.994444994240674,0.995519203644419,0.934382884490193,1.63886348337201,1.50925264615781
-2.37798034310542,1.30433634765238,0,1,1,1,32,1,32ls03,M-O,1,0.1823,0.0083,0.997258328460673,0.998555803937462,0.99689540751329,0.991993070884869,0.903940536257609,0.997258328460673,0.998555803937462,0.99689540751329,0.991993070884869,0.903940536257609,2.37798034310542,1.30433634765238
-1.20582357605235,0.817942891873573,0,1,1,1,32,1,32ls03,M-O,1,0.2004,0.0082,0.968027988972527,0.977134756296872,0.962207626588487,0.97271008488352,0.793305101404187,0.968027988972527,0.977134756296872,0.962207626588487,0.97271008488352,0.793305101404187,1.20582357605235,0.817942891873573
-1.76924108987685,1.90301906295751,0,1,1,1,32,1,32ls03,M-O,1,0.1939,0.2133,0.998069037569539,0.999058819906518,0.99829292832933,0.998682025598974,0.971480971077381,0.998069037569539,0.999058819906518,0.99829292832933,0.998682025598974,0.971480971077381,1.76924108987685,1.90301906295751
0.221811215175675,-0.739983583078327,0,0,0,1,32,1,32ls03,M-O,1,0.324,0.329,0.600048124198095,0.589465080758591,0.485304873225103,0.642175391544369,0.229654977913153,0.399951875801905,0.410534919241409,0.514695126774897,0.357824608455631,0.770345022086848,0.221811215175675,0.739983583078327
0.223363329538828,0.0393421584637591,0,0,0,1,32,1,32ls03,M-O,1,0.541,0.2623,0.76197294854125,0.787016741576182,0.720474165206774,0.85654416954774,0.484308797512341,0.23802705145875,0.212983258423818,0.279525834793226,0.14345583045226,0.515691202487659,0.223363329538828,0.0393421584637591
0.39099168075934,1.04426143044368,1,1,1,1,32,1,32ls03,M-O,1,0.6092,0.0085,0.954905836693088,0.970248422483669,0.956246769826185,0.984163949175687,0.851817773846214,0.954905836693088,0.970248422483669,0.956246769826185,0.984163949175687,0.851817773846214,0.39099168075934,1.04426143044368
1.12483135165803,2.07087294574118,1,1,1,1,32,1,32ls03,M-O,1,0.0574,0.2779,0.997016131560362,0.998603485125876,0.997719281308369,0.999251168932496,0.98081466448032,0.997016131560362,0.998603485125876,0.997719281308369,0.999251168932496,0.98081466448032,1.12483135165803,2.07087294574118
-1.39269814537596,0.908539908082313,0,1,1,1,32,1,32ls03,M-O,1,0.2215,0.1738,0.977370447282203,0.98435430453062,0.973193504794744,0.977932326743151,0.818203480575302,0.977370447282203,0.98435430453062,0.973193504794744,0.977932326743151,0.818203480575302,1.39269814537596,0.908539908082313
0.410237898862436,-0.956007006170166,0,1,0,0,32,1,32ls03,M-O,1,0.4759,0.1177,0.520497005021397,0.49754721837405,0.391242047982537,0.558929708413451,0.169534347417802,0.479502994978603,0.50245278162595,0.608757952017463,0.441070291586549,0.830465652582198,0.410237898862436,0.956007006170166
-2.74707313866317,0.642345922237234,0,1,1,1,32,1,32ls03,M-O,1,0.1921,0.3704,0.991922587907954,0.99721030542417,0.99281741429642,0.959647418374737,0.739675698230494,0.991922587907954,0.99721030542417,0.99281741429642,0.959647418374737,0.739675698230494,2.74707313866317,0.642345922237234
1.72394749583504,1.55768318939359,1,1,1,1,32,1,32ls03,M-O,1,0.26,0.175,0.995556712967568,0.997553916638858,0.995562188309514,0.996115487476967,0.940345816286327,0.995556712967568,0.997553916638858,0.995562188309514,0.996115487476967,0.940345816286327,1.72394749583504,1.55768318939359
0.821858627970583,1.05449854527136,1,1,1,1,32,1,32ls03,M-O,1,0.2462,0.1749,0.968229842406243,0.978998860134376,0.967308284513164,0.984565672241531,0.854172636851724,0.968229842406243,0.978998860134376,0.967308284513164,0.984565672241531,0.854172636851724,0.821858627970583,1.05449854527136
-1.19557962125554,0.807908779322925,0,1,1,1,32,1,32ls03,M-O,1,0.169,0.0621,0.967189880017325,0.976456540329808,0.961162898729007,0.972072930740893,0.790428451527395,0.967189880017325,0.976456540329808,0.961162898729007,0.972072930740893,0.790428451527395,1.19557962125554,0.807908779322925
-1.0987276849948,0.638372877672382,0,1,1,1,32,1,32ls03,M-O,1,0.4018,0.1483,0.953691502923228,0.964927263764718,0.94326926460944,0.959301398307775,0.738384508981764,0.953691502923228,0.964927263764718,0.94326926460944,0.959301398307775,0.738384508981764,1.0987276849948,0.638372877672382
0.510504486722113,2.0268794522749,1,1,1,1,32,1,32ls03,M-O,1,0.1635,0.0089,0.994176748165856,0.997188754198422,0.995733515783564,0.999129362227553,0.978662628805747,0.994176748165856,0.997188754198422,0.995733515783564,0.999129362227553,0.978662628805747,0.510504486722113,2.0268794522749
-2.64494401356771,1.92329029033584,0,1,1,1,32,1,32ls03,M-O,1,0.2003,0.0085,0.9996120988944,0.999833386084342,0.99963076470773,0.998767289629856,0.972778198342495,0.9996120988944,0.999833386084342,0.99963076470773,0.998767289629856,0.972778198342495,2.64494401356771,1.92329029033584
0.037420028833112,0.591305349725268,1,1,1,1,32,1,32ls03,M-O,1,0.3636,0.3293,0.893021452324504,0.919130978127196,0.88748172602784,0.955016191256951,0.722842077124616,0.893021452324504,0.919130978127196,0.88748172602784,0.955016191256951,0.722842077124616,0.037420028833112,0.591305349725268
1.75374809160758,0.677465316164502,1,1,1,1,32,1,32ls03,M-O,1,0.253,0.1258,0.978506430207162,0.984821372003503,0.971758878527283,0.962603243088238,0.750944615527161,0.978506430207162,0.984821372003503,0.971758878527283,0.962603243088238,0.750944615527161,1.75374809160758,0.677465316164502
0.837379771602112,1.34705382680586,1,1,1,1,32,1,32ls03,M-O,1,0.1707,0.0966,0.981185114219478,0.988736009714983,0.982356534034884,0.992883273537017,0.911018551262323,0.981185114219478,0.988736009714983,0.982356534034884,0.992883273537017,0.911018551262323,0.837379771602112,1.34705382680586
-0.744224764450684,-0.569287668416149,1,0,0,1,32,1,32ls03,M-O,1,0.5778,0.2723,0.57781428432314,0.585170232927982,0.497288204270076,0.703666612463319,0.284580467033676,0.42218571567686,0.414829767072018,0.502711795729924,0.296333387536681,0.715419532966324,0.744224764450684,0.569287668416149
-0.472915173771559,0.783722508030323,0,1,1,1,32,1,32ls03,M-O,1,0.4156,0.108,0.936792933094925,0.954556355838889,0.932982544747868,0.970486065623522,0.783398523764937,0.936792933094925,0.954556355838889,0.932982544747868,0.970486065623522,0.783398523764937,0.472915173771559,0.783722508030323
-2.5828594390416,1.29746327055844,0,1,1,1,32,1,32ls03,M-O,1,0.2059,0.1914,0.997963607531985,0.999038270011044,0.997797038233518,0.991841047627914,0.902764082548825,0.997963607531985,0.999038270011044,0.997797038233518,0.991841047627914,0.902764082548825,2.5828594390416,1.29746327055844
-0.68865907024981,0.600324450890735,0,1,1,1,32,1,32ls03,M-O,1,0.3703,0.2123,0.93060007638456,0.946871153789188,0.919711811028206,0.955864322213674,0.725854986744531,0.93060007638456,0.946871153789188,0.919711811028206,0.955864322213674,0.725854986744531,0.68865907024981,0.600324450890735
0.598354159676567,-0.848676802268583,0,0,0,1,32,1,32ls03,M-O,1,0.3226,0.4319,0.523768459103411,0.509306291691393,0.410290165524467,0.600864889802842,0.19803057891548,0.476231540896589,0.490693708308607,0.589709834475533,0.399135110197158,0.80196942108452,0.598354159676567,0.848676802268583
0.670372266126861,0.273577785838277,0,0,0,1,32,1,32ls03,M-O,1,0.2216,0.2858,0.661498610327252,0.685412789810045,0.608975115244044,0.796924316684264,0.392204553625554,0.338501389672748,0.314587210189955,0.391024884755956,0.203075683315736,0.607795446374446,0.670372266126861,0.273577785838277
0.893876734420877,1.96969081080127,1,1,1,1,32,1,32ls03,M-O,1,0.3261,0.055,0.99518225303815,0.997656469233559,0.996285470821617,0.998943790042162,0.975563091610431,0.99518225303815,0.997656469233559,0.996285470821617,0.998943790042162,0.975563091610431,0.893876734420877,1.96969081080127
0.550859460164088,2.06376786604492,1,1,1,1,32,1,32ls03,M-O,1,0.283,0.2378,0.994836697244829,0.997538049455502,0.996246158716737,0.999232624409579,0.980480134407252,0.994836697244829,0.997538049455502,0.996246158716737,0.999232624409579,0.980480134407252,0.550859460164088,2.06376786604492
0.140790845419095,0.833690068506526,1,1,1,1,32,1,32ls03,M-O,1,0.1007,0.0407,0.927275651653753,0.948879006146009,0.927405309588013,0.973685538098496,0.79777217196903,0.927275651653753,0.948879006146009,0.927405309588013,0.973685538098496,0.79777217196903,0.140790845419095,0.833690068506526
-2.36245919947389,0.963553525159132,0,1,1,1,32,1,32ls03,M-O,1,0.2039,0.0085,0.994167014169328,0.996829453892672,0.993068408701402,0.980671369961758,0.832365091614555,0.994167014169328,0.996829453892672,0.993068408701402,0.980671369961758,0.832365091614555,2.36245919947389,0.963553525159132
-2.57075294700901,1.14466055660074,0,1,1,1,32,1,32ls03,M-O,1,0.16,0.0087,0.997036836634612,0.998595702216569,0.996756228367067,0.987741326461397,0.873825101716664,0.997036836634612,0.998595702216569,0.996756228367067,0.987741326461397,0.873825101716664,2.57075294700901,1.14466055660074
1.70656381496773,0.723691834678181,1,1,1,1,32,1,32ls03,M-O,1,0.3943,0.0957,0.978915222771794,0.985118910492032,0.972650469118018,0.966221850049512,0.765372526415722,0.978915222771794,0.985118910492032,0.972650469118018,0.966221850049512,0.765372526415722,1.70656381496773,0.723691834678181
-0.956554009329999,-0.882781184810669,1,0,0,1,32,1,32ls03,M-O,1,0.1941,0.0933,0.471825186468114,0.460213631408405,0.369577367040383,0.587641431797153,0.188677254087485,0.528174813531886,0.539786368591595,0.630422632959617,0.412358568202847,0.811322745912515,0.956554009329999,0.882781184810669
-0.801652995887341,0.769657350264241,0,1,1,1,32,1,32ls03,M-O,1,0.4274,0.2097,0.949888885210333,0.963596720671324,0.943807473987975,0.969529311932716,0.779248412136938,0.949888885210333,0.963596720671324,0.943807473987975,0.969529311932716,0.779248412136938,0.801652995887341,0.769657350264241
1.4129037774592,1.08877692976519,1,1,1,1,32,1,32ls03,M-O,1,0.3922,0.0085,0.983653556036904,0.989341192244816,0.98167734798253,0.985847756141185,0.861873866235501,0.983653556036904,0.989341192244816,0.98167734798253,0.985847756141185,0.861873866235501,1.4129037774592,1.08877692976519
0.801991564122226,2.05576377626463,1,1,1,1,32,1,32ls03,M-O,1,0.2213,0.0082,0.995733130743548,0.997975762992445,0.99682591267204,0.999211227348055,0.9800973544055,0.995733130743548,0.997975762992445,0.99682591267204,0.999211227348055,0.9800973544055,0.801991564122226,2.05576377626463
-1.2570433500364,0.432499568432354,1,1,0,0,32,1,32ls03,M-O,1,0.0458,0.0947,0.560138960630406,0.586905478692931,0.511756380319708,0.749132908441088,0.332689182903894,0.439861039369594,0.413094521307069,0.488243619680292,0.250867091558912,0.667310817096106,1.2570433500364,0.432499568432354
1.63144147979113,1.02680323461856,1,1,1,1,32,1,32ls03,M-O,1,0.1355,0.128,0.986099189484593,0.990858111674253,0.983557207673279,0.983458165389275,0.847743437015481,0.986099189484593,0.990858111674253,0.983557207673279,0.983458165389275,0.847743437015481,1.63144147979113,1.02680323461856
-0.32360177203625,1.88292183753093,1,1,1,1,32,1,32ls03,M-O,1,0.3453,0.0083,0.990675661242947,0.995274487139864,0.992978448350238,0.998592203766052,0.970144519339759,0.990675661242947,0.995274487139864,0.992978448350238,0.998592203766052,0.970144519339759,0.32360177203625,1.88292183753093
-1.02236365832768,0.563465037446014,0,1,1,1,32,1,32ls03,M-O,1,0.2449,0.0083,0.944856915536241,0.957243105136509,0.931866201720755,0.952315156658194,0.713440869426228,0.944856915536241,0.957243105136509,0.931866201720755,0.952315156658194,0.713440869426228,1.02236365832768,0.563465037446014
-0.494023929110438,-0.123465667719297,1,1,0,0,32,1,32ls03,M-O,1,0.3536,0.0088,0.716092171819179,0.743311395149573,0.673167904365314,0.836653703009919,0.450869179718237,0.283907828180821,0.256688604850427,0.326832095634686,0.163346296990081,0.549130820281763,0.494023929110438,0.123465667719297
1.64354797182372,0.694198503857345,1,1,1,1,32,1,32ls03,M-O,1,0.1842,0.0083,0.976174757529904,0.982901815978669,0.969034341172218,0.963948064146912,0.756221134620659,0.976174757529904,0.982901815978669,0.969034341172218,0.963948064146912,0.756221134620659,1.64354797182372,0.694198503857345
0.403098172791933,1.02689023559444,1,1,1,1,32,1,32ls03,M-O,1,0.1458,0.095,0.954018009121856,0.969486236482352,0.955081879028513,0.983461748265955,0.847763923670381,0.954018009121856,0.969486236482352,0.955081879028513,0.983461748265955,0.847763923670381,0.403098172791933,1.02689023559444
-1.30205466656783,1.12795636923319,0,1,1,1,32,1,32ls03,M-O,1,0.254,0.2459,0.982633514397482,0.988797853932528,0.981139080883099,0.987199772768366,0.87033082705093,0.982633514397482,0.988797853932528,0.981139080883099,0.987199772768366,0.87033082705093,1.30205466656783,1.12795636923319
-0.442493732253762,-0.814978424280568,1,1,0,0,32,1,32ls03,M-O,1,0.493,0.1265,0.552245286985801,0.538445526370288,0.436512776953769,0.613818270264018,0.207542330149194,0.447754713014199,0.461554473629712,0.563487223046231,0.386181729735982,0.792457669850806,0.442493732253762,0.814978424280568
-0.774956628841111,1.90301906295751,0,1,1,1,32,1,32ls03,M-O,1,0.337,0.1436,0.993722357987424,0.996871957172628,0.995115305851669,0.998682025598974,0.971480971077381,0.993722357987424,0.996871957172628,0.995115305851669,0.998682025598974,0.971480971077381,0.774956628841111,1.90301906295751
-1.70653566960548,1.23334355134028,0,1,1,1,32,1,32ls03,M-O,1,0.3086,0.1096,0.991339837329718,0.994685667845201,0.990321508284306,0.990296171376567,0.891276192109671,0.991339837329718,0.994685667845201,0.990321508284306,0.990296171376567,0.891276192109671,1.70653566960548,1.23334355134028
0.007929855933207,-1.06124918665081,0,1,0,0,32,1,32ls03,M-O,1,0.2331,0.0943,0.547388394832383,0.521375827137649,0.40072019543563,0.517154819594303,0.144288335754627,0.452611605167617,0.478624172862351,0.59927980456437,0.482845180405697,0.855711664245373,0.007929855933207,1.06124918665081
-1.25673292716377,1.84171237529257,0,1,1,1,32,1,32ls03,M-O,1,0.3651,0.1586,0.995583757885355,0.997773884961913,0.996291272756012,0.998390310912473,0.967241383473589,0.995583757885355,0.997773884961913,0.996291272756012,0.998390310912473,0.967241383473589,1.25673292716377,1.84171237529257
-1.87074936922705,1.41456658408305,0,1,1,1,32,1,32ls03,M-O,1,0.1886,0.1826,0.995193963776209,0.997250716416793,0.994834997236125,0.994112721929227,0.921402193949122,0.995193963776209,0.997250716416793,0.994834997236125,0.994112721929227,0.921402193949122,1.87074936922705,1.41456658408305
-0.537793554151349,1.80493996282372,0,1,1,1,32,1,32ls03,M-O,1,0.4806,0.1037,0.990473430677966,0.995079655662961,0.992531161044149,0.998188243499444,0.964457961311183,0.990473430677966,0.995079655662961,0.992531161044149,0.998188243499444,0.964457961311183,0.537793554151349,1.80493996282372
0.953788348838579,0.744630069538203,1,1,1,1,32,1,32ls03,M-O,1,0.2883,0.1374,0.954489642254846,0.966627306478487,0.947258269592238,0.967763387336972,0.771752307605317,0.954489642254846,0.966627306478487,0.947258269592238,0.967763387336972,0.771752307605317,0.953788348838579,0.744630069538203
0.280170715230224,-1.00037750386523,0,0,0,1,32,1,32ls03,M-O,1,0.3379,0.3095,0.526311164270268,0.500678892358351,0.389688714898547,0.541369971909711,0.158563926289201,0.473688835729732,0.499321107641649,0.610311285101453,0.458630028090289,0.841436073710799,0.280170715230224,1.00037750386523
1.36665076943725,1.390235311164,1,1,1,1,32,1,32ls03,M-O,1,0.2351,0.3195,0.990033881136629,0.994130417341387,0.990014275439448,0.993693237270011,0.917771282962102,0.990033881136629,0.994130417341387,0.990014275439448,0.993693237270011,0.917771282962102,1.36665076943725,1.390235311164
1.38993248488454,0.997889910303545,1,1,1,1,32,1,32ls03,M-O,1,0.0859,0.0082,0.980401975014471,0.986827535068539,0.977447940139193,0.982230067251038,0.840833627451564,0.980401975014471,0.986827535068539,0.977447940139193,0.982230067251038,0.840833627451564,1.38993248488454,0.997889910303545
1.11086232238965,0.998266914532327,1,1,1,1,32,1,32ls03,M-O,1,0.095,0.0088,0.973487451819835,0.982109032838241,0.970879277926631,0.982246567867763,0.84092502673261,0.973487451819835,0.982109032838241,0.970879277926631,0.982246567867763,0.84092502673261,1.11086232238965,0.998266914532327
1.40886828011501,2.1252485556616,1,1,1,1,32,1,32ls03,M-O,1,0.1742,0.0088,0.998136487078015,0.999149975084308,0.998555144217381,0.999379991089819,0.983217060800406,0.998136487078015,0.999149975084308,0.998555144217381,0.999379991089819,0.983217060800406,1.40886828011501,2.1252485556616
0.203806688563102,1.5022635677627,1,1,1,1,32,1,32ls03,M-O,1,0.0995,0.0083,0.977434758627699,0.987132883915662,0.981250655082901,0.99542671631484,0.933485473187729,0.977434758627699,0.987132883915662,0.981250655082901,0.99542671631484,0.933485473187729,0.203806688563102,1.5022635677627
-2.42237081389159,2.00837724473932,0,1,1,1,32,1,32ls03,M-O,1,0.291,4.504,0.999519902442882,0.999786404737876,0.999556301480299,0.99907289117761,0.977698390449979,0.999519902442882,0.999786404737876,0.999556301480299,0.99907289117761,0.977698390449979,2.42237081389159,2.00837724473932
1.41538716044025,2.09294219328755,1,1,1,1,32,1,32ls03,M-O,1,0.2892,0.0088,0.99799674889958,0.999076353924123,0.998427785213957,0.99930616960909,0.981822842430751,0.99799674889958,0.999076353924123,0.998427785213957,0.99930616960909,0.981822842430751,1.41538716044025,2.09294219328755
-0.885777594370227,1.14083251366234,0,1,1,1,32,1,32ls03,M-O,1,0.2725,0.0085,0.974020691092539,0.98331227971308,0.973745882164916,0.987619005731709,0.873030186231358,0.974020691092539,0.98331227971308,0.973745882164916,0.987619005731709,0.873030186231358,0.885777594370227,1.14083251366234
-0.818726253882023,1.7989658958138,0,1,1,1,32,1,32ls03,M-O,1,0.229,0.1114,0.992363016394741,0.996067732719204,0.99383084512348,0.998153318263827,0.963987962180936,0.992363016394741,0.996067732719204,0.99383084512348,0.998153318263827,0.963987962180936,0.818726253882023,1.7989658958138
-0.15690468943363,-0.405783834426111,0,1,0,0,32,1,32ls03,M-O,1,0.3089,0.3026,0.688410440427564,0.696625812117051,0.608083009085763,0.757561271996967,0.342450718759303,0.311589559572436,0.303374187882949,0.391916990914237,0.242438728003033,0.657549281240697,0.15690468943363,0.405783834426111
1.32598537312264,0.612736590115236,1,1,1,1,32,1,32ls03,M-O,1,0.4964,0.4632,0.961683773917247,0.971010735379209,0.951030827333923,0.957010395099712,0.729974737792883,0.961683773917247,0.971010735379209,0.951030827333923,0.957010395099712,0.729974737792883,1.32598537312264,0.612736590115236
1.53334785203987,1.53245290639052,1,1,1,1,32,1,32ls03,M-O,1,0.1903,0.2895,0.993909395828651,0.996596651770786,0.994043679176964,0.99581435709882,0.937294644824693,0.993909395828651,0.996596651770786,0.994043679176964,0.99581435709882,0.937294644824693,1.53334785203987,1.53245290639052
-0.0038662132267549,2.01907836477165,1,1,1,1,32,1,32ls03,M-O,1,0.3276,0.1444,0.991753268980115,0.995941076961219,0.994130320207546,0.999105949482281,0.978260462418113,0.991753268980115,0.995941076961219,0.994130320207546,0.999105949482281,0.978260462418113,0.0038662132267549,2.01907836477165
1.32567495025001,2.06727690540511,1,1,1,1,32,1,32ls03,M-O,1,0.1777,0.1905,0.997612308235461,0.998886896773462,0.998129978140932,0.999241835362972,0.980645965436212,0.997612308235461,0.998886896773462,0.998129978140932,0.999241835362972,0.980645965436212,1.32567495025001,2.06727690540511
1.89747388163554,1.46209811723482,1,1,1,1,32,1,32ls03,M-O,1,0.2069,0.2806,0.995811530260285,0.997645373014441,0.995556930746873,0.994861414413785,0.928142837690859,0.995811530260285,0.997645373014441,0.995556930746873,0.994861414413785,0.928142837690859,1.89747388163554,1.46209811723482
-0.959658238056305,1.87320672855848,0,1,1,1,32,1,32ls03,M-O,1,0.2481,0.1684,0.99434390009501,0.997164586016128,0.995469200584127,0.998546809242387,0.969480078225213,0.99434390009501,0.997164586016128,0.995469200584127,0.998546809242387,0.969480078225213,0.959658238056305,1.87320672855848
-1.3240946905246,0.790247581220773,0,1,1,1,32,1,32ls03,M-O,1,0.2466,0.1652,0.970560485903208,0.978835549671446,0.964229032692083,0.970921377843285,0.785308403418266,0.970560485903208,0.978835549671446,0.964229032692083,0.970921377843285,0.785308403418266,1.3240946905246,0.790247581220773
-0.622228575506866,0.838533122830105,0,1,1,1,32,1,32ls03,M-O,1,0.3685,0.2558,0.947664874459091,0.962931804862153,0.944153097994399,0.973979613984239,0.799134323493232,0.947664874459091,0.962931804862153,0.944153097994399,0.973979613984239,0.799134323493232,0.622228575506866,0.838533122830105
0.861282332794666,1.29262021623486,1,1,1,1,32,1,32ls03,M-O,1,0.2703,0.168,0.979655280440945,0.987591746553337,0.980511363837244,0.991732408149585,0.901928777965111,0.979655280440945,0.987591746553337,0.980511363837244,0.991732408149585,0.901928777965111,0.861282332794666,1.29262021623486
1.06243635425928,1.60324270042558,1,1,1,1,32,1,32ls03,M-O,1,0.2238,0.1746,0.990835416339086,0.994975142442878,0.991860681703356,0.996610456744458,0.945559459246496,0.990835416339086,0.994975142442878,0.991860681703356,0.996610456744458,0.945559459246496,1.06243635425928,1.60324270042558
0.0926753001613549,1.3717621039537,1,1,1,1,32,1,32ls03,M-O,1,0.249,0.1566,0.969078353358374,0.981630147420625,0.973613451263139,0.993357291956056,0.914931245980664,0.969078353358374,0.981630147420625,0.973613451263139,0.993357291956056,0.914931245980664,0.0926753001613549,1.3717621039537
1.88660908109347,1.2103752937099,1,1,1,1,32,1,32ls03,M-O,1,0.1819,0.1347,0.992977768010842,0.995734875990003,0.991906663022598,0.989683637885253,0.88693254111737,0.992977768010842,0.995734875990003,0.991906663022598,0.989683637885253,0.88693254111737,1.88660908109347,1.2103752937099
-2.75980047644103,1.13517745023062,0,1,1,1,32,1,32ls03,M-O,1,0.2428,0.1591,0.997611125545113,0.999052064442446,0.997658375271806,0.987436370639098,0.871849512166347,0.997611125545113,0.999052064442446,0.997658375271806,0.987436370639098,0.871849512166347,2.75980047644103,1.13517745023062
1.02860026114255,0.701767588758268,1,1,1,1,32,1,32ls03,M-O,1,0.2229,0.0209,0.954800842956389,0.966403334539708,0.946271005776135,0.964543235002134,0.758587942714026,0.954800842956389,0.966403334539708,0.946271005776135,0.964543235002134,0.758587942714026,1.02860026114255,0.701767588758268
-1.33899498841087,2.15488688810889,0,1,1,1,32,1,32ls03,M-O,1,0.3116,0.0774,0.99811224001887,0.999145743808641,0.998563364400201,0.999441267339345,0.984414656659999,0.99811224001887,0.999145743808641,0.998563364400201,0.999441267339345,0.984414656659999,1.33899498841087,2.15488688810889
-1.06768539773175,1.5821884642644,0,1,1,1,32,1,32ls03,M-O,1,0.2673,0.125,0.990481805150848,0.994743638224949,0.991479500148517,0.996389230233246,0.943196723483971,0.990481805150848,0.994743638224949,0.991479500148517,0.996389230233246,0.943196723483971,1.06768539773175,1.5821884642644
0.859109372686252,1.28711015442959,1,1,1,1,32,1,32ls03,M-O,1,0.3297,0.1252,0.979410628321436,0.987419077775217,0.980247480824036,0.991607263132446,0.900972051689346,0.979410628321436,0.987419077775217,0.980247480824036,0.991607263132446,0.900972051689346,0.859109372686252,1.28711015442959
-2.44596295221151,0.663748162301911,0,1,1,1,32,1,32ls03,M-O,1,0.2269,0.1087,0.990032628331318,0.995049245833426,0.988658330445603,0.961470498163138,0.746574245807591,0.990032628331318,0.995049245833426,0.988658330445603,0.961470498163138,0.746574245807591,2.44596295221151,0.663748162301911
-0.901298738001756,1.97143083031872,0,1,1,1,32,1,32ls03,M-O,1,0.2961,0.1892,0.99523584215874,0.99768423719841,0.996326060492208,0.998949933837932,0.975662691242033,0.99523584215874,0.99768423719841,0.996326060492208,0.998949933837932,0.975662691242033,0.901298738001756,1.97143083031872
0.0960899517602913,-0.15939707075471,0,1,0,0,32,1,32ls03,M-O,1,0.3914,0.0085,0.749882947031221,0.768541259580759,0.694346448856442,0.827636387988943,0.436678023302969,0.250117052968779,0.231458740419241,0.305653551143558,0.172363612011057,0.563321976697031,0.0960899517602913,0.15939707075471
-1.77017235849474,1.91650421421778,0,1,1,1,32,1,32ls03,M-O,1,0.2501,0.0085,0.998132081450861,0.999093860602506,0.99835681019564,0.998739325236669,0.972349526344438,0.998132081450861,0.999093860602506,0.99835681019564,0.998739325236669,0.972349526344438,1.77017235849474,1.91650421421778
-0.31242654862155,0.169089613815201,0,1,0,0,32,1,32ls03,M-O,1,0.2724,0.1107,0.724429238238519,0.74640119083019,0.6726007496564,0.825150576464821,0.432863077137049,0.275570761761481,0.25359880916981,0.3273992503436,0.174849423535179,0.567136922862951,0.31242654862155,0.169089613815201
0.264959994471326,-0.175115247062372,0,1,0,0,32,1,32ls03,M-O,1,0.6182,0.8808,0.728166365115699,0.749043425087753,0.674631168480174,0.823593792717308,0.430494538982061,0.271833634884301,0.250956574912247,0.325368831519826,0.176406207282692,0.569505461017939,0.264959994471326,0.175115247062372
-1.53890731838496,0.820001914969226,0,1,1,1,32,1,32ls03,M-O,1,0.2091,0.1503,0.977968781448475,0.984501601887137,0.972617511868129,0.972839319730525,0.793892492249613,0.977968781448475,0.984501601887137,0.972617511868129,0.972839319730525,0.793892492249613,1.53890731838496,0.820001914969226
-2.15789052641034,1.49530348969289,0,1,1,1,32,1,32ls03,M-O,1,0.2257,0.0573,0.997416565563199,0.998608758409035,0.997212452706774,0.995332923059236,0.932582372618395,0.997416565563199,0.998608758409035,0.997212452706774,0.995332923059236,0.932582372618395,2.15789052641034,1.49530348969289
-0.432870623202214,1.50090055247403,0,1,1,1,32,1,32ls03,M-O,1,0.5617,0.0806,0.980574787572215,0.988939737149917,0.983486325051995,0.995408482062973,0.933309357363492,0.980574787572215,0.988939737149917,0.983486325051995,0.995408482062973,0.933309357363492,0.432870623202214,1.50090055247403
0.670993111872122,1.41175355252984,1,1,1,1,32,1,32ls03,M-O,1,0.3838,0.1432,0.980773315542405,0.98873926545819,0.982730378542107,0.99406552299612,0.920988730493841,0.980773315542405,0.98873926545819,0.982730378542107,0.99406552299612,0.920988730493841,0.670993111872122,1.41175355252984
-1.6397947519899,1.70143780186054,0,1,1,1,32,1,32ls03,M-O,1,0.2517,0.0097,0.996315105906561,0.998064449332102,0.996556017864131,0.997489637195151,0.955569596006506,0.996315105906561,0.998064449332102,0.996556017864131,0.997489637195151,0.955569596006506,1.6397947519899,1.70143780186054
-0.804136378868385,1.98033393018302,0,1,1,1,32,1,32ls03,M-O,1,0.1749,0.0086,0.994895004475117,0.997519870479241,0.99611162234854,0.9989808597956,0.976166990704071,0.994895004475117,0.997519870479241,0.99611162234854,0.9989808597956,0.976166990704071,0.804136378868385,1.98033393018302
-0.629989147322631,1.97853591001499,0,1,1,1,32,1,32ls03,M-O,1,0.2059,0.0502,0.994048780019646,0.997094166823843,0.995534924766492,0.99897468233681,0.976065859169674,0.994048780019646,0.997094166823843,0.995534924766492,0.99897468233681,0.976065859169674,0.629989147322631,1.97853591001499
0.0836730368550681,-0.941274840922394,0,1,0,0,32,1,32ls03,M-O,1,0.3495,0.1508,0.568088172321728,0.546455426803067,0.431632802451506,0.564736201047697,0.173282016153719,0.431911827678272,0.453544573196933,0.568367197548494,0.435263798952303,0.826717983846281,0.0836730368550681,0.941274840922394
-0.714113745805518,0.632253809036004,0,1,1,1,32,1,32ls03,M-O,1,0.2579,0.117,0.934809931154227,0.950572438291001,0.924955496442534,0.958763770492327,0.736389479325362,0.934809931154227,0.950572438291001,0.924955496442534,0.958763770492327,0.736389479325362,0.714113745805518,0.632253809036004
-1.39083560814018,1.9638617454178,0,1,1,1,32,1,32ls03,M-O,1,0.2402,0.1534,0.997172544705494,0.998636802603,0.99768455144351,0.998922967344798,0.975226936390189,0.997172544705494,0.998636802603,0.99768455144351,0.998922967344798,0.975226936390189,1.39083560814018,1.9638617454178
-0.485952934422043,2.11854948051941,0,1,1,1,32,1,32ls03,M-O,1,0.286,0.1121,0.99526027515018,0.99777190896105,0.99662359922777,0.999365307324578,0.982935720476986,0.99526027515018,0.99777190896105,0.99662359922777,0.999365307324578,0.982935720476986,0.485952934422043,2.11854948051941
0.336357255176359,1.24285565803569,1,1,1,1,32,1,32ls03,M-O,1,0.4923,0.2886,0.966475725523188,0.979265552625099,0.969545159036988,0.990540390843424,0.893039485908218,0.966475725523188,0.979265552625099,0.969545159036988,0.990540390843424,0.893039485908218,0.336357255176359,1.24285565803569
-2.24605062223742,1.25019274033429,0,1,1,1,32,1,32ls03,M-O,1,0.2332,0.0492,0.996219518693597,0.997892388912331,0.995622343183614,0.990725078757521,0.894385425938292,0.996219518693597,0.997892388912331,0.995622343183614,0.990725078757521,0.894385425938292,2.24605062223742,1.25019274033429
-1.33713245117509,0.758898229581321,0,1,1,1,32,1,32ls03,M-O,1,0.2388,0.0211,0.969542346973133,0.97790925217829,0.962571197185836,0.968780221381717,0.776043280950691,0.969542346973133,0.97790925217829,0.962571197185836,0.968780221381717,0.776043280950691,1.33713245117509,0.758898229581321
-2.64308147633193,1.26309788508873,0,1,1,1,32,1,32ls03,M-O,1,0.2542,0.1103,0.997973237621296,0.999085103145829,0.997856133060821,0.991042277975758,0.896722998010466,0.997973237621296,0.999085103145829,0.997856133060821,0.991042277975758,0.896722998010466,2.64308147633193,1.26309788508873
-0.744224764450684,0.822147939040752,0,1,1,1,32,1,32ls03,M-O,1,0.2314,0.0308,0.951321857430897,0.965266690384514,0.946779643045237,0.972973471352691,0.794503647810018,0.951321857430897,0.965266690384514,0.946779643045237,0.972973471352691,0.794503647810018,0.744224764450684,0.822147939040752
0.580039210191363,0.370177869382232,0,1,0,0,32,1,32ls03,M-O,1,0.2317,0.1047,0.647202644695335,0.664137918944914,0.582065376667981,0.768551634166957,0.355624982440844,0.352797355304665,0.335862081055086,0.417934623332019,0.231448365833043,0.644375017559156,0.580039210191363,0.370177869382232
1.53489996640302,1.02010415947637,1,1,1,1,32,1,32ls03,M-O,1,0.2704,0.1423,0.984125590420893,0.98947121696243,0.981445084262616,0.98318028154046,0.846160467855147,0.984125590420893,0.98947121696243,0.981445084262616,0.98318028154046,0.846160467855147,1.53489996640302,1.02010415947637
-0.42014328542436,-0.485128724421986,1,1,0,0,32,1,32ls03,M-O,1,0.3009,0.1349,0.637484795518734,0.644848851997025,0.555275234270393,0.732086114317338,0.313792518739667,0.362515204481266,0.355151148002975,0.444724765729607,0.267913885682662,0.686207481260333,0.42014328542436,0.485128724421986
-2.33793579253607,0.674507282984831,0,1,1,1,32,1,32ls03,M-O,1,0.2342,0.0085,0.989095486329697,0.994057161340967,0.986891962178326,0.962361301101738,0.750005571476575,0.989095486329697,0.994057161340967,0.986891962178326,0.962361301101738,0.750005571476575,2.33793579253607,0.674507282984831
-0.768127325643238,0.773427392552057,0,1,1,1,32,1,32ls03,M-O,1,0.1741,0.0153,0.948753220349178,0.962834136721994,0.942914209305338,0.969788247998069,0.780365258124326,0.948753220349178,0.962834136721994,0.942914209305338,0.969788247998069,0.780365258124326,0.768127325643238,0.773427392552057
-0.0976139207611895,1.94393852194296,1,1,1,1,32,1,32ls03,M-O,1,0.4897,0.1743,0.990662863612032,0.99532092868833,0.993187501485365,0.998848923349933,0.974048567410893,0.990662863612032,0.99532092868833,0.993187501485365,0.998848923349933,0.974048567410893,0.0976139207611895,1.94393852194296
-0.84945811827245,0.160534517854388,1,0,0,1,32,1,32ls03,M-O,1,0.4789,0.2793,0.6722571155165,0.705051198583033,0.635766373836963,0.827345844198388,0.436230016449347,0.3277428844835,0.294948801416967,0.364233626163037,0.172654155801612,0.563769983550653,0.84945811827245,0.160534517854388
1.59108650634916,0.884991643946111,1,1,1,1,32,1,32ls03,M-O,1,0.2187,0.1287,0.981392557244024,0.987204833616549,0.977147152984676,0.976663459593146,0.811919430922107,0.981392557244024,0.987204833616549,0.977147152984676,0.976663459593146,0.811919430922107,1.59108650634916,0.884991643946111
-1.70436270949706,1.94295251088307,0,1,1,1,32,1,32ls03,M-O,1,0.2025,0.0083,0.998063927923922,0.999067354595951,0.998330126753991,0.998845140547365,0.973989051784107,0.998063927923922,0.999067354595951,0.998330126753991,0.998845140547365,0.973989051784107,1.70436270949706,1.94295251088307
-1.29491494049733,1.56304824957241,0,1,1,1,32,1,32ls03,M-O,1,0.1644,0.0093,0.992299188630174,0.995726696614123,0.992825550013832,0.996176961088858,0.940979376769723,0.992299188630174,0.995726696614123,0.992825550013832,0.996176961088858,0.940979376769723,1.29491494049733,1.56304824957241
-0.73149742667283,1.74047223970207,0,1,1,1,32,1,32ls03,M-O,1,0.2819,0.0807,0.990624113444588,0.9950731107476,0.992356795030519,0.997777583839296,0.95911193478044,0.990624113444588,0.9950731107476,0.992356795030519,0.997777583839296,0.95911193478044,0.73149742667283,1.74047223970207
-2.42951053996209,0.554619938232292,0,1,1,1,32,1,32ls03,M-O,1,0.1048,0.0086,0.98726904950385,0.993711084398172,0.985581021573593,0.951430328779725,0.710422675790309,0.98726904950385,0.993711084398172,0.985581021573593,0.951430328779725,0.710422675790309,2.42951053996209,0.554619938232292
-1.64755532380567,1.87085770220992,0,1,1,1,32,1,32ls03,M-O,1,0.1026,3.7343,0.997510075722086,0.998767789369491,0.997812388867026,0.998535634542701,0.969317596434812,0.997510075722086,0.998767789369491,0.997812388867026,0.998535634542701,0.969317596434812,1.64755532380567,1.87085770220992
-0.867462644885023,1.27730804448127,0,1,1,1,32,1,32ls03,M-O,1,0.2073,0.1775,0.979201625954719,0.98724841786814,0.979958116641396,0.991380522181444,0.899253242668603,0.979201625954719,0.98724841786814,0.979958116641396,0.991380522181444,0.899253242668603,0.867462644885023,1.27730804448127
-1.32316342190671,1.56792030422128,0,1,1,1,32,1,32ls03,M-O,1,0.1913,0.0083,0.992626141998659,0.995916334656635,0.993112334271386,0.996232028756533,0.941550133694029,0.992626141998659,0.995916334656635,0.993112334271386,0.996232028756533,0.941550133694029,1.32316342190671,1.56792030422128
-0.093578423416992,-0.266495272053967,0,1,0,0,32,1,32ls03,M-O,1,0.3366,0.0085,0.727164495269299,0.741334244850543,0.660549753640673,0.798919473513582,0.394928900075884,0.272835504730701,0.258665755149457,0.339450246359327,0.201080526486418,0.605071099924116,0.093578423416992,0.266495272053967
-2.18675985356498,1.05067050233296,0,1,1,1,32,1,32ls03,M-O,1,0.1967,0.0084,0.99379061648963,0.996353568705906,0.992473683975963,0.984416488813729,0.853295025878759,0.99379061648963,0.996353568705906,0.992473683975963,0.984416488813729,0.853295025878759,2.18675985356498,1.05067050233296
-0.192292896913516,0.353763685267588,0,1,0,0,32,1,32ls03,M-O,1,0.4753,0.0086,0.696071568480805,0.707465888782378,0.622200802435799,0.773523042912582,0.361757995376899,0.303928431519195,0.292534111217622,0.377799197564201,0.226476957087418,0.638242004623101,0.192292896913516,0.353763685267588
0.51981717290103,-1.05002606076323,0,0,0,1,32,1,32ls03,M-O,1,0.2766,0.1107,0.48220443706361,0.454109359439413,0.34952932676682,0.521626885478576,0.146853065553824,0.51779556293639,0.545890640560587,0.65047067323318,0.478373114521424,0.853146934446176,0.51981717290103,1.05002606076323
-1.60130231578371,1.16301776250987,0,1,1,1,32,1,32ls03,M-O,1,0.1758,0.0085,0.988655700637038,0.992834472260088,0.98722009425159,0.988313466251164,0.877588852112556,0.988655700637038,0.992834472260088,0.98722009425159,0.988313466251164,0.877588852112556,1.60130231578371,1.16301776250987
-1.29150028889839,1.85009346930164,0,1,1,1,32,1,32ls03,M-O,1,0.1713,0.0082,0.995840717850314,0.997910675943332,0.996501027450862,0.99843339172292,0.967849960475511,0.995840717850314,0.997910675943332,0.996501027450862,0.99843339172292,0.967849960475511,1.29150028889839,1.85009346930164
0.233917707208268,-0.49406082461158,0,0,0,1,32,1,32ls03,M-O,1,0.1604,0.3202,0.658241408489765,0.662513951071491,0.570021011658338,0.72913612275275,0.310631611876025,0.341758591510235,0.337486048928509,0.429978988341662,0.27086387724725,0.689368388123975,0.233917707208268,0.49406082461158
-1.83318820163875,2.14018372318641,0,1,1,1,32,1,32ls03,M-O,1,0.1328,0.0086,0.999021477380318,0.99956196852983,0.999201647897592,0.999411605273496,0.983830038973145,0.999021477380318,0.99956196852983,0.999201647897592,0.999411605273496,0.983830038973145,1.83318820163875,2.14018372318641
-1.14467027014413,1.19503412163102,0,1,1,1,32,1,32ls03,M-O,1,0.0741,0.0085,0.981657725264783,0.988423921468851,0.981029543441115,0.989255969173381,0.883963150542869,0.981657725264783,0.988423921468851,0.981029543441115,0.989255969173381,0.883963150542869,1.14467027014413,1.19503412163102
1.57090901962817,-0.7814540482443,0,0,0,1,32,1,32ls03,M-O,1,0.0519,4.0006,0.434226547687428,0.442681694843537,0.366614908334148,0.626580110279825,0.217267746604972,0.565773452312572,0.557318305156463,0.633385091665852,0.373419889720175,0.782732253395028,1.57090901962817,0.7814540482443
-0.239787596425994,-0.206522599352406,0,1,0,0,32,1,32ls03,M-O,1,0.1905,0.6772,0.723903593791553,0.743018724471935,0.666628724862635,0.815338071443119,0.418191356746964,0.276096406208447,0.256981275528065,0.333371275137365,0.184661928556881,0.581808643253036,0.239787596425994,0.206522599352406
-0.194155434149299,-0.776059987740194,0,0,0,1,32,1,32ls03,M-O,1,0.2431,0.2557,0.594769187293817,0.581923090812925,0.475745185995671,0.628620991502088,0.218856783624637,0.405230812706183,0.418076909187075,0.524254814004329,0.371379008497912,0.781143216375363,0.194155434149299,0.776059987740194
-1.56777664553961,1.44504592596378,0,1,1,1,32,1,32ls03,M-O,1,0.1769,1.6727,0.993058718709398,0.996005389367544,0.992954065738961,0.994603171132007,0.925777506963759,0.993058718709398,0.996005389367544,0.992954065738961,0.994603171132007,0.925777506963759,1.56777664553961,1.44504592596378
-2.17434293865976,1.99376108079271,0,1,1,1,32,1,32ls03,M-O,1,0.1703,0.3592,0.999208089813866,0.999634712032734,0.999283161524998,0.999025922677621,0.976910914660849,0.999208089813866,0.999634712032734,0.999283161524998,0.999025922677621,0.976910914660849,2.17434293865976,1.99376108079271
-1.78072673616418,1.72518906827377,0,1,1,1,32,1,32ls03,M-O,1,0.189,0.2712,0.997151157645529,0.998523308757141,0.997302463932304,0.997668612283967,0.957753297447939,0.997151157645529,0.998523308757141,0.997302463932304,0.997668612283967,0.957753297447939,1.78072673616418,1.72518906827377
0.18114581886107,0.287700944254941,0,1,0,0,32,1,32ls03,M-O,1,0.0608,0.247,0.712352776942614,0.726838798625432,0.645317212802986,0.792910684666875,0.386787833579368,0.287647223057386,0.273161201374568,0.354682787197014,0.207089315333125,0.613212166420632,0.18114581886107,0.287700944254941
1.48305934667371,0.325923372988334,0,0,0,1,32,1,32ls03,M-O,1,0.0813,0.2154,0.569885911642538,0.607473124578012,0.5387130089754,0.781815649757283,0.372241165670265,0.430114088357462,0.392526875421988,0.4612869910246,0.218184350242717,0.627758834329734,1.48305934667371,0.325923372988334
-2.75576497909683,0.915151982248636,0,1,1,1,32,1,32ls03,M-O,1,0.149,0.2079,0.995855403624465,0.998442550164323,0.996076334772975,0.978277957724091,0.819944075634392,0.995855403624465,0.998442550164323,0.996076334772975,0.978277957724091,0.819944075634392,2.75576497909683,0.915151982248636
0.636536173010128,1.35462291170678,1,1,1,1,32,1,32ls03,M-O,1,0.3528,0.0239,0.977995315372356,0.986866031628744,0.979962756802948,0.993031558975887,0.912231135069626,0.977995315372356,0.986866031628744,0.979962756802948,0.993031558975887,0.912231135069626,0.636536173010128,1.35462291170678
-1.93438605811632,1.01181006644317,0,1,1,1,32,1,32ls03,M-O,1,0.209,0.0081,0.990466610049337,0.993953158142536,0.988318514454854,0.982830711742694,0.844185562037401,0.990466610049337,0.993953158142536,0.988318514454854,0.982830711742694,0.844185562037401,1.93438605811632,1.01181006644317
0.940440165315464,0.354285691122824,0,1,0,0,32,1,32ls03,M-O,1,0.1321,0.1454,0.612674636768505,0.637623942475531,0.560797027917896,0.773365875532586,0.361562395031844,0.387325363231495,0.362376057524469,0.439202972082104,0.226634124467414,0.638437604968156,0.940440165315464,0.354285691122824
-1.78165800478208,1.93317940126004,0,1,1,1,32,1,32ls03,M-O,1,0.0632,0.2784,0.998235576338502,0.999149400350868,0.998454940709426,0.998807025812719,0.973392949310767,0.998235576338502,0.999149400350868,0.998454940709426,0.998807025812719,0.973392949310767,1.78165800478208,1.93317940126004
-1.37531446450865,1.04124539661343,0,1,1,1,32,1,32ls03,M-O,1,0.223,0.0253,0.981469934974717,0.987714455382624,0.979028169016615,0.984043897701157,0.851119164224468,0.981469934974717,0.987714455382624,0.979028169016615,0.984043897701157,0.851119164224468,1.37531446450865,1.04124539661343
-0.991631793937255,1.39284534044018,0,1,1,1,32,1,32ls03,M-O,1,0.1471,0.0085,0.985067586999179,0.991197232541732,0.985899667314249,0.993739468800396,0.918166717877408,0.985067586999179,0.991197232541732,0.985899667314249,0.993739468800396,0.918166717877408,0.991631793937255,1.39284534044018
-1.93780070971526,2.10120728599545,0,1,1,1,32,1,32ls03,M-O,1,0.0555,0.0254,0.999088274433306,0.999588195753725,0.999233694391604,0.999325790634313,0.982188612947397,0.999088274433306,0.999588195753725,0.999233694391604,0.999325790634313,0.982188612947397,1.93780070971526,2.10120728599545
-2.14826741735879,1.07192774077119,0,1,1,1,32,1,32ls03,M-O,1,0.0336,0.0085,0.993711566528529,0.996270114510642,0.992391903451629,0.985229507091191,0.858123755441598,0.993711566528529,0.996270114510642,0.992391903451629,0.985229507091191,0.858123755441598,2.14826741735879,1.07192774077119
0.412721281843481,-0.149855963734007,0,0,0,1,32,1,32ls03,M-O,1,0.0219,0.1837,0.718265127327893,0.742878931836574,0.670766849026481,0.83006122835932,0.440439127573204,0.281734872672107,0.257121068163426,0.329233150973519,0.16993877164068,0.559560872426796,0.412721281843481,0.149855963734007
-1.15305168770516,1.77744765444796,0,1,1,1,32,1,32ls03,M-O,1,0.0861,0.0083,0.994265953050238,0.997040703812976,0.995143351580845,0.998022387510525,0.962252691972318,0.994265953050238,0.997040703812976,0.995143351580845,0.998022387510525,0.962252691972318,1.15305168770516,1.77744765444796
-0.270829883689052,0.669548227360089,1,1,1,1,32,1,32ls03,M-O,1,0.6028,0.0083,0.915499049439189,0.937283306603419,0.910134002339524,0.96195282659939,0.748427086395888,0.915499049439189,0.937283306603419,0.910134002339524,0.96195282659939,0.748427086395888,0.270829883689052,0.669548227360089
0.398131406829844,0.812403829743013,1,1,1,1,32,1,32ls03,M-O,1,0.1882,0.1424,0.936144970076714,0.954581899562507,0.933592028041093,0.972359876971646,0.791720025286844,0.936144970076714,0.954581899562507,0.933592028041093,0.972359876971646,0.791720025286844,0.398131406829844,0.812403829743013
0.738044452360327,1.4831813537213,1,1,1,1,32,1,32ls03,M-O,1,0.1491,0.0692,0.984159238745743,0.990940983616242,0.985974218079568,0.995165462259295,0.930986883050354,0.984159238745743,0.990940983616242,0.985974218079568,0.995165462259295,0.930986883050354,0.738044452360327,1.4831813537213
1.26731545019546,1.57511238489342,1,1,1,1,32,1,32ls03,M-O,1,0.2343,0.1292,0.992241858433141,0.995711784136136,0.992833024690371,0.99631201962166,0.942384747088239,0.992241858433141,0.995711784136136,0.992833024690371,0.99631201962166,0.942384747088239,1.26731545019546,1.57511238489342
-2.42920011708946,1.98630799719295,0,1,1,1,32,1,32ls03,M-O,1,0.3414,0.0085,0.999498744792311,0.999775842007194,0.999532899882569,0.999001140489188,0.976500432399012,0.999498744792311,0.999775842007194,0.999532899882569,0.999001140489188,0.976500432399012,2.42920011708946,1.98630799719295
-1.77110362711264,0.929072138388263,0,1,1,1,32,1,32ls03,M-O,1,0.141,0.0083,0.986240318896332,0.990842842141507,0.982968503118327,0.978990672525321,0.823574148800134,0.986240318896332,0.990842842141507,0.982968503118327,0.978990672525321,0.823574148800134,1.77110362711264,0.929072138388263
1.46536524293377,1.87111870513753,1,1,1,1,32,1,32ls03,M-O,1,0.2036,0.169,0.996808077575027,0.998413494361744,0.997269730677554,0.998536880037209,0.969335685265684,0.996808077575027,0.998413494361744,0.997269730677554,0.998536880037209,0.969335685265684,1.46536524293377,1.87111870513753
1.44487733334015,1.95443663969826,1,1,1,1,32,1,32ls03,M-O,1,0.2666,0.0142,0.997301465071308,0.998696317507028,0.99776649085006,0.998888501219123,0.974675199424107,0.997301465071308,0.998696317507028,0.99776649085006,0.998888501219123,0.974675199424107,1.44487733334015,1.95443663969826
-2.24387766212901,1.0658376724601,0,1,1,1,32,1,32ls03,M-O,1,0.2138,0.0082,0.994447060081658,0.996816464142216,0.993325441358933,0.985000397552295,0.856751486042082,0.994447060081658,0.996816464142216,0.993325441358933,0.985000397552295,0.856751486042082,2.24387766212901,1.0658376724601
0.827446239677934,1.61405982175908,1,1,1,1,32,1,32ls03,M-O,1,0.3942,0.1014,0.988744534716904,0.993836790570171,0.99033589885763,0.996719312699571,0.946742774404565,0.988744534716904,0.993836790570171,0.99033589885763,0.996719312699571,0.946742774404565,0.827446239677934,1.61405982175908
-0.984492067866751,-0.398127748549316,1,0,0,1,32,1,32ls03,M-O,1,0.0638,0.1771,0.596502766315425,0.619757943000401,0.541831349328947,0.759948047397237,0.345268010536864,0.403497233684575,0.380242056999599,0.458168650671053,0.240051952602763,0.654731989463136,0.984492067866751,0.398127748549316
-1.6022335844016,1.9861339952412,0,1,1,1,32,1,32ls03,M-O,1,0.1906,0.0084,0.997976981886691,0.999037144903705,0.998308118966859,0.999000555064832,0.976490776287196,0.997976981886691,0.999037144903705,0.998308118966859,0.999000555064832,0.976490776287196,1.6022335844016,1.9861339952412
0.844209074799985,0.923533076257703,1,1,1,1,32,1,32ls03,M-O,1,0.1459,0.2462,0.96161952884019,0.973482760587521,0.958677057520138,0.978709477862591,0.822135264213157,0.96161952884019,0.973482760587521,0.958677057520138,0.978709477862591,0.822135264213157,0.844209074799985,0.923533076257703
-2.20134972857862,2.06597189076702,0,1,1,1,32,1,32ls03,M-O,1,0.2069,0.009,0.999370875485607,0.999717345281984,0.999444026174711,0.999238421762617,0.980584433087358,0.999370875485607,0.999717345281984,0.999444026174711,0.999238421762617,0.980584433087358,2.20134972857862,2.06597189076702
1.54948984141666,1.49507148709056,1,1,1,1,32,1,32ls03,M-O,1,0.1357,3.7456,0.993566986573175,0.99635965522222,0.993606143096256,0.995329767271575,0.932552106852195,0.993566986573175,0.99635965522222,0.993606143096256,0.995329767271575,0.932552106852195,1.54948984141666,1.49507148709056
0.643675899080631,1.03460432212181,1,1,1,1,32,1,32ls03,M-O,1,0.2562,0.2664,0.961952294989814,0.974734433790604,0.961649700356366,0.983776800600452,0.849573132649825,0.961952294989814,0.974734433790604,0.961649700356366,0.983776800600452,0.849573132649825,0.643675899080631,1.03460432212181
-1.09717557063165,0.734711958288719,0,1,1,1,32,1,32ls03,M-O,1,0.1718,0.0217,0.959625079800015,0.970312740699105,0.951927275371313,0.967040580230985,0.768742532045718,0.959625079800015,0.970312740699105,0.951927275371313,0.967040580230985,0.768742532045718,1.09717557063165,0.734711958288719
1.86301694277354,0.946762336815706,1,1,1,1,32,1,32ls03,M-O,1,0.2257,0.2457,0.988182366925687,0.992286146347836,0.985334731991143,0.979867770178205,0.828120051176984,0.988182366925687,0.992286146347836,0.985334731991143,0.979867770178205,0.828120051176984,1.86301694277354,0.946762336815706
1.05902170266034,1.47569926979625,1,1,1,1,32,1,32ls03,M-O,1,0.1441,0.3428,0.988108798868088,0.993187848268374,0.988974614597089,0.995059447384651,0.929987678959083,0.988108798868088,0.993187848268374,0.988974614597089,0.995059447384651,0.929987678959083,1.05902170266034,1.47569926979625
1.16891139957157,1.85131148296386,1,1,1,1,32,1,32ls03,M-O,1,0.1226,0.1188,0.995224819519665,0.997597299393926,0.996048663528394,0.998439564368503,0.967937622470611,0.995224819519665,0.997597299393926,0.996048663528394,0.998439564368503,0.967937622470611,1.16891139957157,1.85131148296386
-1.73913007123169,2.06165084229868,0,1,1,1,32,1,32ls03,M-O,1,0.1036,0.2084,0.998621661878677,0.999363697672551,0.998857096700491,0.999227017654963,0.980379505091659,0.998621661878677,0.999363697672551,0.998857096700491,0.999227017654963,0.980379505091659,1.73913007123169,2.06165084229868
0.0358679144699591,1.46612916245025,1,1,1,1,32,1,32ls03,M-O,1,0.0496,0.1454,0.973274814494881,0.984565075660549,0.977895663210853,0.994920830585041,0.928693448842372,0.973274814494881,0.984565075660549,0.977895663210853,0.994920830585041,0.928693448842372,0.0358679144699591,1.46612916245025
-1.297708746351,-0.15029096861337,1,0,0,1,32,1,32ls03,M-O,1,0.0299,0.4466,0.635334022796625,0.67745747570251,0.612889279448645,0.829951151407064,0.440267529032251,0.364665977203375,0.32254252429749,0.387110720551355,0.170048848592936,0.559732470967749,1.297708746351,0.15029096861337
-0.776198320331633,1.68740164441975,0,1,1,1,32,1,32ls03,M-O,1,0.2199,0.0141,0.989894595490437,0.994600030226013,0.991580627391648,0.997378118031532,0.954236926069488,0.989894595490437,0.994600030226013,0.991580627391648,0.997378118031532,0.954236926069488,0.776198320331633,1.68740164441975
0.0060673186974235,-0.931820734877564,0,1,0,0,32,1,32ls03,M-O,1,0.2134,0.0616,0.581156469791893,0.56067867232574,0.444198613842218,0.56845515623943,0.175714588506629,0.418843530208107,0.43932132767426,0.555801386157782,0.43154484376057,0.824285411493371,0.0060673186974235,0.931820734877564
-2.55119630603328,1.04217340702273,0,1,1,1,32,1,32ls03,M-O,1,0.1042,0.1127,0.996151015340937,0.998162536250066,0.995749323122252,0.984080919442192,0.851334355046875,0.996151015340937,0.998162536250066,0.995749323122252,0.984080919442192,0.851334355046875,2.55119630603328,1.04217340702273
-1.45167849117577,1.01088205603386,0,1,1,1,32,1,32ls03,M-O,1,0.0469,0.2899,0.982164785766447,0.988088740643798,0.979359344307271,0.982791215590205,0.843963558350482,0.982164785766447,0.988088740643798,0.979359344307271,0.982791215590205,0.843963558350482,1.45167849117577,1.01088205603386
0.333563449322684,1.33449668595491,1,1,1,1,32,1,32ls03,M-O,1,0.2214,0.031,0.971492740377209,0.982877882564144,0.974803955664722,0.992631121452716,0.90897943387831,0.971492740377209,0.982877882564144,0.974803955664722,0.992631121452716,0.90897943387831,0.333563449322684,1.33449668595491
0.816891862008494,0.921735056089668,1,1,1,1,32,1,32ls03,M-O,1,0.2855,0.0552,0.960590351297198,0.972764078226311,0.957731574126122,0.978617518474332,0.821666604911566,0.960590351297198,0.972764078226311,0.957731574126122,0.978617518474332,0.821666604911566,0.816891862008494,0.921735056089668
0.382299840325684,1.12256230872908,1,1,1,1,32,1,32ls03,M-O,1,0.3536,0.1281,0.960084623721222,0.97432820960657,0.962208183230738,0.987020531167953,0.869188284666432,0.960084623721222,0.97432820960657,0.962208183230738,0.987020531167953,0.869188284666432,0.382299840325684,1.12256230872908
-0.109409989921151,2.02621244479321,1,1,1,1,32,1,32ls03,M-O,1,0.4773,0.3122,0.992368432218286,0.996265679608602,0.994548798228592,0.999127382657015,0.978628490552679,0.992368432218286,0.996265679608602,0.994548798228592,0.999127382657015,0.978628490552679,0.109409989921151,2.02621244479321
-1.79066026808836,1.44269689961522,0,1,1,1,32,1,32ls03,M-O,1,0.1654,0.0084,0.994889974378144,0.997086010458624,0.994624307123746,0.99456670718857,0.925447063497528,0.994889974378144,0.997086010458624,0.994624307123746,0.99456670718857,0.925447063497528,1.79066026808836,1.44269689961522
-0.836109934749335,1.00174695356723,0,1,1,1,32,1,32ls03,M-O,1,0.4944,0.0226,0.965826285675873,0.977001604398556,0.964155525543775,0.982398264939244,0.841767088460308,0.965826285675873,0.977001604398556,0.964155525543775,0.982398264939244,0.841767088460308,0.836109934749335,1.00174695356723
-0.504888729652508,0.566974076806211,0,1,1,1,32,1,32ls03,M-O,1,0.1636,0.0087,0.917066124211332,0.936078332538806,0.905981283074497,0.952662590280941,0.71463410293602,0.917066124211332,0.936078332538806,0.905981283074497,0.952662590280941,0.71463410293602,0.504888729652508,0.566974076806211
-2.77221739134625,1.46453414455926,0,1,1,1,32,1,32ls03,M-O,1,0.1422,0.0084,0.998983452251908,0.999580979271253,0.998993360105364,0.994897394113317,0.928475969603373,0.998983452251908,0.999580979271253,0.998993360105364,0.994897394113317,0.928475969603373,2.77221739134625,1.46453414455926
-0.341916721521455,-0.7400705840542,0,1,0,0,32,1,32ls03,M-O,1,0.0676,0.0472,0.584214269884059,0.574420476544555,0.472718615728112,0.642142910819686,0.229628583278412,0.415785730115941,0.425579523455445,0.527281384271888,0.357857089180314,0.770371416721588,0.341916721521455,0.7400705840542
-2.49687230332293,1.86752266480146,0,1,1,1,32,1,32ls03,M-O,1,0.1045,0.032,0.999405593475201,0.999729684639914,0.999422156051162,0.998519634494171,0.969085682617231,0.999405593475201,0.999729684639914,0.999422156051162,0.998519634494171,0.969085682617231,2.49687230332293,1.86752266480146
0.330459220596378,-0.130889750993765,0,0,0,1,32,1,32ls03,M-O,1,0.0453,0.0083,0.731119329383952,0.754946299017802,0.683443560334752,0.834816135770692,0.447931261225695,0.268880670616048,0.245053700982198,0.316556439665248,0.165183864229308,0.552068738774306,0.330459220596378,0.130889750993765
1.12886684900222,0.796047646278951,1,1,1,1,32,1,32ls03,M-O,1,0.5208,0.0085,0.964268120865547,0.974239163041528,0.958018743974403,0.97130383078641,0.786997828888509,0.964268120865547,0.974239163041528,0.958018743974403,0.97130383078641,0.786997828888509,1.12886684900222,0.796047646278951
1.9316203976249,1.59631162268106,1,1,1,1,32,1,32ls03,M-O,1,0.0947,0.0088,0.997006710647463,0.998393303715674,0.996959442480439,0.996539011770869,0.944790381778219,0.997006710647463,0.998393303715674,0.996959442480439,0.996539011770869,0.944790381778219,1.9316203976249,1.59631162268106
0.333898462443328,-1.38990433952229,1,0,0,1,32,1,32ls04,O-M,1,0.5087,0.2861,0.417594618719374,0.375522440162717,0.263597782714475,0.387576496540025,0.0822789638502179,0.582405381280626,0.624477559837283,0.736402217285525,0.612423503459975,0.917721036149782,0.333898462443328,1.38990433952229
0.641417911827926,-2.1097749811526,0,1,0,0,32,1,32ls04,O-M,1,0.7327,0.6417,0.210857665281453,0.16632239539005,0.0904504695397011,0.157325240444427,0.0174388712192626,0.789142334718547,0.83367760460995,0.909549530460299,0.842674759555573,0.982561128780737,0.641417911827926,2.1097749811526
1.32347656234437,1.30891211512796,1,1,1,1,32,1,32ls04,O-M,1,0.212,0.1935,0.987764622950968,0.992583810046598,0.987472319772913,0.992092894648995,0.904717938855867,0.987764622950968,0.992583810046598,0.987472319772913,0.992092894648995,0.904717938855867,1.32347656234437,1.30891211512796
0.264616685323392,-1.48085824120305,1,1,0,0,32,1,32ls04,O-M,1,0.0666,0.0108,0.401989060940889,0.359357277285981,0.24529894231363,0.353237287825639,0.0693221763720735,0.598010939059111,0.640642722714019,0.75470105768637,0.646762712174361,0.930677823627927,0.264616685323392,1.48085824120305
1.17699591930008,-0.250652396968065,1,1,1,1,32,1,32ls04,O-M,1,0.1838,0.1058,0.927822376196553,0.939663332287715,0.901645069039697,0.912277775580086,0.598958566201402,0.927822376196553,0.939663332287715,0.901645069039697,0.912277775580086,0.598958566201402,1.17699591930008,0.250652396968065
1.10066706313446,0.232055169972484,1,1,1,1,32,1,32ls04,O-M,1,0.1413,0.0394,0.921083266632443,0.933391806135858,0.893106232773956,0.909277383134616,0.591752418172532,0.921083266632443,0.933391806135858,0.893106232773956,0.909277383134616,0.591752418172532,1.10066706313446,0.232055169972484
1.92656732709371,0.497466726071629,1,1,1,1,32,1,32ls04,O-M,1,0.1014,0.0007,0.976251513877887,0.983691857262163,0.968118167534783,0.945392328061574,0.690570019234152,0.976251513877887,0.983691857262163,0.968118167534783,0.945392328061574,0.690570019234152,1.92656732709371,0.497466726071629
-0.384062590783235,-1.7108815898223,1,0,0,1,32,1,32ls04,O-M,1,0.0672,0.0008,0.328336155319071,0.281976288422265,0.178340675963186,0.272052097547479,0.0435514869124326,0.671663844680929,0.718023711577735,0.821659324036814,0.727947902452521,0.956448513087567,0.384062590783235,1.7108815898223
0.873536515456209,-0.158767226669413,1,1,1,1,32,1,32ls04,O-M,1,0.1157,0.0008,0.896606317183414,0.910335241435136,0.862336905777159,0.896710877928552,0.563073864713495,0.896606317183414,0.910335241435136,0.862336905777159,0.896710877928552,0.563073864713495,0.873536515456209,0.158767226669413
0.45906386639881,-2.34104002126238,1,0,0,1,32,1,32ls04,O-M,1,0.087,0.001,0.175351557388391,0.143684372609637,0.0700190633757424,0.108084975286434,0.0096150528077792,0.824648442611609,0.856315627390363,0.929980936624258,0.891915024713566,0.990384947192221,0.45906386639881,2.34104002126238
-0.938229806766851,1.41538716044025,0,1,1,1,32,1,32ls04,O-M,1,0.2472,0.0007,0.984933963557994,0.991186751305878,0.985989390725747,0.994126427238645,0.92152249395699,0.984933963557994,0.991186751305878,0.985989390725747,0.994126427238645,0.92152249395699,0.938229806766851,1.41538716044025
2.05248673950676,0.731215149162454,1,1,1,1,32,1,32ls04,O-M,1,0.183,0.0711,0.986364644595796,0.991255992695683,0.982396095293092,0.966782578123674,0.767676125828535,0.986364644595796,0.991255992695683,0.982396095293092,0.966782578123674,0.767676125828535,2.05248673950676,0.731215149162454
1.75636441796148,1.4808863865653,1,1,1,1,32,1,32ls04,O-M,1,0.1386,0.0007,0.995030463501653,0.997196305988779,0.994869953541482,0.995133162161711,0.930681574366042,0.995030463501653,0.997196305988779,0.994869953541482,0.995133162161711,0.930681574366042,1.75636441796148,1.4808863865653
1.24021662843422,0.547134385692521,1,1,1,1,32,1,32ls04,O-M,1,0.081,0.0008,0.954108446955219,0.964482642422759,0.941065908185094,0.950671291549414,0.707856794887528,0.954108446955219,0.964482642422759,0.941065908185094,0.950671291549414,0.707856794887528,1.24021662843422,0.547134385692521
0.0464182378347363,-2.74210637270108,1,1,0,0,32,1,32ls04,O-M,1,0.1367,0.0008,0.120832070364952,0.125641805789024,0.0497805533956463,0.0507272067689807,0.0030523284329337,0.879167929635048,0.874358194210975,0.950219446604354,0.949272793231019,0.996947671567066,0.0464182378347363,2.74210637270108
1.22017740365822,1.10434344206441,1,1,1,1,32,1,32ls04,O-M,1,0.053,0.1531,0.98019431149667,0.987110884704512,0.978611758122822,0.986398993622622,0.865277907555991,0.98019431149667,0.987110884704512,0.978611758122822,0.986398993622622,0.865277907555991,1.22017740365822,1.10434344206441
0.402919236635647,-2.38853472077486,1,0,0,1,32,1,32ls04,O-M,1,0.1927,0.1164,0.169252581040428,0.14148055029138,0.067315111437646,0.0995234844899361,0.0084578549345912,0.830747418959572,0.85851944970862,0.932684888562354,0.900476515510064,0.991542145065409,0.402919236635647,2.38853472077486
1.84423540359288,1.6016408840186,1,1,1,1,32,1,32ls04,O-M,1,0.076,0.2245,0.996612442319154,0.998174015420633,0.996608928024671,0.996594064149656,0.945382477729326,0.996612442319154,0.998174015420633,0.996608928024671,0.996594064149656,0.945382477729326,1.84423540359288,1.6016408840186
-0.722206383675011,-2.33265860370135,1,0,0,1,32,1,32ls04,O-M,1,0.3195,0.1448,0.160923223921966,0.122531786839138,0.0604388186130719,0.10964928678189,0.0098330352476003,0.839076776078034,0.877468213160862,0.939561181386928,0.89035071321811,0.9901669647524,0.722206383675011,2.33265860370135
1.38382623927471,-0.26989861507116,1,1,1,1,32,1,32ls04,O-M,1,0.1672,0.0008,0.94168826826953,0.952553171042276,0.919132105180412,0.915304274274956,0.60638087366778,0.94168826826953,0.952553171042276,0.919132105180412,0.915304274274956,0.60638087366778,1.38382623927471,0.26989861507116
0.0612084037330901,-0.800721727269449,1,1,0,0,32,1,32ls04,O-M,1,0.0729,0.0007,0.606592226438717,0.592322650971484,0.482348603937148,0.619261377783858,0.21164638065557,0.393407773561283,0.407677349028516,0.517651396062852,0.380738622216142,0.78835361934443,0.0612084037330901,0.800721727269449
1.0645616581473,0.399373098320366,1,1,1,1,32,1,32ls04,O-M,1,0.1264,0.3276,0.934028541735393,0.946476149908966,0.914350158665298,0.933662480598064,0.65519084350706,0.934028541735393,0.946476149908966,0.914350158665298,0.933662480598064,0.65519084350706,1.0645616581473,0.399373098320366
2.09207218352882,1.34523159122574,1,1,1,1,32,1,32ls04,O-M,1,0.1608,0.1707,0.996057020096436,0.997763749252369,0.995561498475963,0.992847161113079,0.910724771361698,0.996057020096436,0.997763749252369,0.995561498475963,0.992847161113079,0.910724771361698,2.09207218352882,1.34523159122574
2.14592578759401,1.52372474298832,1,1,1,1,32,1,32ls04,O-M,1,0.116,0.0007,0.997522777241375,0.998673692741081,0.997354112840808,0.99570542203743,0.936211257064708,0.997522777241375,0.998673692741081,0.997354112840808,0.99570542203743,0.936211257064708,2.14592578759401,1.52372474298832
-0.612643154726029,-0.931720179519553,1,0,0,1,32,1,32ls04,O-M,1,0.0703,0.0009,0.500723817661144,0.480789962827687,0.380529533905234,0.568494679643105,0.175740577465165,0.499276182338856,0.519210037172313,0.619470466094766,0.431505320356895,0.824259422534835,0.612643154726029,0.931720179519553
1.92462430529923,0.881770242388284,1,1,1,1,32,1,32ls04,O-M,1,0.1737,0.3373,0.987765323058155,0.992006568227288,0.984535367695625,0.976485194821342,0.811049466569588,0.987765323058155,0.992006568227288,0.984535367695625,0.976485194821342,0.811049466569588,1.92462430529923,0.881770242388284
-0.304543698835614,-2.54405657996278,1,0,0,1,32,1,32ls04,O-M,1,0.1882,0.1201,0.144659222970149,0.12752635646022,0.0560474590177968,0.0749629327621509,0.0054786667091676,0.855340777029851,0.87247364353978,0.943952540982203,0.925037067237849,0.994521333290832,0.304543698835614,2.54405657996278
-0.818835467544257,0.687135101248912,0,1,1,1,32,1,32ls04,O-M,1,0.2986,0.0007,0.94446153739076,0.958559333453615,0.93598231699259,0.963385299563846,0.754001201754825,0.94446153739076,0.958559333453615,0.93598231699259,0.963385299563846,0.754001201754825,0.818835467544257,0.687135101248912
1.71634396906005,0.363053622222588,1,1,1,1,32,1,32ls04,O-M,1,0.0994,0.2656,0.963209695090695,0.972510926267089,0.949172476067748,0.92885505559191,0.641717585826131,0.963209695090695,0.972510926267089,0.949172476067748,0.92885505559191,0.641717585826131,1.71634396906005,0.363053622222588
0.657658093990824,1.7742360012012,1,1,1,1,32,1,32ls04,O-M,1,0.1791,0.0342,0.990731447065499,0.995176703490541,0.992580624123862,0.99800213855483,0.961987939212853,0.990731447065499,0.995176703490541,0.992580624123862,0.99800213855483,0.961987939212853,0.657658093990824,1.7742360012012
-0.434987161994037,0.99228078504477,0,1,1,1,32,1,32ls04,O-M,1,0.3112,0.0173,0.952491094568787,0.968101605663295,0.952905618548928,0.981983018960446,0.839469713037197,0.952491094568787,0.968101605663295,0.952905618548928,0.981983018960446,0.839469713037197,0.434987161994037,0.99228078504477
-0.942927859463975,1.05933212553298,0,1,1,1,32,1,32ls04,O-M,1,0.2165,0.0009,0.971748140079813,0.981335049635014,0.970412379361817,0.984752289809156,0.855275725399098,0.971748140079813,0.981335049635014,0.970412379361817,0.984752289809156,0.855275725399098,0.942927859463975,1.05933212553298
2.0443956487506,0.229261364118809,1,1,1,1,32,1,32ls04,O-M,1,0.259,0.2627,0.966706628424804,0.978602253151996,0.956402000036998,0.908820140533379,0.590667109635665,0.966706628424804,0.978602253151996,0.956402000036998,0.908820140533379,0.590667109635665,2.0443956487506,0.229261364118809
1.39873240647423,1.84749579914201,1,1,1,1,32,1,32ls04,O-M,1,0.1437,0.0078,0.996330331944017,0.99815854810145,0.99686402078136,0.998420152834742,0.96766234180085,0.996330331944017,0.99815854810145,0.99686402078136,0.998420152834742,0.96766234180085,1.39873240647423,1.84749579914201
-0.196836490705249,1.09099525854129,0,1,1,1,32,1,32ls04,O-M,1,0.2839,0.0771,0.952620330822571,0.969269360612969,0.95573071951054,0.98592746861377,0.862362515530488,0.952620330822571,0.969269360612969,0.95573071951054,0.98592746861377,0.862362515530488,0.196836490705249,1.09099525854129
0.0897447238193259,1.85525637095778,0,1,1,1,32,1,32ls04,O-M,1,0.1286,0.0726,0.98850471139771,0.994089040647734,0.991415245325084,0.998459404362878,0.968220187362352,0.98850471139771,0.994089040647734,0.991415245325084,0.998459404362878,0.968220187362352,0.0897447238193259,1.85525637095778
1.73220714699417,0.019725925093169,1,1,1,1,32,1,32ls04,O-M,1,0.5591,0.3217,0.939543066254108,0.95443614940026,0.915371789806146,0.869491180905859,0.507868995216151,0.939543066254108,0.95443614940026,0.915371789806146,0.869491180905859,0.507868995216151,1.73220714699417,0.019725925093169
1.12534633995701,0.258751537018714,1,1,1,1,32,1,32ls04,O-M,1,0.2899,0.1197,0.925253263560681,0.937392713542147,0.898972387477106,0.913561067391161,0.602086523760094,0.925253263560681,0.937392713542147,0.898972387477106,0.913561067391161,0.602086523760094,1.12534633995701,0.258751537018714
1.70303281975153,0.388508297778296,1,1,1,1,32,1,32ls04,O-M,1,0.2282,0.0736,0.964121118825805,0.973165501642939,0.950562084203765,0.932251495121795,0.651180042673428,0.964121118825805,0.973165501642939,0.950562084203765,0.932251495121795,0.651180042673428,1.70303281975153,0.388508297778296
0.579995222861821,0.294450167371231,1,1,1,1,32,1,32ls04,O-M,1,0.2069,0.2857,0.890350439703034,0.908187298558539,0.864854096599714,0.919050523409949,0.615793031498898,0.890350439703034,0.908187298558539,0.864854096599714,0.919050523409949,0.615793031498898,0.579995222861821,0.294450167371231
1.92665432806959,-0.228612373011294,1,1,1,1,32,1,32ls04,O-M,1,0.1359,0.1156,0.962971296811734,0.974480836136091,0.94987050466851,0.908713680538473,0.5904148965218,0.962971296811734,0.974480836136091,0.94987050466851,0.908713680538473,0.5904148965218,1.92665432806959,0.228612373011294
0.74419506465884,-0.282315529976383,1,1,1,1,32,1,32ls04,O-M,1,0.2233,0.223,0.901147121658649,0.916828287136935,0.874503692082949,0.917214871512365,0.611149210744925,0.901147121658649,0.916828287136935,0.874503692082949,0.917214871512365,0.611149210744925,0.74419506465884,0.282315529976383
1.51859075090147,1.66000038407314,1,1,1,1,32,1,32ls04,O-M,1,0.0559,0.0152,0.995244511008325,0.99745790915792,0.995571501986346,0.997147428385429,0.951542812365787,0.995244511008325,0.99745790915792,0.995571501986346,0.997147428385429,0.951542812365787,1.51859075090147,1.66000038407314
-0.259013188128917,-0.468879676427361,1,1,0,0,32,1,32ls04,O-M,1,0.0422,0.0008,0.66111090271326,0.667149725504952,0.576274799105996,0.737410845285943,0.319577822035059,0.33888909728674,0.332850274495048,0.423725200894004,0.262589154714057,0.680422177964941,0.259013188128917,0.468879676427361
1.34728582940819,1.26203826136074,1,1,1,1,32,1,32ls04,O-M,1,0.1989,0.2095,0.987024525550146,0.992009359860776,0.986442035260886,0.991016596095686,0.896532490508285,0.987024525550146,0.992009359860776,0.986442035260886,0.991016596095686,0.896532490508285,1.34728582940819,1.26203826136074
-0.713738288690071,-2.48693877139875,1,0,0,1,32,1,32ls04,O-M,1,0.1241,0.0949,0.134056474878901,0.101904547006511,0.0465883440941965,0.0833821832142899,0.0064423786284917,0.865943525121099,0.898095452993489,0.953411655905803,0.91661781678571,0.993557621371508,0.713738288690071,2.48693877139875
-0.666032753586558,-1.005290400333,1,0,0,1,32,1,32ls04,O-M,1,0.4405,0.2681,0.475240923041045,0.451003114009057,0.351266456223049,0.539420067784447,0.157378518093038,0.524759076958955,0.548996885990943,0.648733543776951,0.460579932215553,0.842621481906962,0.666032753586558,1.005290400333
1.73040912682614,0.320525688672199,1,1,1,1,32,1,32ls04,O-M,1,0.1524,0.1865,0.961302328382968,0.971095214516132,0.946343055925234,0.922890882839847,0.625715070009972,0.961302328382968,0.971095214516132,0.946343055925234,0.922890882839847,0.625715070009972,1.73040912682614,0.320525688672199
-0.229287854705755,-1.42994889009163,1,0,0,1,32,1,32ls04,O-M,1,0.2346,0.1846,0.419876037116384,0.37879923425591,0.262681885810197,0.372331087160537,0.0763658443092003,0.580123962883616,0.62120076574409,0.737318114189803,0.627668912839463,0.9236341556908,0.229287854705755,1.42994889009163
0.74320905359895,1.69476774580777,1,1,1,1,32,1,32ls04,O-M,1,0.1406,0.1922,0.989761191296914,0.994539824382487,0.991521053697408,0.997437188776772,0.954940255795975,0.989761191296914,0.994539824382487,0.991521053697408,0.997437188776772,0.954940255795975,0.74320905359895,1.69476774580777
0.429367533300938,1.02642730103413,0,1,1,1,32,1,32ls04,O-M,1,0.362,0.0008,0.95481129506153,0.969997679312306,0.955695311498839,0.983442676043013,0.847654892581607,0.95481129506153,0.969997679312306,0.955695311498839,0.983442676043013,0.847654892581607,0.429367533300938,1.02642730103413
0.430150542083792,1.55135237865244,0,1,1,1,32,1,32ls04,O-M,1,0.1476,0.0007,0.98238931565296,0.990132298247182,0.985257535041614,0.996041810009467,0.93959136957492,0.98238931565296,0.990132298247182,0.985257535041614,0.996041810009467,0.93959136957492,0.430150542083792,1.55135237865244
-0.845399765510712,0.791126763580156,0,1,1,1,32,1,32ls04,O-M,1,0.1784,0.0174,0.953200349275219,0.966221590810533,0.947484897160463,0.970979621513822,0.785564988597154,0.953200349275219,0.966221590810533,0.947484897160463,0.970979621513822,0.785564988597154,0.845399765510712,0.791126763580156
-0.833393630840284,1.00469769994999,0,1,1,1,32,1,32ls04,O-M,1,0.1042,0.001,0.965906434550901,0.977078968339343,0.964288660387972,0.982526021746678,0.842478781987295,0.965906434550901,0.977078968339343,0.964288660387972,0.982526021746678,0.842478781987295,0.833393630840284,1.00469769994999
-1.04213797228411,0.405891978645608,0,1,1,1,32,1,32ls04,O-M,1,0.0771,0.0007,0.933274003411435,0.945920268838242,0.913805572398765,0.934498084116197,0.657589013958139,0.933274003411435,0.945920268838242,0.913805572398765,0.934498084116197,0.657589013958139,1.04213797228411,0.405891978645608
-0.51294003637595,-0.128656208024247,0,1,1,1,32,1,32ls04,O-M,1,0.055,0.0007,0.862380446531008,0.879573092258606,0.825666633198225,0.891197083689384,0.551185155865583,0.862380446531008,0.879573092258606,0.825666633198225,0.891197083689384,0.551185155865583,0.51294003637595,0.128656208024247
0.558969987025926,-0.898815355020712,0,0,0,1,32,1,32ls04,O-M,1,0.2918,0.1768,0.515927011308523,0.497650725696845,0.396559736354086,0.581388879880933,0.184375509926933,0.484072988691477,0.502349274303155,0.603440263645914,0.418611120119067,0.815624490073067,0.558969987025926,0.898815355020712
-0.622822268903132,-0.274554958160619,0,1,1,1,32,1,32ls04,O-M,1,0.1158,0.0011,0.891112350724171,0.908262417168252,0.864205224396074,0.916024587104917,0.608170912500697,0.891112350724171,0.908262417168252,0.864205224396074,0.916024587104917,0.608170912500697,0.622822268903132,0.274554958160619
0.524749603182675,0.500260531925304,0,1,1,1,32,1,32ls04,O-M,1,0.3366,0.0007,0.910966972838043,0.929918047517268,0.896875530510782,0.945700671495901,0.691554179556375,0.910966972838043,0.929918047517268,0.896875530510782,0.945700671495901,0.691554179556375,0.524749603182675,0.500260531925304
0.601281461625334,-2.76756104825679,0,1,0,0,32,1,32ls04,O-M,1,0.2576,0.0007,0.0956036501492168,0.0773798928251125,0.030294103809581,0.0481264149100629,0.0028238733361293,0.904396349850783,0.922620107174887,0.969705896190419,0.951873585089937,0.997176126663871,0.601281461625334,2.76756104825679
1.59996566366771,1.53614165789354,1,1,1,1,32,1,32ls04,O-M,1,0.2979,0.2349,0.994471785914223,0.996920256017113,0.994543059365962,0.995859648059269,0.937748179393439,0.994471785914223,0.996920256017113,0.994543059365962,0.995859648059269,0.937748179393439,1.59996566366771,1.53614165789354
1.2530347722128,-0.490609277511501,0,0,0,1,32,1,32ls04,O-M,1,0.2428,0.4025,0.544446765372594,0.567368667172219,0.490469882593347,0.730277979530782,0.311851411685654,0.455553234627406,0.432631332827781,0.509530117406653,0.269722020469218,0.688148588314346,1.2530347722128,0.490609277511501
-0.0390167204722256,1.45263790515592,0,1,1,1,32,1,32ls04,O-M,1,0.3072,0.0426,0.972621641969191,0.98412389217097,0.977265078872358,0.994719538185075,0.926837842051707,0.972621641969191,0.98412389217097,0.977265078872358,0.994719538185075,0.926837842051707,0.0390167204722256,1.45263790515592
-0.875183099584456,0.0101028160416211,0,1,1,1,32,1,32ls04,O-M,1,0.2201,0.0008,0.878148092628541,0.890767364852966,0.833169805546437,0.867438902446683,0.504030371908748,0.878148092628541,0.890767364852966,0.833169805546437,0.867438902446683,0.504030371908748,0.875183099584456,0.0101028160416211
-0.184221349203712,-0.60236151165851,1,1,0,0,32,1,32ls04,O-M,1,0.4727,0.1616,0.638654239193057,0.636075135684192,0.537432711148905,0.692131662229387,0.273466761924678,0.361345760806943,0.363924864315808,0.462567288851095,0.307868337770613,0.726533238075322,0.184221349203712,0.60236151165851
1.81862811636102,0.243540816259816,1,1,1,1,32,1,32ls04,O-M,1,0.202,0.215,0.960019698349142,0.970985375938516,0.944786488150396,0.911139287563031,0.596206765046705,0.960019698349142,0.970985375938516,0.944786488150396,0.911139287563031,0.596206765046705,1.81862811636102,0.243540816259816
-0.662755716828687,-0.201295160219803,0,1,1,1,32,1,32ls04,O-M,1,0.2532,0.0008,0.884987260651295,0.90112369464844,0.853157148800895,0.904148606253274,0.579766106649617,0.884987260651295,0.90112369464844,0.853157148800895,0.904148606253274,0.579766106649617,0.662755716828687,0.201295160219803
-0.458419424829076,0.225225866774612,0,1,1,1,32,1,32ls04,O-M,1,0.246,0.0389,0.871555604686568,0.890588587662896,0.84217237169944,0.90815666523872,0.589098216212921,0.871555604686568,0.890588587662896,0.84217237169944,0.90815666523872,0.589098216212921,0.458419424829076,0.225225866774612
0.921822057065541,-2.73900214397478,0,0,0,1,32,1,32ls04,O-M,1,0.1616,0.0008,0.0881311884740939,0.0627400503585881,0.0253677026974942,0.0510518927482168,0.0030812985781849,0.911868811525906,0.937259949641412,0.974632297302506,0.948948107251783,0.996918701421815,0.921822057065541,2.73900214397478
0.923823079510612,1.11520824260648,1,1,1,1,32,1,32ls04,O-M,1,0.3081,0.0008,0.973801176398461,0.983019173167415,0.97314163364647,0.9867726661229,0.867619402643183,0.973801176398461,0.983019173167415,0.97314163364647,0.9867726661229,0.867619402643183,0.923823079510612,1.11520824260648
0.160795520782006,-1.67549338234242,1,0,0,1,32,1,32ls04,O-M,1,0.2673,0.3297,0.361870493078407,0.321748325255099,0.205947509049693,0.283921811637657,0.0469187342023591,0.638129506921593,0.678251674744901,0.794052490950307,0.716078188362343,0.953081265797641,0.160795520782006,1.67549338234242
0.991712841016586,0.0634955501340805,1,1,1,1,32,1,32ls04,O-M,1,0.2033,0.0894,0.894755743007497,0.907263042668359,0.854999544006107,0.878547954927083,0.525314048712807,0.894755743007497,0.907263042668359,0.854999544006107,0.878547954927083,0.525314048712807,0.991712841016586,0.0634955501340805
1.69671074883812,1.90213022472499,1,1,1,1,32,1,32ls04,O-M,1,0.2485,0.0308,0.99784398914327,0.998946210087737,0.998113940307254,0.998678166475547,0.971422934023382,0.99784398914327,0.998946210087737,0.998113940307254,0.998678166475547,0.971422934023382,1.69671074883812,1.90213022472499
2.14844881589431,1.80683040282741,1,1,1,1,32,1,32ls04,O-M,1,0.091,0.0007,0.998698591687038,0.999360447237366,0.998740790371007,0.998199169503623,0.964605636625832,0.998698591687038,0.999360447237366,0.998740790371007,0.998199169503623,0.964605636625832,2.14844881589431,1.80683040282741
-0.467612527946288,-1.11766348022527,1,1,0,0,32,1,32ls04,O-M,1,0.26,0.0009,0.471502657655783,0.43946651170013,0.332583438913034,0.49465422281045,0.131855372831919,0.528497342344217,0.56053348829987,0.667416561086966,0.50534577718955,0.868144627168081,0.467612527946288,1.11766348022527
2.12513255436044,1.49889091317787,1,1,1,1,32,1,32ls04,O-M,1,0.1955,0.2254,0.997295078331045,0.998536741155727,0.997092342818529,0.995381478978786,0.933049032948623,0.997295078331045,0.998536741155727,0.997092342818529,0.995381478978786,0.933049032948623,2.12513255436044,1.49889091317787
-0.701761154344934,-1.49203346461775,1,0,0,1,32,1,32ls04,O-M,1,0.464,0.0411,0.348593997352035,0.301206025640576,0.205941756308429,0.349093027317208,0.0678451863375693,0.651406002647965,0.698793974359424,0.794058243691571,0.650906972682792,0.932154813662431,0.701761154344934,1.49203346461775
-0.933879757973217,-1.15118915046937,1,0,0,1,32,1,32ls04,O-M,1,0.1245,0.1279,0.406407585104089,0.376006436621178,0.284037899650327,0.481286123866307,0.124827213853714,0.593592414895911,0.623993563378822,0.715962100349673,0.518713876133693,0.875172786146286,0.933879757973217,1.15118915046937
1.46421514098106,-0.329189383743601,1,0,1,0,32,1,32ls04,O-M,1,0.331,0.4807,0.95021549762775,0.960418417932916,0.931241208799666,0.924135730296296,0.628993726638837,0.95021549762775,0.960418417932916,0.931241208799666,0.924135730296296,0.628993726638837,1.46421514098106,0.329189383743601
-0.201940547956445,-0.404311718920201,1,1,0,0,32,1,32ls04,O-M,1,0.519,0.1554,0.683266314335737,0.692143769674871,0.604117512747228,0.758021198214237,0.342991754480912,0.316733685664263,0.307856230325129,0.395882487252772,0.241978801785763,0.657008245519088,0.201940547956445,0.404311718920201
0.208443055234939,-2.75235032749789,1,0,0,1,32,1,32ls04,O-M,1,0.2656,0.3201,0.112664179443287,0.108580927280618,0.0426498598641432,0.0496673970143387,0.0029584593267112,0.887335820556713,0.891419072719382,0.957350140135857,0.950332602985661,0.997041540673289,0.208443055234939,2.75235032749789
-0.851489833821799,-0.306838936914199,0,1,1,1,32,1,32ls04,O-M,1,0.3751,0.0007,0.911552578979045,0.926108982025426,0.886427160503114,0.920892750425105,0.62051701524027,0.911552578979045,0.926108982025426,0.886427160503114,0.920892750425105,0.62051701524027,0.851489833821799,0.306838936914199
1.9431555131601,0.7184878113846,1,1,1,1,32,1,32ls04,O-M,1,0.1609,0.071,0.984049569477273,0.989348513536067,0.979194249227875,0.965829445006568,0.763771719706547,0.984049569477273,0.989348513536067,0.979194249227875,0.965829445006568,0.763771719706547,1.9431555131601,0.7184878113846
0.837605112420796,0.175247784281089,1,1,1,1,32,1,32ls04,O-M,1,0.1743,0.2248,0.895728252830311,0.90986108003103,0.862388156231752,0.899641413490282,0.569557530586757,0.895728252830311,0.90986108003103,0.862388156231752,0.899641413490282,0.569557530586757,0.837605112420796,0.175247784281089
-0.252488114938467,-2.20507480305018,1,0,0,1,32,1,32ls04,O-M,1,0.1859,0.1784,0.218835393396881,0.189445614439736,0.0981257521060492,0.135489331015501,0.0137244229375703,0.781164606603119,0.810554385560264,0.901874247893951,0.864510668984499,0.98627557706243,0.252488114938467,2.20507480305018
-1.06101718404848,-0.115618447373763,0,1,1,1,32,1,32ls04,O-M,1,0.2691,0.0007,0.906183934045393,0.918587860021488,0.870779846850216,0.888745128559505,0.546022528966497,0.906183934045393,0.918587860021488,0.870779846850216,0.888745128559505,0.546022528966497,1.06101718404848,0.115618447373763
1.56081522452501,-0.261827620382765,1,1,1,1,32,1,32ls04,O-M,1,0.4343,0.0007,0.950179055109155,0.960748346696983,0.930248597187352,0.914044770879417,0.603272828149285,0.950179055109155,0.960748346696983,0.930248597187352,0.914044770879417,0.603272828149285,1.56081522452501,0.261827620382765
0.339959530429125,-1.3473764059719,1,0,0,1,32,1,32ls04,O-M,1,0.1396,0.2234,0.42801416473205,0.38703298348724,0.275098861897563,0.403958851732123,0.088929517745298,0.57198583526795,0.61296701651276,0.724901138102437,0.596041148267877,0.911070482254702,0.339959530429125,1.3473764059719
-0.373999477907296,-0.696109219192944,1,0,0,1,32,1,32ls04,O-M,1,0.3069,0.4506,0.591049346105352,0.584382745332609,0.484982268758199,0.658419685406393,0.243180216699597,0.408950653894648,0.415617254667391,0.515017731241801,0.341580314593607,0.756819783300403,0.373999477907296,0.696109219192944
-0.42886809335766,1.98625482320788,0,1,1,1,32,1,32ls04,O-M,1,0.5302,0.0008,0.993185245118,0.996661448383231,0.994978496311187,0.999000961620309,0.97649748190145,0.993185245118,0.996661448383231,0.994978496311187,0.999000961620309,0.97649748190145,0.42886809335766,1.98625482320788
0.0161418982310471,1.33933355664576,0,1,1,1,32,1,32ls04,O-M,1,0.4026,0.0007,0.965732587748648,0.97943141758423,0.970700148806842,0.99272916519559,0.909768945420056,0.965732587748648,0.97943141758423,0.970700148806842,0.99272916519559,0.909768945420056,0.0161418982310471,1.33933355664576
1.65434127358813,0.469839090407507,1,1,1,1,32,1,32ls04,O-M,1,0.6756,0.281,0.966627044717849,0.975022323086912,0.954569053830167,0.942268098763365,0.680765008062555,0.966627044717849,0.975022323086912,0.954569053830167,0.942268098763365,0.680765008062555,1.65434127358813,0.469839090407507
-1.00121851329866,0.102919254958164,0,1,1,1,32,1,32ls04,O-M,1,0.1822,0.0161,0.900145915125823,0.91277725047346,0.863194323637538,0.886319057692014,0.540986472197864,0.900145915125823,0.91277725047346,0.863194323637538,0.886319057692014,0.540986472197864,1.00121851329866,0.102919254958164
1.45658805542955,1.35268174016887,1,1,1,1,32,1,32ls04,O-M,1,0.3785,0.0007,0.990408060569237,0.994285407229793,0.990116140002058,0.992993792008569,0.911921336830817,0.990408060569237,0.994285407229793,0.990116140002058,0.992993792008569,0.911921336830817,1.45658805542955,1.35268174016887
0.0197089382418266,1.00128304835106,0,1,1,1,32,1,32ls04,O-M,1,0.302,0.1206,0.939456778253175,0.959679804016805,0.943140005541595,0.982378107148896,0.841655007040012,0.939456778253175,0.959679804016805,0.943140005541595,0.982378107148896,0.841655007040012,0.0197089382418266,1.00128304835106
-0.0323756459806118,1.45294832802855,0,1,1,1,32,1,32ls04,O-M,1,0.4531,0.0826,0.972536067350959,0.984074678508152,0.977208798270482,0.994724248376039,0.926880949380516,0.972536067350959,0.984074678508152,0.977208798270482,0.994724248376039,0.926880949380516,0.0323756459806118,1.45294832802855
0.96349552450855,0.94354439404177,1,1,1,1,32,1,32ls04,O-M,1,0.5201,0.434,0.966599127652614,0.977052427659836,0.963562093346279,0.979710572162613,0.827298740440711,0.966599127652614,0.977052427659836,0.963562093346279,0.979710572162613,0.827298740440711,0.96349552450855,0.94354439404177
1.2956652503904,0.700172861899396,1,1,1,1,32,1,32ls04,O-M,1,0.3083,0.4739,0.965222516555673,0.974289355474452,0.956807009633203,0.964418513210102,0.758090321319119,0.965222516555673,0.974289355474452,0.956807009633203,0.964418513210102,0.758090321319119,1.2956652503904,0.700172861899396
1.04083939205935,1.25831318688918,1,1,1,1,32,1,32ls04,O-M,1,0.3107,0.2184,0.981767025097234,0.98874144892278,0.981847251328714,0.99092579961517,0.895860743024365,0.981767025097234,0.98874144892278,0.981847251328714,0.99092579961517,0.895860743024365,1.04083939205935,1.25831318688918
0.553111921317166,-0.100097303742234,1,1,1,1,32,1,32ls04,O-M,1,0.5913,0.121,0.861802078584462,0.878119629509432,0.822742044036158,0.88577486520056,0.53986646205741,0.861802078584462,0.878119629509432,0.822742044036158,0.88577486520056,0.53986646205741,0.553111921317166,0.100097303742234
1.44524892824081,1.41787054342129,1,1,1,1,32,1,32ls04,O-M,1,0.2388,0.185,0.991422101438093,0.995002486034029,0.991380160275944,0.994167732565927,0.921885718089381,0.991422101438093,0.995002486034029,0.991380160275944,0.994167732565927,0.921885718089381,1.44524892824081,1.41787054342129
0.340249533682033,-0.879258714044985,1,0,0,1,32,1,32ls04,O-M,1,0.2554,0.2831,0.549305270252531,0.530749286299072,0.424464351567159,0.589012108917128,0.189630507920642,0.450694729747469,0.469250713700928,0.575535648432841,0.410987891082872,0.810369492079358,0.340249533682033,0.879258714044985
0.69628652727829,1.50137429615892,1,1,1,1,32,1,32ls04,O-M,1,0.1933,0.1612,0.984166023828771,0.990998127936714,0.98613322139259,0.995414827092362,0.933370610871503,0.984166023828771,0.990998127936714,0.98613322139259,0.995414827092362,0.933370610871503,0.69628652727829,1.50137429615892
-0.613397163183592,-2.507737103865,1,0,0,1,32,1,32ls04,O-M,1,0.2169,0.2085,0.135547864831722,0.106452618617008,0.0479670369010671,0.0802377846832959,0.0060753515777633,0.864452135168278,0.893547381382992,0.952032963098933,0.919762215316704,0.993924648422237,0.613397163183592,2.507737103865
-0.546435412086927,1.91578883112074,0,1,1,1,32,1,32ls04,O-M,1,0.2952,0.0007,0.992636791538633,0.996326433749743,0.994410658934807,0.998736343689399,0.972304010022987,0.992636791538633,0.996326433749743,0.994410658934807,0.998736343689399,0.972304010022987,0.546435412086927,1.91578883112074
1.42216466930927,0.128994776259133,1,1,1,1,32,1,32ls04,O-M,1,0.2555,0.0007,0.93210551311779,0.943923001017414,0.903775899679492,0.891260234978145,0.551319108881448,0.93210551311779,0.943923001017414,0.903775899679492,0.891260234978145,0.551319108881448,1.42216466930927,0.128994776259133
0.719051782631638,0.799197758268551,1,1,1,1,32,1,32ls04,O-M,1,0.14,0.0098,0.948620067347746,0.963076670947382,0.943660744919255,0.971509788491811,0.787912124195471,0.948620067347746,0.963076670947382,0.943660744919255,0.971509788491811,0.787912124195471,0.719051782631638,0.799197758268551
0.869679472192521,0.140169999673833,1,1,1,1,32,1,32ls04,O-M,1,0.0928,0.0009,0.894086607813147,0.907733388831919,0.858530934660261,0.893329915344404,0.555737162673492,0.894086607813147,0.907733388831919,0.858530934660261,0.893329915344404,0.555737162673492,0.869679472192521,0.140169999673833
0.643128931020088,1.94062266093119,1,1,1,1,32,1,32ls04,O-M,1,0.1584,0.0007,0.993563454195786,0.996821019381722,0.99510979446964,0.998836156865719,0.973847968310701,0.993563454195786,0.996821019381722,0.99510979446964,0.998836156865719,0.973847968310701,0.643128931020088,1.94062266093119
0.644984951838705,0.390370835014079,1,1,1,1,32,1,32ls04,O-M,1,0.1067,0.0007,0.906451796789936,0.923726056730025,0.886239924103983,0.932495011111281,0.651868824589596,0.906451796789936,0.923726056730025,0.886239924103983,0.932495011111281,0.651868824589596,0.644984951838705,0.390370835014079
0.741005028876842,1.63268317128165,1,1,1,1,32,1,32ls04,O-M,1,0.1502,0.0916,0.98831128154827,0.993638313028751,0.990130002211481,0.996899379955517,0.94873217569615,0.98831128154827,0.993638313028751,0.990130002211481,0.996899379955517,0.94873217569615,0.741005028876842,1.63268317128165
0.533536701745815,-1.34365133150033,1,1,0,0,32,1,32ls04,O-M,1,0.1144,0.018,0.405231051534222,0.362895290986013,0.258611107994628,0.405402317239059,0.0895305810569612,0.594768948465778,0.637104709013987,0.741388892005372,0.594597682760941,0.910469418943039,0.533536701745815,1.34365133150033
0.18634480736328,-0.269277769325899,0,1,1,1,32,1,32ls04,O-M,1,0.4818,0.0523,0.856003077074788,0.879724494479923,0.832175857018895,0.915207883518769,0.606142030959967,0.856003077074788,0.879724494479923,0.832175857018895,0.915207883518769,0.606142030959967,0.18634480736328,0.269277769325899
-0.353235244999018,0.496845880326368,0,1,1,1,32,1,32ls04,O-M,1,0.21,0.0508,0.89981847195633,0.921390867041034,0.886942758329692,0.945323619629566,0.690351130855459,0.89981847195633,0.921390867041034,0.886942758329692,0.945323619629566,0.690351130855459,0.353235244999018,0.496845880326368
-0.15841105969482,-2.39225979524642,1,0,0,1,32,1,32ls04,O-M,1,0.6123,0.1691,0.183374861513115,0.166745539268497,0.0791312925781483,0.0988735747028394,0.0083724924435164,0.816625138486885,0.833254460731503,0.920868707421852,0.901126425297161,0.991627507556484,0.15841105969482,2.39225979524642
1.35352089934573,0.848244572144182,1,0,1,0,32,1,32ls04,O-M,1,0.3043,0.1459,0.973958557750115,0.981627831574274,0.968764128531551,0.974561025618675,0.801849110471841,0.973958557750115,0.981627831574274,0.968764128531551,0.974561025618675,0.801849110471841,1.35352089934573,0.848244572144182
-0.119521623479736,-0.759745908082213,1,1,0,0,32,1,32ls04,O-M,1,0.2643,0.0009,0.608840168601551,0.596787318516068,0.489756684269094,0.634771354099559,0.223703240832495,0.391159831398449,0.403212681483932,0.510243315730906,0.365228645900441,0.776296759167505,0.119521623479736,0.759745908082213
0.78035847029658,1.05064028509932,1,1,1,1,32,1,32ls04,O-M,1,0.1865,0.08,0.966862354759004,0.978076218871996,0.966077359341806,0.984415306306684,0.85328808425651,0.966862354759004,0.978076218871996,0.966077359341806,0.984415306306684,0.85328808425651,0.78035847029658,1.05064028509932
1.45603704924903,0.216223603468325,1,1,1,1,32,1,32ls04,O-M,1,0.1721,0.2025,0.941401971312718,0.952491149340471,0.917721938366712,0.906663730920584,0.58559327210329,0.941401971312718,0.952491149340471,0.917721938366712,0.906663730920584,0.58559327210329,1.45603704924903,0.216223603468325
-0.088201272165575,-2.43944407188627,1,0,0,1,32,1,32ls04,O-M,1,0.1557,0.2642,0.177472354807949,0.167014972502128,0.0775113879993101,0.0909085783579184,0.0073549397274673,0.822527645192051,0.832985027497872,0.92248861200069,0.909091421642082,0.992645060272533,0.088201272165575,2.43944407188627
1.47433625450758,1.80434701984636,1,1,1,1,32,1,32ls04,O-M,1,0.1245,0.2101,0.996327663044413,0.998132060309781,0.996777533145011,0.998184804121128,0.964411538513441,0.996327663044413,0.998132060309781,0.996777533145011,0.998184804121128,0.964411538513441,1.47433625450758,1.80434701984636
1.00702501277018,1.34088567100891,1,1,1,1,32,1,32ls04,O-M,1,0.2836,0.0285,0.983785622513845,0.990269098960903,0.984382535413031,0.992760381986434,0.910021212418379,0.983785622513845,0.990269098960903,0.984382535413031,0.992760381986434,0.910021212418379,1.00702501277018,1.34088567100891
1.41909063482843,0.0026526670984872,1,1,1,1,32,1,32ls04,O-M,1,0.1782,0.1288,0.919774888062571,0.9327859121191,0.885019122432822,0.865834848121232,0.501058259820317,0.919774888062571,0.9327859121191,0.885019122432822,0.865834848121232,0.501058259820317,1.41909063482843,0.0026526670984872
-0.497250860393578,-1.26759772770584,1,0,0,1,32,1,32ls04,O-M,1,0.1104,0.2333,0.429160196340047,0.389925868375002,0.283762537456788,0.435127526028836,0.102470821911415,0.570839803659953,0.610074131624998,0.716237462543212,0.564872473971164,0.897529178088585,0.497250860393578,1.26759772770584
0.274505796247586,-1.66866407914455,1,1,0,0,32,1,32ls04,O-M,1,0.1386,0.0008,0.351100501696957,0.307318008351538,0.197147336627808,0.28624067134826,0.047591985892638,0.648899498303043,0.692681991648462,0.802852663372192,0.71375932865174,0.952408014107362,0.274505796247586,1.66866407914455
0.258120612458233,-0.820588791117806,1,0,0,1,32,1,32ls04,O-M,1,0.1657,0.0258,0.575067610827872,0.559768556747846,0.453345281846152,0.611670047044481,0.205940267226996,0.424932389172128,0.440231443252154,0.546654718153848,0.388329952955519,0.794059732773004,0.258120612458233,0.820588791117806
1.57659140148325,0.966515686616432,1,1,1,1,32,1,32ls04,O-M,1,0.4346,0.3781,0.983479331886025,0.988891988556513,0.980240381616171,0.980810268046203,0.833106899317621,0.983479331886025,0.988891988556513,0.980240381616171,0.980810268046203,0.833106899317621,1.57659140148325,0.966515686616432
1.52610183515182,1.4250102694918,1,1,1,1,32,1,32ls04,O-M,1,0.2545,0.32,0.992370959274215,0.995574084547867,0.992252209709669,0.994285053501651,0.922922883712169,0.992370959274215,0.995574084547867,0.992252209709669,0.994285053501651,0.922922883712169,1.52610183515182,1.4250102694918
0.204557011645959,-1.23810755480593,1,1,0,0,32,1,32ls04,O-M,1,0.307,0.3979,0.474196606616557,0.43855112986548,0.321460774394256,0.446762827490431,0.107838091496722,0.525803393383443,0.56144887013452,0.678539225605744,0.553237172509569,0.892161908503278,0.204557011645959,1.23810755480593
-0.376145501978822,0.32611330037955,0,1,1,1,32,1,32ls04,O-M,1,0.3416,0.0007,0.879117389141673,0.900131435751822,0.856923059205578,0.923695505859483,0.627830682800972,0.879117389141673,0.900131435751822,0.856923059205578,0.923695505859483,0.627830682800972,0.376145501978822,0.32611330037955
0.0483032589786441,0.365226582331003,0,1,1,1,32,1,32ls04,O-M,1,0.3773,0.1515,0.860514332910388,0.887161675962473,0.844355031628403,0.929150004805185,0.642528861497189,0.860514332910388,0.887161675962473,0.844355031628403,0.929150004805185,0.642528861497189,0.0483032589786441,0.365226582331003
-0.291029547250059,-0.202226428837694,0,1,1,1,32,1,32ls04,O-M,1,0.6429,0.0007,0.8541949975509,0.875514113630623,0.824576847764351,0.904306948674854,0.580130143640175,0.8541949975509,0.875514113630623,0.824576847764351,0.904306948674854,0.580130143640175,0.291029547250059,0.202226428837694
0.221000196085894,-2.41305812771267,1,0,0,1,32,1,32ls04,O-M,1,0.2167,0.0648,0.175151213071009,0.156195648722117,0.0733460789158986,0.0953019132935719,0.0079096482249015,0.824848786928991,0.843804351277883,0.926653921084101,0.904698086706428,0.992090351775099,0.221000196085894,2.41305812771267
-0.488724764758056,-0.355885750789831,0,1,1,1,32,1,32ls04,O-M,1,0.2504,0.0575,0.891360055605974,0.91077961265227,0.870061408692709,0.927875429514657,0.639036936330888,0.891360055605974,0.91077961265227,0.870061408692709,0.927875429514657,0.639036936330888,0.488724764758056,0.355885750789831
1.54503904756677,1.83073296401996,1,1,1,1,32,1,32ls04,O-M,1,0.5302,0.1041,0.996851086329596,0.99841543756202,0.997234625514225,0.998332240958605,0.966429794819202,0.996851086329596,0.99841543756202,0.997234625514225,0.998332240958605,0.966429794819202,1.54503904756677,1.83073296401996
-0.92190262362808,0.470770359025399,0,1,1,1,32,1,32ls04,O-M,1,0.389,0.0007,0.93192036246077,0.945706446684313,0.915152993226518,0.942375651059259,0.681097633130468,0.93192036246077,0.945706446684313,0.915152993226518,0.942375651059259,0.681097633130468,0.92190262362808,0.470770359025399
0.0682264824534855,1.81521182038843,0,1,1,1,32,1,32ls04,O-M,1,0.303,0.056,0.987269765900141,0.993373673734692,0.99040314449044,0.998246892550191,0.965254318063789,0.987269765900141,0.993373673734692,0.99040314449044,0.998246892550191,0.965254318063789,0.0682264824534855,1.81521182038843
1.46888419335289,0.826514971060041,1,1,1,1,32,1,32ls04,O-M,1,0.2912,0.114,0.976341948372405,0.983300013878555,0.970933245495082,0.973244754699786,0.795743985464835,0.976341948372405,0.983300013878555,0.970933245495082,0.973244754699786,0.795743985464835,1.46888419335289,0.826514971060041
-0.347957185796076,-2.01323346776449,1,0,0,1,32,1,32ls04,O-M,1,0.2164,0.2305,0.256495080084845,0.216542793317459,0.121915822389329,0.181682910955298,0.0220450369600762,0.743504919915155,0.783457206682541,0.878084177610671,0.818317089044702,0.977954963039924,0.347957185796076,2.01323346776449
1.02433820696884,0.333563449322684,1,1,1,1,32,1,32ls04,O-M,1,0.1546,0.1037,0.925726068473615,0.93860968130966,0.902643795971369,0.9247583774228,0.630645498401741,0.925726068473615,0.93860968130966,0.902643795971369,0.9247583774228,0.630645498401741,1.02433820696884,0.333563449322684
-0.558876551636719,-1.69908552066234,1,1,0,0,32,1,32ls04,O-M,1,0.5491,0.1137,0.31304760677123,0.263636923604564,0.167859218153377,0.275981123886584,0.0446515355722411,0.68695239322877,0.736363076395436,0.832140781846623,0.724018876113416,0.955348464427759,0.558876551636719,1.69908552066234
0.243011442981679,-2.28919940153307,1,0,0,1,32,1,32ls04,O-M,1,0.2829,0.1628,0.200453357959045,0.175017048137908,0.0872158060499786,0.118021336882523,0.0110338846815382,0.799546642040954,0.824982951862092,0.912784193950021,0.881978663117477,0.988966115318462,0.243011442981679,2.28919940153307
0.856542324835748,1.34336905398995,1,1,1,1,32,1,32ls04,O-M,1,0.1912,0.3925,0.981381794360271,0.988839255819396,0.982472438572494,0.992810083051524,0.910423748911541,0.981381794360271,0.988839255819396,0.982472438572494,0.992810083051524,0.910423748911541,0.856542324835748,1.34336905398995
1.6207008962507,0.293518898753339,1,1,1,1,32,1,32ls04,O-M,1,0.2055,0.2247,0.955088090494037,0.965271212330858,0.937345176656859,0.918910744648464,0.615437221903706,0.955088090494037,0.965271212330858,0.937345176656859,0.918910744648464,0.615437221903706,1.6207008962507,0.293518898753339
-0.263189234970805,1.8301121182747,0,1,1,1,32,1,32ls04,O-M,1,0.3067,0.1138,0.989067510351513,0.994362633836764,0.991681079051702,0.998328901014625,0.966383412384796,0.989067510351513,0.994362633836764,0.991681079051702,0.998328901014625,0.966383412384796,0.263189234970805,1.8301121182747
-0.950061939485534,1.76057739480545,0,1,1,1,32,1,32ls04,O-M,1,0.5808,0.1284,0.992655569935654,0.996177529865493,0.993901765252995,0.997913903979977,0.960845021277297,0.992655569935654,0.996177529865493,0.993901765252995,0.997913903979977,0.960845021277297,0.950061939485534,1.76057739480545
-0.15583003074393,-2.08121607687058,1,0,0,1,32,1,32ls04,O-M,1,0.3797,0.154,0.256199129833104,0.226462355824348,0.12387796666551,0.164296241806929,0.0187070663292942,0.743800870166896,0.773537644175653,0.87612203333449,0.835703758193071,0.981292933670706,0.15583003074393,2.08121607687058
-0.542897372401439,1.30518704065639,0,1,1,1,32,1,32ls04,O-M,1,0.4089,0.0472,0.974091558139016,0.984285359137973,0.976322633909838,0.992011712798197,0.904085417047392,0.974091558139016,0.984285359137973,0.976322633909838,0.992011712798197,0.904085417047392,0.542897372401439,1.30518704065639
1.04054938880644,0.609218960218637,1,1,1,1,32,1,32ls04,O-M,1,0.3349,0.2492,0.949065361387435,0.961051088379319,0.937681034283785,0.956688063967339,0.728810342767288,0.949065361387435,0.961051088379319,0.937681034283785,0.956688063967339,0.728810342767288,1.04054938880644,0.609218960218637
0.253277558134654,-1.7828996962726,1,0,0,1,32,1,32ls04,O-M,1,0.2025,0.2023,0.323432810878114,0.281407762418076,0.173277607232379,0.248684107044207,0.0373013162749661,0.676567189121886,0.718592237581924,0.826722392767621,0.751315892955793,0.962698683725034,0.253277558134654,1.7828996962726
0.293994014843064,1.51937882277149,0,1,1,1,32,1,32ls04,O-M,1,0.545,0.13,0.979401557232431,0.988326800252792,0.982825013263061,0.99565024169697,0.935666415311967,0.979401557232431,0.988326800252792,0.982825013263061,0.99565024169697,0.935666415311967,0.293994014843064,1.51937882277149
0.276854822596148,0.112542364009712,0,1,1,1,32,1,32ls04,O-M,1,0.4137,0.0007,0.838654310762585,0.858902056214317,0.80237479640843,0.88816089927565,0.544803309270215,0.838654310762585,0.858902056214317,0.80237479640843,0.88816089927565,0.544803309270215,0.276854822596148,0.112542364009712
1.1699198399291,1.20336833843356,1,1,1,1,32,1,32ls04,O-M,1,0.3307,0.0007,0.982403776588464,0.988927153328977,0.981777708719932,0.989490180674386,0.885583092770233,0.982403776588464,0.988927153328977,0.981777708719932,0.989490180674386,0.885583092770233,1.1699198399291,1.20336833843356
1.4077225073144,1.91765136835652,1,1,1,1,32,1,32ls04,O-M,1,0.2064,3.1317,0.996914037610532,0.998488867466443,0.997425043913292,0.998744092873234,0.97242238399003,0.996914037610532,0.998488867466443,0.997425043913292,0.998744092873234,0.97242238399003,1.4077225073144,1.91765136835652
1.48387736152828,1.93099955187964,1,1,1,1,32,1,32ls04,O-M,1,0.1772,0.3626,0.997289829525282,0.998681212978075,0.997725602360716,0.99879836892425,0.973258446083004,0.997289829525282,0.998681212978075,0.997725602360716,0.99879836892425,0.973258446083004,1.48387736152828,1.93099955187964
-0.929268706251966,-0.476640248243125,1,0,0,1,32,1,32ls04,O-M,1,0.0861,0.0007,0.581403644826876,0.598570687770472,0.516984917072997,0.734874516169975,0.316809158995983,0.418596355173124,0.401429312229528,0.483015082927003,0.265125483830025,0.683190841004017,0.929268706251966,0.476640248243125
-0.935387774888344,0.914675066887126,0,1,1,1,32,1,32ls04,O-M,1,0.3725,0.0007,0.964137185581828,0.975127455881941,0.960697386284102,0.978253182027328,0.819818881310352,0.964137185581828,0.975127455881941,0.960697386284102,0.978253182027328,0.819818881310352,0.935387774888344,0.914675066887126
-0.693061056757667,-0.440941617890609,1,1,0,0,32,1,32ls04,O-M,1,0.6168,0.136,0.616652281740525,0.631475841742706,0.547724833550914,0.746437692416915,0.329627631655778,0.383347718259475,0.368524158257294,0.452275166449086,0.253562307583085,0.670372368344222,0.693061056757667,0.440941617890609
1.13163941054513,-1.5727434115017,0,0,0,1,32,1,32ls04,O-M,1,0.2538,0.824,0.285682266097286,0.238357064088022,0.16105820037992,0.319720610510798,0.0578891217420246,0.714317733902714,0.761642935911978,0.83894179962008,0.680279389489202,0.942110878257975,1.13163941054513,1.5727434115017
0.771397369781695,1.11427697398859,1,1,1,1,32,1,32ls04,O-M,1,0.2114,0.2966,0.969942851166778,0.980537944603691,0.969891916118384,0.986740988327487,0.867419808963982,0.969942851166778,0.980537944603691,0.969891916118384,0.986740988327487,0.867419808963982,0.771397369781695,1.11427697398859
-0.763589847865111,0.712589776804619,0,1,1,1,32,1,32ls04,O-M,1,0.6168,0.0539,0.943905961846436,0.958513152481715,0.936411806109984,0.965380185981072,0.761950180156907,0.943905961846436,0.958513152481715,0.936411806109984,0.965380185981072,0.761950180156907,0.763589847865111,0.712589776804619
1.83933434861872,1.44363564184963,1,1,1,1,32,1,32ls04,O-M,1,0.5159,0.2013,0.995252522449162,0.997302646194393,0.994971858073183,0.994581305474758,0.925579253195242,0.995252522449162,0.997302646194393,0.994971858073183,0.994581305474758,0.925579253195242,1.83933434861872,1.44363564184963
-0.33632805535443,0.975517949922719,0,1,1,1,32,1,32ls04,O-M,1,0.4211,0.0413,0.947866963644756,0.964856948508177,0.948747803583188,0.981227194715238,0.835348298862104,0.947866963644756,0.964856948508177,0.948747803583188,0.981227194715238,0.835348298862104,0.33632805535443,0.975517949922719
1.09121295708963,-2.17589505302291,0,0,0,1,32,1,32ls04,O-M,1,0.7642,0.3383,0.166875265612858,0.120230831114711,0.064892285694382,0.141942710894429,0.0147815544021301,0.833124734387142,0.879769168885289,0.935107714305618,0.858057289105571,0.98521844559787,1.09121295708963,2.17589505302291
1.66298337052482,0.115336169863387,1,1,1,1,32,1,32ls04,O-M,1,0.166,0.2899,0.944147723396157,0.956765047037231,0.921179584975632,0.88869160784976,0.545910664879491,0.944147723396157,0.956765047037231,0.921179584975632,0.88869160784976,0.545910664879491,1.66298337052482,0.115336169863387
-0.0236755483933448,1.77361515545594,0,1,1,1,32,1,32ls04,O-M,1,0.255,0.1204,0.985691909498289,0.992453229161675,0.989123899967979,0.99799820257873,0.961936585451845,0.985691909498289,0.992453229161675,0.989123899967979,0.99799820257873,0.961936585451845,0.0236755483933448,1.77361515545594
-1.03456888738319,0.60549388574707,0,1,1,1,32,1,32ls04,O-M,1,0.3528,0.0819,0.948519915525579,0.960587131812209,0.93700940304548,0.956344599441549,0.727574556978926,0.948519915525579,0.960587131812209,0.93700940304548,0.956344599441549,0.727574556978926,1.03456888738319,0.60549388574707
1.46697017188369,1.72363707296241,1,1,1,1,32,1,32ls04,O-M,1,0.5537,0.3135,0.995565967542103,0.997679689718797,0.995997559982158,0.997657280017244,0.957613309249034,0.995565967542103,0.997679689718797,0.995997559982158,0.997657280017244,0.957613309249034,1.46697017188369,1.72363707296241
0.185068793050481,1.4321499955623,0,1,1,1,32,1,32ls04,O-M,1,0.2318,0.0239,0.973865866456231,0.984769285497665,0.977885374715654,0.994400274841963,0.923949550565499,0.973865866456231,0.984769285497665,0.977885374715654,0.994400274841963,0.923949550565499,0.185068793050481,1.4321499955623
0.525764614567857,-0.105064069704323,0,1,1,1,32,1,32ls04,O-M,1,0.251,0.5619,0.86007466073475,0.876786488854722,0.821486464879171,0.886731431445767,0.541837515155647,0.86007466073475,0.876786488854722,0.821486464879171,0.886731431445767,0.541837515155647,0.525764614567857,0.105064069704323
-0.0768911453021279,-1.54697831307336,1,0,0,1,32,1,32ls04,O-M,1,0.3304,0.1625,0.406645046401696,0.368950935934798,0.246797011236447,0.328985905855832,0.0609342376128443,0.593354953598304,0.631049064065202,0.753202988763553,0.671014094144168,0.939065762387156,0.0768911453021279,1.54697831307336
-0.111140529470669,1.74443540542866,0,1,1,1,32,1,32ls04,O-M,1,0.2891,0.0562,0.985502371831024,0.992303966479745,0.988826527139254,0.997805077779247,0.959458402117289,0.985502371831024,0.992303966479745,0.988826527139254,0.997805077779247,0.959458402117289,0.111140529470669,1.74443540542866
-0.617196205796699,0.557999186234591,0,1,1,1,32,1,32ls04,O-M,1,0.1927,0.0007,0.922576494401631,0.940017275431412,0.910407349876681,0.951769912266589,0.711577530073114,0.922576494401631,0.940017275431412,0.910407349876681,0.951769912266589,0.711577530073114,0.617196205796699,0.557999186234591
0.931392164411535,-2.32800226061189,0,1,0,0,32,1,32ls04,O-M,1,0.2081,0.0007,0.149616107436096,0.108378974753847,0.0541254544705939,0.110525340289167,0.009955991814947,0.850383892563904,0.891621025246153,0.945874545529406,0.889474659710833,0.990044008185053,0.931392164411535,2.32800226061189
-0.212496666362329,1.59232819783968,0,1,1,1,32,1,32ls04,O-M,1,0.2765,0.111,0.981248596665203,0.989600128626256,0.984801972215265,0.99649734152057,0.94434450985673,0.981248596665203,0.989600128626256,0.984801972215265,0.99649734152057,0.94434450985673,0.212496666362329,1.59232819783968
0.402571232732156,1.09378906439497,0,1,1,1,32,1,32ls04,O-M,1,0.4782,0.2038,0.958717784147415,0.973194548068287,0.960474211394809,0.986027309258917,0.862976249317803,0.958717784147415,0.973194548068287,0.960474211394809,0.986027309258917,0.862976249317803,0.402571232732156,1.09378906439497
0.663893163928366,1.79193010494114,1,1,1,1,32,1,32ls04,O-M,1,0.5094,0.0008,0.991131044096267,0.995411158724331,0.992934773327656,0.99811140176154,0.963427918560042,0.991131044096267,0.995411158724331,0.992934773327656,0.99811140176154,0.963427918560042,0.663893163928366,1.79193010494114
0.333492457889256,-2.04675913800859,1,1,0,0,32,1,32ls04,O-M,1,0.1381,0.0182,0.249675951969601,0.211252484918375,0.117274269428606,0.172969395653939,0.0203408697746927,0.750324048030399,0.788747515081625,0.882725730571394,0.827030604346061,0.979659130225307,0.333492457889256,2.04675913800859
-0.522249140794325,-2.16658236684399,1,0,0,1,32,1,32ls04,O-M,1,0.4623,0.1625,0.207525260691059,0.167378938327236,0.0885070313117958,0.14404540867284,0.0151333565633704,0.792474739308941,0.832621061672764,0.911492968688204,0.85595459132716,0.98486664343663,0.522249140794325,2.16658236684399
0.960334489051843,-2.36028623936547,0,0,0,1,32,1,32ls04,O-M,1,0.339,0.2912,0.142500420904401,0.102159759267343,0.0503333891706361,0.104553809035102,0.0091304194726093,0.857499579095599,0.897840240732657,0.949666610829364,0.895446190964898,0.990869580527391,0.960334489051843,2.36028623936547
-0.350712216698711,1.43866887588754,0,1,1,1,32,1,32ls04,O-M,1,0.1694,0.0412,0.976800907887924,0.986520608813494,0.980081086600918,0.994503670241776,0.924877819166117,0.976800907887924,0.986520608813494,0.980081086600918,0.994503670241776,0.924877819166117,0.350712216698711,1.43866887588754
2.07681801242582,-0.188878245314579,1,1,1,1,32,1,32ls04,O-M,1,0.2333,0.2581,0.965291477633696,0.978280866469487,0.955241332391902,0.902018928991092,0.57490587780256,0.965291477633696,0.978280866469487,0.955241332391902,0.902018928991092,0.57490587780256,2.07681801242582,0.188878245314579
1.0085330296853,1.05343409095299,1,1,1,1,32,1,32ls04,O-M,1,0.2093,0.1521,0.973196590272185,0.982249637017882,0.971574048318041,0.98452431275248,0.853928956692664,0.973196590272185,0.982249637017882,0.971574048318041,0.98452431275248,0.853928956692664,1.0085330296853,1.05343409095299
1.0091710368417,1.93596631784173,1,1,1,1,32,1,32ls04,O-M,1,0.1488,0.1282,0.99534379557883,0.9977157997078,0.996325843274773,0.99881801039765,0.97356408681911,0.99534379557883,0.9977157997078,0.996325843274773,0.99881801039765,0.97356408681911,1.0091710368417,1.93596631784173
1.88532886453007,0.20256499707258,1,1,1,1,32,1,32ls04,O-M,1,0.2495,0.1059,0.959909351259097,0.971794917370416,0.945257548800993,0.904364467274128,0.580262474473767,0.959909351259097,0.971794917370416,0.945257548800993,0.904364467274128,0.580262474473767,1.88532886453007,0.20256499707258
1.36819506394292,1.31108507523637,1,1,1,1,32,1,32ls04,O-M,1,0.3151,0.1685,0.988440516393937,0.993002734779239,0.988086288316649,0.992139914883202,0.90508548874796,0.988440516393937,0.993002734779239,0.988086288316649,0.992139914883202,0.90508548874796,1.36819506394292,1.31108507523637
0.940498266552874,0.196977385365229,1,1,1,1,32,1,32ls04,O-M,1,0.5006,0.3697,0.906096385945986,0.919471507240526,0.874722818678361,0.903411941888153,0.578077382533676,0.906096385945986,0.919471507240526,0.874722818678361,0.903411941888153,0.578077382533676,0.940498266552874,0.196977385365229
-0.464828496718363,-2.32769183773926,1,0,0,1,32,1,32ls04,O-M,1,0.3662,0.1963,0.177688424337491,0.145292067979205,0.071262875575444,0.110583921747019,0.0099642364361766,0.822311575662509,0.854707932020795,0.928737124424556,0.889416078252981,0.990035763563823,0.464828496718363,2.32769183773926
-0.96656312457605,0.328596683360594,0,1,1,1,32,1,32ls04,O-M,1,0.4131,0.0663,0.921532466392876,0.93495063879515,0.897930732261872,0.924051058539335,0.628769722359695,0.921532466392876,0.93495063879515,0.897930732261872,0.924051058539335,0.628769722359695,0.96656312457605,0.328596683360594
-1.04454499928325,1.92944743751649,0,1,1,1,32,1,32ls04,O-M,1,0.3453,0.0481,0.995440990582614,0.997760278207229,0.996380401186949,0.998792169968086,0.973162330278991,0.995440990582614,0.997760278207229,0.996380401186949,0.998792169968086,0.973162330278991,1.04454499928325,1.92944743751649
0.495923279843531,0.724385845964581,0,1,1,1,32,1,32ls04,O-M,1,0.3235,0.3383,0.93239303158517,0.950432500082731,0.926812637482306,0.966273900089135,0.765585556534686,0.93239303158517,0.950432500082731,0.926812637482306,0.966273900089135,0.765585556534686,0.495923279843531,0.724385845964581
-1.04611101684896,1.45356917377381,0,1,1,1,32,1,32ls04,O-M,1,0.3516,0.0008,0.9874178262426,0.992736564700707,0.988267698945922,0.994733657547842,0.926967105728015,0.9874178262426,0.992736564700707,0.988267698945922,0.994733657547842,0.926967105728015,1.04611101684896,1.45356917377381
0.377572952331409,1.23410020282399,0,1,1,1,32,1,32ls04,O-M,1,0.5346,0.2015,0.966891215143234,0.979461195741511,0.969697927722713,0.990315797808233,0.891417216012593,0.966891215143234,0.979461195741511,0.969697927722713,0.990315797808233,0.891417216012593,0.377572952331409,1.23410020282399
1.40798351024202,-1.96015115654466,0,1,0,0,32,1,32ls04,O-M,1,0.3284,0.0481,0.184822928178031,0.136213119100011,0.0817734620133508,0.19602987940921,0.0249890627254835,0.815177071821969,0.863786880899989,0.918226537986649,0.80397012059079,0.975010937274516,1.40798351024202,1.96015115654466
-0.326786948333727,1.01742503772785,0,1,1,1,32,1,32ls04,O-M,1,0.3941,0.2339,0.950874060354803,0.967332619889854,0.952354069789648,0.983068036616285,0.845524361904545,0.950874060354803,0.967332619889854,0.952354069789648,0.983068036616285,0.845524361904545,0.326786948333727,1.01742503772785
1.99851713414041,0.834275542875806,1,1,1,1,32,1,32ls04,O-M,1,0.2638,0.1283,0.987896354704529,0.992186267238761,0.984559484552658,0.973721235757678,0.79793713480445,0.987896354704529,0.992186267238761,0.984559484552658,0.973721235757678,0.79793713480445,1.99851713414041,0.834275542875806
-1.05191108190714,-1.54542619871021,1,0,0,1,32,1,32ls04,O-M,1,0.2429,0.161,0.299499778016489,0.25217220808718,0.171329268457618,0.329547500158807,0.0611216036804289,0.700500221983511,0.74782779191282,0.828670731542382,0.670452499841193,0.938878396319571,1.05191108190714,1.54542619871021
1.44617693865012,-0.556108503636553,0,1,0,0,32,1,32ls04,O-M,1,0.3792,0.3542,0.507779219811997,0.530272615930071,0.454945310187437,0.708207157791327,0.289068341109916,0.492220780188003,0.469727384069929,0.545054689812563,0.291792842208673,0.710931658890084,1.44617693865012,0.556108503636553
1.69876977193377,1.22789174537138,1,1,1,1,32,1,32ls04,O-M,1,0.1511,0.0008,0.991157602228062,0.994561560947643,0.990110813939201,0.990153729378154,0.890256195677044,0.991157602228062,0.994561560947643,0.990110813939201,0.990153729378154,0.890256195677044,1.69876977193377,1.22789174537138
0.159693508420952,-2.08556199708741,1,0,0,1,32,1,32ls04,O-M,1,0.3335,0.2032,0.254794596497036,0.225032527391629,0.122864785822604,0.163222708613439,0.0185091583921311,0.745205403502964,0.774967472608371,0.877135214177396,0.836777291386561,0.981490841607869,0.159693508420952,2.08556199708741
0.814462852838666,-2.17899928174922,0,0,0,1,32,1,32ls04,O-M,1,0.2019,0.0576,0.184359653599105,0.139397680305801,0.0740487846002455,0.141246452962781,0.0146658607865619,0.815640346400895,0.860602319694199,0.925951215399754,0.858753547037219,0.985334139213438,0.814462852838666,2.17899928174922
1.70477283926899,0.533165356424145,1,1,1,1,32,1,32ls04,O-M,1,0.1667,0.3997,0.971356084891006,0.979020819034003,0.961374354792681,0.949229522556617,0.703040439729132,0.971356084891006,0.979020819034003,0.961374354792681,0.949229522556617,0.703040439729132,1.70477283926899,0.533165356424145
0.306029149838783,1.06398846862243,0,1,1,1,32,1,32ls04,O-M,1,0.5856,0.008,0.953777870973715,0.96972820234136,0.955895394793718,0.984930228342392,0.856333038292946,0.953777870973715,0.96972820234136,0.955895394793718,0.984930228342392,0.856333038292946,0.306029149838783,1.06398846862243
-0.0819082015774519,-0.676552578217218,1,0,0,1,32,1,32ls04,O-M,1,0.7112,0.1458,0.634219801527762,0.626785100532539,0.522892867383366,0.665569093216837,0.249344937864254,0.365780198472238,0.373214899467461,0.477107132616634,0.334430906783163,0.750655062135746,0.0819082015774519,0.676552578217218
0.519906548859097,-1.49793149919773,1,0,0,1,32,1,32ls04,O-M,1,0.0874,0.1201,0.367549577866366,0.320848737124417,0.218252766074254,0.346912975524767,0.0670755243828729,0.632450422133634,0.679151262875583,0.781747233925746,0.653087024475233,0.932924475617127,0.519906548859097,1.49793149919773
0.830036027519874,0.0777750022750871,1,1,1,1,32,1,32ls04,O-M,1,0.2366,0.1368,0.883054076462092,0.896524268761788,0.84280172905117,0.881404729083768,0.530996484251449,0.883054076462092,0.896524268761788,0.84280172905117,0.881404729083768,0.530996484251449,0.830036027519874,0.0777750022750871
0.921039048282687,1.47095285464112,1,1,1,1,32,1,32ls04,O-M,1,0.1515,0.1562,0.986244234518739,0.992104146696486,0.987472992278893,0.994991125614239,0.929348066390915,0.986244234518739,0.992104146696486,0.987472992278893,0.994991125614239,0.929348066390915,0.921039048282687,1.47095285464112
-0.987675361387818,1.42904576683599,0,1,1,1,32,1,32ls04,O-M,1,0.289,0.0427,0.986011106732633,0.991855291641934,0.9869584040524,0.994350434543971,0.923504460211451,0.986011106732633,0.991855291641934,0.9869584040524,0.994350434543971,0.923504460211451,0.987675361387818,1.42904576683599
1.87396073701604,-0.134243819731598,1,1,1,1,32,1,32ls04,O-M,1,0.1632,0.1632,0.954884966029248,0.96814869368641,0.938353058481566,0.892235940125324,0.553395111824889,0.954884966029248,0.96814869368641,0.938353058481566,0.892235940125324,0.553395111824889,1.87396073701604,0.134243819731598
0.815622865850302,0.731525572035085,1,1,1,1,32,1,32ls04,O-M,1,0.2096,0.1044,0.947689527924074,0.961520582053489,0.940526153891092,0.966805548873496,0.767770904617198,0.947689527924074,0.961520582053489,0.940526153891092,0.966805548873496,0.767770904617198,0.815622865850302,0.731525572035085
0.495459274638877,-2.18955365941866,1,0,0,1,32,1,32ls04,O-M,1,0.1552,0.2023,0.204520721082824,0.16589108971379,0.0867759091009055,0.138896515705118,0.0142783114667313,0.795479278917176,0.83410891028621,0.913224090899095,0.861103484294882,0.985721688533269,0.495459274638877,2.18955365941866
1.19694814310021,-0.17832386764514,1,1,1,1,32,1,32ls04,O-M,1,0.212,0.3154,0.922348641874573,0.934227414695057,0.892524262936515,0.900181608846024,0.570765682229188,0.922348641874573,0.934227414695057,0.892524262936515,0.900181608846024,0.570765682229188,1.19694814310021,0.17832386764514
1.39557137101752,-0.0777468569128325,1,1,1,1,32,1,32ls04,O-M,1,0.1256,0.1464,0.925711202287133,0.937918728943462,0.894234267857916,0.8813991453732,0.530985289772839,0.925711202287133,0.937918728943462,0.894234267857916,0.8813991453732,0.530985289772839,1.39557137101752,0.0777468569128325
-0.980338279089223,-0.295353290626868,0,1,1,1,32,1,32ls04,O-M,1,0.2423,0.0007,0.919191422330778,0.932455696127196,0.893850438538773,0.91918590390364,0.616137994428458,0.919191422330778,0.932455696127196,0.893850438538773,0.91918590390364,0.616137994428458,0.980338279089223,0.295353290626868
0.429280532325066,-0.461739950356858,1,1,0,0,32,1,32ls04,O-M,1,0.2979,0.2585,0.642113162897572,0.65103964338727,0.562699443760752,0.7397332517175,0.322133909106901,0.357886837102428,0.34896035661273,0.437300556239248,0.2602667482825,0.677866090893099,0.429280532325066,0.461739950356858
1.5048155963883,-0.383202963581321,1,1,1,1,32,1,32ls04,O-M,1,0.2292,0.1152,0.955690586282269,0.965346574221529,0.939207572690751,0.931554133658791,0.649215359590326,0.955690586282269,0.965346574221529,0.939207572690751,0.931554133658791,0.649215359590326,1.5048155963883,0.383202963581321
1.20828727028895,-0.10847872130326,1,1,1,1,32,1,32ls04,O-M,1,0.3276,0.09,0.916179636095883,0.928166110498582,0.882543655950581,0.887385747200379,0.543192020581141,0.916179636095883,0.928166110498582,0.882543655950581,0.887385747200379,0.543192020581141,1.20828727028895,0.10847872130326
1.67936855431417,1.90150937897973,1,1,1,1,32,1,32ls04,O-M,1,0.2368,0.0828,0.997785489592958,0.998916801102869,0.998067318733971,0.998675464787625,0.971382337400487,0.997785489592958,0.998916801102869,0.998067318733971,0.998675464787625,0.971382337400487,1.67936855431417,1.90150937897973
-0.693264059034703,0.857557258323099,0,1,1,1,32,1,32ls04,O-M,1,0.2931,0.0517,0.95186874669216,0.966081161109177,0.948365426602876,0.975108304689734,0.804431507561602,0.95186874669216,0.966081161109177,0.948365426602876,0.975108304689734,0.804431507561602,0.693264059034703,0.857557258323099
1.9785069096897,1.88071104651348,1,1,1,1,32,1,32ls04,O-M,1,0.199,0.0012,0.99853980125197,0.9992898923891,0.998656931596864,0.99858198901443,0.969994381908879,0.99853980125197,0.9992898923891,0.998656931596864,0.99858198901443,0.969994381908879,1.9785069096897,1.88071104651348
1.32379556592257,-0.0196977797309144,1,1,1,1,32,1,32ls04,O-M,1,0.326,0.0008,0.915060512100329,0.927513917960314,0.878697429473111,0.86948521068397,0.507857769022372,0.915060512100329,0.927513917960314,0.878697429473111,0.86948521068397,0.507857769022372,1.32379556592257,0.0196977797309144
-0.268438293848456,-0.911542692798565,1,0,0,1,32,1,32ls04,O-M,1,0.3039,0.1628,0.5506465172806,0.52999413107167,0.420938095556528,0.576411070102909,0.181004750811686,0.4493534827194,0.47000586892833,0.579061904443472,0.423588929897091,0.818995249188314,0.268438293848456,0.911542692798565
0.204354009368923,0.50336476065161,0,1,1,1,32,1,32ls04,O-M,1,0.5483,0.0007,0.891225889924024,0.915163222835874,0.88015707817802,0.946041657983408,0.692646078671469,0.891225889924024,0.915163222835874,0.88015707817802,0.946041657983408,0.692646078671469,0.204354009368923,0.50336476065161
-0.281894444783429,-2.29975377920251,1,1,0,0,32,1,32ls04,O-M,1,0.314,0.0969,0.195497017009279,0.168761949634568,0.0836900069751654,0.115947707979898,0.0107310867027167,0.804502982990721,0.831238050365432,0.916309993024835,0.884052292020101,0.989268913297283,0.281894444783429,2.29975377920251
-0.606727088366688,-0.232647870355491,0,1,1,1,32,1,32ls04,O-M,1,0.2791,0.0007,0.884537443639892,0.901612487616165,0.854950765413146,0.909374167071023,0.591982574060586,0.884537443639892,0.901612487616165,0.854950765413146,0.909374167071023,0.591982574060586,0.606727088366688,0.232647870355491
0.791059590328918,1.26824671881335,1,1,1,1,32,1,32ls04,O-M,1,0.5046,0.0008,0.97736981708748,0.986087835207475,0.978368481465602,0.991166155692581,0.897645071060596,0.97736981708748,0.986087835207475,0.978368481465602,0.991166155692581,0.897645071060596,0.791059590328918,1.26824671881335
1.9851769845066,1.33405636781104,1,1,1,1,32,1,32ls04,O-M,1,0.2728,0.1314,0.995242524309308,0.997246582373247,0.994674122771627,0.99262213856844,0.908907308060187,0.995242524309308,0.997246582373247,0.994674122771627,0.99262213856844,0.908907308060187,1.9851769845066,1.33405636781104
1.90919613224447,0.382299840325684,1,1,1,1,32,1,32ls04,O-M,1,0.1934,0.0663,0.97070678712292,0.979628690305934,0.960283624048551,0.931434872663383,0.648880513444625,0.97070678712292,0.979628690305934,0.960283624048551,0.931434872663383,0.648880513444625,1.90919613224447,0.382299840325684
-0.912912522787904,-0.588082059517503,1,0,0,1,32,1,32ls04,O-M,1,0.1126,1.4081,0.553746035079165,0.56298542475465,0.477507411317594,0.697136050495612,0.27823860722047,0.446253964920835,0.43701457524535,0.522492588682406,0.302863949504388,0.72176139277953,0.912912522787904,0.588082059517503
1.34658982160121,1.42687280672758,1,1,1,1,32,1,32ls04,O-M,1,0.2363,0.1131,0.990491084192701,0.994469343804305,0.990625949615255,0.994315312365889,0.923191719818431,0.990491084192701,0.994469343804305,0.990625949615255,0.994315312365889,0.923191719818431,1.34658982160121,1.42687280672758
-0.380495550772455,-2.2224584839175,1,0,0,1,32,1,32ls04,O-M,1,0.2056,0.0645,0.205610036233331,0.171820153232806,0.088378084076299,0.131741799660441,0.0131261683653809,0.794389963766669,0.828179846767194,0.911621915923701,0.868258200339559,0.986873831634619,0.380495550772455,2.2224584839175
2.09807525086404,-0.247237745369128,1,1,1,1,32,1,32ls04,O-M,1,0.1283,0.0006,0.969195558462499,0.980878523362891,0.960373775035763,0.91173249183082,0.597637882373553,0.969195558462499,0.980878523362891,0.960373775035763,0.91173249183082,0.597637882373553,2.09807525086404,0.247237745369128
0.152501427748812,-1.03974733919499,1,0,0,1,32,1,32ls04,O-M,1,0.1381,0.2816,0.53330537619475,0.506371345826781,0.390663940102068,0.525720262008168,0.149228650390465,0.46669462380525,0.493628654173219,0.609336059897932,0.474279737991832,0.850771349609535,0.152501427748812,1.03974733919499
1.4265147181029,1.76895881236648,1,1,1,1,32,1,32ls04,O-M,1,0.1756,0.0007,0.995773005022592,0.997821209523647,0.996269241924129,0.997968457631721,0.96154962585666,0.995773005022592,0.997821209523647,0.996269241924129,0.997968457631721,0.96154962585666,1.4265147181029,1.76895881236648
1.9877290131322,0.299106510460689,1,1,1,1,32,1,32ls04,O-M,1,0.1213,0.0008,0.968858996362616,0.979185704033981,0.958395926724215,0.919746690226091,0.617570610536055,0.968858996362616,0.979185704033981,0.958395926724215,0.919746690226091,0.617570610536055,1.9877290131322,0.299106510460689
0.965670548905367,1.85680848532093,1,1,1,1,32,1,32ls04,O-M,1,0.0925,0.0008,0.994163560271641,0.997058617172871,0.995296345033231,0.998467147140739,0.968330796965236,0.994163560271641,0.997058617172871,0.995296345033231,0.998467147140739,0.968330796965236,0.965670548905367,1.85680848532093
-0.425736058226243,-2.18117224185763,1,0,0,1,32,1,32ls04,O-M,1,0.0942,0.0972,0.211431073743026,0.174557833563828,0.0915303190312513,0.140760452278965,0.0145853395576418,0.788568926256974,0.825442166436172,0.908469680968749,0.859239547721035,0.985414660442358,0.425736058226243,2.18117224185763
0.665952187024019,1.88009020076822,1,1,1,1,32,1,32ls04,O-M,1,0.0567,0.0008,0.992736029723744,0.996345483504172,0.994366936019811,0.998579108309105,0.96995210711967,0.992736029723744,0.996345483504172,0.994366936019811,0.998579108309105,0.96995210711967,0.665952187024019,1.88009020076822
0.969875596072546,0.904741534962947,1,1,1,1,32,1,32ls04,O-M,1,0.0607,0.0008,0.964722675858,0.975446999658992,0.96099445700157,0.977731684361552,0.817198834305303,0.964722675858,0.975446999658992,0.96099445700157,0.977731684361552,0.817198834305303,0.969875596072546,0.904741534962947
2.10039527688731,1.5255872802241,1,1,1,1,32,1,32ls04,O-M,1,0.0574,0.0007,0.997341138215445,0.998567252589412,0.997173551466268,0.995728878572693,0.936443659063085,0.997341138215445,0.998567252589412,0.997173551466268,0.995728878572693,0.936443659063085,2.10039527688731,1.5255872802241
1.96911080429545,-0.249410705477542,1,1,1,1,32,1,32ls04,O-M,1,0.0452,0.0007,0.965575057653574,0.976800793492841,0.953850608492096,0.912079782077662,0.598478447507363,0.965575057653574,0.976800793492841,0.953850608492096,0.912079782077662,0.598478447507363,1.96911080429545,0.249410705477542
0.353357680713516,-1.24742024098485,1,0,0,1,32,1,32ls04,O-M,1,0.138,0.0007,0.452500311950877,0.414830032450755,0.303286473669619,0.443083079469914,0.106121724308789,0.547499688049123,0.585169967549245,0.696713526330381,0.556916920530086,0.893878275691211,0.353357680713516,1.24742024098485
1.26202487305297,0.453076255285456,1,1,1,1,32,1,32ls04,O-M,1,0.3375,0.0007,0.948840377896429,0.959473379598208,0.932540323892756,0.940305044082359,0.674753083639455,0.948840377896429,0.959473379598208,0.932540323892756,0.940305044082359,0.674753083639455,1.26202487305297,0.453076255285456
-0.527382198370813,-2.33172733508346,1,0,0,1,32,1,32ls04,O-M,1,0.0442,0.0007,0.172957072270066,0.138878803067553,0.0680844674063566,0.10982409744993,0.0098575199214787,0.827042927729934,0.861121196932447,0.931915532593643,0.89017590255007,0.990142480078521,0.527382198370813,2.33172733508346
-0.196952492006412,1.34740455133415,0,1,1,1,32,1,32ls04,O-M,1,0.3528,0.0007,0.969609571025181,0.981817078077793,0.973622157386178,0.992890205583754,0.911075012216496,0.969609571025181,0.981817078077793,0.973622157386178,0.992890205583754,0.911075012216496,0.196952492006412,1.34740455133415
2.04224962467907,1.34492116835311,1,1,1,1,32,1,32ls04,O-M,1,0.2908,0.0008,0.995736624417738,0.997560931533712,0.995218461610616,0.992840993173969,0.910674653287298,0.995736624417738,0.997560931533712,0.995218461610616,0.992840993173969,0.910674653287298,2.04224962467907,1.34492116835311
-0.0177884823592941,-2.77873627167149,1,1,0,0,32,1,32ls04,O-M,1,0.0204,0.0008,0.115716250585099,0.123701118643462,0.0480603423996324,0.0470188314773964,0.0027285405343358,0.884283749414901,0.876298881356538,0.951939657600368,0.952981168522604,0.997271459465664,0.0177884823592941,2.77873627167149
1.55431915165985,0.914364644014495,1,1,1,1,32,1,32ls04,O-M,1,0.0717,0.0172,0.981467874705675,0.987325434863193,0.97754911722071,0.978237042773445,0.819737363326528,0.981467874705675,0.987325434863193,0.97754911722071,0.978237042773445,0.819737363326528,1.55431915165985,0.914364644014495
2.12568356054097,0.0082402788058376,1,1,1,1,32,1,32ls04,O-M,1,0.0475,0.2081,0.954369120125546,0.973337109438661,0.943936982701059,0.867039133010167,0.50328735841476,0.954369120125546,0.973337109438661,0.943936982701059,0.867039133010167,0.50328735841476,2.12568356054097,0.0082402788058376
1.0830348653576,1.48181765518319,1,1,1,1,32,1,32ls04,O-M,1,0.205,0.0581,0.988539272049422,0.993448842411025,0.989358681622896,0.995146292249721,0.930805589966389,0.988539272049422,0.993448842411025,0.989358681622896,0.995146292249721,0.930805589966389,1.0830348653576,1.48181765518319
1.55350714255171,-0.335087418323582,1,1,1,1,32,1,32ls04,O-M,1,0.3051,0.2329,0.954797181164054,0.964690577387097,0.937345082335682,0.924974396415461,0.6312204282489,0.954797181164054,0.964690577387097,0.937345082335682,0.924974396415461,0.6312204282489,1.55350714255171,0.335087418323582
2.08430009635087,-0.239787596425994,1,1,1,1,32,1,32ls04,O-M,1,0.2381,0.0007,0.968419043370221,0.98022246261301,0.959190601270851,0.910534019753484,0.594752538445491,0.968419043370221,0.98022246261301,0.959190601270851,0.910534019753484,0.594752538445491,2.08430009635087,0.239787596425994
0.768932342131969,0.929264941900763,1,1,1,1,32,1,32ls04,O-M,1,0.0822,0.0007,0.959426634355816,0.972047191795136,0.956917106833146,0.979000403467707,0.823624100472182,0.959426634355816,0.972047191795136,0.956917106833146,0.979000403467707,0.823624100472182,0.768932342131969,0.929264941900763
0.411909337475823,-0.663204394694103,1,1,0,0,32,1,32ls04,O-M,1,0.163,0.1151,0.594417782740041,0.590311951267297,0.492912988603252,0.670414788365843,0.253599828634858,0.405582217259959,0.409688048732703,0.507087011396748,0.329585211634157,0.746400171365142,0.411909337475823,0.663204394694103
0.499954325058964,1.63299359415428,0,1,1,1,32,1,32ls04,O-M,1,0.6744,0.0008,0.985827566708807,0.992267691554351,0.98834129713025,0.99690230448738,0.948764828030673,0.985827566708807,0.992267691554351,0.98834129713025,0.99690230448738,0.948764828030673,0.499954325058964,1.63299359415428
-1.04358798854865,-0.231406178864969,0,1,1,1,32,1,32ls04,O-M,1,0.2205,0.0007,0.917126239654191,0.929813580039413,0.888595847942707,0.909171319347838,0.591500367307567,0.917126239654191,0.929813580039413,0.888595847942707,0.909171319347838,0.591500367307567,1.04358798854865,0.231406178864969
-0.616413197013845,-1.11331756000844,1,0,0,1,32,1,32ls04,O-M,1,0.2341,0.0513,0.453834857401299,0.422574142616602,0.320562207521135,0.496387883498254,0.132786033669302,0.546165142598701,0.577425857383398,0.679437792478865,0.503612116501746,0.867213966330698,0.616413197013845,1.11331756000844
0.395553154011761,-0.138279317075795,0,1,1,1,32,1,32ls04,O-M,1,0.1824,0.0007,0.853424410838953,0.872328005600794,0.818126329076182,0.892981768720752,0.55499016447474,0.853424410838953,0.872328005600794,0.818126329076182,0.892981768720752,0.55499016447474,0.395553154011761,0.138279317075795
1.19741214830487,0.604562617129178,1,1,1,1,32,1,32ls04,O-M,1,0.4951,0.137,0.955848379312104,0.966312073833593,0.94452600466975,0.956258390779529,0.727265174095979,0.955848379312104,0.966312073833593,0.94452600466975,0.956258390779529,0.727265174095979,1.19741214830487,0.604562617129178
2.09711824012944,-0.172736255937789,1,1,1,1,32,1,32ls04,O-M,1,0.0563,0.0007,0.964898994250794,0.978405935180391,0.955183881313074,0.89919878084879,0.568570627989477,0.964898994250794,0.978405935180391,0.955183881313074,0.89919878084879,0.568570627989477,2.09711824012944,0.172736255937789
1.08866092846403,0.97613879566798,1,1,1,1,32,1,32ls04,O-M,1,0.1062,4.9307,0.971899731516294,0.980896116525855,0.969026966094768,0.981255661947831,0.835502155864198,0.971899731516294,0.980896116525855,0.969026966094768,0.981255661947831,0.835502155864198,1.08866092846403,0.97613879566798
1.11012116917929,0.867801213119908,1,1,1,1,32,1,32ls04,O-M,1,0.1044,0.002,0.967369668958606,0.977009327190247,0.962627811351842,0.975698873269153,0.807248417090302,0.967369668958606,0.977009327190247,0.962627811351842,0.975698873269153,0.807248417090302,1.11012116917929,0.867801213119908
-0.3265549457314,-1.05464763708126,1,1,0,0,32,1,32ls04,O-M,1,0.049,0.0268,0.506138913780542,0.477515811827995,0.366871652493428,0.519785628926289,0.145793254138879,0.493861086219458,0.522484188172005,0.633128347506572,0.480214371073711,0.854206745861121,0.3265549457314,1.05464763708126
1.76381750156124,1.16239251924633,1,1,1,1,32,1,32ls04,O-M,1,0.0529,0.0649,0.990861180087501,0.994294336792331,0.989460771405751,0.988294367373086,0.877461969716024,0.990861180087501,0.994294336792331,0.989460771405751,0.988294367373086,0.877461969716024,1.76381750156124,1.16239251924633
0.499548320504892,-0.992252639682516,1,1,0,0,32,1,32ls04,O-M,1,0.0646,0.3131,0.49961630699372,0.474890076836728,0.370475281699174,0.544592484493762,0.160537149981872,0.50038369300628,0.525109923163272,0.629524718300826,0.455407515506238,0.839462850018128,0.499548320504892,0.992252639682516
-0.802363282779031,-1.79345407394204,1,0,0,1,32,1,32ls04,O-M,1,0.2204,0.0734,0.267065342924681,0.215630507249983,0.133612116260644,0.245351580451571,0.0364501739335905,0.732934657075319,0.784369492750017,0.866387883739356,0.754648419548429,0.96354982606641,0.802363282779031,1.79345407394204
1.99872013641745,0.661990848565835,1,1,1,1,32,1,32ls04,O-M,1,0.0676,0.0246,0.98352757525096,0.989143409257538,0.978427716289964,0.96132338172474,0.746011456661336,0.98352757525096,0.989143409257538,0.978427716289964,0.96132338172474,0.746011456661336,1.99872013641745,0.661990848565835
0.107086918343278,-2.26250303448684,1,0,0,1,32,1,32ls04,O-M,1,0.1582,0.1539,0.216032278388117,0.196459974811012,0.0992062964935997,0.123383088858896,0.0118331707844885,0.783967721611883,0.803540025188988,0.9007937035064,0.876616911141104,0.988166829215511,0.107086918343278,2.26250303448684
-0.321827892708985,0.762257436425512,0,1,1,1,32,1,32ls04,O-M,1,0.2384,0.0241,0.927911972753797,0.947979685269137,0.924763864477821,0.969015720402135,0.777046814013706,0.927911972753797,0.947979685269137,0.924763864477821,0.969015720402135,0.777046814013706,0.321827892708985,0.762257436425512
1.62104890015419,1.57742789995341,1,1,1,1,32,1,32ls04,O-M,1,0.3087,0.2164,0.995070012119229,0.997294360497534,0.995190533727741,0.996337446854804,0.94265145002628,0.995070012119229,0.997294360497534,0.995190533727741,0.996337446854804,0.94265145002628,1.62104890015419,1.57742789995341
1.04495743825066,1.25986530125233,1,1,1,1,32,1,32ls04,O-M,1,0.1035,0.1295,0.981892892612399,0.988825056580001,0.981970392228965,0.990963728688271,0.89614102104711,0.981892892612399,0.988825056580001,0.981970392228965,0.990963728688271,0.89614102104711,1.04495743825066,1.25986530125233
-0.346478169206241,-0.950966397622649,1,0,0,1,32,1,32ls04,O-M,1,0.0083,0.231,0.530181509640353,0.507339576498063,0.39936671974802,0.560917890056738,0.170810716948178,0.469818490359647,0.492660423501937,0.60063328025198,0.439082109943262,0.829189283051822,0.346478169206241,0.950966397622649
-0.779134022221028,-2.45651732988095,1,1,0,0,32,1,32ls04,O-M,1,0.0903,4.0578,0.135864162323549,0.101327162600052,0.0471786249379869,0.0881470168786201,0.0070145517741925,0.864135837676451,0.898672837399948,0.952821375062013,0.91185298312138,0.992985448225807,0.779134022221028,2.45651732988095
2.11562044766503,1.8869195039661,1,1,1,1,32,1,32ls04,O-M,1,0.2622,0.258,0.99886014922421,0.999452459202681,0.998933904317952,0.998610504162328,0.970414423322941,0.99886014922421,0.999452459202681,0.998933904317952,0.998610504162328,0.970414423322941,2.11562044766503,1.8869195039661
0.574253158454225,-0.178944713390401,1,0,1,0,32,1,32ls04,O-M,1,0.1913,0.3383,0.874744655940075,0.891752641182967,0.841535375874476,0.900290378365311,0.571009443415192,0.874744655940075,0.891752641182967,0.841535375874476,0.900290378365311,0.571009443415192,0.574253158454225,0.178944713390401
0.360520761060366,0.890772505694571,0,1,1,1,32,1,32ls04,O-M,1,0.3952,0.2254,0.941628759225954,0.959545988406545,0.940980391028835,0.976980507294035,0.81347438598332,0.941628759225954,0.959545988406545,0.940980391028835,0.976980507294035,0.81347438598332,0.360520761060366,0.890772505694571
-1.02717380443401,0.0908127629255714,0,1,1,1,32,1,32ls04,O-M,1,0.2436,0.034,0.900787034228454,0.913262665558812,0.863334082101889,0.883971324369917,0.536179315695108,0.900787034228454,0.913262665558812,0.863334082101889,0.883971324369917,0.536179315695108,1.02717380443401,0.0908127629255714
1.96882080104254,0.490016577128495,1,0,1,0,32,1,32ls04,O-M,1,0.2323,0.2001,0.97702775306119,0.984498071444645,0.96931825958151,0.944563307791723,0.687938915751917,0.97702775306119,0.984498071444645,0.96931825958151,0.944563307791723,0.687938915751917,1.96882080104254,0.490016577128495
0.273722787464732,1.07950961225396,0,1,1,1,32,1,32ls04,O-M,1,0.604,0.1429,0.95398101011263,0.970021044944707,0.956461943235512,0.985510526939828,0.859819694449481,0.95398101011263,0.970021044944707,0.956461943235512,0.985510526939828,0.859819694449481,0.273722787464732,1.07950961225396
1.81665609424124,1.38993248488454,1,1,1,1,32,1,32ls04,O-M,1,0.3235,0.194,0.994529116944774,0.996831873844844,0.994114137872891,0.993687853778935,0.9177253099673,0.994529116944774,0.996831873844844,0.994114137872891,0.993687853778935,0.9177253099673,1.81665609424124,1.38993248488454
0.883599628332148,0.33697810092162,1,0,1,0,32,1,32ls04,O-M,1,0.425,0.952,0.916873521766444,0.931141682360396,0.893485032677262,0.925241738379409,0.6319332957233,0.916873521766444,0.931141682360396,0.893485032677262,0.925241738379409,0.6319332957233,0.883599628332148,0.33697810092162
-0.242686004990146,1.71587650114665,0,1,1,1,32,1,32ls04,O-M,1,0.3898,0.0404,0.985780561781505,0.992408163801116,0.988843625882408,0.997599862707788,0.956907675753964,0.985780561781505,0.992408163801116,0.988843625882408,0.997599862707788,0.956907675753964,0.242686004990146,1.71587650114665
-0.673804840764516,1.93472462635121,0,1,1,1,32,1,32ls04,O-M,1,0.2888,0.0007,0.993637534563965,0.99685415970071,0.995144159736561,0.998813127780479,0.973487951640267,0.993637534563965,0.99685415970071,0.995144159736561,0.998813127780479,0.973487951640267,0.673804840764516,1.93472462635121
2.04300363313664,-0.356506596535092,1,0,1,0,32,1,32ls04,O-M,1,0.1182,0.2314,0.973215499207331,0.982611551419431,0.964690924995478,0.927960686780587,0.639269393560503,0.973215499207331,0.982611551419431,0.964690924995478,0.927960686780587,0.639269393560503,2.04300363313664,0.356506596535092
0.30591314853762,-2.22680440413433,1,0,0,1,32,1,32ls04,O-M,1,0.0895,0.2422,0.209989243345207,0.17920851710221,0.091932141477001,0.13081619984856,0.0129801744644464,0.790010756654792,0.82079148289779,0.908067858522999,0.86918380015144,0.987019825535554,0.30591314853762,2.22680440413433
1.0171461262967,1.1245209287854,1,1,1,1,32,1,32ls04,O-M,1,0.6553,0.0008,0.976407596368956,0.984748947597158,0.975526121302626,0.98708586437188,0.869603951507073,0.976407596368956,0.984748947597158,0.975526121302626,0.98708586437188,0.869603951507073,1.0171461262967,1.1245209287854
-0.52990522667112,1.72084326710874,0,1,1,1,32,1,32ls04,O-M,1,0.2579,0.1311,0.988486539609142,0.993893321199768,0.990749177168263,0.997636754617489,0.957360365644954,0.988486539609142,0.993893321199768,0.990749177168263,0.997636754617489,0.957360365644954,0.52990522667112,1.72084326710874
0.993017855654676,-1.64941786104145,0,0,0,1,32,1,32ls04,O-M,1,0.298,0.2404,0.281686429759896,0.231553963493562,0.151852034720748,0.292823576608772,0.0495310290274267,0.718313570240104,0.768446036506439,0.848147965279252,0.707176423391228,0.950468970972573,0.993017855654676,1.64941786104145
1.18383999606873,0.0836730368550681,1,1,1,1,32,1,32ls04,O-M,1,0.2051,0.0009,0.911838708964278,0.923902789925094,0.876292523852872,0.882570734656505,0.533341802289257,0.911838708964278,0.923902789925094,0.876292523852872,0.882570734656505,0.533341802289257,1.18383999606873,0.0836730368550681
0.87095548650532,0.699862439026766,1,1,1,1,32,1,32ls04,O-M,1,0.1437,0.04,0.947804255617761,0.96119196536721,0.939538483129306,0.964394193618846,0.75799339175395,0.947804255617761,0.96119196536721,0.939538483129306,0.964394193618846,0.75799339175395,0.87095548650532,0.699862439026766
1.17644491311955,0.443763569106539,1,1,1,1,32,1,32ls04,O-M,1,0.1636,0.1465,0.943791732440106,0.955138323790089,0.926599715013303,0.939192074533105,0.671393234927097,0.943791732440106,0.955138323790089,0.926599715013303,0.939192074533105,0.671393234927097,1.17644491311955,0.443763569106539
0.44212767642893,-1.96015115654466,1,1,0,0,32,1,32ls04,O-M,1,0.1347,0.0639,0.26097938855685,0.216818240957672,0.124886366102362,0.19602987940921,0.0249890627254835,0.739020611443149,0.783181759042328,0.875113633897638,0.80397012059079,0.975010937274516,0.44212767642893,1.96015115654466
1.86958168789712,1.51999966851675,1,1,1,1,32,1,32ls04,O-M,1,0.2407,0.1697,0.99612549593785,0.997857581174912,0.995989542625159,0.995658163200194,0.935744470525331,0.99612549593785,0.997857581174912,0.995989542625159,0.995658163200194,0.935744470525331,1.86958168789712,1.51999966851675
0.778937454357326,-0.207814040545045,1,1,1,1,32,1,32ls04,O-M,1,0.1612,0.2704,0.895018314725343,0.909918200629346,0.863667953803596,0.905252963336008,0.582312915412487,0.895018314725343,0.909918200629346,0.863667953803596,0.905252963336008,0.582312915412487,0.778937454357326,0.207814040545045
0.246578482992459,0.531613242060992,0,1,1,1,32,1,32ls04,O-M,1,0.4894,0.0008,0.897539625940825,0.920680784420336,0.887260445252414,0.949067275646009,0.702503054291754,0.897539625940825,0.920680784420336,0.887260445252414,0.949067275646009,0.702503054291754,0.246578482992459,0.531613242060992
0.104418888416516,-0.3931364955055,0,1,1,1,32,1,32ls04,O-M,1,0.1579,0.0008,0.868856993609363,0.89459389083518,0.853502859348753,0.932855356645203,0.65289066488421,0.868856993609363,0.89459389083518,0.853502859348753,0.932855356645203,0.65289066488421,0.104418888416516,0.3931364955055
-0.413178917375288,1.19250353789149,0,1,1,1,32,1,32ls04,O-M,1,0.2796,0.0008,0.965279935957274,0.97816519671719,0.967684943256944,0.989183960089246,0.883468067826215,0.965279935957274,0.97816519671719,0.967684943256944,0.989183960089246,0.883468067826215,0.413178917375288,1.19250353789149
-0.419993993818647,1.36634034656462,0,1,1,1,32,1,32ls04,O-M,1,0.248,0.0231,0.974661706933885,0.984936388886672,0.977601837473018,0.993255736919103,0.914083918553834,0.974661706933885,0.984936388886672,0.977601837473018,0.993255736919103,0.914083918553834,0.419993993818647,1.36634034656462
2.06907492557315,0.14358465127277,1,1,1,1,32,1,32ls04,O-M,1,0.0868,0.0094,0.962251028716787,0.976386308306562,0.951415120725095,0.893956609964756,0.557085769217855,0.962251028716787,0.976386308306562,0.951415120725095,0.893956609964756,0.557085769217855,2.06907492557315,0.14358465127277
0.336595492695381,-2.29727039622147,1,0,0,1,32,1,32ls04,O-M,1,0.2156,0.1238,0.19237367888186,0.163260147688871,0.0810839826102325,0.116433277947467,0.0108016747390859,0.80762632111814,0.836739852311129,0.918916017389767,0.883566722052533,0.989198325260914,0.336595492695381,2.29727039622147
