s1,s2,r1,r2,acc1,acc2,id,seq,id_sess,task,dataset,rt1,rt2,p_r2_discrete,p_r2_bayesian,p_r2_optimal,p_r2_fixed,p_r2_naive,p_c2_discrete,p_c2_bayesian,p_c2_optimal,p_c2_fixed,p_c2_naive,abs1,abs2
-1.80193141973091,0.877678878516889,0,0,1,0,48,48,48xy03,M-O,1,0.3622,0.5509,0.995490049655377,0.998005568729136,0.981815530981911,0.990294259170809,0.809940995071796,0.995490049655377,0.998005568729136,0.981815530981911,0.990294259170809,0.809940995071796,1.80193141973091,0.877678878516889
1.0845919774434,1.46009158925339,1,1,1,1,48,48,48xy03,M-O,1,0.4162,0.0087,0.995061365476783,0.998233267808374,0.988827713875526,0.998249538750075,0.927867548070869,0.995061365476783,0.998233267808374,0.988827713875526,0.998249538750075,0.927867548070869,1.0845919774434,1.46009158925339
2.97609996306915,1.62154886835215,1,1,1,1,48,48,48xy03,M-O,1,0.4265,0.0084,0.999915463056116,0.999973677031108,0.999568304391961,0.998969862366752,0.947550010814566,0.999915463056116,0.999973677031108,0.999568304391961,0.998969862366752,0.947550010814566,2.97609996306915,1.62154886835215
2.66617712996386,0.806625812940744,1,1,1,1,48,48,48xy03,M-O,1,0.7327,0.0084,0.999219070056778,0.999648651528695,0.994151112961594,0.988288996042767,0.790058951298091,0.999219070056778,0.999648651528695,0.994151112961594,0.988288996042767,0.790058951298091,2.66617712996386,0.806625812940744
0.190056810733186,1.17199921171561,0,1,1,1,48,48,48xy03,M-O,1,0.933,0.0085,0.98037946455319,0.991940394547868,0.962073868422829,0.99575397562473,0.879401313681458,0.98037946455319,0.991940394547868,0.962073868422829,0.99575397562473,0.879401313681458,0.190056810733186,1.17199921171561
1.26141110959399,1.9997241759856,1,1,1,1,48,48,48xy03,M-O,1,0.8308,0.0083,0.998756741126575,0.99963407153331,0.997583262991141,0.999729489126304,0.977234971938557,0.998756741126575,0.99963407153331,0.997583262991141,0.999729489126304,0.977234971938557,1.26141110959399,1.9997241759856
2.0176228223709,2.12986867801134,1,1,1,1,48,48,48xy03,M-O,1,0.3416,0.0537,0.999735856376169,0.999928447346707,0.999376992489183,0.999834485170239,0.983408771648156,0.999735856376169,0.999928447346707,0.999376992489183,0.999834485170239,0.983408771648156,2.0176228223709,2.12986867801134
0.999770991540897,1.41568033400458,1,1,1,1,48,48,48xy03,M-O,1,0.3554,0.1752,0.994058359422664,0.997832358153924,0.986695201322495,0.997983280066241,0.921565440595449,0.994058359422664,0.997832358153924,0.986695201322495,0.997983280066241,0.921565440595449,0.999770991540897,1.41568033400458
0.907120376170474,1.73469006285914,1,1,1,1,48,48,48xy03,M-O,1,1.2483,0.0082,0.99651562342847,0.998860013060002,0.993252574395435,0.999299741029779,0.958602141323043,0.99651562342847,0.998860013060002,0.993252574395435,0.999299741029779,0.958602141323043,0.907120376170474,1.73469006285914
1.22617777698834,1.34690096652687,1,1,1,1,48,48,48xy03,M-O,1,0.4749,0.0312,0.994906515721174,0.998109584945486,0.98733570166406,0.997497837162079,0.910993934891333,0.994906515721174,0.998109584945486,0.98733570166406,0.997497837162079,0.910993934891333,1.22617777698834,1.34690096652687
3.2390450193669,1.11607118131602,1,1,1,1,48,48,48xy03,M-O,1,0.4326,0.0303,0.999902657317745,0.999962604549476,0.99908546018708,0.995001389472727,0.867804166610707,0.999902657317745,0.999962604549476,0.99908546018708,0.995001389472727,0.867804166610707,3.2390450193669,1.11607118131602
2.02479998271649,1.91193965809814,1,1,1,1,48,48,48xy03,M-O,1,0.4613,0.0394,0.999561319377123,0.99987203207075,0.998851939376964,0.999626598424106,0.972058032898387,0.999561319377123,0.99987203207075,0.998851939376964,0.999626598424106,0.972058032898387,2.02479998271649,1.91193965809814
2.87235737261917,1.15294463308632,1,1,1,1,48,48,48xy03,M-O,1,0.5042,0.0082,0.999731797218616,0.999897732620209,0.998197280617018,0.995509793136202,0.875533444651166,0.999731797218616,0.999897732620209,0.998197280617018,0.995509793136202,0.875533444651166,2.87235737261917,1.15294463308632
0.0282444683961089,-1.49794020859315,1,1,0,0,48,48,48xy03,M-O,1,1.6726,0.1359,0.822745296508494,0.76328335208657,0.265346487379266,0.484809563982685,0.0670743928673194,0.177254703491506,0.23671664791343,0.734653512620734,0.515190436017315,0.932925607132681,0.0282444683961089,1.49794020859315
0.376662979718686,0.0723448976945384,1,1,0,0,48,48,48xy03,M-O,1,0.5355,0.0086,0.875589078873237,0.914682455758695,0.698438873910954,0.917356745772973,0.471163717542845,0.124410921126763,0.0853175442413049,0.301561126089046,0.0826432542270266,0.528836282457155,0.376662979718686,0.0723448976945384
0.342082116235359,1.88949924643096,0,0,1,0,48,48,48xy03,M-O,1,0.9503,0.0081,0.995752654793718,0.998643365040817,0.99317250256119,0.999594998067362,0.970587518172736,0.995752654793718,0.998643365040817,0.99317250256119,0.999594998067362,0.970587518172736,0.342082116235359,1.88949924643096
1.15701605002169,1.07825859337463,1,1,1,1,48,48,48xy03,M-O,1,0.8443,0.0083,0.991211423297846,0.996369386467615,0.976128946694485,0.994427397546545,0.859540814995023,0.991211423297846,0.996369386467615,0.976128946694485,0.994427397546545,0.859540814995023,1.15701605002169,1.07825859337463
2.83647157089119,0.127852788228111,1,1,1,1,48,48,48xy03,M-O,1,0.3262,0.0083,0.998932558439859,0.999313183437039,0.983207152332342,0.943823696965801,0.550867263073455,0.998932558439859,0.999313183437039,0.983207152332342,0.943823696965801,0.550867263073455,2.83647157089119,0.127852788228111
2.60288762509815,1.39867702648583,1,1,1,1,48,48,48xy03,M-O,1,0.2647,0.0085,0.999646852799379,0.999877838119342,0.998347875227589,0.997871964093727,0.919045071796122,0.999646852799379,0.999877838119342,0.998347875227589,0.997871964093727,0.919045071796122,2.60288762509815,1.39867702648583
0.959970375078955,1.86461213789698,1,1,1,1,48,48,48xy03,M-O,1,0.9638,0.0083,0.997532023160786,0.999228960525663,0.995367816255256,0.999557060406325,0.968882104870377,0.997532023160786,0.999228960525663,0.995367816255256,0.999557060406325,0.968882104870377,0.959970375078955,1.86461213789698
-1.19970241982316,2.13268608652462,0,1,1,1,48,48,48xy03,M-O,1,0.412,0.0635,0.999024028619338,0.999723888747232,0.998222587053202,0.999836265013064,0.983524756984561,0.999024028619338,0.999723888747232,0.998222587053202,0.999836265013064,0.983524756984561,1.19970241982316,2.13268608652462
2.6550851548843,0.668721080448609,1,1,1,1,48,48,48xy03,M-O,1,0.2214,1.1102,0.999036432245419,0.999536141227034,0.992027349116034,0.983355293357438,0.748163291159715,0.999036432245419,0.999536141227034,0.992027349116034,0.983355293357438,0.748163291159715,2.6550851548843,0.668721080448609
0.53064569258784,1.58717154166818,0,1,1,1,48,48,48xy03,M-O,1,0.8444,0.1042,0.993094466200275,0.997583804098409,0.987268114627893,0.998844410520206,0.943763100864549,0.993094466200275,0.997583804098409,0.987268114627893,0.998844410520206,0.943763100864549,0.53064569258784,1.58717154166818
1.7390185071373,0.167741361389815,1,1,1,1,48,48,48xy03,M-O,1,0.3734,0.0083,0.988532315464581,0.992883787499298,0.932447881679266,0.948194667368301,0.566606622251007,0.988532315464581,0.992883787499298,0.932447881679266,0.948194667368301,0.566606622251007,1.7390185071373,0.167741361389815
0.377315448841013,-1.82962827575747,1,1,0,0,48,48,48xy03,M-O,1,0.3921,0.0081,0.772579776014764,0.661302003511952,0.15378052587614,0.355775426331004,0.0336527713063642,0.227420223985236,0.338697996488048,0.84621947412386,0.644224573668996,0.966347228693636,0.377315448841013,1.82962827575747
0.118937676399551,-0.439706742539252,1,0,0,1,48,48,48xy03,M-O,1,0.9348,0.2157,0.864927323624034,0.890324639154049,0.600424326836883,0.84617074018426,0.330074759267018,0.135072676375966,0.109675360845951,0.399575673163117,0.15382925981574,0.669925240732982,0.118937676399551,0.439706742539252
0.834696303592186,-0.321128443883828,0,0,0,1,48,48,48xy03,M-O,1,1.4694,0.5667,0.814814695814713,0.859145102333367,0.580124622024565,0.872591227250731,0.374056527903436,0.185185304185287,0.140854897666633,0.419875377975435,0.127408772749269,0.625943472096564,0.834696303592186,0.321128443883828
-1.76669808712526,1.76545912951733,0,1,1,1,48,48,48xy03,M-O,1,0.431,0.0089,0.999022420519317,0.999695912095575,0.997525047085156,0.999370825723577,0.961256683338627,0.999022420519317,0.999695912095575,0.997525047085156,0.999370825723577,0.961256683338627,1.76669808712526,1.76545912951733
-2.01789869922112,0.210200201967142,0,1,1,1,48,48,48xy03,M-O,1,1.4535,0.0544,0.993368524143542,0.995965047174232,0.95357785153906,0.952545702325789,0.583244289031166,0.993368524143542,0.995965047174232,0.95357785153906,0.952545702325789,0.583244289031166,2.01789869922112,0.210200201967142
2.44694750486201,1.68059087658221,1,1,1,1,48,48,48xy03,M-O,1,0.875,0.1746,0.999705001594223,0.999908188067513,0.998940489357105,0.999156543400379,0.953578795426875,0.999705001594223,0.999908188067513,0.998940489357105,0.999156543400379,0.953578795426875,2.44694750486201,1.68059087658221
0.0510808876775512,-1.4276779945295,1,1,0,0,48,48,48xy03,M-O,1,0.4386,0.5905,0.821882262233779,0.769990042205037,0.282389572079279,0.512834244795901,0.0766922814211846,0.178117737766221,0.230009957794963,0.717610427920721,0.487165755204099,0.923307718578815,0.0510808876775512,1.4276779945295
1.26924073906192,0.572805620448255,1,1,1,1,48,48,48xy03,M-O,1,1.2774,0.109,0.984685164407112,0.992170429640513,0.944916027618607,0.978956549698085,0.716611843435514,0.984685164407112,0.992170429640513,0.944916027618607,0.978956549698085,0.716611843435514,1.26924073906192,0.572805620448255
-0.354102437287468,-0.474034641003692,1,1,0,0,48,48,48xy03,M-O,1,0.4307,0.535,0.841521000844284,0.869977946662823,0.565322306562699,0.837889173504377,0.31773760241146,0.158478999155716,0.130022053337177,0.434677693437301,0.162110826495623,0.68226239758854,0.354102437287468,0.474034641003692
-0.0722357764422372,0.419775852779563,0,0,1,0,48,48,48xy03,M-O,1,1.7571,0.0227,0.94019314283907,0.966856721994895,0.857092629554569,0.969920744562981,0.662675396685699,0.94019314283907,0.966856721994895,0.857092629554569,0.969920744562981,0.662675396685699,0.0722357764422372,0.419775852779563
-2.0028919094076,0.869968076270017,0,1,1,1,48,48,48xy03,M-O,1,0.2731,0.0082,0.996852114731178,0.998608855639115,0.985712567248396,0.990092227558448,0.807841074793739,0.996852114731178,0.998608855639115,0.985712567248396,0.990092227558448,0.807841074793739,2.0028919094076,0.869968076270017
1.50021480836565,1.33165236080148,1,1,1,1,48,48,48xy03,M-O,1,1.9103,0.0092,0.99644526442303,0.998686033383913,0.990119889812525,0.997376835514037,0.908512774784007,0.99644526442303,0.998686033383913,0.990119889812525,0.997376835514037,0.908512774784007,1.50021480836565,1.33165236080148
-1.37913142846306,1.37974601840537,0,1,1,1,48,48,48xy03,M-O,1,0.3428,0.0086,0.996108661997741,0.998581695896282,0.989905051177988,0.997741494993972,0.916167570701068,0.996108661997741,0.998581695896282,0.989905051177988,0.997741494993972,0.916167570701068,1.37913142846306,1.37974601840537
-0.422611695131795,1.61986830888809,0,1,1,1,48,48,48xy03,M-O,1,0.553,0.0082,0.99289396985374,0.99752969566777,0.987373662515043,0.998964032402505,0.947369715611441,0.99289396985374,0.99752969566777,0.987373662515043,0.998964032402505,0.947369715611441,0.422611695131795,1.61986830888809
-0.697301195631429,-1.76554458913523,1,1,0,0,48,48,48xy03,M-O,1,0.3992,0.1264,0.733079117190245,0.623784555181311,0.145057319331546,0.379920205938506,0.0387361416308269,0.266920882809755,0.376215444818689,0.854942680668454,0.620079794061494,0.961263858369173,0.697301195631429,1.76554458913523
3.08701971386472,0.48793736751313,1,1,1,1,48,48,48xy03,M-O,1,0.3106,0.0084,0.999634694424202,0.999807169285197,0.994678835286464,0.974280047499269,0.687202897293437,0.999634694424202,0.999807169285197,0.994678835286464,0.974280047499269,0.687202897293437,3.08701971386472,0.48793736751313
-2.06487647602866,0.222631399179247,0,1,1,1,48,48,48xy03,M-O,1,0.2728,0.0084,0.994023665639032,0.996385815424104,0.957010795087692,0.953762645032683,0.588088801658138,0.994023665639032,0.996385815424104,0.957010795087692,0.953762645032683,0.588088801658138,2.06487647602866,0.222631399179247
-1.64990611422874,1.99048109893326,0,1,1,1,48,48,48xy03,M-O,1,0.493,0.5582,0.999285578204569,0.999793254599856,0.998427404624026,0.999720054684113,0.976731017969379,0.999285578204569,0.999793254599856,0.998427404624026,0.999720054684113,0.976731017969379,1.64990611422874,1.99048109893326
-0.20533947739693,-1.31935605142681,1,1,0,0,48,48,48xy03,M-O,1,0.3816,0.3671,0.807088883879943,0.765488065522843,0.296881767181512,0.555866802911542,0.0935250535564985,0.192911116120057,0.234511934477157,0.703118232818488,0.444133197088458,0.906474946443501,0.20533947739693,1.31935605142681
-0.625529592175468,2.12158945123985,0,1,1,1,48,48,48xy03,M-O,1,0.4966,0.0088,0.998095646573612,0.999442431959152,0.996966785966836,0.999829149596519,0.983063885503774,0.998095646573612,0.999442431959152,0.996966785966836,0.999829149596519,0.983063885503774,0.625529592175468,2.12158945123985
2.13832961000138,-1.06329316014526,0,0,0,1,48,48,48xy03,M-O,1,0.3668,0.2557,0.607371985661481,0.609606059813392,0.24935770421597,0.65415441612518,0.1438245130162,0.392628014338519,0.390393940186608,0.75064229578403,0.34584558387482,0.856175486983801,2.13832961000138,1.06329316014526
2.57678886020507,0.541295130497095,1,1,1,1,48,48,48xy03,M-O,1,0.5625,0.2795,0.998631222819799,0.999297056549058,0.988262856369604,0.977311851671089,0.705847911841592,0.998631222819799,0.999297056549058,0.988262856369604,0.977311851671089,0.705847911841592,2.57678886020507,0.541295130497095
-0.30712466047993,1.99737633555787,0,0,1,0,48,48,48xy03,M-O,1,0.3211,0.5823,0.996599390797425,0.998948124064922,0.994740069025543,0.999727121153055,0.977107841731992,0.996599390797425,0.998948124064922,0.994740069025543,0.999727121153055,0.977107841731992,0.30712466047993,1.99737633555787
2.17225800436238,1.10838509317891,1,1,1,1,48,48,48xy03,M-O,1,1.3106,0.0082,0.998439152734441,0.999381354260244,0.993226069847156,0.994889172002785,0.86615223001349,0.998439152734441,0.999381354260244,0.993226069847156,0.994889172002785,0.86615223001349,2.17225800436238,1.10838509317891
-1.46264747612091,0.675072606658372,0,1,1,1,48,48,48xy03,M-O,1,0.327,0.0084,0.989730647005609,0.994999359687799,0.961371330525012,0.983616506450559,0.750185181715773,0.989730647005609,0.994999359687799,0.961371330525012,0.983616506450559,0.750185181715773,1.46264747612091,0.675072606658372
3.05178638125907,1.61388749432481,1,0,1,0,48,48,48xy03,M-O,1,0.1704,0.6393,0.999930986317521,0.999978511574246,0.999626914161656,0.998943038210192,0.946724084148181,0.999930986317521,0.999978511574246,0.999626914161656,0.998943038210192,0.946724084148181,3.05178638125907,1.61388749432481
-0.534836384172026,1.34643139844132,0,0,1,0,48,48,48xy03,M-O,1,0.8062,0.3899,0.989102757343826,0.995850181727984,0.978206510079144,0.997494187639233,0.910918284707065,0.989102757343826,0.995850181727984,0.978206510079144,0.997494187639233,0.910918284707065,0.534836384172026,1.34643139844132
-2.04073511850256,0.788930510348563,0,1,1,1,48,48,48xy03,M-O,1,0.5686,0.0082,0.996727076093793,0.998500414991904,0.984030019292797,0.98773690254626,0.784923688909849,0.996727076093793,0.998500414991904,0.984030019292797,0.98773690254626,0.784923688909849,2.04073511850256,0.788930510348563
0.913645067393743,1.04160756859222,1,1,1,1,48,48,48xy03,M-O,1,0.348,0.0708,0.987566503112775,0.994751162636272,0.968667444635741,0.993815910688734,0.851203170884892,0.987566503112775,0.994751162636272,0.968667444635741,0.993815910688734,0.851203170884892,0.913645067393743,1.04160756859222
1.92627714524513,0.504668819824452,1,1,1,1,48,48,48xy03,M-O,1,0.5195,0.3516,0.994185813672636,0.996949373866841,0.968510616623059,0.975265266846319,0.69310426781267,0.994185813672636,0.996949373866841,0.968510616623059,0.975265266846319,0.69310426781267,1.92627714524513,0.504668819824452
2.34255244528971,1.73103237461383,1,1,1,1,48,48,48xy03,M-O,1,0.3338,0.0309,0.999663278286374,0.999896699571071,0.998885525323825,0.999290815307661,0.95827700479467,0.999663278286374,0.999896699571071,0.998885525323825,0.999290815307661,0.95827700479467,2.34255244528971,1.73103237461383
-1.25450982609862,1.50541726656353,0,1,1,1,48,48,48xy03,M-O,1,0.5276,0.0085,0.996356184508714,0.998726645298356,0.991430829343377,0.998487920421922,0.933891583673445,0.996356184508714,0.998726645298356,0.991430829343377,0.998487920421922,0.933891583673445,1.25450982609862,1.50541726656353
-0.0807178750324872,-1.762405897195,1,1,0,0,48,48,48xy03,M-O,1,0.2896,0.0086,0.810963789198257,0.717921188916318,0.193354830956527,0.381115775188174,0.039000371493662,0.189036210801743,0.282078811083682,0.806645169043473,0.618884224811826,0.960999628506338,0.0807178750324872,1.762405897195
-1.4939659939926,2.08980710608127,0,1,1,1,48,48,48xy03,M-O,1,0.2815,0.0083,0.999281513426711,0.999797147354949,0.998554301817602,0.999807136484525,0.981682434615321,0.999281513426711,0.999797147354949,0.998554301817602,0.999807136484525,0.981682434615321,1.4939659939926,2.08980710608127
3.13399749067226,1.11602175309649,1,1,1,1,48,48,48xy03,M-O,1,0.246,0.0082,0.999865783561316,0.999948304885383,0.99885025571043,0.995000674884793,0.867793588327822,0.999865783561316,0.999948304885383,0.99885025571043,0.995000674884793,0.867793588327822,3.13399749067226,1.11602175309649
0.873191981809474,-0.228302247604176,0,1,0,0,48,48,48xy03,M-O,1,0.6714,0.0084,0.822363848998521,0.870174154874804,0.610502071210463,0.890941755719689,0.409705638680609,0.177636151001479,0.129825845125196,0.389497928789537,0.109058244280311,0.590294361319391,0.873191981809474,0.228302247604176
0.899290746702551,1.13510104583554,1,1,1,1,48,48,48xy03,M-O,1,0.3436,0.0082,0.989118613554344,0.99557022427757,0.973710185896064,0.995269838539799,0.871833508287314,0.989118613554344,0.99557022427757,0.973710185896064,0.995269838539799,0.871833508287314,0.899290746702551,1.13510104583554
1.7631598646634,-1.33509893934751,0,1,0,0,48,48,48xy03,M-O,1,1.2581,0.2472,0.623400816790768,0.579896197666162,0.188658170176539,0.549641356828851,0.0909219832873076,0.376599183209232,0.420103802333838,0.811341829823461,0.450358643171149,0.909078016712692,1.7631598646634,1.33509893934751
0.988026547339013,0.977252026762554,1,1,1,1,48,48,48xy03,M-O,1,0.6191,0.0083,0.987388791884972,0.994548072484303,0.966476342526422,0.992597335852396,0.835777801596646,0.987388791884972,0.994548072484303,0.966476342526422,0.992597335852396,0.835777801596646,0.988026547339013,0.977252026762554
1.98565183537688,1.69386235352634,1,1,1,1,48,48,48xy03,M-O,1,1.254,0.008,0.999235499714046,0.999758362155383,0.997811036044131,0.999193972195074,0.954854278944007,0.999235499714046,0.999758362155383,0.997811036044131,0.999193972195074,0.954854278944007,1.98565183537688,1.69386235352634
-1.87305055406454,2.06180601971683,0,1,1,1,48,48,48xy03,M-O,1,0.6488,0.1349,0.999590168770208,0.999885545808512,0.999054617654729,0.999785573306775,0.980386896132015,0.999590168770208,0.999885545808512,0.999054617654729,0.999785573306775,0.980386896132015,1.87305055406454,2.06180601971683
0.438647546339743,1.16915708909256,0,0,1,0,48,48,48xy03,M-O,1,1.6353,0.0083,0.983863086357023,0.993418756377868,0.966624982252881,0.995718324429666,0.878829826848926,0.983863086357023,0.993418756377868,0.966624982252881,0.995718324429666,0.878829826848926,0.438647546339743,1.16915708909256
0.81251235343307,0.469550069847513,1,1,1,1,48,48,48xy03,M-O,1,0.297,0.0126,0.970227553759211,0.983978452045146,0.908637114368898,0.973159654623553,0.680661747782435,0.970227553759211,0.983978452045146,0.908637114368898,0.973159654623553,0.680661747782435,0.81251235343307,0.469550069847513
0.535865445566455,-1.72723771899853,1,1,0,0,48,48,48xy03,M-O,1,1.0792,0.0079,0.754491812083276,0.654179300222922,0.163449357325882,0.394586954035924,0.0420624896536681,0.245508187916724,0.345820699777078,0.836550642674118,0.605413045964076,0.957937510346332,0.535865445566455,1.72723771899853
-2.02181351395508,-1.35657550073383,1,0,0,1,48,48,48xy03,M-O,1,0.9408,0.2703,0.593845264884675,0.549143428077712,0.174136969803529,0.541129120198537,0.0874580652863857,0.406154735115325,0.450856571922288,0.825863030196471,0.458870879801463,0.912541934713614,2.02181351395508,1.35657550073383
-0.235353057023968,0.671933914718139,0,1,1,1,48,48,48xy03,M-O,1,0.389,0.0083,0.96057891479183,0.980371521231345,0.908981337961066,0.98348786652166,0.749187115788021,0.96057891479183,0.980371521231345,0.908981337961066,0.98348786652166,0.749187115788021,0.235353057023968,0.671933914718139
-1.25711970258793,1.46016573158268,0,1,1,1,48,48,48xy03,M-O,1,1.2356,0.1917,0.996038536712183,0.998592510181152,0.990500108727367,0.998249955152987,0.927877734539443,0.996038536712183,0.998592510181152,0.990500108727367,0.998249955152987,0.927877734539443,1.25711970258793,1.46016573158268
-0.536793791539007,-1.26743170680925,1,1,0,0,48,48,48xy03,M-O,1,0.5658,0.3192,0.769871033352842,0.732481515000744,0.280324664131436,0.576294373128188,0.102500484255094,0.230128966647158,0.267518484999256,0.719675335868564,0.423705626871812,0.897499515744906,0.536793791539007,1.26743170680925
1.75076295133919,0.263829820158528,1,1,1,1,48,48,48xy03,M-O,1,0.3545,0.0082,0.989731267328921,0.993930282588687,0.942506847835585,0.957617551732883,0.604044472367213,0.989731267328921,0.993930282588687,0.942506847835585,0.957617551732883,0.604044472367213,1.75076295133919,0.263829820158528
0.445172237563013,0.002280396509018,1,1,0,0,48,48,48xy03,M-O,1,0.4339,0.0084,0.877631978176427,0.918612078409088,0.715275823841741,0.927520976315382,0.499090254204951,0.122368021823573,0.0813879215909121,0.284724176158259,0.0724790236846183,0.500909745795049,0.445172237563013,0.002280396509018
-1.89197215861203,1.24918137651362,0,1,1,1,48,48,48xy03,M-O,1,0.3915,0.0085,0.997864333925494,0.999195154877149,0.992635543506879,0.996626045090891,0.894200628991902,0.997864333925494,0.999195154877149,0.992635543506879,0.996626045090891,0.894200628991902,1.89197215861203,1.24918137651362
1.67442406402694,1.64065287520097,1,1,1,1,48,48,48xy03,M-O,1,0.427,0.0151,0.99851263247209,0.999513992394075,0.996153801519631,0.999034052095171,0.949565253818386,0.99851263247209,0.999513992394075,0.996153801519631,0.999034052095171,0.949565253818386,1.67442406402694,1.64065287520097
-1.22906353032787,-0.853816365771907,1,1,0,0,48,48,48xy03,M-O,1,0.4432,0.0147,0.7209324512245,0.736420538222171,0.361082237711705,0.727755193851085,0.196603372547604,0.2790675487755,0.263579461777829,0.638917762288295,0.272244806148915,0.803396627452396,1.22906353032787,0.853816365771907
3.00807095006317,1.15207963924452,1,1,1,1,48,48,48xy03,M-O,1,0.436,0.0433,0.999816690243801,0.99993032871077,0.998628327805573,0.995498416576988,0.875355825483173,0.999816690243801,0.99993032871077,0.998628327805573,0.995498416576988,0.875355825483173,3.00807095006317,1.15207963924452
1.1113432114588,1.17155435773982,1,1,1,1,48,48,48xy03,M-O,1,0.4253,0.6387,0.9920040484061,0.996812299108043,0.979480858474305,0.995748413018696,0.879311989062574,0.9920040484061,0.996812299108043,0.979480858474305,0.995748413018696,0.879311989062574,1.1113432114588,1.17155435773982
-0.712960454567276,-0.904999287096497,1,1,0,0,48,48,48xy03,M-O,1,0.9162,0.5898,0.771368750282817,0.775120689293321,0.38100287642521,0.7105030574192,0.182732882435038,0.228631249717183,0.224879310706679,0.61899712357479,0.2894969425808,0.817267117564962,0.712960454567276,0.904999287096497
1.10547098935786,0.469970209713528,1,1,1,1,48,48,48xy03,M-O,1,0.4527,0.0925,0.978698867471403,0.988570640914545,0.925588944976426,0.973185702685174,0.680811849298171,0.978698867471403,0.988570640914545,0.925588944976426,0.973185702685174,0.680811849298171,1.10547098935786,0.469970209713528
1.08132963183176,1.38132772143037,1,1,1,1,48,48,48xy03,M-O,1,0.7701,0.4061,0.994254176471635,0.997883554902647,0.986605473307629,0.997752666973575,0.91641089082191,0.994254176471635,0.997883554902647,0.986605473307629,0.997752666973575,0.91641089082191,1.08132963183176,1.38132772143037
-1.29561538080522,-1.06670370729292,1,1,0,0,48,48,48xy03,M-O,1,0.3558,2.0708,0.695007923953345,0.686515177669922,0.286987928673547,0.652895843500339,0.143052826260204,0.304992076046655,0.313484822330078,0.713012071326453,0.347104156499661,0.856947173739796,1.29561538080522,1.06670370729292
1.10351358199088,0.113493890454288,0,1,0,0,48,48,48xy03,M-O,1,0.8104,0.4787,0.819487220331881,0.874400969960766,0.636605066594675,0.910906831987842,0.454819503249179,0.180512779668119,0.125599030039234,0.363394933405325,0.0890931680121579,0.545180496750821,1.10351358199088,0.113493890454288
-1.08747773078293,0.265263238524934,0,1,1,1,48,48,48xy03,M-O,1,1.3465,0.0948,0.973023418303179,0.984081285851523,0.89712395714013,0.957746847169069,0.604596659109734,0.973023418303179,0.984081285851523,0.89712395714013,0.957746847169069,0.604596659109734,1.08747773078293,0.265263238524934
1.35079937935278,1.9605523120071,1,1,1,1,48,48,48xy03,M-O,1,1.0894,0.1422,0.998793800176812,0.999642001133065,0.997557032603305,0.999687361915495,0.975034365020925,0.998793800176812,0.999642001133065,0.997557032603305,0.999687361915495,0.975034365020925,1.35079937935278,1.9605523120071
3.03808452969021,0.155433734726538,1,1,1,1,48,48,48xy03,M-O,1,0.292,0.0629,0.999409150509276,0.999624384598544,0.988669151939966,0.946875825263246,0.561760304566151,0.999409150509276,0.999624384598544,0.988669151939966,0.946875825263246,0.561760304566151,3.03808452969021,0.155433734726538
-0.723399960524506,-1.76880685162429,1,1,0,0,48,48,48xy03,M-O,1,0.4246,1.3423,0.72967995781074,0.619397432445528,0.142849905669344,0.378678782339648,0.0384630564829603,0.27032004218926,0.380602567554472,0.857150094330656,0.621321217660352,0.96153694351704,0.723399960524506,1.76880685162429
0.448434583174647,-1.36233388830921,1,1,0,0,48,48,48xy03,M-O,1,0.4423,1.1019,0.776457281598602,0.727665185208156,0.260768150521507,0.538843408213213,0.0865462687355034,0.223542718401398,0.272334814791844,0.739231849478493,0.461156591786787,0.913453731264497,0.448434583174647,1.36233388830921
-1.09987464410714,0.179554705857779,0,0,1,0,48,48,48xy03,M-O,1,1.2684,0.4472,0.971189291220965,0.982289328717662,0.884805692447571,0.949435938710309,0.571248916931374,0.971189291220965,0.982289328717662,0.884805692447571,0.949435938710309,0.571248916931374,1.09987464410714,0.179554705857779
2.80580552214182,1.04289270230003,1,1,1,1,48,48,48xy03,M-O,1,0.3145,0.0634,0.999616620264701,0.999846067106159,0.997333465125286,0.993838318659966,0.851501005051883,0.999616620264701,0.999846067106159,0.997333465125286,0.993838318659966,0.851501005051883,2.80580552214182,1.04289270230003
0.391017300409878,-0.185695122368254,1,1,0,0,48,48,48xy03,M-O,1,1.2141,0.0351,0.863959638699229,0.90195971659173,0.660727274221656,0.898696482321752,0.426341926790899,0.136040361300771,0.0980402834082699,0.339272725778344,0.101303517678248,0.573658073209101,0.391017300409878,0.185695122368254
0.901248154069532,0.884055118836418,1,1,1,1,48,48,48xy03,M-O,1,2.4202,0.0696,0.984044972854545,0.992819511970467,0.95733226823928,0.990458595487249,0.811666770347274,0.984044972854545,0.992819511970467,0.95733226823928,0.990458595487249,0.811666770347274,0.901248154069532,0.884055118836418
1.07871975534246,2.09084509869143,1,1,1,1,48,48,48xy03,M-O,1,0.6361,0.0135,0.998740079081547,0.999636444971762,0.997744444287022,0.999807895461186,0.981729024057617,0.998740079081547,0.999636444971762,0.997744444287022,0.999807895461186,0.981729024057617,1.07871975534246,2.09084509869143
0.25269384647657,0.578094439938096,0,1,1,1,48,48,48xy03,M-O,1,1.8739,0.0452,0.956330695134827,0.97740687108901,0.895287338256317,0.979222466573501,0.718399819662466,0.956330695134827,0.97740687108901,0.895287338256317,0.979222466573501,0.718399819662466,0.25269384647657,0.578094439938096
-0.603345642016353,-0.480361453103689,1,1,0,0,48,48,48xy03,M-O,1,0.5537,0.323,0.818447671665792,0.851434509499553,0.540892987747027,0.836331721247643,0.315485199330422,0.181552328334208,0.148565490500447,0.459107012252973,0.163668278752357,0.684514800669578,0.603345642016353,0.480361453103689
2.01892776061555,1.01427376319145,1,1,1,1,48,48,48xy03,M-O,1,0.4495,0.0719,0.997534959444034,0.998978292803919,0.989635322947125,0.993321908083651,0.84477393012831,0.997534959444034,0.998978292803919,0.989635322947125,0.993321908083651,0.84477393012831,2.01892776061555,1.01427376319145
-1.57160981954951,1.1855178297574,0,1,1,1,48,48,48xy03,M-O,1,0.3516,0.0142,0.995896424815966,0.998396697919023,0.987406699961863,0.995919943024181,0.882093615323779,0.995896424815966,0.998396697919023,0.987406699961863,0.995919943024181,0.882093615323779,1.57160981954951,1.1855178297574
2.18791726329822,2.02540213603208,1,1,1,1,48,48,48xy03,M-O,1,0.3334,0.1176,0.999758335905328,0.999932791282376,0.999360172160846,0.999754167129939,0.978586955848445,0.999758335905328,0.999932791282376,0.999360172160846,0.999754167129939,0.978586955848445,2.18791726329822,2.02540213603208
-1.11031415006437,1.16245956534608,0,1,1,1,48,48,48xy03,M-O,1,0.3454,1.2386,0.991872043135355,0.996747994635806,0.979070595039624,0.995633251089777,0.87747557998737,0.991872043135355,0.996747994635806,0.979070595039624,0.995633251089777,0.87747557998737,1.11031415006437,1.16245956534608
1.79317344429044,0.514480321401402,1,1,1,1,48,48,48xy03,M-O,1,0.2994,0.0951,0.992687697607052,0.99617808362099,0.96382587361754,0.9758281424923,0.696541892391931,0.992687697607052,0.99617808362099,0.96382587361754,0.9758281424923,0.696541892391931,1.79317344429044,0.514480321401402
2.53046355251986,0.349859636252636,1,1,1,1,48,48,48xy03,M-O,1,0.2478,0.0726,0.998107563295701,0.998926480816189,0.981825617466396,0.964829914200189,0.636777979740744,0.998107563295701,0.998926480816189,0.981825617466396,0.964829914200189,0.636777979740744,2.53046355251986,0.349859636252636
0.0014932343807051,1.9246179964079,0,1,1,1,48,48,48xy03,M-O,1,0.2527,0.0085,0.994946287613196,0.998376481903769,0.992476388128285,0.999643423828402,0.972861416858116,0.994946287613196,0.998376481903769,0.992476388128285,0.999643423828402,0.972861416858116,0.0014932343807051,1.9246179964079
-0.389335769893122,-1.70319089019658,1,1,0,0,48,48,48xy03,M-O,1,0.2128,0.0865,0.773563947761413,0.679935680253187,0.17963307556098,0.403872302175772,0.044266175465952,0.226436052238587,0.320064319746813,0.82036692443902,0.596127697824228,0.955733824534048,0.389335769893122,1.70319089019658
0.0308543448854166,-1.10211902658705,1,1,0,0,48,48,48xy03,M-O,1,0.5295,0.0082,0.835402442447392,0.816905582132937,0.384529322311508,0.639729255897972,0.135204964337036,0.164597557552608,0.183094417867063,0.615470677688492,0.360270744102028,0.864795035662964,0.0308543448854166,1.10211902658705
0.0315068140077435,0.998728588148874,0,1,1,1,48,48,48xy03,M-O,1,0.7065,0.0084,0.971001772850492,0.987233409595965,0.943165349387191,0.993025669918657,0.841036906050419,0.971001772850492,0.987233409595965,0.943165349387191,0.993025669918657,0.841036906050419,0.0315068140077435,0.998728588148874
2.31449627302965,2.03385436157192,1,1,1,1,48,48,48xy03,M-O,1,0.239,0.1181,0.999819737983731,0.999950343566835,0.999498657860979,0.999761819656213,0.979016859192065,0.999819737983731,0.999950343566835,0.999498657860979,0.999761819656213,0.979016859192065,2.31449627302965,2.03385436157192
2.13702467175672,1.54048658832093,1,1,1,1,48,48,48xy03,M-O,1,0.3628,0.0083,0.999225873016646,0.999742417242174,0.997427509085631,0.99865161163658,0.938279105257824,0.999225873016646,0.999742417242174,0.997427509085631,0.99865161163658,0.938279105257824,2.13702467175672,1.54048658832093
-1.03201785538514,-0.0713676505925164,1,1,0,0,48,48,48xy03,M-O,1,2.335,0.0219,0.829954731161786,0.883694878210586,0.655265746769822,0.917505535173204,0.471552577512787,0.170045268838214,0.116305121789414,0.344734253230178,0.0824944648267957,0.528447422487213,1.03201785538514,0.0713676505925164
1.93084442910142,-0.595603346940755,0,1,0,0,48,48,48xy03,M-O,1,1.1142,0.0086,0.685392757021641,0.736563223691602,0.416296393704682,0.806274956263505,0.275720120115974,0.314607242978359,0.263436776308398,0.583703606295318,0.193725043736495,0.724279879884026,1.93084442910142,0.595603346940755
0.185489526876897,1.76496484732202,0,1,1,1,48,48,48xy03,M-O,1,2.2452,0.0081,0.993668281327738,0.997879459868579,0.989784814522769,0.999369738483858,0.961215163082568,0.993668281327738,0.997879459868579,0.989784814522769,0.999369738483858,0.961215163082568,0.185489526876897,1.76496484732202
1.82318702391747,1.26959523118002,1,1,1,1,48,48,48xy03,M-O,1,0.3244,0.0084,0.997666216770805,0.999125746859256,0.992297822900391,0.996827991350241,0.89788557551381,0.997666216770805,0.999125746859256,0.992297822900391,0.996827991350241,0.89788557551381,1.82318702391747,1.26959523118002
-0.864985760069449,1.33948673359718,0,1,1,1,48,48,48xy03,M-O,1,0.7449,0.0083,0.992048573612676,0.997001181211395,0.98243793187972,0.997439648256359,0.909793864792169,0.992048573612676,0.997001181211395,0.98243793187972,0.997439648256359,0.909793864792169,0.864985760069449,1.33948673359718
0.217460513870917,-1.27356080603112,1,1,0,0,48,48,48xy03,M-O,1,0.4018,0.0318,0.807349074621986,0.770781314773555,0.309280114081339,0.573892666618157,0.101409555008784,0.192650925378014,0.229218685226445,0.690719885918661,0.426107333381843,0.898590444991216,0.217460513870917,1.27356080603112
1.70052282892001,-0.21142251063426,0,0,0,1,48,48,48xy03,M-O,1,1.4576,0.855,0.762638274707227,0.828560870847177,0.570734076433826,0.894063499858464,0.416278796390914,0.237361725292773,0.171439129152823,0.429265923566174,0.105936500141536,0.583721203609086,1.70052282892001,0.21142251063426
1.77620924710994,1.37611304426982,1,1,1,1,48,48,48xy03,M-O,1,0.6846,0.0084,0.997905367760575,0.999246610132987,0.993591187763548,0.997715643615381,0.915606681166958,0.997905367760575,0.999246610132987,0.993591187763548,0.997715643615381,0.915606681166958,1.77620924710994,1.37611304426982
3.12812526857132,0.845253966504401,1,1,1,1,48,48,48xy03,M-O,1,0.4217,0.0091,0.999794397106557,0.999909829681489,0.997772033656148,0.989419742624375,0.801015471517835,0.999794397106557,0.999909829681489,0.997772033656148,0.989419742624375,0.801015471517835,3.12812526857132,0.845253966504401
0.0412938508426474,-1.89608451691721,1,1,0,0,48,48,48xy03,M-O,1,0.3953,0.0084,0.81389062836263,0.705040031614945,0.168047049075411,0.331334826591601,0.028974434801576,0.18610937163737,0.294959968385055,0.831952950924589,0.668665173408399,0.971025565198424,0.0412938508426474,1.89608451691721
-1.52593698098662,-0.555813630218114,1,1,0,0,48,48,48xy03,M-O,1,1.0523,0.0084,0.726295973935026,0.772833886497138,0.450690140176531,0.817013062307393,0.289169133341449,0.273704026064974,0.227166113502862,0.549309859823469,0.182986937692607,0.710830866658551,1.52593698098662,0.555813630218114
0.339472239746051,-1.55048240595485,1,1,0,0,48,48,48xy03,M-O,1,1.4372,0.0931,0.783579013345651,0.711781768410425,0.220202858101215,0.463894020096681,0.060512886586503,0.216420986654349,0.288218231589575,0.779797141898785,0.536105979903319,0.939487113413497,0.339472239746051,1.55048240595485
2.94673885256444,1.40663496983036,1,1,1,1,48,48,48xy03,M-O,1,0.3546,0.0082,0.999860271570916,0.999952408856751,0.999181960109445,0.9979247383725,0.920232171000274,0.999860271570916,0.999952408856751,0.999181960109445,0.9979247383725,0.920232171000274,2.94673885256444,1.40663496983036
0.800115440108859,-0.174697343522555,0,0,0,1,48,48,48xy03,M-O,1,1.3671,1.5429,0.834161041275793,0.881452206168098,0.634145497596614,0.90063126637246,0.43065872761925,0.165838958724207,0.118547793831902,0.365854502403386,0.0993687336275398,0.56934127238075,0.800115440108859,0.174697343522555
1.77425183974295,1.62841939086699,1,1,1,1,48,48,48xy03,M-O,1,0.3504,0.0085,0.998711997528388,0.999579068949865,0.996515364935877,0.998993384923314,0.948282005623692,0.998711997528388,0.999579068949865,0.996515364935877,0.998993384923314,0.948282005623692,1.77425183974295,1.62841939086699
1.55306480727413,0.349093498849902,1,0,1,0,48,48,48xy03,M-O,1,0.5025,0.9575,0.986976476851775,0.99262073395298,0.93869572338961,0.964770437532758,0.636490441448931,0.986976476851775,0.99262073395298,0.93869572338961,0.964770437532758,0.636490441448931,1.55306480727413,0.349093498849902
-1.38826599617564,-0.161920148773732,1,1,0,0,48,48,48xy03,M-O,1,0.4069,0.0083,0.792493880081493,0.852882580516402,0.603973914876116,0.902845005655217,0.435684367884328,0.207506119918507,0.147117419483598,0.396026085123884,0.0971549943447833,0.564315632115672,1.38826599617564,0.161920148773732
0.215503106503936,-1.30257517089596,1,1,0,0,48,48,48xy03,M-O,1,1.7928,0.0083,0.806496814942245,0.766703079629158,0.300786074028489,0.562487537034302,0.0963599195184097,0.193503185057755,0.233296920370842,0.699213925971511,0.437512462965698,0.90364008048159,0.215503106503936,1.30257517089596
2.5363357746208,1.60286500136935,1,1,1,1,48,48,48xy03,M-O,1,0.3402,0.0089,0.999720146405292,0.999910591259404,0.998894803405912,0.998903321253528,0.94551776895088,0.999720146405292,0.999910591259404,0.998894803405912,0.998903321253528,0.94551776895088,2.5363357746208,1.60286500136935
-0.459149965982103,2.03958803503754,0,1,1,1,48,48,48xy03,M-O,1,1.323,0.0082,0.997292300984662,0.999179767099103,0.995732772598578,0.999766883717012,0.979304312619956,0.997292300984662,0.999179767099103,0.995732772598578,0.999766883717012,0.979304312619956,0.459149965982103,2.03958803503754
-0.234048118779314,-0.0419578599714339,1,1,0,0,48,48,48xy03,M-O,1,0.6192,0.015,0.888099065554095,0.924223580721553,0.718843310838126,0.921889488330758,0.483266145692035,0.111900934445905,0.0757764192784469,0.281156689161874,0.0781105116692423,0.516733854307965,0.234048118779314,0.0419578599714339
-1.55790796798064,1.08547511342619,0,1,1,1,48,48,48xy03,M-O,1,0.9286,1.2076,0.995062579265122,0.997989684400958,0.984186452202963,0.994541264241233,0.861144359896254,0.995062579265122,0.997989684400958,0.984186452202963,0.994541264241233,0.861144359896254,1.55790796798064,1.08547511342619
3.25013699444645,0.293239610779611,1,1,1,1,48,48,48xy03,M-O,1,0.296,0.0084,0.999726365706595,0.999838802937501,0.994164973285697,0.960207049407164,0.615330495436118,0.999726365706595,0.999838802937501,0.994164973285697,0.960207049407164,0.615330495436118,3.25013699444645,0.293239610779611
0.749222848567359,1.56228443313421,1,1,1,1,48,48,48xy03,M-O,1,1.3447,0.0084,0.994115657810927,0.997942503132765,0.988410802718638,0.998745022269496,0.940889501218359,0.994115657810927,0.997942503132765,0.988410802718638,0.998745022269496,0.940889501218359,0.749222848567359,1.56228443313421
-1.6198925346017,0.133191035937484,0,1,1,1,48,48,48xy03,M-O,1,0.5579,0.0084,0.985591196380653,0.990908820347955,0.919975059432552,0.944424981276347,0.552978850014787,0.985591196380653,0.990908820347955,0.919975059432552,0.944424981276347,0.552978850014787,1.6198925346017,0.133191035937484
-0.448057990902545,1.15116521718319,0,1,1,1,48,48,48xy03,M-O,1,1.3805,0.0082,0.983509813114887,0.993231307044379,0.965592769997683,0.995486361947826,0.875167864085854,0.983509813114887,0.993231307044379,0.965592769997683,0.995486361947826,0.875167864085854,0.448057990902545,1.15116521718319
1.39712468703799,0.93793187812546,1,1,1,1,48,48,48xy03,M-O,1,0.5489,0.0085,0.992122146712761,0.996574324742854,0.974792437001083,0.991752753022448,0.825860290240112,0.992122146712761,0.996574324742854,0.974792437001083,0.991752753022448,0.825860290240112,1.39712468703799,0.93793187812546
3.11768576261409,1.97152537674304,1,1,1,1,48,48,48xy03,M-O,1,0.4001,0.0236,0.99997406050387,0.999992989171281,0.999886365532873,0.999699740185963,0.975668093351331,0.99997406050387,0.999992989171281,0.999886365532873,0.999699740185963,0.975668093351331,3.11768576261409,1.97152537674304
2.99828391322826,0.160425984899192,1,1,1,1,48,48,48xy03,M-O,1,0.5072,0.0686,0.999340070036321,0.999581997401282,0.987967762072819,0.947413951134662,0.563727239142979,0.999340070036321,0.999581997401282,0.987967762072819,0.947413951134662,0.563727239142979,2.99828391322826,0.160425984899192
-1.68383450858974,0.455339456732284,0,1,1,1,48,48,48xy03,M-O,1,0.582,0.0082,0.990580148379706,0.994931570825947,0.954865912935351,0.972266096120852,0.675567477875682,0.990580148379706,0.994931570825947,0.954865912935351,0.972266096120852,0.675567477875682,1.68383450858974,0.455339456732284
0.641565443383416,1.36279213910616,1,1,1,1,48,48,48xy03,M-O,1,0.3802,0.0466,0.990424538096426,0.996389552130191,0.980381379050905,0.997618546213407,0.913525985367688,0.990424538096426,0.996389552130191,0.980381379050905,0.997618546213407,0.913525985367688,0.641565443383416,1.36279213910616
0.416463596180628,0.120735124615614,1,1,0,0,48,48,48xy03,M-O,1,0.3693,0.008,0.868193421644196,0.907702070673358,0.679944513961347,0.909734048584638,0.451950418534514,0.131806578355804,0.0922979293266422,0.320055486038653,0.0902659514153621,0.548049581465486,0.416463596180628,0.120735124615614
2.51154194797238,0.769925359938805,1,1,1,1,48,48,48xy03,M-O,1,0.4202,0.0085,0.998796653111491,0.999446773222513,0.991781660072083,0.987118960376751,0.779327915170533,0.998796653111491,0.999446773222513,0.991781660072083,0.987118960376751,0.779327915170533,2.51154194797238,0.769925359938805
2.36865121018278,1.71835403630407,1,1,1,1,48,48,48xy03,M-O,1,0.4041,0.7513,0.999673804831759,0.999899570614845,0.998898528154919,0.99925905867242,0.957133970650105,0.999673804831759,0.999899570614845,0.998898528154919,0.99925905867242,0.957133970650105,2.36865121018278,1.71835403630407
-1.7556061120457,1.29453176793353,0,1,1,1,48,48,48xy03,M-O,1,0.3912,0.0082,0.997486174585715,0.999065530365491,0.992061810753375,0.997059881385922,0.902259098250172,0.997486174585715,0.999065530365491,0.992061810753375,0.997059881385922,0.902259098250172,1.7556061120457,1.29453176793353
0.865362352341551,1.59920731312404,1,1,1,1,48,48,48xy03,M-O,1,1.7102,4.4565,0.995163810341196,0.998338946536943,0.990287252120431,0.998889842323051,0.945112727038252,0.995163810341196,0.998338946536943,0.990287252120431,0.998889842323051,0.945112727038252,0.865362352341551,1.59920731312404
1.01934506521071,-1.13301166379407,0,1,0,0,48,48,48xy03,M-O,1,0.8328,0.0147,0.721044118353594,0.701694227478287,0.28372105831932,0.628106517343061,0.128604677607704,0.278955881646406,0.298305772521713,0.71627894168068,0.371893482656939,0.871395322392296,1.01934506521071,1.13301166379407
2.54677528057803,1.4771196108819,1,1,1,1,48,48,48xy03,M-O,1,0.4987,0.0959,0.99965033100377,0.99988261279893,0.998497297566227,0.998342839683256,0.930178211208995,0.99965033100377,0.99988261279893,0.998497297566227,0.998342839683256,0.930178211208995,2.54677528057803,1.4771196108819
0.983459263482724,1.59723018434279,1,1,1,1,48,48,48xy03,M-O,1,0.8891,0.0871,0.995745704435914,0.998545197804003,0.991150082725853,0.998882493364374,0.944892796646242,0.995745704435914,0.998545197804003,0.991150082725853,0.998882493364374,0.944892796646242,0.983459263482724,1.59723018434279
-0.990259831556218,0.515098174145542,0,1,1,1,48,48,48xy03,M-O,1,0.5909,0.0085,0.976773139909286,0.987774654026169,0.924580033441982,0.975863225020639,0.696757790725999,0.976773139909286,0.987774654026169,0.924580033441982,0.975863225020639,0.696757790725999,0.990259831556218,0.515098174145542
-1.56247525183693,2.1039435768672,0,1,1,1,48,48,48xy03,M-O,1,0.4005,0.4875,0.999375389815311,0.99982510424341,0.99872354385064,0.99981723621946,0.982308315435371,0.999375389815311,0.99982510424341,0.99872354385064,0.99981723621946,0.982308315435371,1.56247525183693,2.1039435768672
-0.0631012087296603,1.58541683987482,0,1,1,1,48,48,48xy03,M-O,1,0.3466,0.008,0.989929386737134,0.996402887151761,0.983321168773431,0.998837646572893,0.943564171216538,0.989929386737134,0.996402887151761,0.983321168773431,0.998837646572893,0.943564171216538,0.0631012087296603,1.58541683987482
2.93956169221884,1.81718576125677,1,1,1,1,48,48,48xy03,M-O,1,0.3359,0.5328,0.999938163587002,0.999982134564476,0.999730507357916,0.999475492441955,0.965405662773428,0.999938163587002,0.999982134564476,0.999730507357916,0.999475492441955,0.965405662773428,2.93956169221884,1.81718576125677
0.406676559345724,1.54738182494554,0,1,1,1,48,48,48xy03,M-O,1,0.507,2.2874,0.991667332595971,0.99702876643271,0.984908879831464,0.998681825201465,0.939114399374774,0.991667332595971,0.99702876643271,0.984908879831464,0.998681825201465,0.939114399374774,0.406676559345724,1.54738182494554
3.0452616900358,1.16525225974959,1,1,1,1,48,48,48xy03,M-O,1,0.272,0.0082,0.999838975019657,0.999939223526918,0.998771472151612,0.995668906399513,0.878041551323616,0.999838975019657,0.999939223526918,0.998771472151612,0.995668906399513,0.878041551323616,3.0452616900358,1.16525225974959
0.555439519236263,-0.499045320086495,1,1,0,0,48,48,48xy03,M-O,1,1.3655,0.0083,0.821080760515688,0.852219253630654,0.538283268043632,0.831675870246619,0.308873728602676,0.178919239484312,0.147780746369346,0.461716731956368,0.168324129753381,0.691126271397324,0.555439519236263,0.499045320086495
3.21359872359615,0.503457828445937,1,1,1,1,48,48,48xy03,M-O,1,0.2545,2.8392,0.999755151966817,0.999871803986827,0.995975086831057,0.975195037223991,0.692678788585051,0.999755151966817,0.999871803986827,0.995975086831057,0.975195037223991,0.692678788585051,3.21359872359615,0.503457828445937
-0.960898721051506,-0.78147816648795,1,1,0,0,48,48,48xy03,M-O,1,0.9675,0.0085,0.755420438469573,0.773965522636033,0.404497558107064,0.751233357952481,0.217260656604689,0.244579561530427,0.226034477363967,0.595502441892936,0.248766642047519,0.782739343395311,0.960898721051506,0.78147816648795
2.63942589594845,2.03474406952348,1,1,1,1,48,48,48xy03,M-O,1,0.2709,5.1676,0.999916649290135,0.999977433667817,0.999730693048094,0.999762612127474,0.979061684289165,0.999916649290135,0.999977433667817,0.999730693048094,0.999762612127474,0.979061684289165,2.63942589594845,2.03474406952348
1.13417963074024,1.39684818236318,1,1,1,1,48,48,48xy03,M-O,1,0.38,0.023,0.994769094467034,0.998088159086872,0.987662677049897,0.997859665131239,0.918770385180072,0.994769094467034,0.998088159086872,0.987662677049897,0.997859665131239,0.918770385180072,1.13417963074024,1.39684818236318
2.96827033360122,1.08411583738908,1,1,1,1,48,48,48xy03,M-O,1,0.3299,0.1431,0.999770658422899,0.999909992140263,0.998243717506214,0.994519976138774,0.86084327918274,0.999770658422899,0.999909992140263,0.998243717506214,0.994519976138774,0.86084327918274,2.96827033360122,1.08411583738908
2.0274098592058,1.75488149053765,1,1,1,1,48,48,48xy03,M-O,1,0.7703,0.0316,0.999380829018786,0.999808982627298,0.998248931205866,0.999347176656782,0.960360209590568,0.999380829018786,0.999808982627298,0.998248931205866,0.999347176656782,0.960360209590568,2.0274098592058,1.75488149053765
0.582190753251667,1.79738975933451,1,1,1,1,48,48,48xy03,M-O,1,0.6568,0.0464,0.995767509714822,0.998623270845486,0.992615462799381,0.999437501554965,0.963863117325067,0.995767509714822,0.998623270845486,0.992615462799381,0.999437501554965,0.963863117325067,0.582190753251667,1.79738975933451
-0.146617256387507,1.37485262467178,0,1,1,1,48,48,48xy03,M-O,1,1.1307,0.0313,0.985785936513876,0.994562466488952,0.974474741116257,0.997706612338457,0.915411430350425,0.985785936513876,0.994562466488952,0.974474741116257,0.997706612338457,0.915411430350425,0.146617256387507,1.37485262467178
2.30992898917336,2.06494471165706,1,1,1,1,48,48,48xy03,M-O,1,0.4455,0.0456,0.999831089713431,0.999953956579042,0.999538479668262,0.999788097834951,0.980535884057646,0.999831089713431,0.999953956579042,0.999538479668262,0.999788097834951,0.980535884057646,2.30992898917336,2.06494471165706
-1.33541599726716,1.41019380163661,0,1,1,1,48,48,48xy03,M-O,1,0.5372,0.0084,0.996088317706395,0.998588300535646,0.990147140861862,0.997947952719437,0.920758767221157,0.996088317706395,0.998588300535646,0.990147140861862,0.997947952719437,0.920758767221157,1.33541599726716,1.41019380163661
1.58699320163513,2.01996503188364,1,1,1,1,48,48,48xy03,M-O,1,0.4983,0.0082,0.99926307358377,0.999788145886916,0.998430324073585,0.999749123922657,0.978306492596716,0.99926307358377,0.999788145886916,0.998430324073585,0.999749123922657,0.978306492596716,1.58699320163513,2.01996503188364
1.0506635830824,1.93714805005906,1,1,1,1,48,48,48xy03,M-O,1,0.389,0.0083,0.998119428916225,0.999428930774032,0.996474007192459,0.999659357999291,0.973636375776571,0.998119428916225,0.999428930774032,0.996474007192459,0.999659357999291,0.973636375776571,1.0506635830824,1.93714805005906
2.80058576916321,0.320474559741319,1,1,1,1,48,48,48xy03,M-O,1,0.2502,0.0081,0.999020041567587,0.99943423185338,0.987556416879448,0.962488915636518,0.625695693688054,0.999020041567587,0.99943423185338,0.987556416879448,0.962488915636518,0.625695693688054,2.80058576916321,0.320474559741319
0.886893833378339,1.30261328182688,1,1,1,1,48,48,48xy03,M-O,1,0.2874,0.0085,0.991707188795321,0.996831702207594,0.981297812845052,0.997131686440869,0.903646589487544,0.991707188795321,0.996831702207594,0.981297812845052,0.997131686440869,0.903646589487544,0.886893833378339,1.30261328182688
1.75467776607315,1.28504154978353,1,1,1,1,48,48,48xy03,M-O,1,0.2492,0.0081,0.997439707846687,0.999044614903724,0.991879742712199,0.996973494103979,0.90061111751122,0.997439707846687,0.999044614903724,0.991879742712199,0.996973494103979,0.90061111751122,1.75467776607315,1.28504154978353
1.36972098390026,1.08769938330509,1,1,1,1,48,48,48xy03,M-O,1,0.2867,0.0086,0.993491003758511,0.997337852692765,0.980818882898039,0.994575940820188,0.861636079958958,0.993491003758511,0.997337852692765,0.980818882898039,0.994575940820188,0.861636079958958,1.36972098390026,1.08769938330509
3.17445057625653,1.26761810239877,1,1,1,1,48,48,48xy03,M-O,1,0.3332,0.0084,0.999907957111857,0.999966944976665,0.999282860958727,0.996808919488266,0.897532817930103,0.999907957111857,0.999966944976665,0.999282860958727,0.996808919488266,0.897532817930103,3.17445057625653,1.26761810239877
-1.5448585855341,-0.274789488073299,1,1,0,0,48,48,48xy03,M-O,1,0.3104,0.4137,0.764353757780468,0.825341999867221,0.55459251989193,0.882004074270753,0.391738987316928,0.235646242219532,0.174658000132779,0.44540748010807,0.117995925729247,0.608261012683072,1.5448585855341,0.274789488073299
0.28662224083757,0.5599789974799,0,1,1,1,48,48,48xy03,M-O,1,1.3485,0.0319,0.956551132643922,0.977362446728534,0.893995581635641,0.97829965518049,0.71225311828782,0.956551132643922,0.977362446728534,0.893995581635641,0.97829965518049,0.71225311828782,0.28662224083757,0.5599789974799
3.21686106920778,0.307326653346012,1,1,1,1,48,48,48xy03,M-O,1,0.2885,0.0082,0.999700833844587,0.999825254164849,0.99395760171352,0.961401029642883,0.620702624867693,0.999700833844587,0.999825254164849,0.99395760171352,0.961401029642883,0.620702624867693,3.21686106920778,0.307326653346012
-2.07857832759753,1.93751876170555,0,1,1,1,48,48,48xy03,M-O,1,0.5292,4.5808,0.999628116231757,0.999892773162924,0.999017453777986,0.999659819184367,0.973659018887377,0.999628116231757,0.999892773162924,0.999017453777986,0.999659819184367,0.973659018887377,2.07857832759753,1.93751876170555
0.268353105412417,0.54391482613225,0,1,1,1,48,48,48xy03,M-O,1,1.1687,0.0084,0.955077380085281,0.976430312861242,0.890436422858396,0.977452597314514,0.706749957018441,0.955077380085281,0.976430312861242,0.890436422858396,0.977452597314514,0.706749957018441,0.268353105412417,0.54391482613225
-1.60358080654353,1.19448905160232,0,1,1,1,48,48,48xy03,M-O,1,0.3662,0.0083,0.996157245752462,0.998505540340466,0.988091253990497,0.996026852878049,0.883856639557685,0.996157245752462,0.998505540340466,0.988091253990497,0.996026852878049,0.883856639557685,1.60358080654353,1.19448905160232
-1.30083513378383,0.558076011027948,0,1,1,1,48,48,48xy03,M-O,1,0.3733,0.0084,0.985068015878848,0.99231782657823,0.945059679937913,0.97820073631662,0.711603759603869,0.985068015878848,0.99231782657823,0.945059679937913,0.97820073631662,0.711603759603869,1.30083513378383,0.558076011027948
2.86909502700753,1.22278670728395,1,1,1,1,48,48,48xy03,M-O,1,0.3831,0.008,0.999759303425138,0.999911020660679,0.99847041750142,0.996347831606085,0.889294866301343,0.999759303425138,0.999911020660679,0.99847041750142,0.996347831606085,0.889294866301343,2.86909502700753,1.22278670728395
1.41343641509617,0.142359970660527,1,1,1,1,48,48,48xy03,M-O,1,0.3031,0.0082,0.980407880414118,0.987715387331098,0.904894920564512,0.945445874177339,0.556602160459648,0.980407880414118,0.987715387331098,0.904894920564512,0.945445874177339,0.556602160459648,1.41343641509617,0.142359970660527
-1.03462773187445,0.110528197282414,1,1,0,0,48,48,48xy03,M-O,1,0.2959,2.8847,0.824763071844734,0.878195128896435,0.641618013373025,0.911383865723164,0.455995244332337,0.175236928155266,0.121804871103565,0.358381986626975,0.0886161342768363,0.544004755667663,1.03462773187445,0.110528197282414
0.0576055789008205,-1.20240888401592,1,0,0,1,48,48,48xy03,M-O,1,0.8121,0.9979,0.828456999812275,0.800354007887253,0.349202753800023,0.601582498109496,0.114602574422822,0.171543000187725,0.199645992112747,0.650797246199977,0.398417501890504,0.885397425577178,0.0576055789008205,1.20240888401592
2.20161911486709,-1.29029225834244,0,1,0,0,48,48,48xy03,M-O,1,1.144,3.6391,0.58005474615421,0.548225408224432,0.184690273369506,0.567322682864407,0.0984746019085169,0.41994525384579,0.451774591775568,0.815309726630494,0.432677317135593,0.901525398091483,2.20161911486709,1.29029225834244
2.87366231086382,1.58482370124045,1,1,1,1,48,48,48xy03,M-O,1,0.6923,0.0232,0.999878681857083,0.999961501016251,0.999405716072319,0.998835351981237,0.943496802112932,0.999878681857083,0.999961501016251,0.999405716072319,0.998835351981237,0.943496802112932,2.87366231086382,1.58482370124045
-1.78039993869412,1.2849179792347,0,1,1,1,48,48,48xy03,M-O,1,0.4418,0.1434,0.99755054962782,0.999086730314068,0.99213837207572,0.996972354344918,0.90058952628134,0.99755054962782,0.999086730314068,0.99213837207572,0.996972354344918,0.90058952628134,1.78039993869412,1.2849179792347
1.08850679217736,1.89753133210478,1,1,1,1,48,48,48xy03,M-O,1,0.8051,0.0079,0.998032197269256,0.999395721256768,0.996218890738814,0.999606583458963,0.971121076209447,0.998032197269256,0.999395721256768,0.996218890738814,0.999606583458963,0.971121076209447,1.08850679217736,1.89753133210478
0.0145426168272435,2.16943596774609,0,1,1,1,48,48,48xy03,M-O,1,0.7796,0.3438,0.997226942030303,0.999173058931862,0.996121405061873,0.999857899195202,0.98497519961345,0.997226942030303,0.999173058931862,0.996121405061873,0.999857899195202,0.98497519961345,0.0145426168272435,2.16943596774609
-0.296032685400372,1.00562382477348,0,1,1,1,48,48,48xy03,M-O,1,0.3787,0.1034,0.976425436450665,0.989726981409012,0.950505226778368,0.993158472101643,0.842701720590637,0.976425436450665,0.989726981409012,0.950505226778368,0.993158472101643,0.842701720590637,0.296032685400372,1.00562382477348
2.04176417989699,0.691186206225553,1,1,1,1,48,48,48xy03,M-O,1,0.3052,0.0296,0.996283432014048,0.998218085289947,0.98070887567211,0.984263495774132,0.755275734429901,0.996283432014048,0.998218085289947,0.98070887567211,0.984263495774132,0.755275734429901,2.04176417989699,0.691186206225553
2.33798516143342,0.293536180096798,1,1,1,1,48,48,48xy03,M-O,1,0.1957,0.0084,0.996864585298721,0.998169580493734,0.973338323005699,0.960232491715759,0.615443825469437,0.996864585298721,0.998169580493734,0.973338323005699,0.960232491715759,0.615443825469437,2.33798516143342,0.293536180096798
-1.22514871559391,1.7364447646525,0,1,1,1,48,48,48xy03,M-O,1,0.328,0.0083,0.997636645576275,0.999238469471221,0.994979103963749,0.999303986094737,0.95875738854152,0.997636645576275,0.999238469471221,0.994979103963749,0.999303986094737,0.95875738854152,1.22514871559391,1.7364447646525
2.04763640199794,1.15551490050194,1,1,1,1,48,48,48xy03,M-O,1,0.1495,0.0083,0.998139386123061,0.999274606871288,0.992677478704907,0.995543446423274,0.876060182827624,0.998139386123061,0.999274606871288,0.992677478704907,0.995543446423274,0.876060182827624,2.04763640199794,1.15551490050194
-2.04856474797049,1.50022730351275,0,1,1,1,48,48,48xy03,M-O,1,0.3305,0.1259,0.99899934927937,0.999660617476123,0.996743707408208,0.998462211810874,0.933222233517088,0.99899934927937,0.999660617476123,0.996743707408208,0.998462211810874,0.933222233517088,2.04856474797049,1.50022730351275
3.20837897061753,2.17022681925859,1,1,1,1,48,48,48xy03,M-O,1,0.2295,0.0088,0.99998785966776,0.999996961566679,0.999950855547711,0.999858333878815,0.985005166340092,0.99998785966776,0.999996961566679,0.999950855547711,0.999858333878815,0.985005166340092,3.20837897061753,2.17022681925859
2.65312774751732,1.43676146963465,1,1,1,1,48,48,48xy03,M-O,1,0.3877,0.0474,0.999710098959752,0.999901457745064,0.998635454228648,0.998113942379146,0.924607108990773,0.999710098959752,0.999901457745064,0.998635454228648,0.998113942379146,0.924607108990773,2.65312774751732,1.43676146963465
-1.52724191923128,1.46362570694987,0,1,1,1,48,48,48xy03,M-O,1,1.0136,0.0082,0.997328528161586,0.999062090902039,0.992931785930925,0.998269287324032,0.928351877668298,0.997328528161586,0.999062090902039,0.992931785930925,0.998269287324032,0.928351877668298,1.52724191923128,1.46362570694987
-1.21797155524831,0.890307788607118,0,1,1,1,48,48,48xy03,M-O,1,0.4253,0.0136,0.989203103728577,0.995189504226804,0.967331588408358,0.990617379423034,0.813349679930016,0.989203103728577,0.995189504226804,0.967331588408358,0.990617379423034,0.813349679930016,1.21797155524831,0.890307788607118
0.201148785812744,1.67967645452088,0,1,1,1,48,48,48xy03,M-O,1,0.5205,0.0084,0.992496241147103,0.997417851823886,0.987548032570985,0.999153906531895,0.953489858342555,0.992496241147103,0.997417851823886,0.987548032570985,0.999153906531895,0.953489858342555,0.201148785812744,1.67967645452088
1.43757777262226,0.144435955880839,1,1,1,1,48,48,48xy03,M-O,1,0.4156,0.0082,0.981120484147135,0.988172460770592,0.907117498988005,0.94567494794508,0.557421887107112,0.981120484147135,0.988172460770592,0.907117498988005,0.94567494794508,0.557421887107112,1.43757777262226,0.144435955880839
0.636345690404801,0.614448895403317,1,1,1,1,48,48,48xy03,M-O,1,0.3515,0.1277,0.970012413808393,0.984813362036525,0.919031322525648,0.980974415972823,0.730540633176727,0.970012413808393,0.984813362036525,0.919031322525648,0.980974415972823,0.730540633176727,0.636345690404801,0.614448895403317
0.978891979626436,-0.171113797606541,0,1,0,0,48,48,48xy03,M-O,1,0.6352,0.2077,0.821199455367638,0.872522325276707,0.623827164435151,0.901255828910044,0.432067143479047,0.178800544632362,0.127477674723293,0.376172835564849,0.0987441710899557,0.567932856520953,0.978891979626436,0.171113797606541
-1.58987895497466,0.47908971621704,0,1,1,1,48,48,48xy03,M-O,1,0.3344,0.0083,0.989316565100902,0.994313226456523,0.952207582034181,0.973745917798843,0.68406259731914,0.989316565100902,0.994313226456523,0.952207582034181,0.973745917798843,0.68406259731914,1.58987895497466,0.47908971621704
2.99697897498361,1.7081965371904,1,1,1,1,48,48,48xy03,M-O,1,0.2403,0.0081,0.999933497137952,0.999980010838157,0.999676179537517,0.999232676393317,0.956200059576848,0.999933497137952,0.999980010838157,0.999676179537517,0.999232676393317,0.956200059576848,2.99697897498361,1.7081965371904
2.64399317980474,-1.59360852749584,0,1,0,0,48,48,48xy03,M-O,1,1.6073,0.0699,0.514235573585601,0.434880258288185,0.108996731881461,0.446798432501111,0.0555118716635474,0.485764426414399,0.565119741711815,0.891003268118539,0.553201567498889,0.944488128336453,2.64399317980474,1.59360852749584
0.378620387085667,-0.502554723673212,1,1,0,0,48,48,48xy03,M-O,1,2.3594,0.0083,0.836940636297518,0.864557906121211,0.552982678364249,0.8307919469189,0.307638684282643,0.163059363702482,0.135442093878789,0.447017321635751,0.1692080530811,0.692361315717357,0.378620387085667,0.502554723673212
0.444519768440686,1.54169757969945,0,1,1,1,48,48,48xy03,M-O,1,0.7532,0.0082,0.991841298378284,0.997089726183464,0.985059035945355,0.998656963352277,0.938426449814838,0.991841298378284,0.997089726183464,0.985059035945355,0.998656963352277,0.938426449814838,0.444519768440686,1.54169757969945
-1.08291044692664,0.575128746766222,0,1,1,1,48,48,48xy03,M-O,1,0.4229,0.0691,0.980611606776567,0.990075399129842,0.93614554211936,0.979073706885594,0.717397886248547,0.980611606776567,0.990075399129842,0.93614554211936,0.979073706885594,0.717397886248547,1.08291044692664,0.575128746766222
1.81013764147094,0.513961325096324,1,1,1,1,48,48,48xy03,M-O,1,0.4646,0.0084,0.992898265880598,0.996287663827669,0.964485675047498,0.97579864007767,0.696360484744462,0.992898265880598,0.996287663827669,0.964485675047498,0.97579864007767,0.696360484744462,1.81013764147094,0.513961325096324
-0.415434534786199,1.91060509617079,0,1,1,1,48,48,48xy03,M-O,1,0.4802,0.1095,0.99619256801203,0.9987963548824,0.993822398216952,0.9996247850789,0.971972325514076,0.99619256801203,0.9987963548824,0.993822398216952,0.9996247850789,0.971972325514076,0.415434534786199,1.91060509617079
3.0452616900358,0.366393375685833,1,1,1,1,48,48,48xy03,M-O,1,0.2312,0.0084,0.999528596171527,0.999734108446995,0.992607944046378,0.966093513020617,0.642964218978649,0.999528596171527,0.999734108446995,0.992607944046378,0.966093513020617,0.642964218978649,3.0452616900358,0.366393375685833
-0.371066634467968,1.08982479674493,0,1,1,1,48,48,48xy03,M-O,1,0.5056,0.0083,0.980556569936565,0.991812628119229,0.959469000213435,0.994608893136584,0.862104835632006,0.980556569936565,0.991812628119229,0.959469000213435,0.994608893136584,0.862104835632006,0.371066634467968,1.08982479674493
-1.51288759854008,1.7081965371904,0,1,1,1,48,48,48xy03,M-O,1,0.2598,0.0084,0.998330612407596,0.999463804953876,0.996052578477522,0.999232676393317,0.956200059576848,0.998330612407596,0.999463804953876,0.996052578477522,0.999232676393317,0.956200059576848,1.51288759854008,1.7081965371904
-1.27277896152378,1.00710667135942,0,1,1,1,48,48,48xy03,M-O,1,0.3431,0.0081,0.991558859999537,0.996422270365011,0.975215374985106,0.993186738155437,0.843058242198822,0.991558859999537,0.996422270365011,0.975215374985106,0.993186738155437,0.843058242198822,1.27277896152378,1.00710667135942
-0.751456132784564,0.857240309740725,0,1,1,1,48,48,48xy03,M-O,1,0.2874,0.008,0.980567061461496,0.991126349263365,0.950260269437176,0.989750708710843,0.804343955405259,0.980567061461496,0.991126349263365,0.950260269437176,0.989750708710843,0.804343955405259,0.751456132784564,0.857240309740725
1.30969382464619,-0.85836376196878,0,1,0,0,48,48,48xy03,M-O,1,0.3993,0.0082,0.712170045081829,0.728347108361854,0.354574185854027,0.726243319547294,0.195345815556838,0.287829954918171,0.271652891638146,0.645425814145973,0.273756680452706,0.804654184443162,1.30969382464619,0.85836376196878
2.12593269667717,1.49563047909634,1,1,1,1,48,48,48xy03,M-O,1,0.6107,3.0312,0.999135559008909,0.999707185549221,0.997072347184814,0.998439109126847,0.932625012008936,0.999135559008909,0.999707185549221,0.997072347184814,0.998439109126847,0.932625012008936,2.12593269667717,1.49563047909634
-1.19513513596687,0.525156816820148,0,1,1,1,48,48,48xy03,M-O,1,0.2815,0.0084,0.982138661990419,0.99066167859322,0.936568838997579,0.976428378579309,0.700262909189641,0.982138661990419,0.99066167859322,0.936568838997579,0.976428378579309,0.700262909189641,1.19513513596687,0.525156816820148
0.202453724057397,0.364218534026459,0,1,1,1,48,48,48xy03,M-O,1,0.3322,0.0083,0.942323382989965,0.967314027154899,0.853458442416932,0.965929463518773,0.642152586020266,0.942323382989965,0.967314027154899,0.853458442416932,0.965929463518773,0.642152586020266,0.202453724057397,0.364218534026459
2.01240306939228,0.300826842477655,1,1,1,1,48,48,48xy03,M-O,1,0.2186,0.0082,0.993859986870788,0.996434743062534,0.959728304146999,0.960853800676562,0.618226730691119,0.993859986870788,0.996434743062534,0.959728304146999,0.960853800676562,0.618226730691119,2.01240306939228,0.300826842477655
0.668969146521147,0.607009948363867,1,1,1,1,48,48,48xy03,M-O,1,0.4931,0.008,0.970677357173683,0.985110532140262,0.919625069048513,0.980626522849883,0.728077844984565,0.970677357173683,0.985110532140262,0.919625069048513,0.980626522849883,0.728077844984565,0.668969146521147,0.607009948363867
-1.29431044256056,1.20422641084997,0,1,1,1,48,48,48xy03,M-O,1,0.2405,0.0084,0.994031640028608,0.997664787087035,0.9838141889365,0.996140047263918,0.88574895971316,0.994031640028608,0.997664787087035,0.9838141889365,0.996140047263918,0.88574895971316,1.29431044256056,1.20422641084997
1.42191851368642,0.167074080426143,1,1,1,1,48,48,48xy03,M-O,1,0.2021,0.0081,0.981072922233674,0.988276747355163,0.908887874607671,0.948123837415985,0.566344119918334,0.981072922233674,0.988276747355163,0.908887874607671,0.948123837415985,0.566344119918334,1.42191851368642,0.167074080426143
1.38211789722447,1.31793602988157,1,1,1,1,48,48,48xy03,M-O,1,0.2838,0.7824,0.995666205609788,0.998382734279049,0.988434100931391,0.997263503301923,0.906237468402137,0.995666205609788,0.998382734279049,0.988434100931391,0.997263503301923,0.906237468402137,1.38211789722447,1.31793602988157
-1.93634005893026,2.0978391917551,0,1,1,1,48,48,48xy03,M-O,1,0.4587,0.0093,0.999666089119209,0.999908175518859,0.999224447966252,0.999812937197224,0.98204032343639,0.999666089119209,0.999908175518859,0.999224447966252,0.999812937197224,0.98204032343639,1.93634005893026,2.0978391917551
-0.593558605181449,-1.85350210579106,1,1,0,0,48,48,48xy03,M-O,1,2.5189,0.11,0.744489883765598,0.623926866330032,0.134540839940639,0.346920513473855,0.0319052123004787,0.255510116234402,0.376073133669968,0.865459160059361,0.653079486526145,0.968094787699521,0.593558605181449,1.85350210579106
-0.217083921598814,1.09585503952774,0,1,1,1,48,48,48xy03,M-O,1,0.5722,0.0084,0.97823157602464,0.990810474393612,0.956579996576998,0.994701419043292,0.863428891284542,0.97823157602464,0.990810474393612,0.956579996576998,0.994701419043292,0.863428891284542,0.217083921598814,1.09585503952774
2.69031848748996,1.27710832054877,1,1,1,1,48,48,48xy03,M-O,1,3.0522,0.0084,0.999647579691221,0.999872063933022,0.998104071107992,0.996899532384173,0.899217996135505,0.999647579691221,0.999872063933022,0.998104071107992,0.996899532384173,0.899217996135505,2.69031848748996,1.27710832054877
-1.73798944574287,0.981824137069193,0,1,1,1,48,48,48xy03,M-O,1,0.342,0.0083,0.995676938599815,0.998170197852612,0.984077362780372,0.992690417637139,0.836906752589613,0.995676938599815,0.998170197852612,0.984077362780372,0.992690417637139,0.836906752589613,1.73798944574287,0.981824137069193
-1.44111599508412,1.77079737722671,0,1,1,1,48,48,48xy03,M-O,1,0.3387,0.0082,0.998374782358977,0.999487693945956,0.996347635469398,0.999382458072764,0.961702798873411,0.998374782358977,0.999487693945956,0.996347635469398,0.999382458072764,0.961702798873411,1.44111599508412,1.77079737722671
1.42191851368642,1.63731647038262,1,1,1,1,48,48,48xy03,M-O,1,1.234,3.5021,0.997783592184851,0.999266867664576,0.994769914207291,0.999023113325828,0.949217819382104,0.997783592184851,0.999266867664576,0.994769914207291,0.999023113325828,0.949217819382104,1.42191851368642,1.63731647038262
2.58266108230601,0.874762613564546,1,1,1,1,48,48,48xy03,M-O,1,0.5751,0.0083,0.999124672961897,0.999618227740806,0.994164870554804,0.990218276989382,0.809148458274037,0.999124672961897,0.999618227740806,0.994164870554804,0.990218276989382,0.809148458274037,2.58266108230601,0.874762613564546
0.0576055789008205,-1.36786984889671,1,1,0,0,48,48,48xy03,M-O,1,2.2727,0.0082,0.822852645225468,0.777495385107603,0.298902675473416,0.536644774131459,0.0856764095075769,0.177147354774532,0.222504614892397,0.701097324526584,0.463355225868541,0.914323590492423,0.0576055789008205,1.36786984889671
3.12355798471503,-0.64901053814425,0,0,0,1,48,48,48xy03,M-O,1,0.7521,1.0862,0.582524529128089,0.649390454419534,0.356907093132453,0.791272279101111,0.258165782371462,0.417475470871911,0.350609545580466,0.643092906867547,0.208727720898889,0.741834217628538,3.12355798471503,0.64901053814425
-0.153794416733103,1.39543947810654,0,1,1,1,48,48,48xy03,M-O,1,0.7996,0.1114,0.986386925524573,0.994831163620421,0.975665656448886,0.997850147697929,0.918558323252783,0.986386925524573,0.994831163620421,0.975665656448886,0.997850147697929,0.918558323252783,0.153794416733103,1.39543947810654
-0.374981449201929,-0.623283149878244,1,1,0,0,48,48,48xy03,M-O,1,0.8952,0.0084,0.827615105887779,0.848731200629482,0.510638147401327,0.798583145501942,0.266549234353297,0.172384894112221,0.151268799370518,0.489361852598673,0.201416854498058,0.733450765646703,0.374981449201929,0.623283149878244
1.68616850822882,0.468091937371341,1,1,1,1,48,48,48xy03,M-O,1,2.5235,0.0081,0.990748861655588,0.995052748517418,0.95593719544482,0.973069088574717,0.680140577617297,0.990748861655588,0.995052748517418,0.95593719544482,0.973069088574717,0.680140577617297,1.68616850822882,0.468091937371341
-0.894999339696487,1.46184629104675,0,1,1,1,48,48,48xy03,M-O,1,0.4839,0.0083,0.993867411770813,0.997790978408937,0.98693893563748,0.998259369474732,0.928108332173779,0.993867411770813,0.997790978408937,0.98693893563748,0.998259369474732,0.928108332173779,0.894999339696487,1.46184629104675
0.368833350250763,-0.709411822411415,1,1,0,0,48,48,48xy03,M-O,1,2.8164,0.0083,0.821764276844689,0.837306411679711,0.48080258661035,0.773505849985927,0.239034476674936,0.178235723155311,0.162693588320289,0.51919741338965,0.226494150014073,0.760965523325064,0.368833350250763,0.709411822411415
1.33840246602857,-0.403599428171687,0,1,0,0,48,48,48xy03,M-O,1,0.344,0.0378,0.762670529772851,0.814322379871732,0.517713802163042,0.854574089449158,0.343253653126265,0.237329470227149,0.185677620128268,0.482286197836958,0.145425910550842,0.656746346873735,1.33840246602857,0.403599428171687
-1.40979747721243,1.43216464521824,0,1,1,1,48,48,48xy03,M-O,1,0.6776,0.0082,0.996621954063906,0.998794379023097,0.99133528253969,0.998086125230414,0.923951646377402,0.996621954063906,0.998794379023097,0.99133528253969,0.998086125230414,0.923951646377402,1.40979747721243,1.43216464521824
-0.849978970255929,-1.08405301234838,1,1,0,0,48,48,48xy03,M-O,1,1.4822,0.0083,0.743587508058788,0.729176819121375,0.311017978873107,0.646467657494725,0.139170647347592,0.256412491941212,0.270823180878625,0.688982021126893,0.353532342505275,0.860829352652408,0.849978970255929,1.08405301234838
-0.433703670211353,1.69754475588142,0,1,1,1,48,48,48xy03,M-O,1,0.5121,2.134,0.99400875157206,0.997971841877038,0.98958324182079,0.999204083101691,0.955203141452373,0.99400875157206,0.997971841877038,0.98958324182079,0.999204083101691,0.955203141452373,0.433703670211353,1.69754475588142
1.11069074233647,0.933779907684836,1,1,1,1,48,48,48xy03,M-O,1,0.7867,0.0938,0.988382512492948,0.99490365838454,0.967012418535252,0.991658809884089,0.824791282066565,0.988382512492948,0.99490365838454,0.967012418535252,0.991658809884089,0.824791282066565,1.11069074233647,0.933779907684836
-0.359322190266083,-0.364872418168968,1,1,0,0,48,48,48xy03,M-O,1,1.2841,0.0083,0.850340029259715,0.88313003415537,0.602849033542853,0.863237696843385,0.35760332204576,0.149659970740285,0.11686996584463,0.397150966457147,0.136762303156615,0.64239667795424,0.359322190266083,0.364872418168968
1.48520801855213,0.889887648741103,1,1,1,1,48,48,48xy03,M-O,1,1.9865,0.0633,0.992577124973532,0.996712285271367,0.974676198018311,0.990606783046592,0.813236891680686,0.992577124973532,0.996712285271367,0.974676198018311,0.990606783046592,0.813236891680686,1.48520801855213,0.889887648741103
2.5435129349664,1.59774918064787,1,1,1,1,48,48,48xy03,M-O,1,0.3477,0.0391,0.999722115570261,0.99991106903904,0.998894677150482,0.998884426768867,0.944950595653797,0.999722115570261,0.99991106903904,0.998894677150482,0.998884426768867,0.944950595653797,2.5435129349664,1.59774918064787
0.835348772714513,0.370446489687394,1,1,1,1,48,48,48xy03,M-O,1,2.8372,0.0702,0.96764664436314,0.981800907504175,0.89542192394127,0.96639750782895,0.644475080038724,0.96764664436314,0.981800907504175,0.89542192394127,0.96639750782895,0.644475080038724,0.835348772714513,0.370446489687394
0.340124708868378,1.6000228787463,0,1,1,1,48,48,48xy03,M-O,1,0.9356,0.0084,0.992074353765806,0.997216266914482,0.986102710924796,0.998892860845083,0.94520324598363,0.992074353765806,0.997216266914482,0.986102710924796,0.998892860845083,0.94520324598363,0.340124708868378,1.6000228787463
1.56350431323136,0.462036980478765,1,1,1,1,48,48,48xy03,M-O,1,0.8816,0.0082,0.988649003507505,0.993907815617497,0.949507884003578,0.972690275770382,0.677972599366122,0.988649003507505,0.993907815617497,0.949507884003578,0.972690275770382,0.677972599366122,1.56350431323136,0.462036980478765
1.22422036962136,0.556617878551776,1,1,1,1,48,48,48xy03,M-O,1,0.3511,0.0086,0.983425089207759,0.99145952221291,0.941205316034782,0.978124683867236,0.711105732068549,0.983425089207759,0.99145952221291,0.941205316034782,0.978124683867236,0.711105732068549,1.22422036962136,0.556617878551776
-0.0670160234636219,1.48233428804244,0,1,1,1,48,48,48xy03,M-O,1,0.9492,0.03,0.987698928263875,0.995451599672104,0.978989969675457,0.998370492672678,0.930874315402013,0.987698928263875,0.995451599672104,0.978989969675457,0.998370492672678,0.930874315402013,0.0670160234636219,1.48233428804244
-1.60749562127749,0.49735344333383,0,1,1,1,48,48,48xy03,M-O,1,0.3297,0.0082,0.9898246010966,0.994630921089709,0.95448233826941,0.974838471287154,0.69053008476385,0.9898246010966,0.994630921089709,0.95448233826941,0.974838471287154,0.69053008476385,1.60749562127749,0.49735344333383
-1.60945302864447,0.221346265471435,0,1,1,1,48,48,48xy03,M-O,1,0.3733,0.0084,0.986482259943167,0.991842613159315,0.929169468706908,0.953638011013049,0.587588585698114,0.986482259943167,0.991842613159315,0.929169468706908,0.953638011013049,0.587588585698114,1.60945302864447,0.221346265471435
0.762924700136224,1.48952609398423,1,1,1,1,48,48,48xy03,M-O,1,0.3326,0.0083,0.993307724432527,0.997600487614112,0.986426206521425,0.998407940649624,0.931825556353693,0.993307724432527,0.997600487614112,0.986426206521425,0.998407940649624,0.931825556353693,0.762924700136224,1.48952609398423
-1.59966599180956,0.140061558452325,0,1,1,1,48,48,48xy03,M-O,1,0.226,0.0082,0.985207553351343,0.990700906823126,0.919246541815982,0.945191366480835,0.555694323474854,0.985207553351343,0.990700906823126,0.919246541815982,0.945191366480835,0.555694323474854,1.59966599180956,0.140061558452325
0.642217912505743,1.27357420285229,1,1,1,1,48,48,48xy03,M-O,1,1.8616,0.0083,0.988777990848602,0.99562807589512,0.976268712874624,0.996866062815892,0.898592820215398,0.988777990848602,0.99562807589512,0.976268712874624,0.996866062815892,0.898592820215398,0.642217912505743,1.27357420285229
2.75621786884497,0.61679673583105,1,1,1,1,48,48,48xy03,M-O,1,0.2641,0.0082,0.999208562148113,0.999609226332498,0.992547531069631,0.981083107187354,0.731315597362449,0.999208562148113,0.999609226332498,0.992547531069631,0.981083107187354,0.731315597362449,2.75621786884497,0.61679673583105
0.841220994815455,1.32515254993313,1,1,1,1,48,48,48xy03,M-O,1,0.8056,2.7829,0.991629541978771,0.996823552739875,0.981550384956543,0.997323669780215,0.907439720181125,0.991629541978771,0.996823552739875,0.981550384956543,0.997323669780215,0.907439720181125,0.841220994815455,1.32515254993313
-1.49657587048191,0.318966999045617,0,1,1,1,48,48,48xy03,M-O,1,0.3637,0.0084,0.9853537731083,0.99157862790983,0.932186896082307,0.962365461927349,0.625124231176976,0.9853537731083,0.99157862790983,0.932186896082307,0.962365461927349,0.625124231176976,1.49657587048191,0.318966999045617
1.92497220700047,2.19130795488866,1,1,1,1,48,48,48xy03,M-O,1,0.2497,0.0086,0.999730043551214,0.999927972774402,0.999400567322305,0.999869471841898,0.985785242601198,0.999730043551214,0.999927972774402,0.999400567322305,0.999869471841898,0.985785242601198,1.92497220700047,2.19130795488866
1.7729469014983,1.8445442807673,1,1,1,1,48,48,48xy03,M-O,1,0.2802,0.0084,0.999187479138882,0.999754299889701,0.998010332955988,0.999524097842326,0.967448070629859,0.999187479138882,0.999754299889701,0.998010332955988,0.999524097842326,0.967448070629859,1.7729469014983,1.8445442807673
-2.09619499390035,1.20286713481286,0,1,1,1,48,48,48xy03,M-O,1,0.4128,0.2151,0.998439432430576,0.999404424555975,0.993864159013738,0.996124421563751,0.885486129933905,0.998439432430576,0.999404424555975,0.993864159013738,0.996124421563751,0.885486129933905,2.09619499390035,1.20286713481286
2.80384811477484,1.88645941092979,1,1,1,1,48,48,48xy03,M-O,1,0.2039,0.6716,0.999923136491417,0.99997822304049,0.99970414400411,0.999590531459193,0.970383463458914,0.999923136491417,0.99997822304049,0.99970414400411,0.999590531459193,0.970383463458914,2.80384811477484,1.88645941092979
-0.0637536778519873,-0.745395566230151,1,1,0,0,48,48,48xy03,M-O,1,1.0707,0.0082,0.849823186314523,0.859058940664466,0.50114958185614,0.762528194976352,0.228016311719148,0.150176813685477,0.140941059335534,0.49885041814386,0.237471805023648,0.771983688280852,0.0637536778519873,0.745395566230151
3.22534316779803,0.212424471846048,1,1,1,1,48,48,48xy03,M-O,1,0.2876,0.0084,0.999680462536195,0.999802812504121,0.992791218212533,0.952765310952207,0.584112052186087,0.999680462536195,0.999802812504121,0.992791218212533,0.952765310952207,0.584112052186087,3.22534316779803,0.212424471846048
1.81079011059326,0.721683417676323,1,1,1,1,48,48,48xy03,M-O,1,0.2666,0.0084,0.99450426763597,0.997393550319265,0.975667955926512,0.985428163364369,0.764755430286062,0.99450426763597,0.997393550319265,0.975667955926512,0.985428163364369,0.764755430286062,1.81079011059326,0.721683417676323
-0.694038850019795,-1.02231716615387,1,1,0,0,48,48,48xy03,M-O,1,0.9579,0.0079,0.76526101875096,0.756783828644083,0.343303199849441,0.669139047466247,0.153315405562741,0.23473898124904,0.243216171355917,0.656696800150559,0.330860952533753,0.846684594437259,0.694038850019795,1.02231716615387
1.82579690040678,0.215167738030031,1,1,1,1,48,48,48xy03,M-O,1,0.3523,0.0082,0.990563362898274,0.994280799569649,0.942706376308567,0.953035038897991,0.585181728431982,0.990563362898274,0.994280799569649,0.942706376308567,0.953035038897991,0.585181728431982,1.82579690040678,0.215167738030031
0.145036441292628,-0.799865464153568,1,1,0,0,48,48,48xy03,M-O,1,1.6372,0.0085,0.838443845864598,0.844950641410779,0.472963808242021,0.745369479596991,0.211894374578964,0.161556154135402,0.155049358589221,0.527036191757979,0.254630520403009,0.788105625421036,0.145036441292628,0.799865464153568
0.162000638473128,-1.8140089583856,1,1,0,0,48,48,48xy03,M-O,1,0.3798,0.0083,0.800029617827258,0.697580670414809,0.174446159423854,0.361611463297205,0.0348381732903071,0.199970382172742,0.302419329585191,0.825553840576146,0.638388536702795,0.965161826709693,0.162000638473128,1.8140089583856
1.2881623436094,1.96161501872702,1,1,1,1,48,48,48xy03,M-O,1,0.5798,0.0085,0.998688133194039,0.999609536940759,0.997393183996535,0.99968858115631,0.975096338805812,0.998688133194039,0.999609536940759,0.997393183996535,0.99968858115631,0.975096338805812,1.2881623436094,1.96161501872702
2.82537959581163,2.02552570658091,1,1,1,1,48,48,48xy03,M-O,1,0.3809,0.0306,0.999947571987989,0.999985896419994,0.999812564945047,0.999754280641841,0.978593294218581,0.999947571987989,0.999985896419994,0.999812564945047,0.999754280641841,0.978593294218581,2.82537959581163,2.02552570658091
-0.611827740606602,0.27757086518821,0,1,1,1,48,48,48xy03,M-O,1,0.6211,0.0082,0.955496979047881,0.973862596046047,0.86397019950388,0.958843917264961,0.60932910010635,0.955496979047881,0.973862596046047,0.86397019950388,0.958843917264961,0.60932910010635,0.611827740606602,0.27757086518821
0.701592602637493,1.60664626016349,1,1,1,1,48,48,48xy03,M-O,1,0.3958,3.1426,0.994353898018227,0.998052064623649,0.989189347970281,0.998917097721604,0.945934005753552,0.994353898018227,0.998052064623649,0.989189347970281,0.998917097721604,0.945934005753552,0.701592602637493,1.60664626016349
1.10938580409182,0.48872821902563,1,1,1,1,48,48,48xy03,M-O,1,1.0113,0.0082,0.9792446136878,0.988958398033749,0.927994948249787,0.974327344904501,0.687482938628463,0.9792446136878,0.988958398033749,0.927994948249787,0.974327344904501,0.687482938628463,1.10938580409182,0.48872821902563
1.05262099044938,1.59223793417013,1,1,1,1,48,48,48xy03,M-O,1,0.512,3.0615,0.996038560053587,0.998646964875854,0.991569053250959,0.9988637384214,0.944334373650034,0.996038560053587,0.998646964875854,0.991569053250959,0.9988637384214,0.944334373650034,1.05262099044938,1.59223793417013
1.88256171404922,1.79291650546693,1,1,1,1,48,48,48xy03,M-O,1,1.4474,0.0084,0.999250550368982,0.999770396752578,0.998039802756708,0.999428571662343,0.963506862137576,0.999250550368982,0.999770396752578,0.998039802756708,0.999428571662343,0.963506862137576,1.88256171404922,1.79291650546693
-1.83977462882587,0.885093111446574,0,1,1,1,48,48,48xy03,M-O,1,1.0644,0.008,0.995827361001892,0.998162229800884,0.982895654856969,0.990485116397507,0.811946792780558,0.995827361001892,0.998162229800884,0.982895654856969,0.990485116397507,0.811946792780558,1.83977462882587,0.885093111446574
0.253346315598897,0.0028488210336272,1,1,0,0,48,48,48xy03,M-O,1,0.504,0.0087,0.890214324780106,0.926926947974101,0.729108872055142,0.927442555961554,0.498863486377672,0.109785675219894,0.0730730520258985,0.270891127944858,0.0725574440384464,0.501136513622328,0.253346315598897,0.0028488210336272
-1.64338142300547,1.9089492508165,0,1,1,1,48,48,48xy03,M-O,1,0.3409,0.0083,0.999126963676197,0.999740181326119,0.9980157370142,0.999622523819966,0.971865680649832,0.999126963676197,0.999740181326119,0.9980157370142,0.999622523819966,0.971865680649832,1.64338142300547,1.9089492508165
1.73836603801497,1.23175792912886,1,1,1,1,48,48,48xy03,M-O,1,0.2202,0.0083,0.997112101985697,0.998898445327525,0.990660726418663,0.996444620761162,0.890980238407873,0.997112101985697,0.998898445327525,0.990660726418663,0.996444620761162,0.890980238407873,1.73836603801497,1.23175792912886
2.74055860990913,1.69153922720838,1,1,1,1,48,48,48xy03,M-O,1,0.2318,0.009,0.99986075387412,0.999957396502149,0.999415121157002,0.999187532823088,0.954633068825622,0.99986075387412,0.999957396502149,0.999415121157002,0.999187532823088,0.954633068825622,2.74055860990913,1.69153922720838
2.08156479635894,2.13177166446329,1,1,1,1,48,48,48xy03,M-O,1,0.2087,0.0082,0.999768259226632,0.999937482340357,0.999440677115824,0.999835689317554,0.983487188938872,0.999768259226632,0.999937482340357,0.999440677115824,0.999835689317554,0.983487188938872,2.08156479635894,2.13177166446329
1.63266604019801,0.125801517117565,1,1,1,1,48,48,48xy03,M-O,1,0.3768,0.0084,0.985792828323978,0.991001177720551,0.92008099350064,0.943591288194375,0.550055479584921,0.985792828323978,0.991001177720551,0.92008099350064,0.943591288194375,0.550055479584921,1.63266604019801,0.125801517117565
-0.757328354885506,0.428574075856122,0,1,1,1,48,48,48xy03,M-O,1,3.5073,0.0083,0.967013254532084,0.981912830797675,0.899353707036202,0.9705157626187,0.665883392545942,0.967013254532084,0.981912830797675,0.899353707036202,0.9705157626187,0.665883392545942,0.757328354885506,0.428574075856122
1.38864258844774,0.656907735980644,1,1,1,1,48,48,48xy03,M-O,1,0.2998,0.0083,0.988294584422386,0.994247142585398,0.957179237282461,0.982859972453375,0.744379878144527,0.988294584422386,0.994247142585398,0.957179237282461,0.982859972453375,0.744379878144527,1.38864258844774,0.656907735980644
1.63919073142128,0.267734649501495,1,1,1,1,48,48,48xy03,M-O,1,0.2314,0.0082,0.987676092824673,0.992732230982493,0.935950268754963,0.957969020722351,0.605548211645549,0.987676092824673,0.992732230982493,0.935950268754963,0.957969020722351,0.605548211645549,1.63919073142128,0.267734649501495
-1.85673882600637,2.03573263391411,0,1,1,1,48,48,48xy03,M-O,1,0.3772,0.0084,0.999550427727577,0.999873233499425,0.998957112866312,0.999763489766097,0.979111394869816,0.999550427727577,0.999873233499425,0.998957112866312,0.999763489766097,0.979111394869816,1.85673882600637,2.03573263391411
0.332947548522782,-0.837554481546132,1,1,0,0,48,48,48xy03,M-O,1,0.3245,0.0084,0.816659040856938,0.822314872677088,0.439611669713771,0.733127605603357,0.20114048319881,0.183340959143062,0.177685127322912,0.560388330286229,0.266872394396643,0.79885951680119,0.332947548522782,0.837554481546132
0.69376297316957,1.71190365365524,1,1,1,1,48,48,48xy03,M-O,1,1.0392,1.9266,0.995426453932419,0.998477272494274,0.991565740034571,0.999242403627145,0.95654278736942,0.995426453932419,0.998477272494274,0.991565740034571,0.999242403627145,0.95654278736942,0.69376297316957,1.71190365365524
0.81903704465634,1.8265029806384,1,0,1,0,48,48,48xy03,M-O,1,0.5446,3.3025,0.996862315552966,0.999000481806052,0.994250219609402,0.999492538917591,0.966112733651548,0.996862315552966,0.999000481806052,0.994250219609402,0.999492538917591,0.966112733651548,0.81903704465634,1.8265029806384
-0.688166627918853,-0.065609263017128,1,1,0,0,48,48,48xy03,M-O,1,5.7376,0.0319,0.854535341008269,0.900662133017408,0.678461635780687,0.918378177867192,0.473844457092278,0.145464658991731,0.0993378669825919,0.321538364219313,0.0816218221328081,0.526155542907722,0.688166627918853,0.065609263017128
-1.01048637434835,0.668918793326734,0,1,1,1,48,48,48xy03,M-O,1,0.5288,0.0085,0.981164817269229,0.990737896028582,0.942364805757747,0.983363477925955,0.748226359397502,0.981164817269229,0.990737896028582,0.942364805757747,0.983363477925955,0.748226359397502,1.01048637434835,0.668918793326734
-0.28363577207616,1.28138386153822,0,1,1,1,48,48,48xy03,M-O,1,0.5185,0.9193,0.984860098775772,0.994042896006538,0.971053813699058,0.996939593134704,0.899970565063775,0.984860098775772,0.994042896006538,0.971053813699058,0.996939593134704,0.899970565063775,0.28363577207616,1.28138386153822
-2.10663449985758,0.651791915259162,0,1,1,1,48,48,48xy03,M-O,1,0.2674,0.0084,0.99656714180265,0.998324460145947,0.980931266321643,0.982641594130931,0.742732291073369,0.99656714180265,0.998324460145947,0.980931266321643,0.982641594130931,0.742732291073369,2.10663449985758,0.651791915259162
-1.32889130604389,1.8413808747173,0,1,1,1,48,48,48xy03,M-O,1,0.3692,0.0082,0.998366960634699,0.999494927659707,0.996559680275301,0.999518699074394,0.967217118253897,0.998366960634699,0.999494927659707,0.996559680275301,0.999518699074394,0.967217118253897,1.32889130604389,1.8413808747173
-1.21666661700366,0.858352444680177,0,1,1,1,48,48,48xy03,M-O,1,1.199,0.0083,0.988680616613771,0.994888129385041,0.965267325330842,0.989780954178606,0.804651060788534,0.988680616613771,0.994888129385041,0.965267325330842,0.989780954178606,0.804651060788534,1.21666661700366,0.858352444680177
2.19574689276615,1.18423269604958,1,1,1,1,48,48,48xy03,M-O,1,0.3115,0.0082,0.998688217780648,0.999496960347805,0.994488106448553,0.995904419091336,0.881839518638583,0.998688217780648,0.999496960347805,0.994488106448553,0.995904419091336,0.881839518638583,2.19574689276615,1.18423269604958
2.61463206930003,2.17719619821249,1,1,1,1,48,48,48xy03,M-O,1,0.2248,0.0231,0.999937585098259,0.999983896639312,0.999815858571459,0.999862111020606,0.985267034073263,0.999937585098259,0.999983896639312,0.999815858571459,0.999862111020606,0.985267034073263,2.61463206930003,2.17719619821249
2.03197714306209,1.69672919025916,1,1,1,1,48,48,48xy03,M-O,1,0.2786,0.0081,0.999305302574593,0.999781110165446,0.997973344617499,0.999201853892531,0.955126064334321,0.999305302574593,0.999781110165446,0.997973344617499,0.999201853892531,0.955126064334321,2.03197714306209,1.69672919025916
0.981008571446928,-0.0761505911761988,0,1,0,0,48,48,48xy04,O-M,1,0.9401,0.4433,0.832884242390863,0.885461643875421,0.65659702569764,0.916775390026803,0.469649645508145,0.167115757609137,0.114538356124579,0.34340297430236,0.0832246099731972,0.530350354491855,0.981008571446928,0.0761505911761988
1.12158242779375,3.06679317107259,1,1,1,1,48,48,48xy04,O-M,1,0.2984,0.0605,0.99992922919917,0.999984599708984,0.999905924110802,0.999997003659724,0.998918157430911,0.99992922919917,0.999984599708984,0.999905924110802,0.999997003659724,0.998918157430911,1.12158242779375,3.06679317107259
-1.84210890118911,0.893418524601609,0,1,1,1,48,48,48xy04,O-M,1,0.1975,0.0033,0.995894189175237,0.998198385844644,0.98322708665744,0.990695510711687,0.814183457005135,0.995894189175237,0.998198385844644,0.98322708665744,0.990695510711687,0.814183457005135,1.84210890118911,0.893418524601609
-1.85594880265785,1.24575185065815,0,1,1,1,48,48,48xy04,O-M,1,0.2252,0.1728,0.99770615571148,0.999133316955996,0.992213587393142,0.996591006543871,0.893572244291359,0.99770615571148,0.999133316955996,0.992213587393142,0.996591006543871,0.893572244291359,1.85594880265785,1.24575185065815
1.78236358059701,2.2068388678457,1,1,1,1,48,48,48xy04,O-M,1,0.3118,0.0007,0.999664503998823,0.999910226277139,0.999294597637116,0.999877146301915,0.986337340721849,0.999664503998823,0.999910226277139,0.999294597637116,0.999877146301915,0.986337340721849,1.78236358059701,2.2068388678457
0.0040598124121424,-2.01398388448716,1,1,0,0,48,48,48xy04,O-M,1,0.5359,0.0006,0.817190054738621,0.694629384754385,0.148099341599459,0.289745057162705,0.0220056127431362,0.182809945261379,0.305370615245615,0.851900658400541,0.710254942837295,0.977994387256864,0.0040598124121424,2.01398388448716
0.902887270477817,0.494107421737532,0,1,0,0,48,48,48xy04,O-M,1,2.0381,0.0007,0.789847982558305,0.828039432855597,0.51250590606955,0.832914553700878,0.310615158334066,0.210152017441695,0.171960567144403,0.48749409393045,0.167085446299122,0.689384841665935,0.902887270477817,0.494107421737532
0.107859073427728,-1.25450982609862,1,1,0,0,48,48,48xy04,O-M,1,1.5189,0.0007,0.820789976841122,0.787057087802316,0.327158488001579,0.581348471752825,0.104828378237277,0.179210023158878,0.212942912197684,0.672841511998421,0.418651528247175,0.895171621762723,0.107859073427728,1.25450982609862
1.76269114922358,2.48740059044628,1,1,1,1,48,48,48xy04,O-M,1,1.0718,0.0006,0.999836528342717,0.999959879284764,0.99969447448506,0.999960473796603,0.993565979446566,0.999836528342717,0.999959879284764,0.99969447448506,0.999960473796603,0.993565979446566,1.76269114922358,2.48740059044628
-1.896529370893,2.14093948649069,0,1,1,1,48,48,48xy04,O-M,1,0.8184,0.0007,0.999676924132426,0.999912227073084,0.999274030777152,0.99984137639116,0.983860540837178,0.999676924132426,0.999912227073084,0.999274030777152,0.99984137639116,0.983860540837178,1.896529370893,2.14093948649069
-1.07668820763823,2.37843824701769,0,1,1,1,48,48,48xy04,O-M,1,0.193,0.0006,0.999399065693438,0.999841261027717,0.999023493343448,0.999938053569906,0.991306925605948,0.999399065693438,0.999841261027717,0.999023493343448,0.999938053569906,0.991306925605948,1.07668820763823,2.37843824701769
1.44417570256433,2.0541610932212,1,1,1,1,48,48,48xy04,O-M,1,1.4346,2.9305,0.999155914325205,0.999758260955806,0.998303754784426,0.99977930632203,0.980019948667396,0.999155914325205,0.999758260955806,0.998303754784426,0.99977930632203,0.980019948667396,1.44417570256433,2.0541610932212
-0.0072592498605095,2.11810306720924,0,1,1,1,48,48,48xy04,O-M,1,1.2844,2.8112,0.996831281052392,0.999040265969086,0.995513939210055,0.999826854993047,0.98291683008142,0.996831281052392,0.999040265969086,0.995513939210055,0.999826854993047,0.98291683008142,0.0072592498605095,2.11810306720924
1.18485054879373,-2.10532956161293,0,1,0,0,48,48,48xy04,O-M,1,0.7987,0.0007,0.664369089637143,0.490827045839905,0.0701112808550411,0.25930959857695,0.0176313152843613,0.335630910362857,0.509172954160095,0.929888719144959,0.74069040142305,0.982368684715639,1.18485054879373,2.10532956161293
-0.112689642120626,1.21965308576507,0,1,1,1,48,48,48xy04,O-M,1,0.4226,0.0008,0.980829420941238,0.992240350106081,0.964190389986548,0.996313470357964,0.888701793416879,0.980829420941238,0.992240350106081,0.964190389986548,0.996313470357964,0.888701793416879,0.112689642120626,1.21965308576507
-1.84107090857895,2.42672096206988,0,1,1,1,48,48,48xy04,O-M,1,0.3483,0.0007,0.999831359372281,0.999958036468452,0.999669593488652,0.99994916577708,0.992382015390258,0.999831359372281,0.999958036468452,0.999669593488652,0.99994916577708,0.992382015390258,1.84107090857895,2.42672096206988
2.143189583175,-1.20818451841341,0,1,0,0,48,48,48xy04,O-M,1,0.8192,0.2836,0.592965589617675,0.573592168317887,0.20794262934437,0.599351813578743,0.113488147692109,0.407034410382325,0.426407831682113,0.79205737065563,0.400648186421257,0.886511852307891,2.143189583175,1.20818451841341
1.78901167612396,1.76707467939736,1,1,1,1,48,48,48xy04,O-M,1,2.0684,0.0006,0.999062887153224,0.999708969904304,0.997608789743354,0.999374367273187,0.961392138810997,0.999062887153224,0.999708969904304,0.997608789743354,0.999374367273187,0.961392138810997,1.78901167612396,1.76707467939736
-0.87944489759885,1.16549814861194,0,1,1,1,48,48,48xy04,O-M,1,0.728,0.0008,0.989421830552311,0.995741371174212,0.974913638629837,0.995672033250283,0.878091295402505,0.989421830552311,0.995741371174212,0.974913638629837,0.995672033250283,0.878091295402505,0.87944489759885,1.16549814861194
-0.507003263431023,1.95433331750519,0,1,1,1,48,48,48xy04,O-M,1,1.7242,0.0753,0.996822735364582,0.999013908413329,0.994810510053656,0.999680137382052,0.974669094453215,0.996822735364582,0.999013908413329,0.994810510053656,0.999680137382052,0.974669094453215,0.507003263431023,1.95433331750519
-1.07671292174799,0.585453098863301,0,1,1,1,48,48,48xy04,O-M,1,0.5225,0.0006,0.980705482149881,0.990167855609971,0.936928181891783,0.979587715518395,0.720878452962831,0.980705482149881,0.990167855609971,0.936928181891783,0.979587715518395,0.720878452962831,1.07671292174799,0.585453098863301
0.854101617800492,-0.938062301770064,0,1,0,0,48,48,48xy04,O-M,1,0.5464,0.0006,0.753544454888836,0.75548578008158,0.358472032923552,0.699092393660489,0.174106196869483,0.246455545111164,0.24451421991842,0.641527967076448,0.300907606339511,0.825893803130517,0.854101617800492,0.938062301770064
0.676629595573606,2.98262465429242,1,1,1,1,48,48,48xy04,O-M,1,1.6797,0.0007,0.99984705929604,0.999964956046556,0.999807163568094,0.999995553581782,0.998571058787972,0.99984705929604,0.999964956046556,0.999807163568094,0.999995553581782,0.998571058787972,0.676629595573606,2.98262465429242
-0.432045368511911,1.23922715943488,0,1,1,1,48,48,48xy04,O-M,1,0.7298,0.0006,0.985584700578913,0.994270338396083,0.970937290680041,0.996523441500903,0.892369307399956,0.985584700578913,0.994270338396083,0.970937290680041,0.996523441500903,0.892369307399956,0.432045368511911,1.23922715943488
0.223545821240575,1.39386234142636,1,1,1,1,48,48,48xy04,O-M,1,1.552,0.0007,0.987045082877012,0.995091599219718,0.976445665085074,0.997839446789102,0.918320410924107,0.987045082877012,0.995091599219718,0.976445665085074,0.997839446789102,0.918320410924107,0.223545821240575,1.39386234142636
2.09699891202307,2.62637651350192,1,1,1,1,48,48,48xy04,O-M,1,0.3675,0.0441,0.999941291855429,0.999986464327214,0.999885115608358,0.99997807811163,0.995685035033411,0.999941291855429,0.999986464327214,0.999885115608358,0.99997807811163,0.995685035033411,2.09699891202307,2.62637651350192
0.937709451137569,-1.62054500372403,0,1,0,0,48,48,48xy04,O-M,1,2.2841,0.0006,0.70684206102486,0.616868027063716,0.160996104960128,0.436168476918286,0.0525576275798318,0.29315793897514,0.383131972936284,0.839003895039872,0.563831523081714,0.947442372420168,0.937709451137569,1.62054500372403
1.53467877252601,3.16727341591094,1,1,1,1,48,48,48xy04,O-M,1,0.9374,0.0351,0.999971639314912,0.99999415616489,0.999960367863683,0.999998146139896,0.999230622148835,0.999971639314912,0.99999415616489,0.999960367863683,0.999998146139896,0.999230622148835,1.53467877252601,3.16727341591094
0.0928576087999993,0.49019260700357,1,1,0,0,48,48,48xy04,O-M,1,0.4898,0.0431,0.863592262137359,0.886540484126818,0.585954296345747,0.833892406347116,0.31199880589296,0.136407737862641,0.113459515873182,0.414045703654253,0.166107593652884,0.68800119410704,0.0928576087999993,0.49019260700357
0.688640652919695,1.3077364172792,1,1,1,1,48,48,48xy04,O-M,1,1.75,0.0031,0.989900389329125,0.996121156211313,0.978610446238911,0.997176383055427,0.904518636613347,0.989900389329125,0.996121156211313,0.978610446238911,0.997176383055427,0.904518636613347,0.688640652919695,1.3077364172792
1.51878759994672,1.81535739444955,1,1,1,1,48,48,48xy04,O-M,1,0.5376,0.1968,0.998688003136304,0.99959428464522,0.997028314344839,0.999472085752207,0.965265497961675,0.998688003136304,0.99959428464522,0.997028314344839,0.999472085752207,0.965265497961675,1.51878759994672,1.81535739444955
0.775041180660287,2.41171417225636,1,1,1,1,48,48,48xy04,O-M,1,0.4627,0.6607,0.99923034648628,0.999795101830524,0.998840978007619,0.999945931348373,0.99206113828071,0.99923034648628,0.999795101830524,0.998840978007619,0.999945931348373,0.99206113828071,0.775041180660287,2.41171417225636
1.59735375489162,1.31687098499178,1,1,1,1,48,48,48xy04,O-M,1,0.2906,0.468,0.996860856719259,0.998836959606246,0.99085383547812,0.997254521021896,0.906059063137831,0.996860856719259,0.998836959606246,0.99085383547812,0.997254521021896,0.906059063137831,1.59735375489162,1.31687098499178
1.8210411623802,1.01282037398744,1,1,1,1,48,48,48xy04,O-M,1,0.3024,2.0109,0.996430875568869,0.998512342636518,0.986508615723509,0.993294690630602,0.844427016399416,0.996430875568869,0.998512342636518,0.986508615723509,0.993294690630602,0.844427016399416,1.8210411623802,1.01282037398744
0.76713266553529,1.87734196107061,1,1,1,1,48,48,48xy04,O-M,1,0.271,0.8127,0.997044748380152,0.999071886545312,0.994745152841732,0.999576859059801,0.969764379687441,0.997044748380152,0.999071886545312,0.994745152841732,0.999576859059801,0.969764379687441,0.76713266553529,1.87734196107061
0.459985709368219,1.47868332732886,1,1,1,1,48,48,48xy04,O-M,1,0.7524,0.397,0.990898943584033,0.996683867407292,0.982924000059234,0.998351176476048,0.930387514806176,0.990898943584033,0.996683867407292,0.982924000059234,0.998351176476048,0.930387514806176,0.459985709368219,1.47868332732886
1.93630777032703,1.48325061118515,1,1,1,1,48,48,48xy04,O-M,1,0.2728,0.2917,0.998716983968388,0.99956004020462,0.9960026549299,0.998375308202536,0.930996080512223,0.998716983968388,0.99956004020462,0.9960026549299,0.998375308202536,0.930996080512223,1.93630777032703,1.48325061118515
-0.238435032608078,0.0093228638486281,1,1,0,0,48,48,48xy04,O-M,1,0.2683,0.4528,0.890629165462573,0.926992827850803,0.728313512218309,0.926544800064568,0.49628076931308,0.109370834537427,0.0730071721491972,0.271686487781691,0.0734551999354317,0.50371923068692,0.238435032608078,0.0093228638486281
1.57390006472405,1.27185061555122,1,1,1,1,48,48,48xy04,O-M,1,0.323,0.4667,0.99647272511779,0.99866869751983,0.989604647305196,0.996849622031585,0.898286899446492,0.99647272511779,0.99866869751983,0.989604647305196,0.996849622031585,0.898286899446492,1.57390006472405,1.27185061555122
-1.71794521372666,0.655919764074609,0,1,1,1,48,48,48xy04,O-M,1,0.6776,0.0502,0.992981314697117,0.996564674719323,0.969405619801276,0.982817982902613,0.744062124557071,0.992981314697117,0.996564674719323,0.969405619801276,0.982817982902613,0.744062124557071,1.71794521372666,0.655919764074609
-0.551760516216553,2.94934872905374,0,1,1,1,48,48,48xy04,O-M,1,1.6739,0.3876,0.999808204371602,0.999955308802585,0.999760809104946,0.999994812412034,0.998407777880816,0.999808204371602,0.999955308802585,0.999760809104946,0.999994812412034,0.998407777880816,0.551760516216553,2.94934872905374
0.854595899995804,2.23750491659507,1,1,1,1,48,48,48xy04,O-M,1,0.5487,0.2433,0.998874422596359,0.999685854797941,0.998181105750322,0.999891072985511,0.987373320827062,0.998874422596359,0.999685854797941,0.998181105750322,0.999891072985511,0.987373320827062,0.854595899995804,2.23750491659507
-1.10266273700189,2.0711252904017,0,1,1,1,48,48,48xy04,O-M,1,0.7693,0.2496,0.998716011205932,0.999627639239126,0.99767109637064,0.999792988095956,0.980826455505399,0.998716011205932,0.999627639239126,0.99767109637064,0.999792988095956,0.980826455505399,1.10266273700189,2.0711252904017
1.76412456758999,1.8845191214162,1,1,1,1,48,48,48xy04,O-M,1,0.2974,0.3082,0.999246063555264,0.9997750749637,0.998192232428879,0.999587656627883,0.97025260458346,0.999246063555264,0.9997750749637,0.998192232428879,0.999587656627883,0.97025260458346,1.76412456758999,1.8845191214162
-1.14601128553078,1.17398024720219,0,1,1,1,48,48,48xy04,O-M,1,0.3857,0.2988,0.9923736294101,0.996965891390677,0.980197285733752,0.995778668228302,0.879798531199712,0.9923736294101,0.996965891390677,0.980197285733752,0.995778668228302,0.879798531199712,1.14601128553078,1.17398024720219
0.928070948328979,2.20553392960105,1,1,1,1,48,48,48xy04,O-M,1,0.7836,0.1471,0.998872840508842,0.999683620603327,0.998128601840794,0.999876518137656,0.986291675201968,0.998872840508842,0.999683620603327,0.998128601840794,0.999876518137656,0.986291675201968,0.928070948328979,2.20553392960105
0.749832788699359,-0.783427119778583,0,1,0,0,48,48,48xy04,O-M,1,0.9118,0.3311,0.777044237584037,0.792342357347517,0.420145626014767,0.750615244103646,0.216688167863346,0.222955762415963,0.207657642652483,0.579854373985233,0.249384755896354,0.783311832136654,0.749832788699359,0.783427119778583
0.949720508483658,1.79121603692345,1,1,1,1,48,48,48xy04,O-M,1,1.4541,0.251,0.997060833899299,0.999058488026908,0.99435507745245,0.999425142800904,0.963370683153626,0.997060833899299,0.999058488026908,0.99435507745245,0.999425142800904,0.963370683153626,0.949720508483658,1.79121603692345
1.3586648827753,2.97349008657984,1,1,1,1,48,48,48xy04,O-M,1,2.4382,0.2043,0.999929655150271,0.999984563452529,0.999899329617314,0.999995360874336,0.998527830412524,0.999929655150271,0.999984563452529,0.999899329617314,0.999995360874336,0.998527830412524,1.3586648827753,2.97349008657984
0.465002673650639,3.17771292186817,1,1,1,1,48,48,48xy04,O-M,1,0.4488,0.3481,0.999903387946306,0.999978618479513,0.999887595111156,0.999998237329509,0.999257791749174,0.999903387946306,0.999978618479513,0.999887595111156,0.999998237329509,0.999257791749174,0.465002673650639,3.17771292186817
-1.73037641093876,2.37191355579442,0,1,1,1,48,48,48xy04,O-M,1,0.4081,0.1394,0.9997624082436,0.999939474584482,0.999540030182742,0.999936387101519,0.991151884802936,0.9997624082436,0.999939474584482,0.999540030182742,0.999936387101519,0.991151884802936,1.73037641093876,2.37191355579442
-0.655683347780966,0.71725186157334,0,1,1,1,48,48,48xy04,O-M,1,0.448,0.0831,0.974153915753896,0.987470006455306,0.932479389343208,0.985263673541262,0.763390647865588,0.974153915753896,0.987470006455306,0.932479389343208,0.985263673541262,0.763390647865588,0.655683347780966,0.71725186157334
0.197719576535506,1.04609629922611,1,1,1,1,48,48,48xy04,O-M,1,1.5851,0.0993,0.976099345211714,0.989714120171295,0.951803756467077,0.993893864684273,0.852241713152624,0.976099345211714,0.989714120171295,0.951803756467077,0.993893864684273,0.852241713152624,0.197719576535506,1.04609629922611
0.368592931454973,2.77187712778082,1,1,1,1,48,48,48xy04,O-M,1,2.8134,0.2517,0.999606263844106,0.999902769056175,0.999500527732059,0.999988405035357,0.99721329649657,0.999606263844106,0.999902769056175,0.999500527732059,0.999988405035357,0.99721329649657,0.368592931454973,2.77187712778082
-0.833377796995743,0.860795068485263,0,1,1,1,48,48,48xy04,O-M,1,0.2886,0.2536,0.982246945148935,0.991920700033429,0.953262335668575,0.989847110307747,0.80532453920658,0.982246945148935,0.991920700033429,0.953262335668575,0.989847110307747,0.80532453920658,0.833377796995743,0.860795068485263
-0.758667043174287,3.25144193269111,0,1,1,1,48,48,48xy04,O-M,1,0.1834,0.2758,0.999943397078372,0.999987943485296,0.999932567131942,0.999998769268891,0.999425893862576,0.999943397078372,0.999987943485296,0.999932567131942,0.999998769268891,0.999425893862576,0.758667043174287,3.25144193269111
-0.272589932304159,1.87929936843759,0,1,1,1,48,48,48xy04,O-M,1,1.5597,0.2439,0.995404068463055,0.998522253624873,0.992696394791732,0.999579829569007,0.969898186052126,0.995404068463055,0.998522253624873,0.992696394791732,0.999579829569007,0.969898186052126,0.272589932304159,1.87929936843759
-0.668213401432134,1.13939938371886,0,1,1,1,48,48,48xy04,O-M,1,0.2942,0.2509,0.986265948834968,0.994377328120892,0.96927618557819,0.995328663945881,0.872731693552147,0.986265948834968,0.994377328120892,0.96927618557819,0.995328663945881,0.872731693552147,0.668213401432134,1.13939938371886
0.468512077237357,-1.27016908503447,0,1,0,0,48,48,48xy04,O-M,1,1.5107,0.0102,0.777859364069382,0.740355661369782,0.28559016985135,0.575222067639249,0.102012203614347,0.222140635930618,0.259644338630218,0.71440983014865,0.424777932360751,0.897987796385653,0.468512077237357,1.27016908503447
-0.407257116416998,0.55804939572557,1,1,0,0,48,48,48xy04,O-M,1,0.6168,0.0659,0.829724918911829,0.855070642648097,0.530657683023427,0.816419723445576,0.288405327268762,0.170275081088171,0.144929357351903,0.469342316976573,0.183580276554424,0.711594672731238,0.407257116416998,0.55804939572557
2.14716855484727,1.40299690913894,1,1,1,1,48,48,48xy04,O-M,1,1.478,0.0976,0.999013522784351,0.999653682046836,0.996445280742175,0.99790076115995,0.91969111968157,0.999013522784351,0.999653682046836,0.996445280742175,0.99790076115995,0.91969111968157,2.14716855484727,1.40299690913894
1.07215420826252,2.0711252904017,1,1,1,1,48,48,48xy04,O-M,1,1.7768,0.0362,0.998667263036778,0.999612878778646,0.99760185998253,0.999792988095956,0.980826455505399,0.998667263036778,0.999612878778646,0.99760185998253,0.999792988095956,0.980826455505399,1.07215420826252,2.0711252904017
2.0774253370887,0.884936426011359,1,1,1,1,48,48,48xy04,O-M,1,0.2911,0.1873,0.997338330871333,0.998833368522335,0.987482053615373,0.990481117189406,0.811904539749416,0.997338330871333,0.998833368522335,0.987482053615373,0.990481117189406,0.811904539749416,2.0774253370887,0.884936426011359
-1.04638870906558,2.81428762073207,0,1,1,1,48,48,48xy04,O-M,1,0.5087,0.181,0.999824751048201,0.999959024770918,0.999752820529273,0.999990406257048,0.997555726611341,0.999824751048201,0.999959024770918,0.999752820529273,0.999990406257048,0.997555726611341,1.04638870906558,2.81428762073207
-1.54593500975797,2.49327281254722,0,1,1,1,48,48,48xy04,O-M,1,0.2703,0.1726,0.999770740648521,0.999943088116745,0.999597483678752,0.999961431771848,0.993671422274482,0.999770740648521,0.999943088116745,0.999597483678752,0.999961431771848,0.993671422274482,1.54593500975797,2.49327281254722
-0.345891981868975,0.682018528967686,0,1,1,1,48,48,48xy04,O-M,1,0.2959,0.1476,0.964354263166879,0.982361399761113,0.915080964744471,0.983898138620257,0.752386382687426,0.964354263166879,0.982361399761113,0.915080964744471,0.983898138620257,0.752386382687426,0.345891981868975,0.682018528967686
0.0653013764113379,-1.80780364183185,1,1,0,0,48,48,48xy04,O-M,1,1.3313,0.2997,0.812145819912592,0.71379777675697,0.184656744808295,0.363939086620861,0.0353185333861055,0.187854180087408,0.28620222324303,0.815343255191705,0.636060913379139,0.964681466613895,0.0653013764113379,1.80780364183185
-0.498130898025167,3.14443699662949,0,1,1,1,48,48,48xy04,O-M,1,0.2575,0.0977,0.999894809678583,0.999976581526419,0.999876052178372,0.999997930635137,0.999167966303941,0.999894809678583,0.999976581526419,0.999876052178372,0.999997930635137,0.999167966303941,0.498130898025167,3.14443699662949
-0.390822233422864,1.41604629158547,0,1,1,1,48,48,48xy04,O-M,1,0.2618,0.2201,0.98912877575171,0.9959395658898,0.97954634323726,0.997985616681126,0.92161902426985,0.98912877575171,0.9959395658898,0.97954634323726,0.997985616681126,0.92161902426985,0.390822233422864,1.41604629158547
0.789597791312235,2.75491293060032,1,1,1,1,48,48,48xy04,O-M,1,0.4511,0.1869,0.999719682893455,0.999932289492086,0.999616750118218,0.999987498199165,0.997064612183943,0.999719682893455,0.999932289492086,0.999616750118218,0.999987498199165,0.997064612183943,0.789597791312235,2.75491293060032
-1.77896435073796,2.19639936188847,0,1,1,1,48,48,48xy04,O-M,1,1.0531,0.0841,0.999653398309612,0.999906923939115,0.999268911987813,0.999872035906275,0.985968314349579,0.999653398309612,0.999906923939115,0.999268911987813,0.999872035906275,0.985968314349579,1.77896435073796,2.19639936188847
-1.31589607605962,0.902553092314186,0,1,1,1,48,48,48xy04,O-M,1,0.2612,0.2678,0.990699480666347,0.995886909093933,0.970809199424719,0.990921659615415,0.816618434232163,0.990699480666347,0.995886909093933,0.970809199424719,0.990921659615415,0.816618434232163,1.31589607605962,0.902553092314186
0.46725165763931,2.75882774533428,1,1,1,1,48,48,48xy04,O-M,1,0.2549,0.0752,0.999623193241824,0.999907205373098,0.999512899144399,0.999987713270061,0.997099544834455,0.999623193241824,0.999907205373098,0.999512899144399,0.999987713270061,0.997099544834455,0.46725165763931,2.75882774533428
-0.552996221704834,1.91061788630928,0,1,1,1,48,48,48xy04,O-M,1,1.7596,0.2929,0.996627761531262,0.998941166300069,0.994360359499132,0.999624802496334,0.971973147952038,0.996627761531262,0.998941166300069,0.994360359499132,0.999624802496334,0.971973147952038,0.552996221704834,1.91061788630928
-0.429178531779099,-1.50505796907216,1,1,0,0,48,48,48xy04,O-M,1,0.1874,0.1005,0.773841876057652,0.706680019962947,0.223961190377912,0.481972455627359,0.0661545868716478,0.226158123942348,0.293319980037053,0.776038809622088,0.518027544372641,0.933845413128352,0.429178531779099,1.50505796907216
-1.52008405094314,2.21727837380294,0,1,1,1,48,48,48xy04,O-M,1,0.2629,0.0912,0.999498548749213,0.999864294739315,0.999031778740476,0.99988206477783,0.986697962611658,0.999498548749213,0.999864294739315,0.999031778740476,0.99988206477783,0.986697962611658,1.52008405094314,2.21727837380294
-1.8149480945567,2.54090305847709,0,1,1,1,48,48,48xy04,O-M,1,0.4716,0.2529,0.999871793856495,0.999969135844304,0.999761673711666,0.999968429952449,0.994471671444704,0.999871793856495,0.999969135844304,0.999761673711666,0.999968429952449,0.994471671444704,1.8149480945567,2.54090305847709
-1.09858490889056,2.97675243219147,0,1,1,1,48,48,48xy04,O-M,1,0.4023,0.2919,0.999901966118173,0.999978126672848,0.999866827106757,0.999995430596829,0.998543404265596,0.999901966118173,0.999978126672848,0.999866827106757,0.999995430596829,0.998543404265596,1.09858490889056,2.97675243219147
0.0083106392918282,-0.13748268867493,1,1,0,0,48,48,48xy04,O-M,1,0.2591,0.1713,0.896018858910506,0.926387808501574,0.709019102200697,0.90697776914628,0.445324637622324,0.103981141089494,0.0736121914984263,0.290980897799303,0.0930222308537196,0.554675362377676,0.0083106392918282,0.13748268867493
0.636568023643543,2.42541602382522,1,1,1,1,48,48,48xy04,O-M,1,1.4602,0.2674,0.999149337166055,0.999772599215046,0.998758758770928,0.999948891940624,0.992354573556082,0.999149337166055,0.999772599215046,0.998758758770928,0.999948891940624,0.992354573556082,0.636568023643543,2.42541602382522
0.188698926471057,-1.12597340900022,0,0,0,1,48,48,48xy04,O-M,1,0.8192,1.3645,0.816751803230306,0.795792162556346,0.35846377695082,0.630765252342815,0.130088387420828,0.183248196769694,0.204207837443654,0.64153622304918,0.369234747657185,0.869911612579172,0.188698926471057,1.12597340900022
0.975052470993414,3.08701971386472,1,1,1,1,48,48,48xy04,O-M,1,0.2694,0.0007,0.999921200470904,0.999982772308481,0.999898509174011,0.999997277570621,0.998989129058787,0.999921200470904,0.999982772308481,0.999898509174011,0.999997277570621,0.998989129058787,0.975052470993414,3.08701971386472
-0.11988144806242,0.981501856115743,0,1,1,1,48,48,48xy04,O-M,1,0.8644,0.7949,0.972040209754661,0.987641510796969,0.943619661485487,0.992683890411403,0.836827340228428,0.972040209754661,0.987641510796969,0.943619661485487,0.992683890411403,0.836827340228428,0.11988144806242,0.981501856115743
1.83320050438489,1.35928147794303,1,1,1,1,48,48,48xy04,O-M,1,0.3279,0.2593,0.998046133476455,0.999294035667181,0.993813399440375,0.997592342226063,0.912971294495377,0.998046133476455,0.999294035667181,0.993813399440375,0.997592342226063,0.912971294495377,1.83320050438489,1.35928147794303
-0.616239628595044,3.0452616900358,0,1,1,1,48,48,48xy04,O-M,1,0.427,0.2269,0.999868138743266,0.999970145301734,0.99983794746204,0.999996683163937,0.998837610331747,0.999868138743266,0.999970145301734,0.99983794746204,0.999996683163937,0.998837610331747,0.616239628595044,3.0452616900358
-1.81521994976412,0.828171612368916,0,1,1,1,48,48,48xy04,O-M,1,0.2539,0.1415,0.995276304561946,0.997865186363331,0.980272433500618,0.98893199178901,0.79621334097248,0.995276304561946,0.997865186363331,0.980272433500618,0.98893199178901,0.79621334097248,1.81521994976412,0.828171612368916
-1.63367009942591,1.45976172278138,0,1,1,1,48,48,48xy04,O-M,1,0.2469,0.275,0.997724660513013,0.99920332342678,0.993707846135532,0.998247685039694,0.927822214107548,0.997724660513013,0.99920332342678,0.993707846135532,0.998247685039694,0.927822214107548,1.63367009942591,1.45976172278138
0.60715823302246,-0.158361700589391,0,1,0,0,48,48,48xy04,O-M,1,1.6161,0.1141,0.850415157021255,0.893671080041677,0.653235719429841,0.903455039428927,0.437085895704062,0.149584842978745,0.106328919958323,0.346764280570159,0.0965449605710734,0.562914104295938,0.60715823302246,0.158361700589391
1.31894930838196,1.48390308030747,1,1,1,1,48,48,48xy04,O-M,1,1.4547,0.0021,0.99651942061336,0.998777193164339,0.991553174637854,0.998378729200052,0.931082682708416,0.99651942061336,0.998777193164339,0.991553174637854,0.998378729200052,0.931082682708416,1.31894930838196,1.48390308030747
-1.94548802233868,2.62311416789028,0,1,1,1,48,48,48xy04,O-M,1,0.2703,0.178,0.999920381611414,0.999981448317704,0.999851049722726,0.999977767963936,0.995643496489917,0.999920381611414,0.999981448317704,0.999851049722726,0.999977767963936,0.995643496489917,1.94548802233868,2.62311416789028
0.90343098089266,2.99828391322826,1,1,1,1,48,48,48xy04,O-M,1,2.8463,0.1809,0.999885272020235,0.99997421139231,0.999850430546791,0.999995866269067,0.99864247692466,0.999885272020235,0.99997421139231,0.999850430546791,0.999995866269067,0.99864247692466,0.90343098089266,2.99828391322826
-1.63164354242513,0.744003095588743,0,1,1,1,48,48,48xy04,O-M,1,1.7129,0.0007,0.992775059094663,0.996598177797195,0.971389167604179,0.986232810116419,0.771562698831566,0.992775059094663,0.996598177797195,0.971389167604179,0.986232810116419,0.771562698831566,1.63164354242513,0.744003095588743
1.30738310501165,2.98849687639336,1,1,1,1,48,48,48xy04,O-M,1,0.6208,0.1153,0.999928070054155,0.999984223885566,0.999898600304951,0.999995673399896,0.998598233169896,0.999928070054155,0.999984223885566,0.999898600304951,0.999995673399896,0.998598233169896,1.30738310501165,2.98849687639336
1.44410156023503,1.32404814533738,1,1,1,1,48,48,48xy04,O-M,1,3.1479,0.0432,0.9960814901715,0.998544377577888,0.989314167421652,0.997314540107805,0.90725647223988,0.9960814901715,0.998544377577888,0.989314167421652,0.997314540107805,0.90725647223988,1.44410156023503,1.32404814533738
-1.84191118831098,2.74904070849938,0,1,1,1,48,48,48xy04,O-M,1,1.1436,0.0006,0.999933942611713,0.999985063567453,0.999885619582519,0.999987168866359,0.997011501872583,0.999933942611713,0.999985063567453,0.999885619582519,0.999987168866359,0.997011501872583,1.84191118831098,2.74904070849938
-1.8204099128149,3.08962959035403,0,1,1,1,48,48,48xy04,O-M,1,0.2637,0.0006,0.999976985843955,0.999995256305052,0.999964876396548,0.999997311116531,0.998997968710604,0.999976985843955,0.999995256305052,0.999964876396548,0.999997311116531,0.998997968710604,1.8204099128149,3.08962959035403
-1.09571807215775,1.89561109649576,0,1,1,1,48,48,48xy04,O-M,1,0.3522,0.0278,0.998040930736381,0.999398234084409,0.99622547784108,0.999603842054562,0.970994255563604,0.998040930736381,0.999398234084409,0.99622547784108,0.999603842054562,0.970994255563604,1.09571807215775,1.89561109649576
1.74193129702047,2.64725552541638,1,1,1,1,48,48,48xy04,O-M,1,0.3554,0.2199,0.999893172628991,0.999974963854671,0.999813083669818,0.999979967955629,0.995942599474734,0.999893172628991,0.999974963854671,0.999813083669818,0.999979967955629,0.995942599474734,1.74193129702047,2.64725552541638
0.691210920335319,-2.05313203182678,0,1,0,0,48,48,48xy04,O-M,1,0.6843,0.0029,0.728675381366307,0.574431649927809,0.096121072574368,0.27649762491457,0.0200298870480744,0.271324618633693,0.425568350072191,0.903878927425632,0.72350237508543,0.979970112951926,0.691210920335319,2.05313203182678
1.51090379893149,0.976282103137128,1,1,1,1,48,48,48xy04,O-M,1,0.3155,0.1882,0.993712719239754,0.997317388867927,0.979202079870549,0.99257745579014,0.835537656851305,0.993712719239754,0.997317388867927,0.979202079870549,0.99257745579014,0.835537656851305,1.51090379893149,0.976282103137128
1.85255165233136,2.89910860663457,1,1,1,1,48,48,48xy04,O-M,1,0.4715,0.0007,0.999959423834015,0.999991211479624,0.999933289175093,0.999993465984897,0.998128873788325,0.999959423834015,0.999991211479624,0.999933289175093,0.999993465984897,0.998128873788325,1.85255165233136,2.89910860663457
0.413300756020971,-1.89392956597901,0,1,0,0,48,48,48xy04,O-M,1,0.7056,0.2583,0.766906688127736,0.64523606951371,0.138749294808948,0.332116866333109,0.0291171797357283,0.233093311872264,0.35476393048629,0.861250705191052,0.667883133666891,0.970882820264272,0.413300756020971,1.89392956597901
0.715677889003278,1.58568826339047,1,1,1,1,48,48,48xy04,O-M,1,2.6189,0.0271,0.994191691639736,0.997982721399093,0.988756276516552,0.998838695209299,0.94359497857011,0.994191691639736,0.997982721399093,0.988756276516552,0.998838695209299,0.94359497857011,0.715677889003278,1.58568826339047
1.98403071628444,0.753790132423647,1,1,1,1,48,48,48xy04,O-M,1,0.2487,0.1389,0.996169704819202,0.998214794091825,0.981557304511785,0.986573373353113,0.774512374976509,0.996169704819202,0.998214794091825,0.981557304511785,0.986573373353113,0.774512374976509,1.98403071628444,0.753790132423647
0.685699673857587,0.971062350158513,1,1,1,1,48,48,48xy04,O-M,1,1.2439,0.132,0.982415924450915,0.992317455941037,0.957885584500412,0.992469659104475,0.834241384551153,0.982415924450915,0.992317455941037,0.957885584500412,0.992469659104475,0.834241384551153,0.685699673857587,0.971062350158513
1.74677526253453,1.91909998489953,1,1,1,1,48,48,48xy04,O-M,1,0.2323,0.1144,0.999282293576054,0.999788244113464,0.998315665172248,0.99963618937068,0.97251415930437,0.999282293576054,0.999788244113464,0.998315665172248,0.99963618937068,0.97251415930437,1.74677526253453,1.91909998489953
0.198856425584725,1.09503148340063,1,1,1,1,48,48,48xy04,O-M,1,0.3571,0.1379,0.97789876747946,0.990661789591401,0.956116372448628,0.994688866532599,0.863248578108319,0.97789876747946,0.990661789591401,0.956116372448628,0.994688866532599,0.863248578108319,0.198856425584725,1.09503148340063
-1.54477344659899,1.44801727857949,0,1,1,1,48,48,48xy04,O-M,1,0.2602,0.2501,0.997321479522391,0.999054699506857,0.992813666135176,0.998180510867486,0.926193890827755,0.997321479522391,0.999054699506857,0.992813666135176,0.998180510867486,0.926193890827755,1.54477344659899,1.44801727857949
-1.27966519114323,-1.02940797889583,1,1,0,0,48,48,48xy04,O-M,1,1.6388,0.1944,0.699799096380008,0.69586150981798,0.299685803643747,0.666564470193759,0.151644000656765,0.300200903619992,0.30413849018202,0.700314196356253,0.333435529806241,0.848355999343235,1.27966519114323,1.02940797889583
0.524563678185773,2.21075368257967,1,1,1,1,48,48,48xy04,O-M,1,0.8247,0.0007,0.998329891865679,0.99952145624876,0.997463256440307,0.999879012856859,0.98647355057525,0.998329891865679,0.99952145624876,0.997463256440307,0.999879012856859,0.98647355057525,0.524563678185773,2.21075368257967
-0.679606606034082,2.93303700099557,0,1,1,1,48,48,48xy04,O-M,1,0.5518,0.2992,0.999820891267046,0.999958438858351,0.99977109153021,0.999994407345121,0.99832168056913,0.999820891267046,0.999958438858351,0.99977109153021,0.999994407345121,0.99832168056913,0.679606606034082,2.93303700099557
-0.0095329479589461,2.78949379408365,0,1,1,1,48,48,48xy04,O-M,1,0.5586,0.0273,0.999511160681174,0.999877100292414,0.999413650718817,0.999989280319521,0.997360474591638,0.999511160681174,0.999877100292414,0.999413650718817,0.999989280319521,0.997360474591638,0.0095329479589461,2.78949379408365
0.0428856788539245,0.623296307958263,0,1,1,1,48,48,48xy04,O-M,1,0.4298,0.1727,0.951759056199145,0.975413186347901,0.893143943113922,0.981381247846717,0.733455088226692,0.951759056199145,0.975413186347901,0.893143943113922,0.981381247846717,0.733455088226692,0.0428856788539245,0.623296307958263
-1.8047411672235,-1.0770382248257,1,1,0,0,48,48,48xy04,O-M,1,1.0352,0.0007,0.639713282662874,0.63562547387912,0.258340926295984,0.649071902024853,0.140731594549252,0.360286717337126,0.36437452612088,0.741659073704016,0.350928097975147,0.859268405450748,1.8047411672235,1.0770382248257
1.11369862677852,1.02847963292328,1,1,1,1,48,48,48xy04,O-M,1,2.7192,0.2132,0.989967959152172,0.995766545449371,0.972624371811735,0.993582840620344,0.848137866713821,0.989967959152172,0.995766545449371,0.972624371811735,0.993582840620344,0.848137866713821,1.11369862677852,1.02847963292328
-0.169828663898729,-1.36151476216024,1,1,0,0,48,48,48xy04,O-M,1,0.3186,0.0664,0.809843242901621,0.763811415795307,0.288310453949064,0.539168629036006,0.0866755358161807,0.190156757098379,0.236188584204693,0.711689546050936,0.460831370963994,0.913324464183819,0.169828663898729,1.36151476216024
1.13912944572734,0.799462970986532,1,1,1,1,48,48,48xy04,O-M,1,3.5954,0.0006,0.98643169446506,0.993706946659616,0.958631297153484,0.988068169548568,0.787988995231671,0.98643169446506,0.993706946659616,0.958631297153484,0.988068169548568,0.787988995231671,1.13912944572734,0.799462970986532
1.04662453287464,2.4684789858988,1,1,1,1,48,48,48xy04,O-M,1,0.9818,0.1321,0.99951370849217,0.999874687856506,0.999237515915903,0.999957231679158,0.993215569062536,0.99951370849217,0.999874687856506,0.999237515915903,0.999957231679158,0.993215569062536,1.04662453287464,2.4684789858988
-1.27195438889636,1.54393023956155,0,1,1,1,48,48,48xy04,O-M,1,0.4387,0.2202,0.996699164362018,0.998863424467315,0.992312923351296,0.99866677925778,0.938697383284287,0.996699164362018,0.998863424467315,0.992312923351296,0.99866677925778,0.938697383284287,1.27195438889636,1.54393023956155
-1.8234991765356,1.28620493624242,0,1,1,1,48,48,48xy04,O-M,1,0.4641,0.2052,0.997734406174494,0.999156951511187,0.992585756188667,0.996984205722115,0.900814225608103,0.997734406174494,0.999156951511187,0.992585756188667,0.996984205722115,0.900814225608103,1.8234991765356,1.28620493624242
0.680287283818917,2.79732342355157,1,1,1,1,48,48,48xy04,O-M,1,0.6567,0.1151,0.999725232789559,0.999933924421261,0.999635786572036,0.999989648807647,0.997423603795533,0.999725232789559,0.999933924421261,0.999635786572036,0.999989648807647,0.997423603795533,0.680287283818917,2.79732342355157
1.41800346032254,0.959970375078955,1,1,1,1,48,48,48xy04,O-M,1,1.3675,0.148,0.992602232974651,0.996814428626372,0.976357117336708,0.99223600252977,0.831464937483417,0.992602232974651,0.996814428626372,0.976357117336708,0.99223600252977,0.831464937483417,1.41800346032254,0.959970375078955
1.81483792082903,2.83581910176886,1,1,1,1,48,48,48xy04,O-M,1,1.5627,0.0275,0.999946989126487,0.999988284113324,0.999911706721509,0.999991291805279,0.997714583613471,0.999946989126487,0.999988284113324,0.999911706721509,0.999991291805279,0.997714583613471,1.81483792082903,2.83581910176886
-1.89138883606175,1.65224011386782,0,1,1,1,48,48,48xy04,O-M,1,1.6871,0.4042,0.999004920593371,0.999679282682539,0.997206404015826,0.999071174378699,0.950757194001391,0.999004920593371,0.999679282682539,0.997206404015826,0.999071174378699,0.950757194001391,1.89138883606175,1.65224011386782
-0.0029589947612924,-1.16903637107379,1,1,0,0,48,48,48xy04,O-M,1,3.0487,0.0006,0.835853556104442,0.811255213473572,0.366374014479136,0.614404685729828,0.121194488925362,0.164146443895558,0.188744786526428,0.633625985520864,0.385595314270172,0.878805511074638,0.0029589947612924,1.16903637107379
1.26260113811635,3.04656662828045,1,1,1,1,48,48,48xy04,O-M,1,0.67,0.1874,0.999936894384557,0.999986327565781,0.999913350555665,0.999996703486968,0.998842644138554,0.999936894384557,0.999986327565781,0.999913350555665,0.999996703486968,0.998842644138554,1.26260113811635,3.04656662828045
2.07539878008792,2.97805737043613,1,1,1,1,48,48,48xy04,O-M,1,0.3987,0.0048,0.999979392595227,0.999995698728654,0.999965086384107,0.999995458204531,0.998549591591855,0.999979392595227,0.999995698728654,0.999965086384107,0.999995458204531,0.998549591591855,2.07539878008792,2.97805737043613
1.3475929616003,-0.227523427556045,0,1,0,0,48,48,48xy04,O-M,1,1.055,0.1627,0.78610281292266,0.844255084044363,0.582251478692698,0.891087230348994,0.410008377159719,0.21389718707734,0.155744915955637,0.417748521307302,0.108912769651006,0.589991622840281,1.3475929616003,0.227523427556045
-1.47137254059511,3.23969748848922,0,1,1,1,48,48,48xy04,O-M,1,0.5551,0.1325,0.999975723390263,0.99999506752787,0.999967234946258,0.999998696334039,0.999401717136006,0.999975723390263,0.99999506752787,0.999967234946258,0.999998696334039,0.999401717136006,1.47137254059511,3.23969748848922
-0.10443512945891,-1.48483142628003,1,1,0,0,48,48,48xy04,O-M,1,1.2039,0.1576,0.813986474149298,0.754595001287995,0.260558798332971,0.490036574984246,0.0687942424156923,0.186013525850702,0.245404998712005,0.739441201667029,0.509963425015754,0.931205757584308,0.10443512945891,1.48483142628003
-0.830090820396916,1.96281541609544,0,1,1,1,48,48,48xy04,O-M,1,0.302,0.276,0.997727389230497,0.999307958274388,0.996009926485619,0.999689953047737,0.975166187073121,0.997727389230497,0.999307958274388,0.996009926485619,0.999689953047737,0.975166187073121,0.830090820396916,1.96281541609544
-1.56943812814507,0.682018528967686,0,1,1,1,48,48,48xy04,O-M,1,0.2736,0.1564,0.991352716248873,0.995809033356388,0.965747723188934,0.983898138620257,0.752386382687426,0.991352716248873,0.995809033356388,0.965747723188934,0.983898138620257,0.752386382687426,1.56943812814507,0.682018528967686
-0.976966774733969,1.69269319945209,0,1,1,1,48,48,48xy04,O-M,1,0.2929,0.1944,0.996479888452915,0.998835345090203,0.992942708009796,0.99919073736301,0.954743059801506,0.996479888452915,0.998835345090203,0.992942708009796,0.99919073736301,0.954743059801506,0.976966774733969,1.69269319945209
0.67378747295056,2.35625429685857,1,1,1,1,48,48,48xy04,O-M,1,1.1839,0.0034,0.999009340989809,0.999730384468225,0.998514227764406,0.999932213552355,0.990769862270524,0.999009340989809,0.999730384468225,0.998514227764406,0.999932213552355,0.990769862270524,0.67378747295056,2.35625429685857
-1.86084219639145,3.0354746532009,0,1,1,1,48,48,48xy04,O-M,1,0.2428,0.1543,0.999974347037799,0.999994650199511,0.999959723448231,0.999996526874949,0.998799212957593,0.999974347037799,0.999994650199511,0.999959723448231,0.999996526874949,0.998799212957593,1.86084219639145,3.0354746532009
1.53230621798852,1.13222222337326,1,1,1,1,48,48,48xy04,O-M,1,0.2537,0.163,0.995235902499338,0.998095658526258,0.985255525335273,0.995230071524584,0.871229490385267,0.995235902499338,0.998095658526258,0.985255525335273,0.995230071524584,0.871229490385267,1.53230621798852,1.13222222337326
-0.965672426571083,2.06394813005611,0,1,1,1,48,48,48xy04,O-M,1,0.2331,0.109,0.998462596093676,0.999549891056837,0.997301002315115,0.999787299282449,0.980488682678406,0.998462596093676,0.999549891056837,0.997301002315115,0.999787299282449,0.980488682678406,0.965672426571083,2.06394813005611
-1.27220152999401,1.5863407325128,0,1,1,1,48,48,48xy04,O-M,1,0.2953,2.5554,0.996967869014394,0.998971864371593,0.993058867297484,0.998841212459929,0.943668981472639,0.996967869014394,0.998971864371593,0.993058867297484,0.998841212459929,0.943668981472639,1.27220152999401,1.5863407325128
0.158844281874193,1.77881912359924,1,1,1,1,48,48,48xy04,O-M,1,0.197,0.0007,0.99373275598399,0.997907810289084,0.989984118455191,0.999399564899325,0.962365289558579,0.99373275598399,0.997907810289084,0.989984118455191,0.999399564899325,0.962365289558579,0.158844281874193,1.77881912359924
-1.12537500387649,3.22403822955338,0,1,1,1,48,48,48xy04,O-M,1,0.1777,0.0424,0.999958852406014,0.999991399133936,0.999947638410996,0.999998592611338,0.999368017377144,0.999958852406014,0.999991399133936,0.999947638410996,0.999998592611338,0.999368017377144,1.12537500387649,3.22403822955338
0.941292997053583,0.685933343701647,1,1,1,1,48,48,48xy04,O-M,1,0.2951,2.7802,0.980040960436486,0.990245725585465,0.941089110970386,0.984055034620108,0.753622428708767,0.980040960436486,0.990245725585465,0.941089110970386,0.984055034620108,0.753622428708767,0.941292997053583,0.685933343701647
0.360536131671382,2.40257960454378,1,1,1,1,48,48,48xy04,O-M,1,0.3608,0.1555,0.998842212767213,0.99968343032902,0.998384177684615,0.999943868511182,0.991860054586695,0.998842212767213,0.99968343032902,0.998384177684615,0.999943868511182,0.991860054586695,0.360536131671382,2.40257960454378
1.94139887693875,3.12094810822572,1,1,1,1,48,48,48xy04,O-M,1,0.1837,0.4361,0.999983400103884,0.999996635482605,0.999974198740169,0.999997684022616,0.999098651014432,0.999983400103884,0.999996635482605,0.999974198740169,0.999997684022616,0.999098651014432,1.94139887693875,3.12094810822572
-0.322561862250234,-0.409562312685256,1,1,0,0,48,48,48xy04,O-M,1,0.2491,0.236,0.849670679452532,0.880133580190777,0.590765161305642,0.853208039139746,0.341063523853196,0.150329320547468,0.119866419809223,0.409234838694358,0.146791960860254,0.658936476146804,0.322561862250234,0.409562312685256
0.0704913394621172,2.18856973242055,0,1,1,1,48,48,48xy04,O-M,1,0.9052,0.9,0.997459019650387,0.99924877635365,0.996429946997037,0.999868073013759,0.98568593612,0.997459019650387,0.99924877635365,0.996429946997037,0.999868073013759,0.98568593612,0.0704913394621172,2.18856973242055
1.42670282696004,-0.836929587809391,0,0,0,1,48,48,48xy04,O-M,1,0.592,2.874,0.70242726560721,0.722607779475734,0.355147477115701,0.733332977014207,0.201316073941857,0.29757273439279,0.277392220524266,0.644852522884299,0.266667022985793,0.798683926058143,1.42670282696004,0.836929587809391
1.64683140264238,1.72662159381309,1,1,1,1,48,48,48xy04,O-M,1,0.2486,0.0904,0.998700364537471,0.999587817065802,0.996799842788801,0.999279912373182,0.957882177392286,0.998700364537471,0.999587817065802,0.996799842788801,0.999279912373182,0.957882177392286,1.64683140264238,1.72662159381309
-1.1596534741214,-0.413477127419218,1,1,0,0,48,48,48xy04,O-M,1,1.8034,0.0607,0.776534154784634,0.824031827937889,0.524764058957557,0.852306519167922,0.33962853841353,0.223465845215366,0.175968172062111,0.475235941042443,0.147693480832078,0.66037146158647,1.1596534741214,0.413477127419218
0.998778016368405,2.37974318526234,1,1,1,1,48,48,48xy04,O-M,1,0.3031,0.1653,0.999343042459673,0.999825743881255,0.998951741228973,0.999938381886897,0.991337646299241,0.999343042459673,0.999825743881255,0.998951741228973,0.999938381886897,0.991337646299241,0.998778016368405,2.37974318526234
1.32218685676125,2.08025985811428,1,1,1,1,48,48,48xy04,O-M,1,0.2502,0.0916,0.999057237496344,0.999730548408074,0.99819005276278,0.999800022950424,0.981249147717608,0.999057237496344,0.999730548408074,0.99819005276278,0.999800022950424,0.981249147717608,1.32218685676125,2.08025985811428
0.211930189650735,1.90539813333067,1,1,1,1,48,48,48xy04,O-M,1,1.0583,2.5452,0.995461155548051,0.998548272666258,0.992928284631071,0.999617631600822,0.971635831155022,0.995461155548051,0.998548272666258,0.992928284631071,0.999617631600822,0.971635831155022,0.211930189650735,1.90539813333067
0.743135264952877,2.33015553196549,1,1,1,1,48,48,48xy04,O-M,1,0.4207,0.0844,0.999008459523549,0.999729141736912,0.998479899501614,0.999924679316752,0.9901010338594,0.999008459523549,0.999729141736912,0.998479899501614,0.999924679316752,0.9901010338594,0.743135264952877,2.33015553196549
-0.984282151224592,2.45281972696296,0,1,1,1,48,48,48xy04,O-M,1,0.2381,0.0007,0.999453395894903,0.999857977556087,0.999150440644931,0.999954360129717,0.99291293234626,0.999453395894903,0.999857977556087,0.999150440644931,0.999954360129717,0.99291293234626,0.984282151224592,2.45281972696296
2.08787940551955,2.68118391977738,1,1,1,1,48,48,48xy04,O-M,1,0.2312,0.0116,0.999949169095914,0.999988462705324,0.999902998582566,0.999982713127473,0.996331890845581,0.999949169095914,0.999988462705324,0.999902998582566,0.999982713127473,0.996331890845581,2.08787940551955,2.68118391977738
1.77104451832436,3.12812526857132,1,1,1,1,48,48,48xy04,O-M,1,0.19,0.0116,0.999977971374295,0.999995489896824,0.999967190892966,0.999997762217074,0.999120374079545,0.999977971374295,0.999995489896824,0.999967190892966,0.999997762217074,0.999120374079545,1.77104451832436,3.12812526857132
-1.01495236144372,1.82057714742817,0,1,1,1,48,48,48xy04,O-M,1,0.1935,0.2684,0.997444783519406,0.999192034709278,0.995055065523848,0.999481757615718,0.965664420373771,0.997444783519406,0.999192034709278,0.995055065523848,0.999481757615718,0.965664420373771,1.01495236144372,1.82057714742817
1.73031566543063,1.34296974988486,1,1,1,1,48,48,48xy04,O-M,1,0.159,0.0529,0.997592692694311,0.999121352897231,0.992663568223261,0.997467134547509,0.910359115418425,0.997592692694311,0.999121352897231,0.992663568223261,0.997467134547509,0.910359115418425,1.73031566543063,1.34296974988486
0.0615942599464956,0.711379639472397,0,1,1,1,48,48,48xy04,O-M,1,0.6666,0.0117,0.957409552528445,0.979056150591229,0.907819186739746,0.985043250708182,0.761575493740116,0.957409552528445,0.979056150591229,0.907819186739746,0.985043250708182,0.761575493740116,0.0615942599464956,0.711379639472397
0.740169571781004,0.60894198726707,1,1,1,1,48,48,48xy04,O-M,1,0.2079,0.2347,0.972744969380358,0.986186992299632,0.923300987677441,0.980717393064055,0.72871855382769,0.972744969380358,0.986186992299632,0.923300987677441,0.980717393064055,0.72871855382769,0.740169571781004,0.60894198726707
1.56045558901155,1.52305122764709,1,1,1,1,48,48,48xy04,O-M,1,0.1547,0.1393,0.997737820445399,0.999224314819905,0.99409698487362,0.998572369093562,0.936127055223439,0.997737820445399,0.999224314819905,0.99409698487362,0.998572369093562,0.936127055223439,1.56045558901155,1.52305122764709
-1.77812407100593,3.14247958926251,0,1,1,1,48,48,48xy04,O-M,1,0.2449,0.2033,0.999979279481156,0.999995775801252,0.999969236556814,0.999997911085573,0.999162383037608,0.999979279481156,0.999995775801252,0.999969236556814,0.999997911085573,0.999162383037608,1.77812407100593,3.14247958926251
1.29292535079876,0.873191981809474,1,1,1,1,48,48,48xy04,O-M,1,0.1248,0.1162,0.98998889910988,0.995514927662633,0.968464009680081,0.990177139891423,0.808720777743344,0.98998889910988,0.995514927662633,0.968464009680081,0.990177139891423,0.808720777743344,1.29292535079876,0.873191981809474
-0.67629491532549,1.05979815079497,0,1,1,1,48,48,48xy04,O-M,1,0.2547,0.0426,0.984516326824139,0.993465127425195,0.964239026572201,0.994126460842276,0.855381780859628,0.984516326824139,0.993465127425195,0.964239026572201,0.994126460842276,0.855381780859628,0.67629491532549,1.05979815079497
1.86903596354503,1.48651295679678,1,1,1,1,48,48,48xy04,O-M,1,0.2043,0.0508,0.998556651803678,0.999504371180076,0.995644686543488,0.998392347657089,0.931428253858934,0.998556651803678,0.999504371180076,0.995644686543488,0.998392347657089,0.931428253858934,1.86903596354503,1.48651295679678
1.97187137427975,1.59678023847003,1,1,1,1,48,48,48xy04,O-M,1,0.1893,0.635,0.999041051425286,0.999685554479986,0.997134681571369,0.998880814707459,0.944842648780801,0.999041051425286,0.999685554479986,0.997134681571369,0.998880814707459,0.944842648780801,1.97187137427975,1.59678023847003
-0.153393780904595,-0.575941938878622,1,1,0,0,48,48,48xy04,O-M,1,1.1992,0.0193,0.852106234902102,0.872188547844811,0.549918507387242,0.811628218243812,0.282327213484793,0.147893765097898,0.127811452155189,0.450081492612758,0.188371781756188,0.717672786515207,0.153393780904595,0.575941938878622
-0.955564355676946,3.00285119708455,0,1,1,1,48,48,48xy04,O-M,1,0.5217,0.0007,0.999893402924096,0.999976151787444,0.999859942730831,0.999995953436074,0.998662684136483,0.999893402924096,0.999976151787444,0.999859942730831,0.999995953436074,0.998662684136483,0.955564355676946,3.00285119708455
1.54572597959124,0.65135248021832,1,1,1,1,48,48,48xy04,O-M,1,0.1966,0.0521,0.990672050149777,0.995414261525418,0.962912151781493,0.982622725692051,0.742590510840694,0.990672050149777,0.995414261525418,0.962912151781493,0.982622725692051,0.742590510840694,1.54572597959124,0.65135248021832
-1.81084555233561,2.63877342682613,0,1,1,1,48,48,48xy04,O-M,1,0.2036,0.0279,0.999902816823693,0.999977266992141,0.999826153004493,0.999979219649926,0.995839671463614,0.999902816823693,0.999977266992141,0.999826153004493,0.999979219649926,0.995839671463614,1.81084555233561,2.63877342682613
2.17269823023515,2.03850183428536,1,1,1,1,48,48,48xy04,O-M,1,0.1974,0.1788,0.999758249898571,0.999933016369632,0.999367972723879,0.999765932149187,0.979250114249786,0.999758249898571,0.999933016369632,0.999367972723879,0.999765932149187,0.979250114249786,2.17269823023515,2.03850183428536
1.77907660399819,2.25120676816394,1,1,1,1,48,48,48xy04,O-M,1,1.1591,0.0007,0.999699042505398,0.999920591450854,0.999379288079013,0.999896803819751,0.987813777784196,0.999699042505398,0.999920591450854,0.999379288079013,0.999896803819751,0.987813777784196,1.77907660399819,2.25120676816394
-1.34950726534086,2.50371231850445,0,1,1,1,48,48,48xy04,O-M,1,0.3325,0.1619,0.999702574510778,0.999925512726553,0.999505221517248,0.999963080865689,0.993855104138385,0.999702574510778,0.999925512726553,0.999505221517248,0.999963080865689,0.993855104138385,1.34950726534086,2.50371231850445
0.899377866891099,2.22967528712715,1,1,1,1,48,48,48xy04,O-M,1,0.4043,0.2034,0.99890620569334,0.999694759329879,0.998209971077453,0.999887665417926,0.987115496164909,0.99890620569334,0.999694759329879,0.998209971077453,0.999887665417926,0.987115496164909,0.899377866891099,2.22967528712715
-1.21647121247255,2.8997610757569,0,1,1,1,48,48,48xy04,O-M,1,0.4771,0.0422,0.999891776414753,0.999975546945232,0.999846113019233,0.999993485435544,0.998132764002504,0.999891776414753,0.999975546945232,0.999846113019233,0.999993485435544,0.998132764002504,1.21647121247255,2.8997610757569
-1.94457360027735,1.03174197853492,0,1,1,1,48,48,48xy04,O-M,1,0.2757,0.0906,0.997233844934349,0.998859970629021,0.988950892347688,0.993641473907175,0.84890349676125,0.997233844934349,0.998859970629021,0.988950892347688,0.993641473907175,0.84890349676125,1.94457360027735,1.03174197853492
-0.220294876040116,3.06614070195026,0,1,1,1,48,48,48xy04,O-M,1,2.6396,0.0007,0.999827609194887,0.999960134668797,0.999800685030033,0.999996994398935,0.998915793760439,0.999827609194887,0.999960134668797,0.999800685030033,0.999996994398935,0.998915793760439,0.220294876040116,3.06614070195026
-0.10302642520227,1.23661728294557,0,1,1,1,48,48,48xy04,O-M,1,0.7119,0.7715,0.9812476713859,0.992453396417608,0.965235591561014,0.996496080394122,0.891885399750237,0.9812476713859,0.992453396417608,0.965235591561014,0.996496080394122,0.891885399750237,0.10302642520227,1.23661728294557
-1.24081461059168,2.43520306066013,0,1,1,1,48,48,48xy04,O-M,1,0.4182,0.0007,0.999582284919833,0.999892548618648,0.999307421990694,0.999950912238202,0.992558282622317,0.999582284919833,0.999892548618648,0.999307421990694,0.999950912238202,0.992558282622317,1.24081461059168,2.43520306066013
1.39600790263114,1.73967097625963,1,1,1,1,48,48,48xy04,O-M,1,1.9305,0.0358,0.998144120254153,0.999407340803933,0.995839128570381,0.999311729243553,0.959041595759673,0.998144120254153,0.999407340803933,0.995839128570381,0.999311729243553,0.959041595759673,1.39600790263114,1.73967097625963
-0.390871661642395,2.35560182773624,0,1,1,1,48,48,48xy04,O-M,1,2.2426,0.0678,0.998717608085054,0.999645222813946,0.998177375913659,0.999932034176462,0.990753636076587,0.998717608085054,0.999645222813946,0.998177375913659,0.999932034176462,0.990753636076587,0.390871661642395,2.35560182773624
-1.88192333202152,2.98001477780311,0,1,1,1,48,48,48xy04,O-M,1,0.2954,0.0436,0.999970368511379,0.999993735887722,0.99995231267862,0.999995499317445,0.998558827610065,0.999970368511379,0.999993735887722,0.99995231267862,0.999995499317445,0.998558827610065,1.88192333202152,2.98001477780311
0.405145099798318,2.9506536672984,1,1,1,1,48,48,48xy04,O-M,1,0.3108,0.1711,0.999782729352102,0.999948901560483,0.999735024811725,0.999994843577687,0.998414488689582,0.999782729352102,0.999948901560483,0.999735024811725,0.999994843577687,0.998414488689582,0.405145099798318,2.9506536672984
1.3241639855425,-1.00330921400276,0,1,0,0,48,48,48xy04,O-M,1,1.7159,0.2427,0.69720280854493,0.696993367050722,0.305445347693069,0.676000944937613,0.157855845917483,0.30279719145507,0.303006632949278,0.694554652306931,0.323999055062387,0.842144154082517,1.3241639855425,1.00330921400276
1.38916209422607,1.03957160800284,1,1,1,1,48,48,48xy04,O-M,1,0.581,0.0006,0.993169696359862,0.997152435178495,0.979245281942771,0.993780263304924,0.850730513322814,0.993169696359862,0.997152435178495,0.979245281942771,0.993780263304924,0.850730513322814,1.38916209422607,1.03957160800284
-0.358496177849439,-0.13095799745166,1,1,0,0,48,48,48xy04,O-M,1,1.1869,0.0006,0.871437561776875,0.909531255142089,0.681181929838796,0.908058895960233,0.447904267175733,0.128562438223125,0.0904687448579109,0.318818070161204,0.0919411040397673,0.552095732824267,0.358496177849439,0.13095799745166
-0.280523161538921,-0.930885141424468,1,1,0,0,48,48,48xy04,O-M,1,2.073,0.0007,0.816545191392278,0.814003336936611,0.413062237782374,0.70158655212909,0.175956490667721,0.183454808607722,0.185996663063389,0.586937762217626,0.29841344787091,0.824043509332279,0.280523161538921,0.930885141424468
-1.33846005827563,3.2390450193669,0,1,1,1,48,48,48xy04,O-M,1,0.5946,0.0007,0.999970523828534,0.999993953382875,0.999961201923908,0.999998692162768,0.999400346791201,0.999970523828534,0.999993953382875,0.999961201923908,0.999998692162768,0.999400346791201,1.33846005827563,3.2390450193669
2.08563042153088,3.08179996088611,1,1,1,1,48,48,48xy04,O-M,1,0.3054,0.0007,0.999985679405611,0.999997096463778,0.999976588010963,0.999997209272895,0.998971234718694,0.999985679405611,0.999997096463778,0.999976588010963,0.999997209272895,0.998971234718694,2.08563042153088,3.08179996088611
1.73056280652828,0.865362352341551,1,1,1,1,48,48,48xy04,O-M,1,0.4615,0.0007,0.994807883461691,0.997687962954894,0.979712945149626,0.989969808858179,0.806580031173063,0.994807883461691,0.997687962954894,0.979712945149626,0.989969808858179,0.806580031173063,1.73056280652828,0.865362352341551
-0.492199511681419,2.0711252904017,0,1,1,1,48,48,48xy04,O-M,1,2.466,0.0007,0.997563184779746,0.999270239894129,0.996169086505453,0.999792988095956,0.980826455505399,0.997563184779746,0.999270239894129,0.996169086505453,0.999792988095956,0.980826455505399,0.492199511681419,2.0711252904017
1.64045516232285,3.18554255133609,1,1,1,1,48,48,48xy04,O-M,1,0.2848,0.0006,0.999977475830996,0.999995414981921,0.999968005683782,0.999998302882725,0.999277585726331,0.999977475830996,0.999995414981921,0.999968005683782,0.999998302882725,0.999277585726331,1.64045516232285,3.18554255133609
-1.66948084447628,0.815122229922378,0,1,1,1,48,48,48xy04,O-M,1,2.1157,0.5716,0.993830470139659,0.997187681883076,0.976013000399782,0.988546328897594,0.792498825887944,0.993830470139659,0.997187681883076,0.976013000399782,0.988546328897594,0.792498825887944,1.66948084447628,0.815122229922378
-1.42224089038107,0.717904330695667,0,1,1,1,48,48,48xy04,O-M,1,0.2657,0.0007,0.98968671609791,0.995069955184319,0.962798971785037,0.985287991608676,0.763591861280826,0.98968671609791,0.995069955184319,0.962798971785037,0.985287991608676,0.763591861280826,1.42224089038107,0.717904330695667
-0.387757683811928,2.56243453951388,0,1,1,1,48,48,48xy04,O-M,1,0.4744,0.0731,0.999277329197976,0.999811373423895,0.999029129322442,0.999971182332097,0.994802941018043,0.999277329197976,0.999811373423895,0.999029129322442,0.999971182332097,0.994802941018043,0.387757683811928,2.56243453951388
-0.230402946934253,2.50827960236074,0,1,1,1,48,48,48xy04,O-M,1,2.0183,0.0007,0.999042939867903,0.999744034539208,0.99872924107544,0.999963781173283,0.993933968713639,0.999042939867903,0.999744034539208,0.99872924107544,0.999963781173283,0.993933968713639,0.230402946934253,2.50827960236074
1.01830216308324,0.0993636027297436,0,1,0,0,48,48,48xy04,O-M,1,3.1026,0.0006,0.827341824383832,0.880533669028026,0.646438767767809,0.913162641018613,0.460424790262043,0.172658175616168,0.119466330971974,0.353561232232191,0.0868373589813866,0.539575209737957,1.01830216308324,0.0993636027297436
1.66440313468573,1.02717469467863,1,1,1,1,48,48,48xy04,O-M,1,0.9133,1.0833,0.99543765113501,0.998102223357674,0.984180537354579,0.993559253672977,0.8478308942258,0.99543765113501,0.998102223357674,0.984180537354579,0.993559253672977,0.8478308942258,1.66440313468573,1.02717469467863
-0.947952409869137,2.0515512167319,0,1,1,1,48,48,48xy04,O-M,1,0.267,0.0007,0.998383388009534,0.999524391612573,0.997162681052035,0.999777127998083,0.979893351344971,0.998383388009534,0.999524391612573,0.997162681052035,0.999777127998083,0.979893351344971,0.947952409869137,2.0515512167319
-0.731160239005157,2.54416540408872,0,1,1,1,48,48,48xy04,O-M,1,1.1476,0.0008,0.999444708965598,0.99985730461174,0.999202620741626,0.999968862403201,0.994523039960921,0.999444708965598,0.99985730461174,0.999202620741626,0.999968862403201,0.994523039960921,0.731160239005157,2.54416540408872
-0.54400028575015,2.66160984610757,0,1,1,1,48,48,48xy04,O-M,1,0.5833,0.2357,0.999528282123368,0.999881317628554,0.999366291835423,0.999981176390555,0.996111601922739,0.999528282123368,0.999881317628554,0.999366291835423,0.999981176390555,0.996111601922739,0.54400028575015,2.66160984610757
0.231380194036275,1.53740554833828,1,1,1,1,48,48,48xy04,O-M,1,0.8729,0.1877,0.990210088849713,0.996471383262301,0.982935016704295,0.998637907667573,0.937902985731103,0.990210088849713,0.996471383262301,0.982935016704295,0.998637907667573,0.937902985731103,0.231380194036275,1.53740554833828
1.30335470511985,1.85907282564545,1,1,1,1,48,48,48xy04,O-M,1,0.3997,0.2181,0.998374235581375,0.999499574806144,0.996625282880284,0.999548179839264,0.968491591762197,0.998374235581375,0.999499574806144,0.996625282880284,0.999548179839264,0.968491591762197,1.30335470511985,1.85907282564545
0.146635511649979,2.47108886238811,1,1,1,1,48,48,48xy04,O-M,1,0.4155,0.276,0.998868262024567,0.999692668000639,0.998503131892475,0.999957693349469,0.993264882902705,0.998868262024567,0.999692668000639,0.998503131892475,0.999957693349469,0.993264882902705,0.146635511649979,2.47108886238811
0.38997063640223,0.550872235379974,0,1,0,0,48,48,48xy04,O-M,1,0.845,0.2732,0.831928699622409,0.85734633002126,0.534837121112424,0.818320184040701,0.290860630801297,0.168071300377591,0.14265366997874,0.465162878887576,0.181679815959299,0.709139369198703,0.38997063640223,0.550872235379974
-0.0103979418007427,-0.900219092675103,1,1,0,0,48,48,48xy04,O-M,1,0.3948,0.2359,0.846814112201899,0.844940581590537,0.454386713464323,0.712135832408096,0.184001833765275,0.153185887798101,0.155059418409463,0.545613286535677,0.287864167591904,0.815998166234725,0.0103979418007427,0.900219092675103
1.95007352946648,1.05196852132705,1,1,1,1,48,48,48xy04,O-M,1,2.3949,0.0007,0.99734730411122,0.99891634144312,0.989493956226891,0.993994530008064,0.853593003875314,0.99734730411122,0.99891634144312,0.989493956226891,0.993994530008064,0.853593003875314,1.95007352946648,1.05196852132705
1.64094944451816,2.88866910067734,1,1,1,1,48,48,48xy04,O-M,1,1.6471,0.0034,0.999939736362858,0.999986722577499,0.999905629292497,0.999993147137882,0.998065620245206,0.999939736362858,0.999986722577499,0.999905629292497,0.999993147137882,0.998065620245206,1.64094944451816,2.88866910067734
1.66867867567518,3.01590057953109,1,1,1,1,48,48,48xy04,O-M,1,0.3466,0.0408,0.999961859706251,0.999991897488767,0.999942398356657,0.999996192908564,0.998718913724666,0.999961859706251,0.999991897488767,0.999942398356657,0.999996192908564,0.998718913724666,1.66867867567518,3.01590057953109
1.96907867987624,1.69008332296278,1,1,1,1,48,48,48xy04,O-M,1,0.7912,0.1786,0.999204631539869,0.999748069342587,0.997734574011445,0.999183473167398,0.954493992524954,0.999204631539869,0.999748069342587,0.997734574011445,0.999183473167398,0.954493992524954,1.96907867987624,1.69008332296278
-1.32249474336704,1.27315555379588,0,1,1,1,48,48,48xy04,O-M,1,0.2888,0.2434,0.994899849389363,0.998059405732838,0.986433853444176,0.996862076564969,0.898518575588547,0.994899849389363,0.998059405732838,0.986433853444176,0.996862076564969,0.898518575588547,1.32249474336704,1.27315555379588
-1.5037233102783,2.77513947339245,0,1,1,1,48,48,48xy04,O-M,1,0.6878,0.0737,0.99989337154682,0.999975535411253,0.999832052119685,0.999988572094322,0.99724109805329,0.99989337154682,0.999975535411253,0.999832052119685,0.999988572094322,0.99724109805329,1.5037233102783,2.77513947339245
1.57375178006545,1.4675913522493,1,1,1,1,48,48,48xy04,O-M,1,0.451,0.1242,0.997533507256039,0.999136929467166,0.993365627616122,0.998291205672601,0.928892370788146,0.997533507256039,0.999136929467166,0.993365627616122,0.998291205672601,0.928892370788146,1.57375178006545,1.4675913522493
0.0480262136851726,0.366223473761455,1,1,0,0,48,48,48xy04,O-M,1,0.3251,0.2205,0.876227229016318,0.902717621664283,0.632405946944111,0.862941522034628,0.357099163780699,0.123772770983682,0.0972823783357168,0.367594053055889,0.137058477965372,0.642900836219301,0.0480262136851726,0.366223473761455
-0.160709157395217,0.798810501864205,0,1,1,1,48,48,48xy04,O-M,1,0.4826,0.1479,0.96471145076639,0.983275411123979,0.923639952080706,0.988047875954563,0.787799849929432,0.96471145076639,0.983275411123979,0.923639952080706,0.988047875954563,0.787799849929432,0.160709157395217,0.798810501864205
-1.55258310528492,2.5193715774403,0,1,1,1,48,48,48xy04,O-M,1,0.3275,0.117,0.999789241877199,0.999948106436582,0.999632779716551,0.999965429975017,0.994121774118617,0.999789241877199,0.999948106436582,0.999632779716551,0.999965429975017,0.994121774118617,1.55258310528492,2.5193715774403
-1.00432529424451,2.79862836179622,0,1,1,1,48,48,48xy04,O-M,1,1.0175,0.1799,0.99980664787776,0.999954478848989,0.999728255573533,0.999989709037631,0.997433991661592,0.99980664787776,0.999954478848989,0.999728255573533,0.999989709037631,0.997433991661592,1.00432529424451,2.79862836179622
0.662418982458377,-0.847369093766622,0,1,0,0,48,48,48xy04,O-M,1,1.0872,0.3235,0.781117026533874,0.789673978854815,0.405130789511354,0.729891584277686,0.198394712807767,0.218882973466126,0.210326021145185,0.594869210488646,0.270108415722314,0.801605287192233,0.662418982458377,0.847369093766622
1.55494434253382,1.64636789176688,1,1,1,1,48,48,48xy04,O-M,1,0.2429,0.1376,0.998219445421808,0.999416361443937,0.995609918788297,0.999052528411911,0.95015598027768,0.998219445421808,0.999416361443937,0.995609918788297,0.999052528411911,0.95015598027768,1.55494434253382,1.64636789176688
0.701170706570862,1.95172344101588,1,1,1,1,48,48,48xy04,O-M,1,0.9302,0.2028,0.997337437152947,0.999181006524094,0.995451729847167,0.999677059508894,0.974514475995753,0.997337437152947,0.999181006524094,0.995451729847167,0.999677059508894,0.974514475995753,0.701170706570862,1.95172344101588
0.326480088414364,0.0151950859495704,0,1,0,0,48,48,48xy04,O-M,1,0.5308,0.1715,0.884287043639632,0.922583310266051,0.719903516797198,0.925723173962631,0.493938271027358,0.115712956360368,0.0774166897339494,0.280096483202802,0.0742768260373687,0.506061728972642,0.326480088414364,0.0151950859495704
-1.20955126173818,2.43128824592617,0,1,1,1,48,48,48xy04,O-M,1,0.363,0.2447,0.999560038034444,0.999886484053111,0.999275054587633,0.99995011333824,0.992477380044356,0.999560038034444,0.999886484053111,0.999275054587633,0.99995011333824,0.992477380044356,1.20955126173818,2.43128824592617
-0.110144088814767,0.54956729713532,1,1,0,0,48,48,48xy04,O-M,1,0.7975,0.2265,0.857914011041427,0.878556185952231,0.56370401292887,0.818664395104007,0.291308097231353,0.142085988958573,0.121443814047769,0.43629598707113,0.181335604895993,0.708691902768647,0.110144088814767,0.54956729713532
-0.531939800184529,1.60526233706028,0,1,1,1,48,48,48xy04,O-M,1,0.7001,0.0998,0.993350159067713,0.997687772035813,0.987807624695488,0.99891207411183,0.945781958011867,0.993350159067713,0.997687772035813,0.987807624695488,0.99891207411183,0.945781958011867,0.531939800184529,1.60526233706028
-1.57143997103609,0.77858395907207,0,1,1,1,48,48,48xy04,O-M,1,0.2467,0.1066,0.992406862267286,0.996475800310179,0.971390096232748,0.987403752893182,0.781887584349873,0.992406862267286,0.996475800310179,0.971390096232748,0.987403752893182,0.781887584349873,1.57143997103609,0.77858395907207
-1.12628942593782,1.01999753433303,0,1,1,1,48,48,48xy04,O-M,1,2.6921,0.0695,0.989993468655535,0.995764254529686,0.97245985300272,0.993428149308346,0.846135184938108,0.989993468655535,0.995764254529686,0.97245985300272,0.993428149308346,0.846135184938108,1.12628942593782,1.01999753433303
0.756209029018888,1.26141110959399,1,1,1,1,48,48,48xy04,O-M,1,1.0672,0.1642,0.98976198216704,0.996009336066038,0.977495191024577,0.996748373039704,0.896419616136166,0.98976198216704,0.996009336066038,0.977495191024577,0.996748373039704,0.896419616136166,0.756209029018888,1.26141110959399
0.360511417561616,1.07350000236384,1,0,1,0,48,48,48xy04,O-M,1,1.3353,2.4029,0.979869969676043,0.991468196960008,0.957931309460597,0.994351164028628,0.858476581196847,0.979869969676043,0.991468196960008,0.957931309460597,0.994351164028628,0.858476581196847,0.360511417561616,1.07350000236384
-0.25415320641901,-1.25972957907724,1,1,0,0,48,48,48xy04,O-M,1,1.2384,0.1133,0.803590247828506,0.768325168089502,0.309601862363392,0.579308451341684,0.103883465567804,0.196409752171494,0.231674831910498,0.690398137636608,0.420691548658316,0.896116534432196,0.25415320641901,1.25972957907724
-1.58095490329585,1.93345430559072,0,0,1,0,48,48,48xy04,O-M,1,0.3822,0.3321,0.99908807740052,0.999730024820055,0.997991525605066,0.999654730931668,0.973409871531529,0.99908807740052,0.999730024820055,0.997991525605066,0.999654730931668,0.973409871531529,1.58095490329585,1.93345430559072
0.11776943144374,1.54327777043922,0,1,1,1,48,48,48xy04,O-M,1,2.3405,0.0007,0.989466076452148,0.996192682466154,0.982129893235957,0.998663917475085,0.93861830260049,0.989466076452148,0.996192682466154,0.982129893235957,0.998663917475085,0.93861830260049,0.11776943144374,1.54327777043922
-0.433824784415035,0.684628405456993,0,1,1,1,48,48,48xy04,O-M,1,1.1269,0.01,0.966997198161965,0.98371380556265,0.919160825689223,0.984002882208833,0.753210781173136,0.966997198161965,0.98371380556265,0.919160825689223,0.984002882208833,0.753210781173136,0.433824784415035,0.684628405456993
0.853409622727054,1.89561109649576,1,1,1,1,48,48,48xy04,O-M,1,0.317,1.81,0.997411039854002,0.99919518307608,0.995324186057897,0.999603842054562,0.970994255563604,0.997411039854002,0.99919518307608,0.995324186057897,0.999603842054562,0.970994255563604,0.853409622727054,1.89561109649576
-0.0580467454288496,-0.754718478396199,1,1,0,0,48,48,48xy04,O-M,1,1.5302,0.3236,0.849842918407403,0.858424194270073,0.498594500318795,0.759637119187097,0.225208958405077,0.150157081592597,0.141575805729927,0.501405499681205,0.240362880812903,0.774791041594923,0.0580467454288496,0.754718478396199
1.22085900672223,3.08962959035403,1,1,1,1,48,48,48xy04,O-M,1,0.4453,0.7174,0.999942255731222,0.999987592902349,0.999922332121376,0.999997311116531,0.998997968710604,0.999942255731222,0.999987592902349,0.999922332121376,0.999997311116531,0.998997968710604,1.22085900672223,3.08962959035403
-1.85985363200082,2.78753638671667,0,1,1,1,48,48,48xy04,O-M,1,0.711,0.2585,0.99994316736324,0.999987304719292,0.999902509522158,0.999989186264998,0.997344475523991,0.99994316736324,0.999987304719292,0.999902509522158,0.999989186264998,0.997344475523991,1.85985363200082,2.78753638671667
1.45739775128893,1.50608703046659,1,1,1,1,48,48,48xy04,O-M,1,1.3447,0.0114,0.997264732710354,0.999052200841148,0.993084583340674,0.998491209397998,0.933977583217185,0.997264732710354,0.999052200841148,0.993084583340674,0.998491209397998,0.933977583217185,1.45739775128893,1.50608703046659
-1.07950561615151,3.07788514615215,0,1,1,1,48,48,48xy04,O-M,1,2.9762,0.2352,0.999928188991179,0.999984373156217,0.999905561989317,0.999997156976412,0.998957623762195,0.999928188991179,0.999984373156217,0.999905561989317,0.999997156976412,0.998957623762195,1.07950561615151,3.07788514615215
-0.806365275021925,0.725081491041263,0,1,1,1,48,48,48xy04,O-M,1,1.0495,0.1323,0.978023401695293,0.989411362129354,0.93948811925891,0.985553219906113,0.765798980704926,0.978023401695293,0.989411362129354,0.93948811925891,0.985553219906113,0.765798980704926,0.806365275021925,0.725081491041263
-1.51820577860095,1.14722901318678,0,1,1,1,48,48,48xy04,O-M,1,0.3913,0.1634,0.995249951899558,0.998112018592136,0.985494942083945,0.995434142089575,0.874356508222024,0.995249951899558,0.998112018592136,0.985494942083945,0.995434142089575,0.874356508222024,1.51820577860095,1.14722901318678
-0.0212968642073792,1.88386665229388,0,1,1,1,48,48,48xy04,O-M,1,0.4864,0.1549,0.994526973792094,0.998221112744393,0.991731549084318,0.999586685697088,0.970208492492754,0.994526973792094,0.998221112744393,0.991731549084318,0.999586685697088,0.970208492492754,0.0212968642073792,1.88386665229388
-0.300022594143992,2.48870552869094,0,1,1,1,48,48,48xy04,O-M,1,0.6318,0.2761,0.999042306734275,0.999743523289964,0.998707230952842,0.999960688604217,0.993589544594027,0.999042306734275,0.999743523289964,0.998707230952842,0.999960688604217,0.993589544594027,0.300022594143992,2.48870552869094
-0.351551513005301,0.200496316690417,1,1,0,0,48,48,48xy04,O-M,1,0.9141,0.1717,0.865596282954254,0.90246397700936,0.659082148871287,0.896049457491909,0.420546219185425,0.134403717045746,0.09753602299064,0.340917851128713,0.103950542508091,0.579453780814575,0.351551513005301,0.200496316690417
0.218677141616748,2.09591911705013,1,1,1,1,48,48,48xy04,O-M,1,1.207,0.2501,0.997127310177278,0.999133834029792,0.995751165870556,0.999811565558111,0.981955316720179,0.997127310177278,0.999133834029792,0.995751165870556,0.999811565558111,0.981955316720179,0.218677141616748,2.09591911705013
0.808009803087618,2.34320491441203,1,1,1,1,48,48,48xy04,O-M,1,0.4158,0.0897,0.999104524341563,0.999757228599587,0.998613817410897,0.999928539890504,0.990440560348738,0.999104524341563,0.999757228599587,0.998613817410897,0.999928539890504,0.990440560348738,0.808009803087618,2.34320491441203
1.01637446252152,0.262480883311474,0,1,0,0,48,48,48xy04,O-M,1,3.1994,0.2348,0.807030925321654,0.857103470335246,0.588965735591302,0.884419465568244,0.39647536087242,0.192969074678346,0.142896529664754,0.411034264408698,0.115580534431756,0.60352463912758,1.01637446252152,0.262480883311474
0.33073091529405,1.53936295570526,1,1,1,1,48,48,48xy04,O-M,1,0.4953,0.0751,0.990984393478617,0.996766111411735,0.983926700362712,0.99864662856248,0.938142143806389,0.990984393478617,0.996766111411735,0.983926700362712,0.99864662856248,0.938142143806389,0.33073091529405,1.53936295570526
1.66504570153964,2.82994687966792,1,1,1,1,48,48,48xy04,O-M,1,0.2903,0.1365,0.999930281786151,0.999984412595655,0.99988795626531,0.999991058339907,0.997672213343587,0.999930281786151,0.999984412595655,0.99988795626531,0.999991058339907,0.997672213343587,1.66504570153964,2.82994687966792
-1.00766169906286,0.896680870213243,0,1,1,1,48,48,48xy04,O-M,1,0.3795,0.098,0.986118443524373,0.993800872052359,0.961543849376504,0.990776837784924,0.815055384372898,0.986118443524373,0.993800872052359,0.961543849376504,0.990776837784924,0.815055384372898,1.00766169906286,0.896680870213243
1.07949429886291,2.56700182337017,1,1,1,1,48,48,48xy04,O-M,1,0.7012,0.133,0.999646642772512,0.999911674750998,0.99945899873728,0.99997173619234,0.994870896349891,0.999646642772512,0.999911674750998,0.99945899873728,0.99997173619234,0.994870896349891,1.07949429886291,2.56700182337017
1.67782289628846,2.35103454387995,1,1,1,1,48,48,48xy04,O-M,1,0.3931,0.1634,0.999725493110219,0.999929399861547,0.999472557353669,0.999930765967959,0.990639352127343,0.999725493110219,0.999929399861547,0.999472557353669,0.999930765967959,0.990639352127343,1.67782289628846,2.35103454387995
0.101680545986324,0.783803712050686,0,0,1,0,48,48,48xy04,O-M,1,1.922,0.4601,0.962398565849697,0.982049058273809,0.919597090547544,0.987572790832413,0.783422352302464,0.962398565849697,0.982049058273809,0.919597090547544,0.987572790832413,0.783422352302464,0.101680545986324,0.783803712050686
1.14110657450859,2.93042712450626,1,1,1,1,48,48,48xy04,O-M,1,0.2034,0.0007,0.999891953008986,0.999975664696549,0.999850014005021,0.999994339795325,0.99830751810129,0.999891953008986,0.999975664696549,0.999850014005021,0.999994339795325,0.99830751810129,1.14110657450859,2.93042712450626
1.87084009355792,3.21229378535149,1,1,1,1,48,48,48xy04,O-M,1,0.1857,0.0007,0.999986186873699,0.999997253019445,0.999979535304555,0.999998509669827,0.999341601781289,0.999986186873699,0.999997253019445,0.999979535304555,0.999998509669827,0.999341601781289,1.87084009355792,3.21229378535149
-0.455202489362293,1.53349073360432,0,0,1,0,48,48,48xy04,O-M,1,0.3034,3.0044,0.991784600392104,0.997062500355694,0.984875375115069,0.99862031166577,0.93742250596275,0.991784600392104,0.997062500355694,0.984875375115069,0.99862031166577,0.93742250596275,0.455202489362293,1.53349073360432
-1.82777471752505,0.650700011095993,0,1,1,1,48,48,48xy04,O-M,1,0.2898,0.0203,0.994160023065423,0.997138697779837,0.972782027664009,0.98259467769677,0.742379921983965,0.994160023065423,0.997138697779837,0.972782027664009,0.98259467769677,0.742379921983965,1.82777471752505,0.650700011095993
-0.240165020291671,-0.659457986536468,1,1,0,0,48,48,48xy04,O-M,1,0.2651,0.0356,0.838029235253169,0.854886143909483,0.511539730387959,0.788259370626755,0.254800858274895,0.161970764746831,0.145113856090517,0.488460269612041,0.211740629373245,0.745199141725105,0.240165020291671,0.659457986536468
-0.52455028136461,0.370790757617743,1,1,0,0,48,48,48xy04,O-M,1,1.2617,0.0261,0.835761440353478,0.871770502878208,0.586435687522734,0.861937051008665,0.355396692900855,0.164238559646522,0.128229497121792,0.413564312477266,0.138062948991335,0.644603307099145,0.52455028136461,0.370790757617743
0.332510331197174,-1.08552032341595,0,1,0,0,48,48,48xy04,O-M,1,1.6116,0.0183,0.80241162881414,0.785584479611722,0.356190742343467,0.645922044266292,0.138845633683683,0.19758837118586,0.214415520388278,0.643809257656533,0.354077955733708,0.861154366316317,0.332510331197174,1.08552032341595
0.195421164327304,1.6104820900389,1,0,1,0,48,48,48xy04,O-M,1,1.2843,0.7064,0.991307354308018,0.996938475467352,0.985295407915376,0.998930910746325,0.946353673858622,0.991307354308018,0.996938475467352,0.985295407915376,0.998930910746325,0.946353673858622,0.195421164327304,1.6104820900389
-1.62766457075286,2.44368515925038,0,1,1,1,48,48,48xy04,O-M,1,0.8126,0.0006,0.999768613436567,0.999941984136734,0.999576946512929,0.999952601942365,0.992730946309691,0.999768613436567,0.999941984136734,0.999576946512929,0.999952601942365,0.992730946309691,1.62766457075286,2.44368515925038
-0.469314246038459,2.65051787102801,0,1,1,1,48,48,48xy04,O-M,1,1.1592,0.0007,0.999478895245243,0.999867888194944,0.999306678102789,0.999980248897989,0.995981576231702,0.999478895245243,0.999867888194944,0.999306678102789,0.999980248897989,0.995981576231702,0.469314246038459,2.65051787102801
0.660688994774784,1.06371296552894,1,1,1,1,48,48,48xy04,O-M,1,0.247,0.0007,0.984375663014392,0.993412737022592,0.964145876472376,0.994191457134168,0.85627062544503,0.984375663014392,0.993412737022592,0.964145876472376,0.994191457134168,0.85627062544503,0.660688994774784,1.06371296552894
-1.55502980215172,2.67726910504342,0,1,1,1,48,48,48xy04,O-M,1,0.1742,0.1155,0.999867442408595,0.999968834475375,0.999781424584048,0.999982415644898,0.996288750383812,0.999867442408595,0.999968834475375,0.999781424584048,0.999982415644898,0.996288750383812,1.55502980215172,2.67726910504342
0.693929472409537,2.88018700208709,1,1,1,1,48,48,48xy04,O-M,1,1.526,0.003,0.999790896825604,0.99995085022347,0.999728328548104,0.999992877200709,0.99801280319857,0.999790896825604,0.99995085022347,0.999728328548104,0.999992877200709,0.99801280319857,0.693929472409537,2.88018700208709
-1.46358759601894,0.881021611277397,0,1,1,1,48,48,48xy04,O-M,1,1.3369,0.0006,0.992235179988821,0.996546055976139,0.973662944024315,0.990380718032396,0.810846938513602,0.992235179988821,0.996546055976139,0.973662944024315,0.990380718032396,0.810846938513602,1.46358759601894,0.881021611277397
-1.82374631763326,1.58699320163513,0,1,1,1,48,48,48xy04,O-M,1,0.2588,0.0006,0.998715543784812,0.999574620741502,0.99638257433788,0.99884372471237,0.943742907818955,0.998715543784812,0.999574620741502,0.99638257433788,0.99884372471237,0.943742907818955,1.82374631763326,1.58699320163513
1.22834738198121,1.24053209767953,1,1,1,1,48,48,48xy04,O-M,1,0.1752,1.5479,0.993872022692076,0.997630984532561,0.984048903012516,0.996537049958276,0.892610675162205,0.993872022692076,0.997630984532561,0.984048903012516,0.996537049958276,0.892610675162205,1.22834738198121,1.24053209767953
-1.93584951953009,2.13180491877811,0,1,1,1,48,48,48xy04,O-M,1,0.2784,0.0007,0.999692732899458,0.999916448789698,0.999297088912451,0.999835710286724,0.983488556440348,0.999692732899458,0.999916448789698,0.999297088912451,0.999835710286724,0.983488556440348,1.93584951953009,2.13180491877811
-0.125812834406168,-2.10924437634689,1,1,0,0,48,48,48xy04,O-M,1,0.2871,0.1536,0.801026021969462,0.659963092512128,0.121417421830029,0.258043114618705,0.0174617466505181,0.198973978030538,0.340036907487872,0.878582578169971,0.741956885381295,0.982538253349482,0.125812834406168,2.10924437634689
1.32772281734875,0.698982726148186,1,1,1,1,48,48,48xy04,O-M,1,0.5092,0.1244,0.987911474969342,0.99416363137015,0.957950088006547,0.98456859073032,0.757718586946186,0.987911474969342,0.99416363137015,0.957950088006547,0.98456859073032,0.757718586946186,1.32772281734875,0.698982726148186
-0.578896608739199,0.508461742428724,1,1,0,0,48,48,48xy04,O-M,1,3.9434,0.7062,0.818066179962329,0.849178665544311,0.53289667054476,0.829297412903593,0.305564781237283,0.181933820037671,0.150821334455689,0.46710332945524,0.170702587096407,0.694435218762717,0.578896608739199,0.508461742428724
1.56801810659983,3.03155983846694,1,1,1,1,48,48,48xy04,O-M,1,0.542,0.3229,0.999957423203418,0.999990930325897,0.999937451918758,0.999996462407613,0.998783531537949,0.999957423203418,0.999990930325897,0.999937451918758,0.999996462407613,0.998783531537949,1.56801810659983,3.03155983846694
0.720645425066167,-0.311691944336218,0,1,0,0,48,48,48xy04,O-M,1,1.6142,0.1878,0.825260121345709,0.867436964017052,0.591789491753669,0.874549211658218,0.377637325339934,0.174739878654291,0.132563035982948,0.408210508246331,0.125450788341782,0.622362674660066,0.720645425066167,0.311691944336218
1.70673840471423,2.1024438082734,1,1,1,1,48,48,48xy04,O-M,1,0.2829,0.2997,0.999503763275019,0.999862054253406,0.99893734899852,0.999816188649215,0.982242791464853,0.999503763275019,0.999862054253406,0.99893734899852,0.999816188649215,0.982242791464853,1.70673840471423,2.1024438082734
-0.412002225491996,-0.0050314568425641,1,1,0,0,48,48,48xy04,O-M,1,0.6331,0.107,0.879562154750638,0.919795085811418,0.716779078730078,0.927140833592799,0.497992747602609,0.120437845249362,0.0802049141885817,0.283220921269922,0.0728591664072006,0.502007252397391,0.412002225491996,0.0050314568425641
1.8805527386958,2.92585984064997,1,1,1,1,48,48,48xy04,O-M,1,0.4182,0.0517,0.99996459798945,0.999992403122452,0.999941934953845,0.999994219704945,0.998282471706725,0.99996459798945,0.999992403122452,0.999941934953845,0.999994219704945,0.998282471706725,1.8805527386958,2.92585984064997
-1.14386115798117,2.85996045929496,0,1,1,1,48,48,48xy04,O-M,1,0.3163,0.0999,0.99986522596871,0.999969072211451,0.999808843052345,0.999992191986004,0.997881530839492,0.99986522596871,0.999969072211451,0.999808843052345,0.999992191986004,0.997881530839492,1.14386115798117,2.85996045929496
1.05314905785276,1.4943425862647,1,1,1,1,48,48,48xy04,O-M,1,0.2467,0.2446,0.995196346796242,0.998300729415112,0.989385133269569,0.998432579937827,0.932456950189651,0.995196346796242,0.998300729415112,0.989385133269569,0.998432579937827,0.932456950189651,1.05314905785276,1.4943425862647
-1.53120540033767,3.17967032923515,0,1,1,1,48,48,48xy04,O-M,1,0.455,0.1405,0.999972679210079,0.999994387031091,0.999961994413607,0.999998253941791,0.999262786556309,0.999972679210079,0.999994387031091,0.999961994413607,0.999998253941791,0.999262786556309,1.53120540033767,3.17967032923515
-1.54823342196617,1.92040492314419,0,1,1,1,48,48,48xy04,O-M,1,0.5272,0.1452,0.999010816145766,0.999705369448079,0.997833327167666,0.999637912431998,0.972596613910362,0.999010816145766,0.999705369448079,0.997833327167666,0.999637912431998,0.972596613910362,1.54823342196617,1.92040492314419
-1.26043761374558,1.42126604456409,0,1,1,1,48,48,48xy04,O-M,1,0.7527,0.1966,0.995755452247306,0.998470138892302,0.989643319042194,0.998018678002132,0.922380284541728,0.995755452247306,0.998470138892302,0.989643319042194,0.998018678002132,0.922380284541728,1.26043761374558,1.42126604456409
1.7183293221943,2.86191786666194,1,1,1,1,48,48,48xy04,O-M,1,0.3058,0.1627,0.999942299387399,0.999987258815917,0.999907080543834,0.999992260948851,0.997894569936045,0.999942299387399,0.999987258815917,0.999907080543834,0.999992260948851,0.997894569936045,1.7183293221943,2.86191786666194
1.34111786484171,0.670274084765801,1,1,1,1,48,48,48xy04,O-M,1,1.692,0.0506,0.987690936162441,0.993982238177608,0.956296652844012,0.983419489226338,0.748658457876692,0.987690936162441,0.993982238177608,0.956296652844012,0.983419489226338,0.748658457876692,1.34111786484171,0.670274084765801
-0.72787326240633,-0.922403042834218,1,0,0,1,48,48,48xy04,O-M,1,1.1858,1.7089,0.768466453232011,0.770667167143293,0.373838359736591,0.704522001919305,0.178159191593344,0.231533546767989,0.229332832856707,0.626161640263409,0.295477998080695,0.821840808406656,0.72787326240633,0.922403042834218
1.84016988333879,1.40430184738359,1,1,1,1,48,48,48xy04,O-M,1,0.2874,0.0112,0.998223628160078,0.999369578721142,0.99448505186329,0.997909390314437,0.919885507794683,0.998223628160078,0.999369578721142,0.99448505186329,0.997909390314437,0.919885507794683,1.84016988333879,1.40430184738359
-1.88713800918206,3.00024132059524,0,1,1,1,48,48,48xy04,O-M,1,0.2548,0.1474,0.999972530279163,0.999994226879843,0.999956049515032,0.999995903843895,0.998651171077612,0.999972530279163,0.999994226879843,0.999956049515032,0.999995903843895,0.998651171077612,1.88713800918206,3.00024132059524
1.94898610863679,2.12332282018786,1,1,1,1,48,48,48xy04,O-M,1,0.2804,0.0929,0.999693831270824,0.999916572536942,0.999293655171802,0.999830279815435,0.983136595148768,0.999693831270824,0.999916572536942,0.999293655171802,0.999830279815435,0.983136595148768,1.94898610863679,2.12332282018786
2.1879715500703,1.32731049094901,1,1,1,1,48,48,48xy04,O-M,1,2.1838,0.179,0.998959530614038,0.999623936926958,0.996000008956556,0.99734142777272,0.907797002544797,0.998959530614038,0.999623936926958,0.996000008956556,0.99734142777272,0.907797002544797,2.1879715500703,1.32731049094901
0.303421824003044,1.77490430886528,1,1,1,1,48,48,48xy04,O-M,1,0.3612,0.1395,0.994344802381353,0.998122478257188,0.990672991228324,0.999391271783466,0.962043155641626,0.994344802381353,0.998122478257188,0.990672991228324,0.999391271783466,0.962043155641626,0.303421824003044,1.77490430886528
0.529086360272881,1.03565679326888,1,1,1,1,48,48,48xy04,O-M,1,0.4723,0.1629,0.981532696275602,0.992098483379163,0.958910536746603,0.993711207577403,0.84981885690316,0.981532696275602,0.992098483379163,0.958910536746603,0.993711207577403,0.84981885690316,0.529086360272881,1.03565679326888
1.70542855689665,2.76730984392453,1,1,1,1,48,48,48xy04,O-M,1,0.3044,0.1606,0.999920850389327,0.999982037251601,0.999868657576489,0.999988167244529,0.997173949596582,0.999920850389327,0.999982037251601,0.999868657576489,0.999988167244529,0.997173949596582,1.70542855689665,2.76730984392453
-0.647972545534094,1.52892344974803,0,1,1,1,48,48,48xy04,O-M,1,1.4377,0.6124,0.993051143103669,0.99753129503408,0.986532544072895,0.998599520702509,0.936858288910599,0.993051143103669,0.99753129503408,0.986532544072895,0.998599520702509,0.936858288910599,0.647972545534094,1.52892344974803
0.72558824701929,0.133291997090744,0,1,0,0,48,48,48xy04,O-M,1,0.7582,0.6508,0.844367788761259,0.890637546506444,0.653361277080101,0.907673231450822,0.446981228261201,0.155632211238741,0.109362453493556,0.346638722919899,0.0923267685491777,0.553018771738799,0.72558824701929,0.133291997090744
1.49345563743697,1.87407961545897,1,1,1,1,48,48,48xy04,O-M,1,0.5587,0.1401,0.998804329493484,0.99963721934306,0.997378839061904,0.999571864892451,0.969540273759797,0.998804329493484,0.99963721934306,0.997378839061904,0.999571864892451,0.969540273759797,1.49345563743697,1.87407961545897
-0.283019286625249,-1.40784006984545,1,1,0,0,48,48,48xy04,O-M,1,1.4293,0.0007,0.794790376403592,0.741959707895698,0.263497125922778,0.520741293394881,0.0795892161433482,0.205209623596408,0.258040292104302,0.736502874077222,0.479258706605119,0.920410783856652,0.283019286625249,1.40784006984545
-0.0903480868925092,-1.63228944792591,1,1,0,0,48,48,48xy04,O-M,1,0.9821,0.2368,0.812212094466495,0.735285871510336,0.223455669797842,0.431547692132961,0.0513092625478246,0.187787905533505,0.264714128489664,0.776544330202158,0.568452307867039,0.948690737452175,0.0903480868925092,1.63228944792591
-0.256278619858853,0.0517333567998782,1,0,0,1,48,48,48xy04,O-M,1,1.1122,2.764,0.885744483411243,0.922303811898072,0.714124637495525,0.920452358878239,0.479370578967093,0.114255516588757,0.077696188101928,0.285875362504475,0.0795476411217609,0.520629421032907,0.256278619858853,0.0517333567998782
-1.0020268820363,1.45845678453672,0,1,1,1,48,48,48xy04,O-M,1,1.3509,0.0265,0.994533127245438,0.998036719382804,0.987949094044374,0.998240334313595,0.9276426607112,0.994533127245438,0.998036719382804,0.987949094044374,0.998240334313595,0.9276426607112,1.0020268820363,1.45845678453672
1.36046901278819,2.94739132168676,1,1,1,1,48,48,48xy04,O-M,1,0.7544,0.0052,0.999923629779428,0.999983126039837,0.999889777048762,0.999994765326056,0.998397663119267,0.999923629779428,0.999983126039837,0.999889777048762,0.999994765326056,0.998397663119267,1.36046901278819,2.94739132168676
-1.23122553600262,2.26751849622211,0,1,1,1,48,48,48xy04,O-M,1,0.2835,0.1456,0.99933606426849,0.999820226765996,0.998837108732304,0.999903256892074,0.988320714847828,0.99933606426849,0.999820226765996,0.998837108732304,0.999903256892074,0.988320714847828,1.23122553600262,2.26751849622211
