s1,s2,r1,r2,acc1,acc2,id,seq,id_sess,task,dataset,rt1,rt2,p_r2_discrete,p_r2_bayesian,p_r2_optimal,p_r2_fixed,p_r2_naive,p_c2_discrete,p_c2_bayesian,p_c2_optimal,p_c2_fixed,p_c2_naive,abs1,abs2
-1.08988095165754,-0.924929340345977,1,0,0,1,54,54,54fl03,M-O,1,0.9725,0.4435,0.231070914181339,0.265075000958234,0.345925154180934,0.381997394951142,0.177501331761729,0.768929085818661,0.734924999041766,0.654074845819066,0.618002605048858,0.822498668238271,1.08988095165754,0.924929340345977
-0.684179790105525,-0.308271485622045,0,0,1,0,54,54,54fl03,M-O,1,0.6852,1.6655,0.760370656018077,0.802530656502165,0.874772558997836,0.824580137397522,0.621062119312899,0.760370656018077,0.802530656502165,0.874772558997836,0.824580137397522,0.621062119312899,0.684179790105525,0.308271485622045
0.867602830219347,-0.0102046161904602,1,1,1,1,54,54,54fl03,M-O,1,2.2994,3.03,0.713785104599335,0.732625179283435,0.832445026661592,0.737251507227451,0.504070982198781,0.713785104599335,0.732625179283435,0.832445026661592,0.737251507227451,0.504070982198781,0.867602830219347,0.0102046161904602
-0.443872387459604,-2.0185715140695,0,0,0,1,54,54,54fl03,M-O,1,0.5872,1.4956,0.147539299085921,0.0567851352220115,0.114924921491381,0.0816767314833312,0.0217658871245572,0.852460700914079,0.943214864777989,0.885075078508619,0.918323268516669,0.978234112875443,0.443872387459604,2.0185715140695
1.16823030964279,-0.104415785384921,1,1,1,1,54,54,54fl03,M-O,1,0.4496,0.9968,0.779974894418645,0.787286304944003,0.878351666641078,0.767031598486294,0.541580301884933,0.779974894418645,0.787286304944003,0.878351666641078,0.767031598486294,0.541580301884933,1.16823030964279,0.104415785384921
-1.61914098015706,0.489430336168807,0,0,1,0,54,54,54fl03,M-O,1,0.3438,1.9735,0.896758960331568,0.903440901712917,0.954415349400367,0.867386270910419,0.687731468349963,0.896758960331568,0.903440901712917,0.954415349400367,0.867386270910419,0.687731468349963,1.61914098015706,0.489430336168807
-2.67085070590702,1.27685399004823,0,1,1,1,54,54,54fl03,M-O,1,0.4541,0.7261,0.992125067078725,0.992548276878982,0.998031856126438,0.97138461821151,0.899173099824216,0.992125067078725,0.992548276878982,0.998031856126438,0.97138461821151,0.899173099824216,2.67085070590702,1.27685399004823
-0.860275498117313,0.522777996947284,0,1,1,1,54,54,54fl03,M-O,1,0.3726,0.5268,0.825852691544688,0.863460320438584,0.918497317651984,0.874405925411592,0.69943562343582,0.825852691544688,0.863460320438584,0.918497317651984,0.874405925411592,0.69943562343582,0.860275498117313,0.522777996947284
-2.27001406667577,0.677852674557728,0,1,1,1,54,54,54fl03,M-O,1,0.3327,0.839,0.962573567945926,0.957971447441968,0.985596702187029,0.903634572849395,0.751067445486141,0.962573567945926,0.957971447441968,0.985596702187029,0.903634572849395,0.751067445486141,2.27001406667577,0.677852674557728
0.553354688297758,-0.460381926718846,0,0,0,1,54,54,54fl03,M-O,1,0.4781,2.0949,0.40119564865936,0.455163389935756,0.552265174988018,0.56525578515732,0.322621052502336,0.59880435134064,0.544836610064244,0.447734825011982,0.43474421484268,0.677378947497664,0.553354688297758,0.460381926718846
-0.690990121354599,0.78031215405102,0,1,1,1,54,54,54fl03,M-O,1,0.5699,0.2862,0.862825136097898,0.902487667928083,0.940717523061094,0.91998971830587,0.782396419736887,0.862825136097898,0.902487667928083,0.940717523061094,0.91998971830587,0.782396419736887,0.690990121354599,0.78031215405102
-0.838871599905935,-0.262261379736378,0,1,1,1,54,54,54fl03,M-O,1,0.2526,1.5392,0.767606464586484,0.801590431922106,0.878038923215862,0.812447528504888,0.603440032662809,0.767606464586484,0.801590431922106,0.878038923215862,0.812447528504888,0.603440032662809,0.838871599905935,0.262261379736378
-0.389389737467007,-0.655087157718205,0,0,0,1,54,54,54fl03,M-O,1,0.6455,0.9249,0.358375436630724,0.391532312269737,0.497972768811643,0.487875255514986,0.256205819984815,0.641624563369276,0.608467687730263,0.502027231188357,0.512124744485014,0.743794180015185,0.389389737467007,0.655087157718205
0.482332662414551,-0.83187808978729,0,0,0,1,54,54,54fl03,M-O,1,0.4187,1.8221,0.302274935377963,0.323119514819112,0.426805293578544,0.41793158187331,0.2027388801125,0.697725064622037,0.676880485180888,0.573194706421456,0.58206841812669,0.7972611198875,0.482332662414551,0.83187808978729
-0.0829248312586466,-0.512094965897064,0,1,0,0,54,54,54fl03,M-O,1,0.32,1.0645,0.433931900321572,0.465307325701604,0.579528703529529,0.544824288006796,0.304292273789027,0.566068099678428,0.534692674298396,0.420471296470471,0.455175711993204,0.695707726210973,0.0829248312586466,0.512094965897064
-1.55103766766632,0.614991528491246,0,1,1,1,54,54,54fl03,M-O,1,0.2559,1.5907,0.905033037274134,0.917981476395021,0.960655559299923,0.892453440299849,0.730719842471684,0.905033037274134,0.917981476395021,0.960655559299923,0.892453440299849,0.730719842471684,1.55103766766632,0.614991528491246
1.77532269527459,-1.92313598631505,0,1,0,0,54,54,54fl03,M-O,1,0.2556,1.4011,0.0561768536243123,0.0479168616867855,0.0769264140418437,0.0970671057328925,0.0272314869829474,0.943823146375688,0.952083138313214,0.923073585958156,0.902932894267108,0.972768513017053,1.77532269527459,1.92313598631505
1.07872309894066,1.42255265868617,1,1,1,1,54,54,54fl03,M-O,1,0.2394,0.5267,0.960547286675161,0.976964358089548,0.98776472962308,0.979682879831895,0.922567061985973,0.960547286675161,0.976964358089548,0.98776472962308,0.979682879831895,0.922567061985973,1.07872309894066,1.42255265868617
1.41534804353778,-0.278919100144564,1,1,1,1,54,54,54fl03,M-O,1,0.3852,0.7971,0.844929840303583,0.850382944278556,0.922384886593355,0.816898709224977,0.60984654489869,0.844929840303583,0.850382944278556,0.922384886593355,0.816898709224977,0.60984654489869,1.41534804353778,0.278919100144564
-1.28932636680902,0.103499630077409,0,1,1,1,54,54,54fl03,M-O,1,0.3015,0.589,0.798334462085202,0.798236313211908,0.888836242560434,0.766751320077244,0.541216778462886,0.798334462085202,0.798236313211908,0.888836242560434,0.766751320077244,0.541216778462886,1.28932636680902,0.103499630077409
-2.2505559773927,-0.312105661112517,0,1,1,1,54,54,54fl03,M-O,1,0.2406,0.5832,0.941613369506032,0.918234521748838,0.970886543770292,0.825568225510662,0.622519887829778,0.941613369506032,0.918234521748838,0.970886543770292,0.825568225510662,0.622519887829778,2.2505559773927,0.312105661112517
1.07677729001235,0.960099542595852,1,1,1,1,54,54,54fl03,M-O,1,0.2614,0.0538,0.914039061530098,0.940862730095593,0.967737943078915,0.943492948835095,0.831497440667235,0.914039061530098,0.940862730095593,0.967737943078915,0.943492948835095,0.831497440667235,1.07677729001235,0.960099542595852
0.781987237373837,0.386745316940782,1,1,1,1,54,54,54fl03,M-O,1,0.1962,0.3747,0.789133833652201,0.828602144556598,0.894471365751807,0.844095997318254,0.650527618189571,0.789133833652201,0.828602144556598,0.894471365751807,0.844095997318254,0.650527618189571,0.781987237373837,0.386745316940782
-2.09683707205644,0.951077953206505,0,1,1,1,54,54,54fl03,M-O,1,0.2033,0.2062,0.967307727439231,0.971346894861317,0.989379857338948,0.94246038361141,0.829217597235079,0.967307727439231,0.971346894861317,0.989379857338948,0.94246038361141,0.829217597235079,2.09683707205644,0.951077953206505
-2.25542049971347,0.753182945958771,0,1,1,1,54,54,54fl03,M-O,1,0.2471,0.3259,0.965340802346829,0.963170996612574,0.987328414206942,0.915878779045134,0.774330007015004,0.965340802346829,0.963170996612574,0.987328414206942,0.915878779045134,0.774330007015004,2.25542049971347,0.753182945958771
-1.82636963102176,0.746384533954656,0,1,1,1,54,54,54fl03,M-O,1,0.2276,0.1674,0.939358684430743,0.946405670066721,0.977208797183568,0.914824177660922,0.772282420373917,0.939358684430743,0.946405670066721,0.977208797183568,0.914824177660922,0.772282420373917,1.82636963102176,0.746384533954656
-1.87987937655021,0.336385516170966,0,1,1,1,54,54,54fl03,M-O,1,0.2355,0.2868,0.907718092545631,0.896465770787169,0.955632436489347,0.831742963221299,0.631709914901603,0.907718092545631,0.896465770787169,0.955632436489347,0.831742963221299,0.631709914901603,1.87987937655021,0.336385516170966
1.48247845156437,0.664384730397918,1,1,1,1,54,54,54fl03,M-O,1,0.3818,0.1184,0.904994335025898,0.921208644143758,0.961388327691572,0.901313989648542,0.7467779483353,0.904994335025898,0.921208644143758,0.961388327691572,0.901313989648542,0.7467779483353,1.48247845156437,0.664384730397918
0.445362292776717,-1.46284160768576,0,1,0,0,54,54,54fl03,M-O,1,0.2198,1.1747,0.191915832240273,0.145619503382838,0.233588325468481,0.200972851003639,0.071755362486066,0.808084167759727,0.854380496617162,0.766411674531519,0.799027148996361,0.928244637513934,0.445362292776717,1.46284160768576
0.818957607011671,-0.594159209378012,0,1,0,0,54,54,54fl03,M-O,1,1.7711,1.9267,0.339559004817515,0.391190250672133,0.482398048325227,0.512178230975419,0.276202816148391,0.660440995182485,0.608809749327867,0.517601951674773,0.487821769024581,0.723797183851609,0.818957607011671,0.594159209378012
-2.23304369703794,-0.0015052264221619,0,1,1,1,54,54,54fl03,M-O,1,0.217,0.4648,0.920775746276944,0.866404351895387,0.950333204278572,0.734406633045651,0.500600498234619,0.920775746276944,0.866404351895387,0.950333204278572,0.734406633045651,0.500600498234619,2.23304369703794,0.0015052264221619
1.21979424624292,0.60590549917769,1,1,1,1,54,54,54fl03,M-O,1,0.5272,3.2708,0.873985874829548,0.89884489803353,0.945676212212876,0.890762952062247,0.72771124622018,0.873985874829548,0.89884489803353,0.945676212212876,0.890762952062247,0.72771124622018,1.21979424624292,0.60590549917769
-1.89641875244082,1.38885057832454,0,1,1,1,54,54,54fl03,M-O,1,0.2882,0.1425,0.979737557843906,0.98679733170378,0.994699632616143,0.977971117872145,0.917560904260452,0.979737557843906,0.98679733170378,0.994699632616143,0.977971117872145,0.917560904260452,1.89641875244082,1.38885057832454
1.22368586409954,-0.108572160496441,1,1,1,1,54,54,54fl03,M-O,1,0.7483,1.1179,0.789199284661962,0.793474550151134,0.88390657036041,0.768300801651828,0.543229078551951,0.789199284661962,0.793474550151134,0.88390657036041,0.768300801651828,0.543229078551951,1.22368586409954,0.108572160496441
-2.08224350509414,0.468874000345939,0,1,1,1,54,54,54fl03,M-O,1,0.1623,0.6399,0.937633955952455,0.92816726843338,0.972394296208103,0.86292693223133,0.680420149255543,0.937633955952455,0.92816726843338,0.972394296208103,0.86292693223133,0.680420149255543,2.08224350509414,0.468874000345939
0.454118432954099,-0.24338048194296,1,1,1,1,54,54,54fl03,M-O,1,0.2405,0.5728,0.719047051307436,0.769189286722924,0.84563330704903,0.807322193822962,0.596144668769571,0.719047051307436,0.769189286722924,0.84563330704903,0.807322193822962,0.596144668769571,0.454118432954099,0.24338048194296
-1.71740433103657,0.992641704321708,0,1,1,1,54,54,54fl03,M-O,1,0.1971,1.3833,0.951944663735943,0.963645105763617,0.984039636261618,0.94709667738398,0.839557703297445,0.951944663735943,0.963645105763617,0.984039636261618,0.94709667738398,0.839557703297445,1.71740433103657,0.992641704321708
-2.043327326528,0.444451269070494,0,1,1,1,54,54,54fl03,M-O,1,0.1826,0.0087,0.932599673493026,0.922837954487548,0.969699879873734,0.857497047247598,0.671641823296858,0.932599673493026,0.922837954487548,0.969699879873734,0.857497047247598,0.671641823296858,2.043327326528,0.444451269070494
0.841334409687202,-1.43197488398935,0,0,0,1,54,54,54fl03,M-O,1,0.1896,0.4773,0.154876156430384,0.138592819519944,0.211498344471324,0.209751257413378,0.0760755046844129,0.845123843569616,0.861407180480056,0.788501655528676,0.790248742586622,0.923924495315587,0.841334409687202,1.43197488398935
-1.36034839269222,1.05237751406402,0,1,1,1,54,54,54fl03,M-O,1,0.2764,0.2861,0.939162065512813,0.958230137138866,0.979190422330141,0.953235384224597,0.853686809501589,0.939162065512813,0.958230137138866,0.979190422330141,0.953235384224597,0.853686809501589,1.36034839269222,1.05237751406402
0.232296215127095,0.991159586064887,1,1,1,1,54,54,54fl03,M-O,1,0.3148,0.5744,0.879466936440422,0.91967792824568,0.947499005257485,0.946936608195255,0.83919616946783,0.879466936440422,0.91967792824568,0.947499005257485,0.946936608195255,0.83919616946783,0.232296215127095,0.991159586064887
0.820903415939978,0.925688623067916,1,1,1,1,54,54,54fl03,M-O,1,0.6399,0.2948,0.895117047449638,0.928338185350886,0.958159251093149,0.939474696831409,0.82269608900214,0.895117047449638,0.928338185350886,0.958159251093149,0.939474696831409,0.82269608900214,0.820903415939978,0.925688623067916
-0.324205138368721,-0.569478718405728,0,1,0,0,54,54,54fl03,M-O,1,0.9997,2.0608,0.389520595352752,0.427368369778992,0.534628507825779,0.522015028981315,0.284515654566817,0.610479404647248,0.572631630221008,0.465371492174221,0.477984971018685,0.715484345433183,0.324205138368721,0.569478718405728
-1.06944995791032,0.93925322711404,0,1,1,1,54,54,54fl03,M-O,1,0.2008,0.5822,0.91091925567838,0.938294663658049,0.966222119763193,0.94108457850766,0.826199626632398,0.91091925567838,0.938294663658049,0.966222119763193,0.94108457850766,0.826199626632398,1.06944995791032,0.93925322711404
1.58560632476465,0.19175010628248,1,1,1,1,54,54,54fl03,M-O,1,0.5856,0.5516,0.855242381292496,0.845901905949271,0.924217271561141,0.792875838444723,0.576031022484265,0.855242381292496,0.845901905949271,0.924217271561141,0.792875838444723,0.576031022484265,1.58560632476465,0.19175010628248
1.09818118822373,-1.96718067451233,0,0,0,1,54,54,54fl03,M-O,1,1.4665,0.966,0.0869797264907459,0.0509796323693511,0.091205481825498,0.0897185165376752,0.0245811925821218,0.913020273509254,0.949020367630649,0.908794518174502,0.910281483462325,0.975418807417878,1.09818118822373,1.96718067451233
0.761556243626613,0.0107061392155606,1,1,1,1,54,54,54fl03,M-O,1,0.3048,1.6543,0.697835025383369,0.723215250179052,0.822159366062344,0.737415038786781,0.504271050000495,0.697835025383369,0.723215250179052,0.822159366062344,0.737415038786781,0.504271050000495,0.761556243626613,0.0107061392155606
-2.6650132791221,0.940123166090871,0,1,1,1,54,54,54fl03,M-O,1,0.2486,0.5035,0.986299512659603,0.983546978457901,0.995625579956148,0.941186667470504,0.82642280639952,0.986299512659603,0.983546978457901,0.995625579956148,0.941186667470504,0.82642280639952,2.6650132791221,0.940123166090871
1.54863595512681,0.77019508595011,1,1,1,1,54,54,54fl03,M-O,1,0.1608,0.8138,0.922030996261831,0.937307055619902,0.970232368157618,0.918474790099656,0.779407910780912,0.922030996261831,0.937307055619902,0.970232368157618,0.918474790099656,0.779407910780912,1.54863595512681,0.77019508595011
-1.69308171943273,1.5011371462598,0,1,1,1,54,54,54fl03,M-O,1,0.1369,0.2141,0.979527090703867,0.987818371906775,0.994703461128296,0.983241183007419,0.933339953610759,0.979527090703867,0.987818371906775,0.994703461128296,0.983241183007419,0.933339953610759,1.69308171943273,1.5011371462598
1.07677729001235,0.588635599489513,1,1,1,1,54,54,54fl03,M-O,1,0.2915,2.1191,0.858152226935901,0.888129985069618,0.937263633629945,0.887497368166483,0.721947126190025,0.858152226935901,0.888129985069618,0.937263633629945,0.887497368166483,0.721947126190025,1.07677729001235,0.588635599489513
-2.31671348095514,1.44452667284165,0,1,1,1,54,54,54fl03,M-O,1,0.1618,0.1598,0.989578065329793,0.992526381239241,0.997555842852854,0.980737132308664,0.925704558790836,0.989578065329793,0.992526381239241,0.997555842852854,0.980737132308664,0.925704558790836,2.31671348095514,1.44452667284165
-0.280424437481812,0.909159782508149,1,1,1,1,54,54,54fl03,M-O,1,0.3316,0.6246,0.865865547741079,0.908766524413878,0.940497011162963,0.937466724486739,0.818367105106956,0.865865547741079,0.908766524413878,0.940497011162963,0.937466724486739,0.818367105106956,0.280424437481812,0.909159782508149
-2.42957039879695,-0.191216363295275,0,1,1,1,54,54,54fl03,M-O,1,0.121,0.582,0.950049529828064,0.913786556932,0.972018590366552,0.792723225291402,0.575821957952969,0.950049529828064,0.913786556932,0.972018590366552,0.792723225291402,0.575821957952969,2.42957039879695,0.191216363295275
-1.74172694264041,-0.0197417249734836,0,1,1,1,54,54,54fl03,M-O,1,0.1676,1.135,0.856306142672464,0.821884347101502,0.916165697698804,0.740352322161043,0.507875297229238,0.856306142672464,0.821884347101502,0.916165697698804,0.740352322161043,0.507875297229238,1.74172694264041,0.0197417249734836
-0.336852896402716,0.433722021689593,1,1,1,1,54,54,54fl03,M-O,1,2.3078,1.0474,0.759098904938592,0.813695695093736,0.874928489078239,0.85506623643581,0.667754843452111,0.759098904938592,0.813695695093736,0.874928489078239,0.85506623643581,0.667754843452111,0.336852896402716,0.433722021689593
-1.22414176771073,0.653172183585445,0,1,1,1,54,54,54fl03,M-O,1,0.2216,0.7822,0.881516062864191,0.906577625244342,0.950083790861673,0.899351032080947,0.743177359575364,0.881516062864191,0.906577625244342,0.950083790861673,0.899351032080947,0.743177359575364,1.22414176771073,0.653172183585445
-1.821505108701,1.24927370248651,0,1,1,1,54,54,54fl03,M-O,1,0.3761,0.1025,0.971676693922087,0.980579441430224,0.991918851748194,0.969532303134992,0.894217508531986,0.971676693922087,0.980579441430224,0.991918851748194,0.969532303134992,0.894217508531986,1.821505108701,1.24927370248651
-2.30211991399284,0.345471545484522,0,1,1,1,54,54,54fl03,M-O,1,0.3047,1.0475,0.947684891027288,0.925808280256801,0.974419186863776,0.834017074690014,0.63513005080728,0.947684891027288,0.925808280256801,0.974419186863776,0.834017074690014,0.63513005080728,2.30211991399284,0.345471545484522
-2.11824097026782,1.36597440523013,0,1,1,1,54,54,54fl03,M-O,1,0.1023,0.0704,0.984005619957716,0.988798112657388,0.995938472992219,0.976741116529929,0.914026501491288,0.984005619957716,0.988798112657388,0.995938472992219,0.976741116529929,0.914026501491288,2.11824097026782,1.36597440523013
-1.01204859452526,1.11501312039577,0,1,1,1,54,54,54fl03,M-O,1,0.0461,0.0714,0.929653024494889,0.954423881572789,0.974945111609961,0.959044441389081,0.867577600331767,0.929653024494889,0.954423881572789,0.974945111609961,0.959044441389081,0.867577600331767,1.01204859452526,1.11501312039577
-1.57925189712677,1.52626871670155,0,1,1,1,54,54,54fl03,M-O,1,0.145,0.1829,0.978198229422263,0.987355330346464,0.994271197644692,0.984260280705606,0.93652852191115,0.978198229422263,0.987355330346464,0.994271197644692,0.984260280705606,0.93652852191115,1.57925189712677,1.52626871670155
0.389906738319966,-1.53720528022366,0,1,0,0,54,54,54fl03,M-O,1,0.8735,0.7177,0.190551190037315,0.13213184700721,0.219131542160836,0.180748830531553,0.0621215238606875,0.809448809962685,0.86786815299279,0.780868457839164,0.819251169468447,0.937878476139312,0.389906738319966,1.53720528022366
-0.27166829730443,-2.02942964129882,0,1,0,0,54,54,54fl03,M-O,1,0.4862,0.9901,0.17103374022472,0.0595077083097333,0.124349432103341,0.0800493938434702,0.0212072742834998,0.82896625977528,0.940492291690267,0.875650567896659,0.91995060615653,0.9787927257165,0.27166829730443,2.02942964129882
-2.60469320234458,0.959100723770603,0,1,1,1,54,54,54fl03,M-O,1,0.2448,1.2157,0.985175438008427,0.983131708673437,0.995334144559227,0.943379352990485,0.831245997079335,0.985175438008427,0.983131708673437,0.995334144559227,0.943379352990485,0.831245997079335,2.60469320234458,0.959100723770603
1.06510243644251,-2.16894207721264,0,0,0,1,54,54,54fl03,M-O,1,0.544,0.3733,0.0799846949672396,0.0340036429461847,0.0664791443330651,0.0612636688903665,0.0150435408479429,0.92001530503276,0.965996357053815,0.933520855666935,0.938736331109634,0.984956459152057,1.06510243644251,2.16894207721264
-2.68544427286932,1.0602391848176,0,1,1,1,54,54,54fl03,M-O,1,0.5513,0.0709,0.989007218079432,0.987739565500095,0.996791640476063,0.953998906614612,0.855482100721604,0.989007218079432,0.987739565500095,0.996791640476063,0.953998906614612,0.855482100721604,2.68544427286932,1.0602391848176
-0.421495584784073,-1.50662853618619,0,0,0,1,54,54,54fl03,M-O,1,0.8496,0.6063,0.189824054820009,0.137216183829719,0.224215468582033,0.188905090719725,0.0659529493378189,0.810175945179991,0.862783816170281,0.775784531417967,0.811094909280275,0.934047050662181,0.421495584784073,1.50662853618619
-0.514894413342811,1.37006634041744,0,1,1,1,54,54,54fl03,M-O,1,0.1942,0.6308,0.942002594949196,0.965391092574965,0.979028440195613,0.976965283015359,0.91466690309966,0.942002594949196,0.965391092574965,0.979028440195613,0.976965283015359,0.91466690309966,0.514894413342811,1.37006634041744
-1.11031194540477,0.427954648472832,0,0,1,0,54,54,54fl03,M-O,1,0.2646,1.1101,0.833121578991122,0.859393917863709,0.920799140923441,0.853748114356504,0.665657930519472,0.833121578991122,0.859393917863709,0.920799140923441,0.853748114356504,0.665657930519472,1.11031194540477,0.427954648472832
0.930841620389326,-1.1749884662414,0,1,0,0,54,54,54fl03,M-O,1,0.2703,1.2396,0.188194041115801,0.197406234094551,0.277045618297007,0.291057423761577,0.11999966509749,0.811805958884199,0.802593765905449,0.722954381702993,0.708942576238423,0.88000033490251,0.930841620389326,1.1749884662414
-1.96452206493156,1.08627291419828,0,0,1,0,54,54,54fl03,M-O,1,0.2094,0.9431,0.968581209173527,0.975643086009273,0.990429084580609,0.956456043496997,0.861320866659066,0.968581209173527,0.975643086009273,0.990429084580609,0.956456043496997,0.861320866659066,1.96452206493156,1.08627291419828
1.28692465426952,0.863890735750893,1,1,1,1,54,54,54fl03,M-O,1,0.6387,0.2954,0.91464685179825,0.937459582975749,0.967727661710845,0.931701129166242,0.806176041744482,0.91464685179825,0.937459582975749,0.967727661710845,0.931701129166242,0.806176041744482,1.28692465426952,0.863890735750893
-0.134488767858783,-0.385470514825166,0,0,0,1,54,54,54fl03,M-O,1,0.5798,1.5551,0.465152628545721,0.509703301675171,0.617196894291401,0.594532399811979,0.34994442382235,0.534847371454279,0.490296698324829,0.382803105708599,0.405467600188021,0.65005557617765,0.134488767858783,0.385470514825166
0.800472422192754,1.27318091436828,1,1,1,1,54,54,54fl03,M-O,1,0.3536,0.351,0.939339135070244,0.962943902785718,0.978740345984459,0.971143472127785,0.898523074243672,0.939339135070244,0.962943902785718,0.978740345984459,0.971143472127785,0.898523074243672,0.800472422192754,1.27318091436828
-1.58119770605507,0.419738558136106,0,1,1,1,54,54,54fl03,M-O,1,0.1996,0.9443,0.88434014331501,0.889603241776818,0.946795082821307,0.851856479520395,0.662661772955766,0.88434014331501,0.889603241776818,0.946795082821307,0.851856479520395,0.662661772955766,1.58119770605507,0.419738558136106
1.29470788998274,1.10570155134748,1,1,1,1,54,54,54fl03,M-O,1,0.4484,0.2764,0.941152815236599,0.960786643838255,0.980110852791312,0.958219851171672,0.8655721408304,0.941152815236599,0.960786643838255,0.980110852791312,0.958219851171672,0.8655721408304,1.29470788998274,1.10570155134748
1.04077982483867,0.060647080478014,1,0,1,0,54,54,54fl03,M-O,1,0.2246,0.4388,0.751664020984449,0.763478838069824,0.859059101773975,0.753434459842409,0.52417986114741,0.751664020984449,0.763478838069824,0.859059101773975,0.753434459842409,0.52417986114741,1.04077982483867,0.060647080478014
-0.47305952138421,-0.782194908221675,1,1,0,0,54,54,54fl03,M-O,1,0.1445,1.0149,0.315744193130553,0.340909612922401,0.445043009361024,0.43742356850741,0.217050018220415,0.684255806869447,0.659090387077599,0.554956990638976,0.56257643149259,0.782949981779585,0.47305952138421,0.782194908221675
-2.50156532914431,0.858058922609923,0,1,1,1,54,54,54fl03,M-O,1,0.3468,1.3819,0.97953413666954,0.976594029805296,0.99306406283633,0.930929467616697,0.804570035946345,0.97953413666954,0.976594029805296,0.99306406283633,0.930929467616697,0.804570035946345,2.50156532914431,0.858058922609923
0.963920372170546,0.314862581484954,1,1,1,1,54,54,54fl03,M-O,1,0.3957,0.9589,0.794196504688617,0.823943636111313,0.895669138655524,0.82627650967978,0.623567003374539,0.794196504688617,0.823943636111313,0.895669138655524,0.82627650967978,0.623567003374539,0.963920372170546,0.314862581484954
-1.44401817660943,-0.225852822557944,0,1,1,1,54,54,54fl03,M-O,1,0.2972,0.4385,0.840694393277822,0.841233909586585,0.918027200895447,0.802488388004656,0.589342054066627,0.840694393277822,0.841233909586585,0.918027200895447,0.802488388004656,0.589342054066627,1.44401817660943,0.225852822557944
1.4192396613944,-0.0128466530830545,1,1,1,1,54,54,54fl03,M-O,1,0.3098,0.901,0.803945728586739,0.78725133292415,0.88660943637161,0.73811240986433,0.505124932109286,0.803945728586739,0.78725133292415,0.88660943637161,0.73811240986433,0.505124932109286,1.4192396613944,0.0128466530830545
-1.70670238193088,0.985907732241803,0,1,1,1,54,54,54fl03,M-O,1,0.5135,0.0301,0.950910182926716,0.962844880330445,0.983612353064638,0.946366313052984,0.837910803900112,0.950910182926716,0.962844880330445,0.983612353064638,0.946366313052984,0.837910803900112,1.70670238193088,0.985907732241803
-2.52880665414061,-0.291903744872802,0,1,1,1,54,54,54fl03,M-O,1,0.2732,0.3815,0.961456804182804,0.93293843446466,0.979747706143426,0.820322283852206,0.614819889931531,0.961456804182804,0.93293843446466,0.979747706143426,0.820322283852206,0.614819889931531,2.52880665414061,0.291903744872802
0.449253910633331,-0.0296976932638694,1,1,1,1,54,54,54fl03,M-O,1,0.2081,0.0949,0.659786612564976,0.703232256782131,0.797025476757374,0.743569049957311,0.511845924189728,0.659786612564976,0.703232256782131,0.797025476757374,0.743569049957311,0.511845924189728,0.449253910633331,0.0296976932638694
1.1030457105445,0.332422460832075,1,1,1,1,54,54,54fl03,M-O,1,0.2161,0.4634,0.814545780606879,0.838210516421973,0.907861067567719,0.830744815690203,0.630214859670857,0.814545780606879,0.838210516421973,0.907861067567719,0.830744815690203,0.630214859670857,1.1030457105445,0.332422460832075
1.05050886948021,0.248489459549048,1,1,1,1,54,54,54fl03,M-O,1,0.2749,0.9676,0.791530582185425,0.814325471817299,0.891801423632603,0.808717433724855,0.598122137775548,0.791530582185425,0.814325471817299,0.891801423632603,0.808717433724855,0.598122137775548,1.05050886948021,0.248489459549048
-0.156865570534314,-0.934563109015315,0,0,0,1,54,54,54fl03,M-O,1,0.5976,0.911,0.317998590750593,0.307843037675795,0.425416610938896,0.378328821497439,0.17500674916979,0.682001409249407,0.692156962324205,0.574583389061104,0.621671178502561,0.82499325083021,0.156865570534314,0.934563109015315
-1.20468367842766,0.125699183967623,0,0,1,0,54,54,54fl03,M-O,1,0.9671,0.7565,0.789480055618154,0.796209342961749,0.884988187361375,0.773489903651424,0.550014976078128,0.789480055618154,0.796209342961749,0.884988187361375,0.773489903651424,0.550014976078128,1.20468367842766,0.125699183967623
0.653563848105572,1.12003943448412,1,1,1,1,54,54,54fl03,M-O,1,0.9731,0.3353,0.915779080180075,0.946107687529272,0.967755962572649,0.959484033204382,0.868651521043605,0.915779080180075,0.946107687529272,0.967755962572649,0.959484033204382,0.868651521043605,0.653563848105572,1.12003943448412
0.0309049910473158,-1.72069796441054,0,0,0,1,54,54,54fl03,M-O,1,0.5115,0.5823,0.229361829806206,0.111677255809238,0.208004778053216,0.136537699253566,0.0426528229818538,0.770638170193794,0.888322744190762,0.791995221946784,0.863462300746434,0.957347177018146,0.0309049910473158,1.72069796441054
0.683723886494331,0.777057937878434,1,0,1,0,54,54,54fl03,M-O,1,0.2261,0.4485,0.861758900100684,0.901666879167292,0.940107998213977,0.919504772326348,0.78143770572916,0.861758900100684,0.901666879167292,0.940107998213977,0.919504772326348,0.78143770572916,0.683723886494331,0.777057937878434
0.834524078438127,0.845396477502733,1,0,1,0,54,54,54fl03,M-O,1,0.2048,0.2778,0.883147643739153,0.917959958304503,0.951978340224458,0.929230866734887,0.801055244716262,0.883147643739153,0.917959958304503,0.951978340224458,0.929230866734887,0.801055244716262,0.834524078438127,0.845396477502733
-0.905029103468375,-2.23280204210437,1,0,0,1,54,54,54fl03,M-O,1,0.7559,0.407,0.090116879083269,0.0312097036994222,0.0646228579083185,0.0539053485218333,0.0127810007835825,0.909883120916731,0.968790296300578,0.935377142091681,0.946094651478167,0.987218999216418,0.905029103468375,2.23280204210437
-1.4089936158999,-0.277662521622477,0,1,1,1,54,54,54fl03,M-O,1,0.4266,0.5135,0.843911453522676,0.849609723624778,0.921802343655245,0.816565249563083,0.609364283462314,0.843911453522676,0.849609723624778,0.921802343655245,0.816565249563083,0.609364283462314,1.4089936158999,0.277662521622477
-1.25138309270703,1.44381783367534,0,1,1,1,54,54,54fl03,M-O,1,0.6615,0.4077,0.966354958704343,0.980371074816544,0.990078387820402,0.980703864368957,0.925604887926995,0.966354958704343,0.980371074816544,0.990078387820402,0.980703864368957,0.925604887926995,1.25138309270703,1.44381783367534
0.116520583892826,1.11063120554952,1,1,1,1,54,54,54fl03,M-O,1,0.6787,0.6951,0.896670881877724,0.932909692008068,0.955693110854815,0.958658058245654,0.86663643750392,0.896670881877724,0.932909692008068,0.955693110854815,0.958658058245654,0.86663643750392,0.116520583892826,1.11063120554952
1.19158001678247,-2.11365262224079,0,1,0,0,54,54,54fl03,M-O,1,0.2906,2.2641,0.0737129505689503,0.0368642412548977,0.0689271200791846,0.0682486387471221,0.0172724739155324,0.92628704943105,0.963135758745102,0.931072879920815,0.931751361252878,0.982727526084468,1.19158001678247,2.11365262224079
0.397689974033195,0.101727532161645,1,1,1,1,54,54,54fl03,M-O,1,0.5476,0.8959,0.673730674479783,0.722469647747371,0.809788082867971,0.766208653354844,0.540513525999199,0.673730674479783,0.722469647747371,0.809788082867971,0.766208653354844,0.540513525999199,0.397689974033195,0.101727532161645
-1.60649322212307,0.801867308699136,0,1,1,1,54,54,54fl03,M-O,1,0.2183,0.5737,0.929276441897343,0.943118251721314,0.973628403243618,0.923146267539043,0.788685140816803,0.929276441897343,0.943118251721314,0.973628403243618,0.923146267539043,0.788685140816803,1.60649322212307,0.801867308699136
-0.156865570534314,1.44252903519115,1,1,1,1,54,54,54fl03,M-O,1,0.4709,1.4315,0.942857348399947,0.965858513317716,0.978066577037668,0.980643252105464,0.925423406663576,0.942857348399947,0.965858513317716,0.978066577037668,0.980643252105464,0.925423406663576,0.156865570534314,1.44252903519115
-0.540189929410803,1.17555442919071,0,1,1,1,54,54,54fl03,M-O,1,0.1579,0.2718,0.919335671271117,0.949184804806027,0.968991771819934,0.964088994097277,0.880113512540212,0.919335671271117,0.949184804806027,0.968991771819934,0.964088994097277,0.880113512540212,0.540189929410803,1.17555442919071
-1.36034839269222,0.945246140065535,0,1,1,1,54,54,54fl03,M-O,1,0.2726,0.2388,0.928370457495312,0.948618921152334,0.974239608970609,0.941785044727798,0.827733385750765,0.928370457495312,0.948618921152334,0.974239608970609,0.941785044727798,0.827733385750765,1.36034839269222,0.945246140065535
-2.5541021702086,1.17871198547698,0,1,1,1,54,54,54fl03,M-O,1,0.147,0.176,0.988567515874683,0.989168807013141,0.996915351493199,0.964337466602037,0.880743559284159,0.988567515874683,0.989168807013141,0.996915351493199,0.964337466602037,0.880743559284159,2.5541021702086,1.17871198547698
0.541679834727916,-0.114758393220564,1,1,1,1,54,54,54fl03,M-O,1,0.2532,0.1828,0.694499203137555,0.737268109269334,0.825020113882291,0.770182692987031,0.545681685746416,0.694499203137555,0.737268109269334,0.825020113882291,0.770182692987031,0.545681685746416,0.541679834727916,0.114758393220564
1.44939969978315,-0.092236639709303,1,1,1,1,54,54,54fl03,M-O,1,0.3732,0.0469,0.821116745458937,0.810502269666401,0.900954054813518,0.763290395428761,0.536744986084403,0.821116745458937,0.810502269666401,0.900954054813518,0.763290395428761,0.536744986084403,1.44939969978315,0.092236639709303
0.702209071313248,-0.779907290912234,0,1,0,0,54,54,54fl03,M-O,1,0.1163,0.0868,0.295291538054412,0.329778224009116,0.425338601625561,0.438325107211845,0.217722723323077,0.704708461945588,0.670221775990884,0.574661398374439,0.561674892788155,0.782277276676923,0.702209071313248,0.779907290912234
0.718748447203858,0.156533687701924,1,1,1,1,54,54,54fl03,M-O,1,0.2978,0.7356,0.727571350021637,0.763419261326332,0.848860243205845,0.782664601469978,0.562193816214682,0.727571350021637,0.763419261326332,0.848860243205845,0.782664601469978,0.562193816214682,0.718748447203858,0.156533687701924
-2.36438579969866,0.468616240649101,0,1,1,1,54,54,54fl03,M-O,1,0.2741,0.3034,0.958298488675465,0.943156273051814,0.9812880585545,0.862870372981634,0.680328016713567,0.958298488675465,0.943156273051814,0.9812880585545,0.862870372981634,0.680328016713567,2.36438579969866,0.468616240649101
1.18282387660509,0.615088188377561,1,1,1,1,54,54,54fl03,M-O,1,0.2385,0.9835,0.872077364483714,0.898364230404819,0.944845498375442,0.892471322299242,0.73075175896612,0.872077364483714,0.898364230404819,0.944845498375442,0.892471322299242,0.73075175896612,1.18282387660509,0.615088188377561
1.09234376143881,-0.361724402753922,1,1,1,1,54,54,54fl03,M-O,1,0.2091,0.2641,0.818802703589329,0.843997777649702,0.911132969091336,0.838035161190875,0.641221005285089,0.818802703589329,0.843997777649702,0.911132969091336,0.838035161190875,0.641221005285089,1.09234376143881,0.361724402753922
-1.39148133554514,-0.100549389932344,0,1,1,1,54,54,54fl03,M-O,1,0.1825,0.4941,0.813526971609563,0.807070325487667,0.897203484929522,0.765847485841936,0.540045913008775,0.813526971609563,0.807070325487667,0.897203484929522,0.765847485841936,0.540045913008775,1.39148133554514,0.100549389932344
-1.22997919449565,-0.347450959541492,0,1,1,1,54,54,54fl03,M-O,1,0.2593,0.1754,0.83272085949114,0.850824540447701,0.918308792504501,0.83450984836234,0.635873722580498,0.83272085949114,0.850824540447701,0.918308792504501,0.83450984836234,0.635873722580498,1.22997919449565,0.347450959541492
-0.039144130371738,-0.545442626675541,0,0,0,1,54,54,54fl03,M-O,1,1.2239,0.9025,0.430202005233784,0.455939461846411,0.572921273760239,0.531582167145857,0.292724564958935,0.569797994766216,0.544060538153589,0.427078726239761,0.468417832854143,0.707275435041065,0.039144130371738,0.545442626675541
-1.13074293915199,-0.170370047813464,0,1,1,1,54,54,54fl03,M-O,1,0.3581,0.855,0.787113198523891,0.801235415515895,0.885871670477828,0.786710786073358,0.567640436931514,0.787113198523891,0.801235415515895,0.885871670477828,0.786710786073358,0.567640436931514,1.13074293915199,0.170370047813464
-2.42957039879695,1.0194164928308,0,1,1,1,54,54,54fl03,M-O,1,0.2124,0.3667,0.981865835759595,0.9821553576133,0.99450132720579,0.949922922302964,0.845997360256096,0.981865835759595,0.9821553576133,0.99450132720579,0.949922922302964,0.845997360256096,2.42957039879695,1.0194164928308
-1.16771330878983,-0.313394459596709,0,1,1,1,54,54,54fl03,M-O,1,0.1217,0.6354,0.818994343958393,0.838719152688985,0.909701830436398,0.825899560510065,0.623009503511308,0.818994343958393,0.838719152688985,0.909701830436398,0.825899560510065,0.623009503511308,1.16771330878983,0.313394459596709
1.46399326674546,0.0919326636817831,1,0,1,0,54,54,54fl03,M-O,1,0.3253,0.9495,0.823311640411805,0.811819976742483,0.902148278519994,0.763196598963032,0.536624230261654,0.823311640411805,0.811819976742483,0.902148278519994,0.763196598963032,0.536624230261654,1.46399326674546,0.0919326636817831
1.65662835064786,0.844848738146951,1,1,1,1,54,54,54fl03,M-O,1,0.2958,0.5028,0.936559504977983,0.949323776921994,0.977019499929516,0.92915667252536,0.800902350712144,0.936559504977983,0.949323776921994,0.977019499929516,0.92915667252536,0.800902350712144,1.65662835064786,0.844848738146951
1.16920321410694,1.1239058299367,1,1,1,1,54,54,54fl03,M-O,1,0.3723,0.4624,0.937394762779273,0.959102277952461,0.97848226110915,0.959819567802952,0.86947351108401,0.937394762779273,0.959102277952461,0.97848226110915,0.959819567802952,0.86947351108401,1.16920321410694,1.1239058299367
0.804364040049368,1.43740606121649,1,1,1,1,54,54,54fl03,M-O,1,0.3374,0.2295,0.955075574338433,0.97392712378762,0.985190513400796,0.980400716257356,0.924698676226635,0.955075574338433,0.97392712378762,0.985190513400796,0.980400716257356,0.924698676226635,0.804364040049368,1.43740606121649
1.00867397752161,0.423959373171836,1,1,1,1,54,54,54fl03,M-O,1,0.2416,0.2392,0.821246643124078,0.851850403568484,0.914126950358557,0.85283029602992,0.664202278791887,0.821246643124078,0.851850403568484,0.914126950358557,0.85283029602992,0.664202278791887,1.00867397752161,0.423959373171836
-0.933243332928827,-1.01897940972991,1,0,0,1,54,54,54fl03,M-O,1,0.6173,0.5348,0.219509878243956,0.241768903747657,0.325759195812484,0.346683782859437,0.1541063709062,0.780490121756044,0.758231096252343,0.674240804187516,0.653316217140563,0.8458936290938,0.933243332928827,1.01897940972991
-1.20273786949935,-0.463571702967222,1,0,0,1,54,54,54fl03,M-O,1,0.2105,0.4629,0.360483453013771,0.424174735569621,0.503568089472755,0.563999983680319,0.321477315907284,0.639516546986229,0.575825264430379,0.496431910527245,0.436000016319681,0.678522684092716,1.20273786949935,0.463571702967222
-2.61150353359366,-0.279466839500346,0,0,1,0,54,54,54fl03,M-O,1,0.2208,1.0847,0.966149036494678,0.936305010839734,0.981753818043172,0.817043945016862,0.610056708576177,0.966149036494678,0.936305010839734,0.981753818043172,0.817043945016862,0.610056708576177,2.61150353359366,0.279466839500346
1.0193759266273,-0.332436457200651,1,0,1,0,54,54,54fl03,M-O,1,0.2535,0.7002,0.804437991489554,0.832121831285159,0.902140271059049,0.830748347534883,0.630220143255107,0.804437991489554,0.832121831285159,0.902140271059049,0.830748347534883,0.630220143255107,1.0193759266273,0.332436457200651
-2.42859749433279,-0.152681288617924,0,1,1,1,54,54,54fl03,M-O,1,0.2132,1.8064,0.948184954916061,0.908221809631568,0.970071608026033,0.781530200383541,0.560675191369213,0.948184954916061,0.908221809631568,0.970071608026033,0.781530200383541,0.560675191369213,2.42859749433279,0.152681288617924
0.181705182991112,0.460110170653431,1,1,1,1,54,54,54fl03,M-O,1,0.3374,0.5896,0.754464436685,0.812418347877586,0.871028611988878,0.860994970414705,0.677281427925569,0.754464436685,0.812418347877586,0.871028611988878,0.860994970414705,0.677281427925569,0.181705182991112,0.460110170653431
-1.65513844533074,0.656265299947506,0,1,1,1,54,54,54fl03,M-O,1,0.3466,0.6949,0.918362118800234,0.928684943951302,0.967234314467207,0.899895360311346,0.744173279957427,0.918362118800234,0.928684943951302,0.967234314467207,0.899895360311346,0.744173279957427,1.65513844533074,0.656265299947506
-1.05193767755556,1.20200701807875,0,1,1,1,54,54,54fl03,M-O,1,0.267,0.2463,0.940564647495442,0.962562742138416,0.979739891778296,0.966127350375704,0.885319595493634,0.940564647495442,0.962562742138416,0.979739891778296,0.966127350375704,0.885319595493634,1.05193767755556,1.20200701807875
-1.98398015421463,1.35424633902398,0,1,1,1,54,54,54fl03,M-O,1,0.153,0.1345,0.98057215319309,0.986833435714,0.994911843223778,0.976088426958905,0.912171100174911,0.98057215319309,0.986833435714,0.994911843223778,0.976088426958905,0.912171100174911,1.98398015421463,1.35424633902398
-0.272641201768584,-1.41322286604435,0,0,0,1,54,54,54fl03,M-O,1,0.301,2.6399,0.220934297395613,0.164195456597884,0.263014639049854,0.215192614132485,0.0787951026353666,0.779065702604387,0.835804543402116,0.736985360950146,0.784807385867515,0.921204897364633,0.272641201768584,1.41322286604435
-0.648182324931844,0.527610991263005,0,1,1,1,54,54,54fl03,M-O,1,0.271,0.2303,0.80789399016344,0.852680445033306,0.907707826048874,0.875401346461821,0.701115318639216,0.80789399016344,0.852680445033306,0.907707826048874,0.875401346461821,0.701115318639216,0.648182324931844,0.527610991263005
-0.134488767858783,-1.11099962150125,0,1,0,0,54,54,54fl03,M-O,1,0.2593,0.9735,0.286788349874019,0.253044652401909,0.36940666705058,0.313373917892245,0.133284256112055,0.713211650125981,0.746955347598091,0.63059333294942,0.686626082107755,0.866715743887945,0.134488767858783,1.11099962150125
-0.272641201768584,1.02093083104973,1,1,1,1,54,54,54fl03,M-O,1,0.5375,0.639,0.886256677470792,0.924858091620344,0.951321621180359,0.950079101928193,0.846356394626701,0.886256677470792,0.924858091620344,0.951321621180359,0.950079101928193,0.846356394626701,0.272641201768584,1.02093083104973
0.0552276026511539,-2.27146599663014,0,0,0,1,54,54,54fl03,M-O,1,0.9122,0.437,0.197030347424134,0.041124680933605,0.101421115475352,0.0498020741283906,0.0115593915761387,0.802969652575866,0.958875319066395,0.898578884524648,0.950197925871609,0.988440608423861,0.0552276026511539,2.27146599663014
-0.342690323187638,-2.02108467111367,0,0,0,1,54,54,54fl03,M-O,1,0.5464,1.0066,0.161093748024811,0.0587533435097826,0.12093934703557,0.0812978770901947,0.0216355004384661,0.838906251975189,0.941246656490217,0.87906065296443,0.918702122909805,0.978364499561534,0.342690323187638,2.02108467111367
-2.67182361037118,1.0321433778622,0,1,1,1,54,54,54fl03,M-O,1,0.3471,0.9504,0.988226862965203,0.986718149865511,0.99649100000833,0.951223441898139,0.848997522201077,0.988226862965203,0.986718149865511,0.99649100000833,0.951223441898139,0.848997522201077,2.67182361037118,1.0321433778622
1.37545896050749,-0.172625445160801,1,1,1,1,54,54,54fl03,M-O,1,0.3448,0.3504,0.82276697968324,0.823148381385214,0.905984558787506,0.787366146379403,0.568527075095059,0.82276697968324,0.823148381385214,0.905984558787506,0.787366146379403,0.568527075095059,1.37545896050749,0.172625445160801
1.29665369891105,-1.03982572521172,0,1,0,0,54,54,54fl03,M-O,1,0.4939,1.8845,0.193223045526698,0.223331099886123,0.295379439850398,0.339021365525425,0.149210437511051,0.806776954473302,0.776668900113877,0.704620560149602,0.660978634474575,0.850789562488949,1.29665369891105,1.03982572521172
1.18768839892586,-1.13439131398934,0,1,0,0,54,54,54fl03,M-O,1,0.2676,0.7033,0.179236383089438,0.200038810104927,0.272573849863583,0.305130453748066,0.128315220472596,0.820763616910563,0.799961189895073,0.727426150136417,0.694869546251934,0.871684779527404,1.18768839892586,1.13439131398934
-0.4565201454936,0.200417276088674,0,0,1,0,54,54,54fl03,M-O,1,0.5876,1.7427,0.707675935609028,0.756844033263732,0.836768110827811,0.795344726369366,0.579422875391595,0.707675935609028,0.756844033263732,0.836768110827811,0.795344726369366,0.579422875391595,0.4565201454936,0.200417276088674
-0.606347432973243,0.144418981950516,0,1,1,1,54,54,54fl03,M-O,1,0.2934,0.6219,0.710288607365023,0.751160390231476,0.836931051367518,0.779085765945661,0.557415185747208,0.710288607365023,0.751160390231476,0.836931051367518,0.779085765945661,0.557415185747208,0.606347432973243,0.144418981950516
0.557246306154373,1.35798385462813,1,1,1,1,54,54,54fl03,M-O,1,0.3018,1.0315,0.94171079507515,0.965152102925667,0.979043587816351,0.976298078044154,0.912765596342669,0.94171079507515,0.965152102925667,0.979043587816351,0.976298078044154,0.912765596342669,0.557246306154373,1.35798385462813
-1.21246691414089,1.39658336922969,0,1,1,1,54,54,54fl03,M-O,1,0.4255,0.4301,0.962190303819298,0.977600215694082,0.988523955479938,0.978374275768307,0.918730552869315,0.962190303819298,0.977600215694082,0.988523955479938,0.978374275768307,0.918730552869315,1.21246691414089,1.39658336922969
-1.9470097845768,0.47805668954581,0,1,1,1,54,54,54fl03,M-O,1,0.2123,0.5204,0.926796568796748,0.921568420089559,0.967815936366355,0.864931461867593,0.683695071502613,0.926796568796748,0.921568420089559,0.967815936366355,0.864931461867593,0.683695071502613,1.9470097845768,0.47805668954581
0.667184510603721,1.01110374260776,1,1,1,1,54,54,54fl03,M-O,1,0.6138,0.4214,0.900593767515849,0.934248759881982,0.960488269924703,0.949058645135316,0.844016610357697,0.900593767515849,0.934248759881982,0.960488269924703,0.949058645135316,0.844016610357697,0.667184510603721,1.01110374260776
0.458010050810713,-2.15711735112017,0,0,0,1,54,54,54fl03,M-O,1,0.9275,0.9034,0.1396911422341,0.0430831718981333,0.0931327148798188,0.0627085370019061,0.0154982609985553,0.8603088577659,0.956916828101867,0.906867285120181,0.937291462998094,0.984501739001445,0.458010050810713,2.15711735112017
-1.73880822924795,0.0014590100914805,0,1,1,1,54,54,54fl03,M-O,1,0.4157,0.8793,0.853726175893489,0.817261325231038,0.913698248111736,0.734391477769033,0.500582060606518,0.853726175893489,0.817261325231038,0.913698248111736,0.734391477769033,0.500582060606518,1.73880822924795,0.0014590100914805
-0.892381345434379,-2.17477389035361,1,0,0,1,54,54,54fl03,M-O,1,0.7556,0.2465,0.0932552657051829,0.0354632379911682,0.0716426464997649,0.060560721061778,0.0148235322964427,0.906744734294817,0.964536762008832,0.928357353500235,0.939439278938222,0.985176467703557,0.892381345434379,2.17477389035361
1.56031080869666,1.47149478112337,1,1,1,1,54,54,54fl03,M-O,1,0.2274,0.2941,0.975322475757118,0.98538449130354,0.993322370980935,0.981967109856421,0.929421321066072,0.975322475757118,0.98538449130354,0.993322370980935,0.981967109856421,0.929421321066072,1.56031080869666,1.47149478112337
-0.250264399093053,0.664223630587394,1,0,1,0,54,54,54fl03,M-O,1,0.9997,3.6221,0.811191590721446,0.863030588185422,0.908480786907304,0.901285986071302,0.746726404348378,0.811191590721446,0.863030588185422,0.908480786907304,0.901285986071302,0.746726404348378,0.250264399093053,0.664223630587394
-0.91475814810991,1.3698408006827,0,1,1,1,54,54,54fl03,M-O,1,0.5493,0.2136,0.951993783098582,0.971547388503801,0.98419797950139,0.976952974936824,0.914631698687275,0.951993783098582,0.971547388503801,0.98419797950139,0.976952974936824,0.914631698687275,0.91475814810991,1.3698408006827
-0.758120529381193,1.36423452727647,0,1,1,1,54,54,54fl03,M-O,1,0.9591,0.1829,0.947341064853094,0.968722373926511,0.981976401863095,0.976645246772034,0.913753117676717,0.947341064853094,0.968722373926511,0.981976401863095,0.976645246772034,0.913753117676717,0.758120529381193,1.36423452727647
-2.12407839705274,-0.178006178832304,0,1,1,1,54,54,54fl03,M-O,1,0.2123,1.3669,0.920744648150826,0.888736923311066,0.957018907166622,0.788924891235395,0.570640938383201,0.920744648150826,0.888736923311066,0.957018907166622,0.788924891235395,0.570640938383201,2.12407839705274,0.178006178832304
-0.841790313298396,0.967413473993643,0,1,1,1,54,54,54fl03,M-O,1,0.4569,0.5592,0.902478570881453,0.934200833699041,0.961883830649296,0.944319299757497,0.83333131150461,0.902478570881453,0.934200833699041,0.961883830649296,0.944319299757497,0.83333131150461,0.841790313298396,0.967413473993643
-0.135461672322937,0.557253356399429,1,1,1,1,54,54,54fl03,M-O,1,0.9713,1.5276,0.777487058013722,0.834270047708035,0.886166591913605,0.881385961055518,0.711322830325065,0.777487058013722,0.834270047708035,0.886166591913605,0.881385961055518,0.711322830325065,0.135461672322937,0.557253356399429
-0.495436324059741,-1.07298006621757,1,0,0,1,54,54,54fl03,M-O,1,2.8687,1.6234,0.247324287947572,0.244540960323927,0.344326797716924,0.326972024675242,0.141640030010979,0.752675712052428,0.755459039676073,0.655673202283076,0.673027975324758,0.858359969989021,0.495436324059741,1.07298006621757
1.32778664176396,1.05379519239664,1,1,1,1,54,54,54fl03,M-O,1,0.2934,1.0472,0.937707685234011,0.957449086197645,0.978579422360599,0.953373814986848,0.85401165246556,0.937707685234011,0.957449086197645,0.978579422360599,0.953373814986848,0.85401165246556,1.32778664176396,1.05379519239664
-1.08501642933678,0.615797027543867,0,1,1,1,54,54,54fl03,M-O,1,0.3408,0.359,0.863490281340603,0.89328872752735,0.940428053721031,0.892602391492987,0.730985755266972,0.863490281340603,0.89328872752735,0.940428053721031,0.892602391492987,0.730985755266972,1.08501642933678,0.615797027543867
-1.8234509176293,-0.14240312070649,0,1,1,1,54,54,54fl03,M-O,1,0.2649,0.2141,0.881539289583141,0.856548237156517,0.935714078174432,0.778486998435847,0.55661920122946,0.881539289583141,0.856548237156517,0.935714078174432,0.778486998435847,0.55661920122946,1.8234509176293,0.14240312070649
-0.762012147237807,-0.147590534605364,0,1,1,1,54,54,54fl03,M-O,1,0.2078,0.4,0.731052660465328,0.764280625511555,0.850741532593663,0.780025928172526,0.558667037210825,0.731052660465328,0.764280625511555,0.850741532593663,0.780025928172526,0.558667037210825,0.762012147237807,0.147590534605364
-1.46153045696419,0.177347783221631,0,1,1,1,54,54,54fl03,M-O,1,0.2116,0.3026,0.835834158784529,0.831841841490047,0.913282907147318,0.788734520986127,0.570382389991803,0.835834158784529,0.831841841490047,0.913282907147318,0.788734520986127,0.570382389991803,1.46153045696419,0.177347783221631
-0.161730092855082,-0.531233623387321,0,0,0,1,54,54,54fl03,M-O,1,0.231,0.9278,0.418823631402026,0.45249949001033,0.564540266850037,0.53722959712404,0.297628447869728,0.581176368597974,0.54750050998967,0.435459733149963,0.46277040287596,0.702371552130272,0.161730092855082,0.531233623387321
-0.196754653564609,-2.22239499434452,0,0,0,1,54,54,54fl03,M-O,1,0.6195,0.599,0.174773092212796,0.0423377668927635,0.0991196640860387,0.0550543512077072,0.0131283116657069,0.825226907787204,0.957662233107236,0.900880335913961,0.944945648792293,0.986871688334293,0.196754653564609,2.22239499434452
-1.22122305431827,1.04661014084726,0,0,1,0,54,54,54fl03,M-O,1,0.6307,1.5114,0.93174340631038,0.953852343612786,0.975980343376208,0.95266882035956,0.85236028855026,0.93174340631038,0.953852343612786,0.975980343376208,0.95266882035956,0.85236028855026,1.22122305431827,1.04661014084726
-0.367012934791476,-0.233037874107317,1,0,1,0,54,54,54fl03,M-O,1,0.4894,0.824,0.70727303148712,0.760432885061842,0.83702453892734,0.804478696737682,0.592134002008179,0.70727303148712,0.760432885061842,0.83702453892734,0.804478696737682,0.592134002008179,0.367012934791476,0.233037874107317
-2.51032146932169,0.827095539027202,0,1,1,1,54,54,54fl03,M-O,1,0.259,0.3499,0.978936095278129,0.975253370619125,0.992697450141043,0.926719411745734,0.795908543758395,0.978936095278129,0.975253370619125,0.992697450141043,0.926719411745734,0.795908543758395,2.51032146932169,0.827095539027202
-1.02858797041587,0.22799756365039,0,1,1,1,54,54,54fl03,M-O,1,0.2813,0.3904,0.784484584356633,0.807454994433186,0.886888312758731,0.803083774700777,0.590175932713666,0.784484584356633,0.807454994433186,0.886888312758731,0.803083774700777,0.590175932713666,1.02858797041587,0.22799756365039
0.792689186479525,-1.83424111086789,0,0,0,1,54,54,54fl03,M-O,1,1.6827,0.5506,0.11980311844741,0.0714054409994817,0.12662036108516,0.11322564177106,0.0333091056918871,0.88019688155259,0.928594559000518,0.87337963891484,0.88677435822894,0.966690894308113,0.792689186479525,1.83424111086789
-2.25152888185685,0.289151051725317,0,1,1,1,54,54,54fl03,M-O,1,0.2243,0.3255,0.940343598461597,0.915167890040988,0.969746281628377,0.819599879677224,0.613767106175728,0.940343598461597,0.915167890040988,0.969746281628377,0.819599879677224,0.613767106175728,2.25152888185685,0.289151051725317
1.5719856622665,1.37457713511211,1,0,1,0,54,54,54fl03,M-O,1,0.305,0.7102,0.970730446227336,0.981907591164162,0.991740729512293,0.977210284479003,0.915368709346219,0.970730446227336,0.981907591164162,0.991740729512293,0.977210284479003,0.915368709346219,1.5719856622665,1.37457713511211
1.11666637304265,1.0300813002875,1,1,1,1,54,54,54fl03,M-O,1,0.7185,0.4116,0.924707213331594,0.949319555640767,0.972779918468078,0.951014576513192,0.848514078709174,0.924707213331594,0.949319555640767,0.972779918468078,0.951014576513192,0.848514078709174,1.11666637304265,1.0300813002875
1.38713381407733,1.51908366515218,1,1,1,1,54,54,54fl03,M-O,1,0.2602,0.7193,0.973810051181636,0.985027243961921,0.992762151832227,0.983974496816771,0.935629281081378,0.973810051181636,0.985027243961921,0.992762151832227,0.983974496816771,0.935629281081378,1.38713381407733,1.51908366515218
1.55641919084004,-0.0726146827874745,1,1,1,1,54,54,54fl03,M-O,1,0.5972,0.4389,0.834696530476128,0.816033124098251,0.907331625994003,0.757194009163773,0.528943628804035,0.834696530476128,0.816033124098251,0.907331625994003,0.757194009163773,0.528943628804035,1.55641919084004,0.0726146827874745
-2.00732986135432,0.0384797465499056,0,1,1,1,54,54,54fl03,M-O,1,0.1989,0.2065,0.895863922462896,0.852297353527142,0.938523474913709,0.746389157505996,0.51534741028268,0.895863922462896,0.852297353527142,0.938523474913709,0.746389157505996,0.51534741028268,2.00732986135432,0.0384797465499056
-1.96452206493156,1.24147647165715,0,1,1,1,54,54,54fl03,M-O,1,0.2114,0.1661,0.97570967554122,0.982641883806131,0.993213521289634,0.968990978297431,0.892785107674883,0.97570967554122,0.982641883806131,0.993213521289634,0.968990978297431,0.892785107674883,1.96452206493156,1.24147647165715
-1.81955929977269,-1.08142169628903,1,0,0,1,54,54,54fl03,M-O,1,1.1342,0.3349,0.164258369092747,0.19843555554585,0.256386215531036,0.323932042669357,0.139754787435196,0.835741630907253,0.80156444445415,0.743613784468964,0.676067957330643,0.860245212564804,1.81955929977269,1.08142169628903
-1.16382169093321,0.25747882897629,0,0,1,0,54,54,54fl03,M-O,1,0.5174,1.8531,0.80819782156909,0.82548971971198,0.901643926159313,0.811157309745176,0.60159542173034,0.80819782156909,0.82548971971198,0.901643926159313,0.811157309745176,0.60159542173034,1.16382169093321,0.25747882897629
-0.480842757097438,0.0250762423143052,0,1,1,1,54,54,54fl03,M-O,1,0.5286,2.4296,0.662538253967166,0.704212703983524,0.798798656258337,0.742078466954606,0.510002924945359,0.662538253967166,0.704212703983524,0.798798656258337,0.742078466954606,0.510002924945359,0.480842757097438,0.0250762423143052
-2.06181251134692,1.46946492351077,0,0,1,0,54,54,54fl03,M-O,1,0.2733,2.2387,0.985799267824132,0.990745109384702,0.996556703601756,0.981876920258517,0.929146635486564,0.985799267824132,0.990745109384702,0.996556703601756,0.981876920258517,0.929146635486564,2.06181251134692,1.46946492351077
1.57003985333819,-0.0443899959836622,1,1,1,1,54,54,54fl03,M-O,1,0.8497,0.3114,0.832889886038408,0.810511657236875,0.904737844177707,0.748277854848071,0.517703232080797,0.832889886038408,0.810511657236875,0.904737844177707,0.748277854848071,0.517703232080797,1.57003985333819,0.0443899959836622
0.307209858866917,0.480569846589985,1,1,1,1,54,54,54fl03,M-O,1,0.8658,0.879,0.769062227301215,0.823860043319223,0.881626960169752,0.865476548460815,0.684588874766255,0.769062227301215,0.823860043319223,0.881626960169752,0.865476548460815,0.684588874766255,0.307209858866917,0.480569846589985
0.791716282015372,0.167198495158616,1,1,1,1,54,54,54fl03,M-O,1,0.7599,1.0076,0.739644269019667,0.772230293326375,0.857053194387944,0.785787224984392,0.566393065778777,0.739644269019667,0.772230293326375,0.857053194387944,0.785787224984392,0.566393065778777,0.791716282015372,0.167198495158616
-1.8234509176293,-0.0358517060258878,0,1,1,1,54,54,54fl03,M-O,1,0.3002,0.2228,0.870231038439427,0.833775203854352,0.924613041721305,0.745546948307236,0.514299697952187,0.870231038439427,0.833775203854352,0.924613041721305,0.745546948307236,0.514299697952187,1.8234509176293,0.0358517060258878
-2.17466942918872,0.659261756423253,0,1,1,1,54,54,54fl03,M-O,1,0.2045,0.5821,0.956100035465009,0.952634832878004,0.982883050185944,0.900420625657475,0.745136151990936,0.956100035465009,0.952634832878004,0.982883050185944,0.900420625657475,0.745136151990936,2.17466942918872,0.659261756423253
0.351963464217979,1.16840159760344,1,1,1,1,54,54,54fl03,M-O,1,1.0382,0.4298,0.91247860201893,0.944507677297271,0.964900544117394,0.963520880510465,0.878677594583707,0.91247860201893,0.944507677297271,0.964900544117394,0.963520880510465,0.878677594583707,0.351963464217979,1.16840159760344
1.44161646406993,-0.11888254836998,1,1,1,1,54,54,54fl03,M-O,1,0.5392,2.5288,0.82402940203902,0.816276374094282,0.903988117881403,0.77143251763489,0.547315795958014,0.82402940203902,0.816276374094282,0.903988117881403,0.77143251763489,0.547315795958014,1.44161646406993,0.11888254836998
-1.93630783547111,-0.198304754958333,0,1,1,1,54,54,54fl03,M-O,1,0.5548,0.75,0.901206378498208,0.877023985450659,0.947964747047306,0.794744583030562,0.57859668417593,0.901206378498208,0.877023985450659,0.947964747047306,0.794744583030562,0.57859668417593,1.93630783547111,0.198304754958333
-1.16674040432567,1.32183305714654,0,1,1,1,54,54,54fl03,M-O,1,0.2009,0.2229,0.955264029699344,0.972831577196564,0.985846378109235,0.974204044485472,0.906888126060832,0.955264029699344,0.972831577196564,0.985846378109235,0.974204044485472,0.906888126060832,1.16674040432567,1.32183305714654
0.752800103449231,1.06681205708698,1,1,1,1,54,54,54fl03,M-O,1,0.2006,0.2553,0.912444966140069,0.942970872249551,0.966497332947264,0.954629546237674,0.856971643549593,0.912444966140069,0.942970872249551,0.966497332947264,0.954629546237674,0.856971643549593,0.752800103449231,1.06681205708698
0.774204001660609,-0.0291821738701925,1,1,1,1,54,54,54fl03,M-O,1,1.3532,0.1908,0.704183010493232,0.730056302674865,0.82740353660309,0.743402999245297,0.511640350815022,0.704183010493232,0.730056302674865,0.82740353660309,0.743402999245297,0.511640350815022,0.774204001660609,0.0291821738701925
-0.541162833874957,0.290536510095824,0,1,1,1,54,54,54fl03,M-O,1,0.6411,0.1567,0.740585225970191,0.788182928082381,0.861348151652389,0.819963700508298,0.614297088153716,0.740585225970191,0.788182928082381,0.861348151652389,0.819963700508298,0.614297088153716,0.541162833874957,0.290536510095824
-1.27959732216748,-0.129257376167728,0,1,1,1,54,54,54fl03,M-O,1,0.2479,0.2559,0.801361167059319,0.803919607877861,0.891932034200841,0.774559664476804,0.5514230013394,0.801361167059319,0.803919607877861,0.891932034200841,0.774559664476804,0.5514230013394,1.27959732216748,0.129257376167728
-2.07640607830922,0.816559611418929,0,1,1,1,54,54,54fl03,M-O,1,0.1796,0.079,0.959276074545414,0.961786175695427,0.985600733604872,0.925242946765902,0.792909927973162,0.959276074545414,0.961786175695427,0.985600733604872,0.925242946765902,0.792909927973162,2.07640607830922,0.816559611418929
-0.344636132115945,0.497743086391848,1,0,1,0,54,54,54fl03,M-O,1,0.9164,0.6175,0.776296342289706,0.829934175266407,0.886630373212095,0.86916088150337,0.690667432428336,0.776296342289706,0.829934175266407,0.886630373212095,0.86916088150337,0.690667432428336,0.344636132115945,0.497743086391848
-1.30294702930717,0.188979189541467,0,1,1,1,54,54,54fl03,M-O,1,0.8183,0.2238,0.815097971187395,0.820713087527739,0.902541595163204,0.792082827031549,0.57494543638178,0.815097971187395,0.820713087527739,0.902541595163204,0.792082827031549,0.57494543638178,1.30294702930717,0.188979189541467
-0.0975183982209494,0.0662533538842507,1,0,1,0,54,54,54fl03,M-O,1,1.0448,1.6777,0.631195240009061,0.69013609071908,0.776080288015247,0.755199508658549,0.526411940105282,0.631195240009061,0.69013609071908,0.776080288015247,0.755199508658549,0.526411940105282,0.0975183982209494,0.0662533538842507
-0.0965454937567959,-2.07627746619921,0,0,0,1,54,54,54fl03,M-O,1,0.8492,0.3518,0.197174323608538,0.058770748408461,0.129206912128617,0.0733082077228211,0.018934148083166,0.802825676391462,0.941229251591539,0.870793087871383,0.926691792277179,0.981065851916834,0.0965454937567959,2.07627746619921
-1.25722051949195,1.43995143822277,0,1,1,1,54,54,54fl03,M-O,1,0.1889,0.1909,0.966254478150583,0.980277850451077,0.990046832385281,0.980521542147591,0.925059430678162,0.966254478150583,0.980277850451077,0.990046832385281,0.980521542147591,0.925059430678162,1.25722051949195,1.43995143822277
1.59047084708542,-0.0891757433093462,1,1,1,1,54,54,54fl03,M-O,1,0.2574,1.1326,0.842143806435917,0.82326279534372,0.912284379804946,0.762344976315631,0.535528878702334,0.842143806435917,0.82326279534372,0.912284379804946,0.762344976315631,0.535528878702334,1.59047084708542,0.0891757433093462
0.488170089199472,0.257801028597338,1,1,1,1,54,54,54fl03,M-O,1,1.152,2.6469,0.726473842619348,0.775571343428635,0.85108422602304,0.811244403004276,0.601719764694898,0.726473842619348,0.775571343428635,0.85108422602304,0.811244403004276,0.601719764694898,0.488170089199472,0.257801028597338
0.328613757078294,1.10496049221907,1,1,1,1,54,54,54fl03,M-O,1,0.4457,0.1107,0.902146345352853,0.936858712370709,0.959726285924395,0.958153652848727,0.865411645707443,0.902146345352853,0.936858712370709,0.959726285924395,0.958153652848727,0.865411645707443,0.328613757078294,1.10496049221907
0.880250588253343,-1.3981439237793,0,0,0,1,54,54,54fl03,M-O,1,1.494,0.8865,0.156200076847932,0.144712079793628,0.217671359530787,0.219626967681165,0.0810349260451659,0.843799923152068,0.855287920206372,0.782328640469213,0.780373032318835,0.918965073954834,0.880250588253343,1.3981439237793
0.909437722177948,1.03874847009369,1,1,1,1,54,54,54fl03,M-O,1,0.6836,0.5193,0.915700991320896,0.944260058796175,0.968391060064047,0.951887676087127,0.850539133810681,0.915700991320896,0.944260058796175,0.968391060064047,0.951887676087127,0.850539133810681,0.909437722177948,1.03874847009369
0.0931708767531414,0.876907600441236,1,1,1,1,54,54,54fl03,M-O,1,1.2311,0.3676,0.851659150179456,0.897921757707068,0.93119799324563,0.933399500587256,0.809731586187607,0.851659150179456,0.897921757707068,0.93119799324563,0.933399500587256,0.809731586187607,0.0931708767531414,0.876907600441236
-2.1668861934755,-0.308045945887311,0,0,1,0,54,54,54fl03,M-O,1,0.602,1.0943,0.934005330620973,0.912121867273629,0.967236050962416,0.824521904280104,0.620976314343905,0.934005330620973,0.912121867273629,0.967236050962416,0.824521904280104,0.620976314343905,2.1668861934755,0.308045945887311
0.238133641912017,0.325849588562694,1,1,1,1,54,54,54fl03,M-O,1,0.7046,1.1184,0.721452599792435,0.779265337064761,0.847801431590696,0.829080989407257,0.627730920893955,0.721452599792435,0.779265337064761,0.847801431590696,0.829080989407257,0.627730920893955,0.238133641912017,0.325849588562694
-1.73102499353472,-1.11190178044018,1,0,0,1,54,54,54fl03,M-O,1,0.8742,0.6226,0.160441416960901,0.192114856995761,0.251124102318962,0.313054217499546,0.13309019155807,0.839558583039099,0.807885143004239,0.748875897681038,0.686945782500454,0.86690980844193,1.73102499353472,1.11190178044018
-1.69697333728934,0.983330135273419,0,1,1,1,54,54,54fl03,M-O,1,0.3485,0.2951,0.950222698486723,0.962371447321749,0.983336627722845,0.946084642899262,0.837277508441649,0.950222698486723,0.962371447321749,0.983336627722845,0.946084642899262,0.837277508441649,1.69697333728934,0.983330135273419
-2.59399125323889,-0.303019631798961,0,1,1,1,54,54,54fl03,M-O,1,0.2485,3.1661,0.96590393258402,0.93789366354932,0.98204113905111,0.823220959435698,0.619062549738569,0.96590393258402,0.93789366354932,0.98204113905111,0.823220959435698,0.619062549738569,2.59399125323889,0.303019631798961
0.15349095353066,-0.578758067491913,0,1,0,0,54,54,54fl03,M-O,1,0.4591,0.6225,0.406380642767508,0.435193953058458,0.548929892812646,0.518317848361236,0.281376214379269,0.593619357232492,0.564806046941542,0.451070107187354,0.481682151638764,0.718623785620731,0.15349095353066,0.578758067491913
0.260510444587548,0.0858753108060791,1,1,1,1,54,54,54fl03,M-O,1,0.4333,0.0148,0.653868200313872,0.707618061721139,0.794459932384946,0.761323254653883,0.534217230942236,0.653868200313872,0.707618061721139,0.794459932384946,0.761323254653883,0.534217230942236,0.260510444587548,0.0858753108060791
0.171003233885423,-0.76453836898824,0,1,0,0,54,54,54fl03,M-O,1,0.4534,1.606,0.355235923114297,0.365777025971879,0.482307369229477,0.444389996704162,0.222273240345826,0.644764076885703,0.634222974028121,0.517692630770523,0.555610003295838,0.777726759654174,0.171003233885423,0.76453836898824
-2.35562965952128,0.404691835833161,0,1,1,1,54,54,54fl03,M-O,1,0.202,0.0083,0.954667298099625,0.935895165247228,0.978681064661661,0.848349918106499,0.657147977964357,0.954667298099625,0.935895165247228,0.978681064661661,0.848349918106499,0.657147977964357,2.35562965952128,0.404691835833161
0.178786469598651,-0.0916566803914164,1,1,1,1,54,54,54fl03,M-O,1,0.5192,0.9334,0.647067323327726,0.703940282459235,0.789230888762156,0.763111422387139,0.536514591754607,0.647067323327726,0.703940282459235,0.789230888762156,0.763111422387139,0.536514591754607,0.178786469598651,0.0916566803914164
-2.25639340417762,0.0266872404195457,0,1,1,1,54,54,54fl03,M-O,1,0.1655,1.462,0.924944296030076,0.873293926150453,0.953643793833461,0.742598581284955,0.51064540491042,0.924944296030076,0.873293926150453,0.953643793833461,0.742598581284955,0.51064540491042,2.25639340417762,0.0266872404195457
-0.926433001679752,-0.275213804502511,0,1,1,1,54,54,54fl03,M-O,1,0.2373,0.2213,0.781244774873069,0.81143603493089,0.886731903318449,0.815914343878941,0.608424009061012,0.781244774873069,0.81143603493089,0.886731903318449,0.815914343878941,0.608424009061012,0.926433001679752,0.275213804502511
-1.60746612658722,0.2675958970772,0,1,1,1,54,54,54fl03,M-O,1,0.3852,0.2476,0.868088125862027,0.863412916445579,0.93390409976995,0.813880211270419,0.605494805258757,0.868088125862027,0.863412916445579,0.93390409976995,0.813880211270419,0.605494805258757,1.60746612658722,0.2675958970772
-0.375769074968857,-1.42923618721044,0,1,0,0,54,54,54fl03,M-O,1,0.3234,0.2299,0.204865060735175,0.15592908354517,0.248797419949522,0.210540875261292,0.0764681800201558,0.795134939264825,0.84407091645483,0.751202580050478,0.789459124738708,0.923531819979844,0.375769074968857,1.42923618721044
-1.88474389887097,0.663579231345298,0,1,1,1,54,54,54fl03,M-O,1,0.3334,0.1265,0.936843832945538,0.940430034906147,0.975183014603332,0.901173913603813,0.746520173249901,0.936843832945538,0.940430034906147,0.975183014603332,0.901173913603813,0.746520173249901,1.88474389887097,0.663579231345298
-1.93338912207865,1.45822015673619,0,1,1,1,54,54,54fl03,M-O,1,0.1266,0.1986,0.982969791988473,0.989187443866294,0.995734601710816,0.9813703045751,0.927610065207136,0.982969791988473,0.989187443866294,0.995734601710816,0.9813703045751,0.927610065207136,1.93338912207865,1.45822015673619
-1.83707158012745,1.34873672550405,0,1,1,1,54,54,54fl03,M-O,1,0.2073,0.2225,0.976658367667906,0.984695745306517,0.993692211627565,0.975776531619395,0.911289227585227,0.976658367667906,0.984695745306517,0.993692211627565,0.975776531619395,0.911289227585227,1.83707158012745,1.34873672550405
-0.0877893535794142,-0.329182241028066,1,1,1,1,54,54,54fl03,M-O,1,0.268,0.874,0.710336052580128,0.77186843115875,0.838961101944784,0.829925905171837,0.628991027391828,0.710336052580128,0.77186843115875,0.838961101944784,0.829925905171837,0.628991027391828,0.0877893535794142,0.329182241028066
-0.323232233904567,1.46202211226456,1,1,1,1,54,54,54fl03,M-O,1,1.2391,0.311,0.947655057250252,0.969221487960332,0.980786130950796,0.981542928443047,0.928132424739922,0.947655057250252,0.969221487960332,0.980786130950796,0.981542928443047,0.928132424739922,0.323232233904567,1.46202211226456
-1.28835346234486,-0.154840026078946,0,1,1,1,54,54,54fl03,M-O,1,0.1909,0.1318,0.807119551799975,0.811115371058559,0.896471190779462,0.782166294989435,0.561526282260667,0.807119551799975,0.811115371058559,0.896471190779462,0.782166294989435,0.561526282260667,1.28835346234486,0.154840026078946
1.51263848995313,1.36120585083861,1,1,1,1,54,54,54fl03,M-O,1,0.236,0.6229,0.968324170794043,0.980462227387277,0.990887495782705,0.97647756911111,0.91327567714016,0.968324170794043,0.980462227387277,0.990887495782705,0.97647756911111,0.91327567714016,1.51263848995313,1.36120585083861
-1.94895559350511,0.403499697235283,0,1,1,1,54,54,54fl03,M-O,1,0.149,0.0782,0.92073780499034,0.911408305857132,0.963454183734241,0.848069756878829,0.65670967128908,0.92073780499034,0.911408305857132,0.963454183734241,0.848069756878829,0.65670967128908,1.94895559350511,0.403499697235283
0.0309049910473158,0.380075784785087,1,0,1,0,54,54,54fl03,M-O,1,0.3953,0.6614,0.721198283212673,0.783394502936252,0.846502343314592,0.84249523878458,0.648055419836106,0.721198283212673,0.783394502936252,0.846502343314592,0.84249523878458,0.648055419836106,0.0309049910473158,0.380075784785087
-0.385498119610393,-1.44283301121867,0,0,0,1,54,54,54fl03,M-O,1,0.2191,0.2387,0.201920568967231,0.152453221922964,0.244221936648875,0.206637837181562,0.0745337587425137,0.798079431032769,0.847546778077036,0.755778063351125,0.793362162818438,0.925466241257486,0.385498119610393,1.44283301121867
0.464820382059788,-0.0725502428632649,1,0,1,0,54,54,54fl03,M-O,1,0.1869,0.727,0.673588816340854,0.718223994085658,0.808692659904336,0.757173849168055,0.528917988621739,0.673588816340854,0.718223994085658,0.808692659904336,0.757173849168055,0.528917988621739,0.464820382059788,0.0725502428632649
-0.141299099107858,-2.17380729149046,0,0,0,1,54,54,54fl03,M-O,1,0.1704,0.8234,0.185611549997193,0.04781315042597,0.110003729189007,0.0606767935038012,0.014859805359755,0.814388450002807,0.95218684957403,0.889996270810993,0.939323206496199,0.985140194640245,0.141299099107858,2.17380729149046
0.86565702129104,1.02308956851075,1,1,1,1,54,54,54fl03,M-O,1,0.1211,0.9909,0.911530885103008,0.941324422840263,0.966332072455931,0.950301069086291,0.846867250689081,0.911530885103008,0.941324422840263,0.966332072455931,0.950301069086291,0.846867250689081,0.86565702129104,1.02308956851075
0.956137136457318,0.568369243325588,1,0,1,0,54,54,54fl03,M-O,1,0.4823,1.8777,0.843535476310734,0.877803489757669,0.9290825211617,0.88357696300988,0.7151078648531,0.843535476310734,0.877803489757669,0.9290825211617,0.88357696300988,0.7151078648531,0.956137136457318,0.568369243325588
-1.21343981860504,0.302167916415659,0,0,1,0,54,54,54fl03,M-O,1,0.5473,1.1431,0.822744872841189,0.839672126647087,0.911369519971015,0.82299991007112,0.618737969635272,0.822744872841189,0.839672126647087,0.911369519971015,0.82299991007112,0.618737969635272,1.21343981860504,0.302167916415659
0.246889782089398,1.48096744998219,1,1,1,1,54,54,54fl03,M-O,1,0.4483,0.3039,0.948279572651362,0.969580987997559,0.98078439852514,0.982382951659663,0.93069237625445,0.948279572651362,0.969580987997559,0.98078439852514,0.982382951659663,0.93069237625445,0.246889782089398,1.48096744998219
0.420066776708726,1.50104048637348,1,1,1,1,54,54,54fl03,M-O,1,1.0762,0.3428,0.953034676151757,0.972826279019357,0.98336304920029,0.983237156933695,0.933327454891993,0.953034676151757,0.972826279019357,0.98336304920029,0.983237156933695,0.933327454891993,0.420066776708726,1.50104048637348
-0.149082334821086,-1.26581653941485,0,0,0,1,54,54,54fl03,M-O,1,0.7912,0.5421,0.259367097760803,0.207760035431534,0.319058963652192,0.26072031751524,0.102789386124415,0.740632902239197,0.792239964568466,0.680941036347808,0.73927968248476,0.897210613875585,0.149082334821086,1.26581653941485
0.233269119591249,0.887894607518976,1,1,1,1,54,54,54fl03,M-O,1,0.2599,0.286,0.85964854983665,0.903947306648403,0.936751199407332,0.9348074285399,0.812701277164196,0.85964854983665,0.903947306648403,0.936751199407332,0.9348074285399,0.812701277164196,0.233269119591249,0.887894607518976
-0.557702209765567,-1.24844997984036,1,0,0,1,54,54,54fl03,M-O,1,1.7286,0.43,0.209065373348896,0.192343955090488,0.284130629490106,0.266392695003853,0.105933157761188,0.790934626651104,0.807656044909512,0.715869370509894,0.733607304996147,0.894066842238812,0.557702209765567,1.24844997984036
-1.58217061051923,0.422348375066596,0,1,1,1,54,54,54fl03,M-O,1,0.2632,0.2064,0.884772927450672,0.89011544307577,0.947073842964553,0.852459117919216,0.663614623237459,0.884772927450672,0.89011544307577,0.947073842964553,0.852459117919216,0.663614623237459,1.58217061051923,0.422348375066596
-2.41789554522711,0.014669194554452,0,1,1,1,54,54,54fl03,M-O,1,0.8343,0.2072,0.940714483203179,0.885498014931594,0.961806962032429,0.738705437243363,0.505851952050807,0.940714483203179,0.885498014931594,0.961806962032429,0.738705437243363,0.505851952050807,2.41789554522711,0.014669194554452
-0.679315267784757,0.818235049448379,0,1,1,1,54,54,54fl03,M-O,1,0.3019,0.3183,0.869053572653424,0.908059457598899,0.944123526957504,0.925479242284325,0.793388507381742,0.869053572653424,0.908059457598899,0.944123526957504,0.925479242284325,0.793388507381742,0.679315267784757,0.818235049448379
-0.899191676683454,0.794134517793982,0,1,1,1,54,54,54fl03,M-O,1,0.7554,0.2134,0.878859944633128,0.913050302084907,0.949712614240982,0.922024945040326,0.78644143769759,0.878859944633128,0.913050302084907,0.949712614240982,0.922024945040326,0.78644143769759,0.899191676683454,0.794134517793982
-1.60260160426645,-0.337237231554268,0,1,1,1,54,54,54fl03,M-O,1,0.2279,0.3151,0.876384489175085,0.876402493181205,0.940476692137928,0.83195698359014,0.632030963626665,0.876384489175085,0.876402493181205,0.940476692137928,0.83195698359014,0.632030963626665,1.60260160426645,0.337237231554268
-2.37216903541189,-0.0624653947244598,0,1,1,1,54,54,54fl03,M-O,1,0.2259,0.1964,0.938761185791032,0.889683373016223,0.962401325522411,0.754007673994713,0.524903890444379,0.938761185791032,0.889683373016223,0.962401325522411,0.754007673994713,0.524903890444379,2.37216903541189,0.0624653947244598
-0.397172973180235,0.191524566547747,1,0,1,0,54,54,54fl03,M-O,1,0.5094,0.9743,0.698833321506918,0.750117666729788,0.830246566405002,0.792811357970512,0.575942682274466,0.698833321506918,0.750117666729788,0.830246566405002,0.792811357970512,0.575942682274466,0.397172973180235,0.191524566547747
-1.50628406231525,0.424281572792884,0,1,1,1,54,54,54fl03,M-O,1,0.1865,0.4071,0.87669150186259,0.885335077131508,0.943190486106161,0.852904456465553,0.664319761795151,0.87669150186259,0.885335077131508,0.943190486106161,0.852904456465553,0.664319761795151,1.50628406231525,0.424281572792884
-1.56660413909277,1.24972478195598,0,1,1,1,54,54,54fl03,M-O,1,0.1834,0.0094,0.963258951332347,0.976048426731704,0.98899133773417,0.969563378391532,0.894299949362046,0.963258951332347,0.976048426731704,0.98899133773417,0.969563378391532,0.894299949362046,1.56660413909277,1.24972478195598
-0.391335546395314,-1.17050989150883,0,0,0,1,54,54,54fl03,M-O,1,0.2452,0.3432,0.241327132971443,0.22127647760599,0.323221832774351,0.292594960235213,0.120897917945801,0.758672867028557,0.77872352239401,0.676778167225649,0.707405039764787,0.879102082054199,0.391335546395314,1.17050989150883
0.800472422192754,0.963901498124219,1,0,1,0,54,54,54fl03,M-O,1,0.1167,0.438,0.899843364837421,0.93247888182189,0.960492370568293,0.943923703802124,0.832452343650752,0.899843364837421,0.93247888182189,0.960492370568293,0.943923703802124,0.832452343650752,0.800472422192754,0.963901498124219
-0.666667509750761,0.405980634317353,0,0,1,0,54,54,54fl03,M-O,1,0.1516,1.1744,0.781755214039601,0.825900842672454,0.890180209462247,0.848652408598847,0.657621585186518,0.781755214039601,0.825900842672454,0.890180209462247,0.848652408598847,0.657621585186518,0.666667509750761,0.405980634317353
1.46010164888884,0.4190297189698,1,1,1,1,54,54,54fl03,M-O,1,0.1838,0.2628,0.870838199235626,0.881263796228091,0.940157340520711,0.851692515919211,0.662402793541569,0.870838199235626,0.881263796228091,0.940157340520711,0.851692515919211,0.662402793541569,1.46010164888884,0.4190297189698
-0.168540424104157,1.40392952058959,1,1,1,1,54,54,54fl03,M-O,1,1.8032,0.2871,0.938773896885462,0.963103575341383,0.976285621609765,0.978751483372511,0.919830081007917,0.938773896885462,0.963103575341383,0.976285621609765,0.978751483372511,0.919830081007917,0.168540424104157,1.40392952058959
-2.52588794074815,0.126859102603396,0,1,1,1,54,54,54fl03,M-O,1,0.1793,1.3097,0.954795000746293,0.911616743558491,0.972798090464317,0.77383894453755,0.550474041779785,0.954795000746293,0.911616743558491,0.972798090464317,0.77383894453755,0.550474041779785,2.52588794074815,0.126859102603396
-1.69113591050442,0.521940277932559,0,1,1,1,54,54,54fl03,M-O,1,0.3004,0.0716,0.907415571547566,0.912635281192199,0.960029743660375,0.874232823056581,0.699144043365767,0.907415571547566,0.912635281192199,0.960029743660375,0.874232823056581,0.699144043365767,1.69113591050442,0.521940277932559
-0.83206126865686,0.595562891342047,0,1,1,1,54,54,54fl03,M-O,1,0.7484,0.2712,0.837835827964927,0.876314443854396,0.926118061858938,0.888815536359608,0.724266363441823,0.837835827964927,0.876314443854396,0.926118061858938,0.888815536359608,0.724266363441823,0.83206126865686,0.595562891342047
-0.588835152618479,0.0471146963939943,0,1,1,1,54,54,54fl03,M-O,1,0.1898,0.3276,0.682650988054667,0.719948731576376,0.813948035034785,0.749146060331739,0.518789092841627,0.682650988054667,0.719948731576376,0.813948035034785,0.749146060331739,0.518789092841627,0.588835152618479,0.0471146963939943
-0.484734374954052,1.19778620304303,0,1,1,1,54,54,54fl03,M-O,1,0.2942,0.2625,0.920573698874626,0.9502254117337,0.969339804676545,0.965808638298926,0.884499870115038,0.920573698874626,0.9502254117337,0.969339804676545,0.965808638298926,0.884499870115038,0.484734374954052,1.19778620304303
1.7101380961763,1.29969794318053,1,1,1,1,54,54,54fl03,M-O,1,0.4569,0.0459,0.970771599861554,0.980892130860625,0.991695786171169,0.972847028367216,0.903147742198977,0.970771599861554,0.980892130860625,0.991695786171169,0.972847028367216,0.903147742198977,1.7101380961763,1.29969794318053
0.382123502606738,1.46318203090033,1,1,1,1,54,54,54fl03,M-O,1,1.1798,0.2875,0.948802757145198,0.970013094432682,0.981474624704222,0.981595321400215,0.928291211831914,0.948802757145198,0.970013094432682,0.981474624704222,0.981595321400215,0.928291211831914,0.382123502606738,1.46318203090033
1.30443693462428,0.0292326174258256,1,1,1,1,54,54,54fl03,M-O,1,0.2412,0.6306,0.787810313792752,0.780080205774846,0.87842223414488,0.743419249773323,0.511660466300327,0.787810313792752,0.780080205774846,0.87842223414488,0.743419249773323,0.511660466300327,1.30443693462428,0.0292326174258256
0.386015120463352,0.346083724764514,1,1,1,1,54,54,54fl03,M-O,1,0.2216,0.3334,0.740014465655178,0.793502283090584,0.861490213643411,0.834169577449153,0.635360102848004,0.740014465655178,0.793502283090584,0.861490213643411,0.834169577449153,0.635360102848004,0.386015120463352,0.346083724764514
1.67705934439508,0.323368651480623,1,1,1,1,54,54,54fl03,M-O,1,0.2726,0.5667,0.883494902559702,0.879405162004025,0.943539520751908,0.82845026537445,0.626791966113967,0.883494902559702,0.879405162004025,0.943539520751908,0.82845026537445,0.626791966113967,1.67705934439508,0.323368651480623
-2.43346201665356,0.870463608020274,0,1,1,1,54,54,54fl03,M-O,1,0.3388,0.3351,0.977529103701239,0.97554514291994,0.992447565990715,0.932562853711287,0.807976450657699,0.977529103701239,0.97554514291994,0.992447565990715,0.932562853711287,0.807976450657699,2.43346201665356,0.870463608020274
-0.379660692825472,-1.64375669490426,0,1,0,0,54,54,54fl03,M-O,1,0.4588,1.6798,0.181420355343913,0.112070542213524,0.194013530325075,0.154085711524666,0.0501132348901603,0.818579644656087,0.887929457786476,0.805986469674925,0.845914288475334,0.94988676510984,0.379660692825472,1.64375669490426
1.50193654084744,-0.0401047410237226,1,1,1,1,54,54,54fl03,M-O,1,0.3755,0.4066,0.821510423462372,0.802639770140933,0.898180262783881,0.746909186580883,0.515995188973016,0.821510423462372,0.802639770140933,0.898180262783881,0.746909186580883,0.515995188973016,1.50193654084744,0.0401047410237226
-0.574241585656176,1.54837161070545,0,1,1,1,54,54,54fl03,M-O,1,0.4102,0.5022,0.959680331527285,0.977168762636577,0.986460832156497,0.985112169138779,0.939233573882758,0.959680331527285,0.977168762636577,0.986460832156497,0.985112169138779,0.939233573882758,0.574241585656176,1.54837161070545
0.207000699059104,1.4193951023999,1,1,1,1,54,54,54fl03,M-O,1,0.4048,0.2875,0.941172297945098,0.964773336120074,0.97751955536635,0.979527442039524,0.922108070259003,0.941172297945098,0.964773336120074,0.97751955536635,0.979527442039524,0.922108070259003,0.207000699059104,1.4193951023999
-0.595645483867554,0.588410059754779,0,1,1,1,54,54,54fl03,M-O,1,0.2752,0.3594,0.817108244203014,0.862836721631865,0.913561272303313,0.887454264208298,0.721871456456771,0.817108244203014,0.862836721631865,0.913561272303313,0.887454264208298,0.721871456456771,0.595645483867554,0.588410059754779
-1.51212148910017,1.53500032643195,0,1,1,1,54,54,54fl03,M-O,1,0.1918,0.3188,0.97720093047491,0.986915729576395,0.993933464997073,0.984601684400857,0.937608126072613,0.97720093047491,0.986915729576395,0.993933464997073,0.984601684400857,0.937608126072613,1.51212148910017,1.53500032643195
-2.63485324073334,0.491846833326668,0,1,1,1,54,54,54fl03,M-O,1,0.1682,0.4465,0.974057974124476,0.957535464931634,0.988234235490956,0.867903847046121,0.688586187116482,0.974057974124476,0.957535464931634,0.988234235490956,0.867903847046121,0.688586187116482,2.63485324073334,0.491846833326668
1.38907962300564,1.39477905135182,1,1,1,1,54,54,54fl03,M-O,1,0.4081,0.3029,0.966876971451927,0.980113508693171,0.990346500422234,0.978280767547234,0.918458761032535,0.966876971451927,0.980113508693171,0.990346500422234,0.978280767547234,0.918458761032535,1.38907962300564,1.39477905135182
0.556273401690219,-0.268802032043654,1,0,1,0,54,54,54fl03,M-O,1,0.4051,0.2592,0.736599930560661,0.783231443494052,0.858241993368616,0.814203198299006,0.605958985232632,0.736599930560661,0.783231443494052,0.858241993368616,0.814203198299006,0.605958985232632,0.556273401690219,0.268802032043654
0.475522331165476,0.347920262604488,1,1,1,1,54,54,54fl03,M-O,1,0.3425,0.877,0.748839536083785,0.799413384626567,0.867713887998269,0.834626542092087,0.63604996625755,0.748839536083785,0.799413384626567,0.867713887998269,0.834626542092087,0.63604996625755,0.475522331165476,0.347920262604488
-0.0469273660849662,0.0956057393617313,1,0,1,0,54,54,54fl03,M-O,1,0.9617,0.3112,0.63554520708896,0.696710098275937,0.779828645901784,0.764328613219863,0.538083146633437,0.63554520708896,0.696710098275937,0.779828645901784,0.764328613219863,0.538083146633437,0.0469273660849662,0.0956057393617313
-2.04138151759969,1.17513556968334,0,1,1,1,54,54,54fl03,M-O,1,0.1757,0.2069,0.975313064709451,0.981286618573956,0.992928315405779,0.964055927170475,0.88002975894524,0.975313064709451,0.981286618573956,0.992928315405779,0.964055927170475,0.88002975894524,2.04138151759969,1.17513556968334
1.39686285871886,0.0951868798543688,1,1,1,1,54,54,54fl03,M-O,1,0.4103,1.2379,0.813493103121179,0.806238490716946,0.896889502222974,0.76419967482957,0.537916804486932,0.813493103121179,0.806238490716946,0.896889502222974,0.76419967482957,0.537916804486932,1.39686285871886,0.0951868798543688
-2.42957039879695,1.05972366542392,0,1,1,1,54,54,54fl03,M-O,1,0.1575,0.0086,0.982968882476799,0.983676823699804,0.994974803663129,0.953949148324534,0.855364833405561,0.982968882476799,0.983676823699804,0.994974803663129,0.953949148324534,0.855364833405561,2.42957039879695,1.05972366542392
-0.476951139240824,-0.126099819881457,0,1,1,1,54,54,54fl03,M-O,1,0.2244,0.1812,0.689744466347892,0.735891200477362,0.822075417177771,0.773610496748602,0.550173544976236,0.689744466347892,0.735891200477362,0.822075417177771,0.773610496748602,0.550173544976236,0.476951139240824,0.126099819881457
-2.04916475331292,0.61019075413763,0,1,1,1,54,54,54fl03,M-O,1,0.1464,0.4881,0.944816344305596,0.942422704102683,0.977734292680132,0.891562602949542,0.729132273111598,0.944816344305596,0.942422704102683,0.977734292680132,0.891562602949542,0.729132273111598,2.04916475331292,0.61019075413763
1.51653010780975,1.5380290028698,1,1,1,1,54,54,54fl03,M-O,1,0.3537,0.2545,0.977426398514852,0.987055804967129,0.994008016328783,0.98471861031386,0.937979238224628,0.977426398514852,0.987055804967129,0.994008016328783,0.98471861031386,0.937979238224628,1.51653010780975,1.5380290028698
-1.27667860877502,0.716999928515071,0,1,1,1,54,54,54fl03,M-O,1,0.2381,0.2559,0.89496025048669,0.918493967334073,0.957364408623076,0.910151763578476,0.763312929616074,0.89496025048669,0.918493967334073,0.957364408623076,0.910151763578476,0.763312929616074,1.27667860877502,0.716999928515071
-1.02469635255926,0.986165491938642,0,1,1,1,54,54,54fl03,M-O,1,0.1961,0.2463,0.914590691388249,0.942053324218837,0.96799197916571,0.946394415838561,0.837974045044607,0.914590691388249,0.942053324218837,0.96799197916571,0.946394415838561,0.837974045044607,1.02469635255926,0.986165491938642
-0.0342796080509703,-1.09092658510995,0,0,0,1,54,54,54fl03,M-O,1,1.212,0.7751,0.305960045364451,0.265618592305062,0.387761764297688,0.320523171870321,0.137652594004343,0.694039954635549,0.734381407694938,0.612238235702312,0.679476828129679,0.862347405995657,0.0342796080509703,1.09092658510995
-2.44708267915171,1.26377268543367,0,1,1,1,54,54,54fl03,M-O,1,0.2469,0.423,0.988190004725929,0.989992636498327,0.996959195479424,0.970518085375812,0.896844186122092,0.988190004725929,0.989992636498327,0.996959195479424,0.970518085375812,0.896844186122092,2.44708267915171,1.26377268543367
-1.20954820074843,-0.289712787449675,0,1,1,1,54,54,54fl03,M-O,1,0.1859,0.3822,0.820032900376684,0.83656294487681,0.909433238378621,0.819747446822155,0.61398201363955,0.820032900376684,0.83656294487681,0.909433238378621,0.819747446822155,0.61398201363955,1.20954820074843,0.289712787449675
0.617566382931891,1.45129286488366,1,1,1,1,54,54,54fl03,M-O,1,0.5454,0.3834,0.952217941383456,0.972243244277625,0.983597124212647,0.981052243658091,0.926650836361656,0.952217941383456,0.972243244277625,0.983597124212647,0.981052243658091,0.926650836361656,0.617566382931891,1.45129286488366
1.11861218197096,0.76001357792499,1,1,1,1,54,54,54fl03,M-O,1,0.1875,0.3498,0.888996433658296,0.91738584655877,0.954828226127893,0.916928475941695,0.77637676560857,0.888996433658296,0.91738584655877,0.954828226127893,0.916928475941695,0.77637676560857,1.11861218197096,0.76001357792499
-2.35271094612882,1.44520329204585,0,1,1,1,54,54,54fl03,M-O,1,0.3978,0.0787,0.990145192058367,0.992838159646967,0.997703598967438,0.980768842582958,0.925799604005112,0.990145192058367,0.992838159646967,0.997703598967438,0.980768842582958,0.925799604005112,2.35271094612882,1.44520329204585
-1.19884625164274,0.395154727050137,0,1,1,1,54,54,54fl03,M-O,1,0.3122,0.07,0.837285259815313,0.858626346614519,0.922186847956977,0.84609900583475,0.6536356489843,0.837285259815313,0.858626346614519,0.922186847956977,0.84609900583475,0.6536356489843,1.19884625164274,0.395154727050137
-0.957565944532665,1.36771428318379,0,1,1,1,54,54,54fl03,M-O,1,0.2241,0.334,0.952971770737674,0.97209425436187,0.984663231283488,0.976836654816063,0.914299236345663,0.952971770737674,0.97209425436187,0.984663231283488,0.976836654816063,0.914299236345663,0.957565944532665,1.36771428318379
0.0153385196208594,0.363450284339005,1,1,1,1,54,54,54fl03,M-O,1,0.8836,0.662,0.715204307567556,0.777912120610266,0.84202646838869,0.838458086759554,0.641865727681432,0.715204307567556,0.777912120610266,0.84202646838869,0.838458086759554,0.641865727681432,0.0153385196208594,0.363450284339005
-1.08307062040847,1.35482629834186,0,1,1,1,54,54,54fl03,M-O,1,0.2945,0.0461,0.955422674660026,0.973347986045175,0.985813263873343,0.976121060824204,0.912263547138981,0.955422674660026,0.973347986045175,0.985813263873343,0.976121060824204,0.912263547138981,1.08307062040847,1.35482629834186
-1.02275054363095,1.02395950748758,0,1,1,1,54,54,54fl03,M-O,1,0.5848,0.3987,0.919290420600404,0.945976489962201,0.970216632721258,0.950390295632164,0.847072799452213,0.919290420600404,0.945976489962201,0.970216632721258,0.950390295632164,0.847072799452213,1.02275054363095,1.02395950748758
-1.63276164265521,-0.33517515397956,0,1,1,1,54,54,54fl03,M-O,1,0.4702,0.3717,0.879695815738476,0.878259817162023,0.942048122006341,0.831438520027166,0.631253518323003,0.879695815738476,0.878259817162023,0.942048122006341,0.831438520027166,0.631253518323003,1.63276164265521,0.33517515397956
1.72278585421029,1.24824266369916,1,1,1,1,54,54,54fl03,M-O,1,0.4953,0.2945,0.96843719087243,0.978814766861317,0.990821899343562,0.969461175270437,0.894028897833186,0.96843719087243,0.978814766861317,0.990821899343562,0.969461175270437,0.894028897833186,1.72278585421029,1.24824266369916
-1.99662791224863,0.109685862801533,0,1,1,1,54,54,54fl03,M-O,1,0.2619,0.0231,0.900629283213208,0.865539239364368,0.944198123651601,0.768640229446395,0.543670743694669,0.900629283213208,0.865539239364368,0.944198123651601,0.768640229446395,0.543670743694669,1.99662791224863,0.109685862801533
0.554327592761912,-0.329536660611219,1,1,1,1,54,54,54fl03,M-O,1,0.8747,0.2947,0.751888218153674,0.799506165286248,0.869591285489455,0.830015602189883,0.629124955628948,0.751888218153674,0.799506165286248,0.869591285489455,0.830015602189883,0.629124955628948,0.554327592761912,0.329536660611219
1.47445901763702,1.12055799089926,1,1,1,1,54,54,54fl04,O-M,1,1.1735,0.4916,0.950413403706079,0.966329115907489,0.983914916049597,0.95952916635737,0.868761972453312,0.950413403706079,0.966329115907489,0.983914916049597,0.95952916635737,0.868761972453312,1.47445901763702,1.12055799089926
-1.78748994585381,0.496926229376854,0,1,1,1,54,54,54fl04,O-M,1,0.1856,0.3192,0.913930959164638,0.914747555439521,0.962463315510954,0.86898722910436,0.690379462910928,0.913930959164638,0.914747555439521,0.962463315510954,0.86898722910436,0.690379462910928,1.78748994585381,0.496926229376854
1.20174925838192,0.160301284779735,1,1,1,1,54,54,54fl04,O-M,1,0.9104,0.5443,0.795445894481072,0.804829962546297,0.890158870803353,0.783770734076271,0.56367812657205,0.795445894481072,0.804829962546297,0.890158870803353,0.783770734076271,0.56367812657205,1.20174925838192,0.160301284779735
-0.40083943674916,-0.0965454937567959,0,1,1,1,54,54,54fl04,O-M,1,0.3848,0.4232,0.672635081570257,0.72105868305085,0.808829895928866,0.76461775821951,0.538456328070406,0.672635081570257,0.72105868305085,0.808829895928866,0.76461775821951,0.538456328070406,0.40083943674916,0.0965454937567959
-0.0882413644083067,0.750854294520924,1,0,1,0,54,54,54fl04,O-M,1,0.3703,0.6485,0.823283437670552,0.874556816685795,0.91456242233835,0.915518657136471,0.773629825251842,0.823283437670552,0.874556816685795,0.91456242233835,0.915518657136471,0.773629825251842,0.0882413644083067,0.750854294520924
-0.106381203073314,-1.97619691850141,0,0,0,1,54,54,54fl04,O-M,1,1.7069,1.0807,0.200181672703352,0.0702770486675697,0.146508800777501,0.0882665926132465,0.0240662393889695,0.799818327296648,0.92972295133243,0.853491199222499,0.911733407386754,0.97593376061103,0.106381203073314,1.97619691850141
0.304068894179843,-1.31948640519778,0,0,0,1,54,54,54fl04,O-M,1,0.4649,0.5929,0.229093369816389,0.185588356888598,0.286707338889879,0.243591529028388,0.093503276056035,0.770906630183611,0.814411643111402,0.713292661110121,0.756408470971612,0.906496723943965,0.304068894179843,1.31948640519778
1.54688949244863,1.75391879706321,1,1,1,1,54,54,54fl04,O-M,1,0.1882,0.1676,0.985937417106245,0.992596170426427,0.996627630133982,0.991310951986564,0.960277788886104,0.985937417106245,0.992596170426427,0.996627630133982,0.991310951986564,0.960277788886104,1.54688949244863,1.75391879706321
1.26013182971583,0.915275148962869,1,1,1,1,54,54,54fl04,O-M,1,0.5083,0.5765,0.919111045203559,0.942162444577565,0.970005703509322,0.938215606091056,0.819976399064878,0.919111045203559,0.942162444577565,0.970005703509322,0.938215606091056,0.819976399064878,1.26013182971583,0.915275148962869
-1.75285348659114,-0.113084869647406,0,1,1,1,54,54,54fl04,O-M,1,0.1968,0.2881,0.868711695948352,0.843978875991235,0.927680460971183,0.769674442574218,0.545018364843698,0.868711695948352,0.843978875991235,0.927680460971183,0.769674442574218,0.545018364843698,1.75285348659114,0.113084869647406
-0.306918247213643,-1.52087762927756,0,0,0,1,54,54,54fl04,O-M,1,0.4451,0.7539,0.203558734015026,0.138798236987979,0.230743910690226,0.185076347548551,0.0641452743971925,0.796441265984974,0.861201763012021,0.769256089309774,0.814923652451449,0.935854725602807,0.306918247213643,1.52087762927756
-0.521438754907459,-0.116003583039866,0,0,1,0,54,54,54fl04,O-M,1,1.8238,0.4405,0.692349341507585,0.736111980257221,0.8235680780793,0.77056045030798,0.546175148942828,0.692349341507585,0.736111980257221,0.8235680780793,0.77056045030798,0.546175148942828,0.521438754907459,0.116003583039866
0.442163651761053,0.636051567750808,1,0,1,0,54,54,54fl04,O-M,1,0.2257,1.1216,0.816664267896925,0.865406175254144,0.912901858340851,0.89629905889108,0.737628594272227,0.816664267896925,0.865406175254144,0.912901858340851,0.89629905889108,0.737628594272227,0.442163651761053,0.636051567750808
-2.20847597071524,0.166138711564656,0,1,1,1,54,54,54fl04,O-M,1,0.2659,0.4578,0.928696439087844,0.893484676769262,0.960615942947344,0.785478096486419,0.565976104975999,0.928696439087844,0.893484676769262,0.960615942947344,0.785478096486419,0.565976104975999,2.20847597071524,0.166138711564656
1.452936082951,-0.113084869647406,1,0,1,0,54,54,54fl04,O-M,1,0.3844,0.6965,0.82484538314965,0.815929742449403,0.904130635544239,0.769674442574218,0.545018364843698,0.82484538314965,0.815929742449403,0.904130635544239,0.769674442574218,0.545018364843698,1.452936082951,0.113084869647406
-1.22093413220285,-0.377714883897165,0,1,1,1,54,54,54fl04,O-M,1,0.4433,0.4774,0.836849559943881,0.856558290559637,0.921452591017866,0.841926018209329,0.647178795115581,0.836849559943881,0.856558290559637,0.921452591017866,0.841926018209329,0.647178795115581,1.22093413220285,0.377714883897165
-1.71096753585489,1.21492972392216,0,1,1,1,54,54,54fl04,O-M,1,0.2972,0.3523,0.966170025218794,0.976994086872393,0.989973789412153,0.967087975085532,0.887803552052233,0.966170025218794,0.976994086872393,0.989973789412153,0.967087975085532,0.887803552052233,1.71096753585489,1.21492972392216
0.521553638387301,-1.98787177207125,0,1,0,0,54,54,54fl04,O-M,1,0.4651,0.7927,0.139385418460918,0.0585076754675193,0.115317915034175,0.0864126546312361,0.0234129366950446,0.860614581539082,0.941492324532481,0.884682084965825,0.913587345368764,0.976587063304955,0.521553638387301,1.98787177207125
-0.558266171593255,1.41632094800193,0,1,1,1,54,54,54fl04,O-M,1,0.2251,0.1047,0.947675306691036,0.969230115531084,0.981561965375856,0.97937514297198,0.921659221350378,0.947675306691036,0.969230115531084,0.981561965375856,0.97937514297198,0.921659221350378,0.558266171593255,1.41632094800193
-0.879273654043463,0.63118704543004,0,0,1,0,54,54,54fl04,O-M,1,0.2304,1.8084,0.848623378390879,0.885364283611059,0.932512779726209,0.895419769233053,0.736040884333765,0.848623378390879,0.885364283611059,0.932512779726209,0.895419769233053,0.736040884333765,0.879273654043463,0.63118704543004
-0.0965541146313473,0.325695043685834,1,0,1,0,54,54,54fl04,O-M,1,0.852,0.7039,0.709977917044604,0.771334510937041,0.838747240920192,0.829041743135951,0.627672452742629,0.709977917044604,0.771334510937041,0.838747240920192,0.829041743135951,0.627672452742629,0.0965541146313473,0.325695043685834
-0.0985517522818455,-2.49086338003862,0,0,0,1,54,54,54fl04,O-M,1,0.7345,0.6572,0.182791717108378,0.0254502877505361,0.0711233448469313,0.0310085735574538,0.0063716555156446,0.817208282891622,0.974549712249464,0.928876655153069,0.968991426442546,0.993628344484355,0.0985517522818455,2.49086338003862
-1.64968516793154,1.12055799089926,0,0,1,0,54,54,54fl04,O-M,1,0.453,3.4897,0.957892537436235,0.970469420099526,0.986766773080367,0.95952916635737,0.868761972453312,0.957892537436235,0.970469420099526,0.986766773080367,0.95952916635737,0.868761972453312,1.64968516793154,1.12055799089926
-0.567706620489964,0.715829733811397,0,1,1,1,54,54,54fl04,O-M,1,0.5327,0.3348,0.842287024968217,0.886322212817303,0.928697656271074,0.909961824093692,0.76295175492098,0.842287024968217,0.886322212817303,0.928697656271074,0.909961824093692,0.76295175492098,0.567706620489964,0.715829733811397
-1.08283937462164,1.56322952208912,0,1,1,1,54,54,54fl04,O-M,1,0.3955,0.3459,0.970019028765728,0.98331956310978,0.991206585698905,0.985662276607301,0.941000690711385,0.970019028765728,0.98331956310978,0.991206585698905,0.985662276607301,0.941000690711385,1.08283937462164,1.56322952208912
0.959294043543232,0.0474443669379257,1,1,1,1,54,54,54fl04,O-M,1,0.3165,0.4576,0.736270914151562,0.75216780086678,0.848857429294879,0.749250999787767,0.518920465445378,0.736270914151562,0.75216780086678,0.848857429294879,0.749250999787767,0.518920465445378,0.959294043543232,0.0474443669379257
0.17412578701115,0.152518049066506,1,1,1,1,54,54,54fl04,O-M,1,1.8903,1.72,0.664969405991405,0.723306126833097,0.804043738361905,0.781482056677217,0.560610822063586,0.664969405991405,0.723306126833097,0.804043738361905,0.781482056677217,0.560610822063586,0.17412578701115,0.152518049066506
-1.19464264312533,1.28011432302044,0,1,1,1,54,54,54fl04,O-M,1,0.3842,0.2397,0.952763326907081,0.970820205839134,0.984888227033064,0.971597260386852,0.899747533984053,0.952763326907081,0.970820205839134,0.984888227033064,0.971597260386852,0.899747533984053,1.19464264312533,1.28011432302044
-1.66173543375874,0.0056094749793241,0,1,1,1,54,54,54fl04,O-M,1,0.3153,1.2978,0.842195392358751,0.810315780838566,0.907582153597437,0.735750748562817,0.502237845004017,0.842195392358751,0.810315780838566,0.907582153597437,0.735750748562817,0.502237845004017,1.66173543375874,0.0056094749793241
-1.55321860138975,1.0884521435822,0,1,1,1,54,54,54fl04,O-M,1,0.2426,0.3055,0.95136026774106,0.966048746146301,0.984202809208271,0.956656826771427,0.861802223788737,0.95136026774106,0.966048746146301,0.984202809208271,0.956656826771427,0.861802223788737,1.55321860138975,1.0884521435822
0.750089829596709,0.349044750825518,1,1,1,1,54,54,54fl04,O-M,1,0.6615,0.24,0.777171160653332,0.817344762337203,0.886307253198995,0.834905933069411,0.636472143270586,0.777171160653332,0.817344762337203,0.886307253198995,0.834905933069411,0.636472143270586,0.750089829596709,0.349044750825518
1.13837259292176,1.61868507654587,1,1,1,1,54,54,54fl04,O-M,1,0.2039,0.2494,0.974156378753546,0.985887098551212,0.992687234461699,0.987563689204585,0.947242480289167,0.974156378753546,0.985887098551212,0.992687234461699,0.987563689204585,0.947242480289167,1.13837259292176,1.61868507654587
1.15851006923726,-1.51212148910017,0,0,0,1,54,54,54fl04,O-M,1,1.6798,0.264,0.121557327688722,0.114310690763287,0.173298445347283,0.187423385483301,0.0652514795219361,0.878442672311278,0.885689309236713,0.826701554652717,0.812576614516699,0.934748520478064,1.15851006923726,1.51212148910017
-1.33815035434015,0.375313171357664,0,1,1,1,54,54,54fl04,O-M,1,0.2289,0.233,0.850297986107108,0.864418199558058,0.928464246397038,0.841345573944272,0.646286214197532,0.850297986107108,0.864418199558058,0.928464246397038,0.841345573944272,0.646286214197532,1.33815035434015,0.375313171357664
-0.290324966729666,-2.5142130871783,0,0,0,1,54,54,54fl04,O-M,1,0.1491,0.1679,0.151729834136208,0.0218061786522168,0.0594614162847473,0.0294109028323434,0.0059649164234612,0.848270165863792,0.978193821347783,0.940538583715253,0.970589097167657,0.994035083576539,0.290324966729666,2.5142130871783
0.288152232900068,0.862738307898579,1,1,1,1,54,54,54fl04,O-M,1,0.1442,0.3598,0.856980079688535,0.901531103997212,0.935640720973486,0.931549170491782,0.805859317456067,0.856980079688535,0.901531103997212,0.935640720973486,0.931549170491782,0.805859317456067,0.288152232900068,0.862738307898579
-2.1425861482109,0.823822129332438,0,0,1,0,54,54,54fl04,O-M,1,0.2632,0.2338,0.963093266562983,0.964475437184942,0.987062376271951,0.926263096811335,0.794979684135469,0.963093266562983,0.964475437184942,0.987062376271951,0.926263096811335,0.794979684135469,2.1425861482109,0.823822129332438
-1.00161285015542,-0.115030678575713,0,1,1,1,54,54,54fl04,O-M,1,0.2499,0.2808,0.757175095302875,0.775226297976486,0.86542452926676,0.770265326824711,0.545789597274041,0.757175095302875,0.775226297976486,0.86542452926676,0.770265326824711,0.545789597274041,1.00161285015542,0.115030678575713
-0.241833923761929,-0.836925790977628,0,0,0,1,54,54,54fl04,O-M,1,0.1693,0.2979,0.328604938128014,0.33560361729318,0.449439708502753,0.415961640297959,0.201317141105642,0.671395061871986,0.66439638270682,0.550560291497247,0.584038359702041,0.798682858894358,0.241833923761929,0.836925790977628
0.154020530657749,0.715829733811397,1,1,1,1,54,54,54fl04,O-M,1,0.4397,0.1983,0.81822197325829,0.869906262925707,0.912058442076921,0.909961824093692,0.76295175492098,0.81822197325829,0.869906262925707,0.912058442076921,0.909961824093692,0.76295175492098,0.154020530657749,0.715829733811397
0.521553638387301,1.35405506229611,1,1,1,1,54,54,54fl04,O-M,1,0.5409,0.4402,0.940442544265145,0.964310095407966,0.978380976760033,0.976077655747831,0.91214059425914,0.940442544265145,0.964310095407966,0.978380976760033,0.976077655747831,0.91214059425914,0.521553638387301,1.35405506229611
1.43434516481653,1.39102543193394,1,1,1,1,54,54,54fl04,O-M,1,0.2347,0.8647,0.967884189089266,0.980605289301654,0.990721860282222,0.978085142584688,0.917891142541159,0.967884189089266,0.980605289301654,0.990721860282222,0.978085142584688,0.917891142541159,1.43434516481653,1.39102543193394
1.44723314965845,0.903600295393027,1,1,1,1,54,54,54fl04,O-M,1,0.3501,0.3926,0.929165034576463,0.947488559843022,0.974366217990644,0.936779791858736,0.816896307699201,0.929165034576463,0.947488559843022,0.974366217990644,0.936779791858736,0.816896307699201,1.44723314965845,0.903600295393027
1.09954753858546,1.17309483196355,1,1,1,1,54,54,54fl04,O-M,1,0.3745,0.6319,0.93948936290044,0.961382361873304,0.979336237183085,0.963894463853315,0.879621110626858,0.93948936290044,0.961382361873304,0.979336237183085,0.963894463853315,0.879621110626858,1.09954753858546,1.17309483196355
-1.69340765650777,0.388933833855813,0,1,1,1,54,54,54fl04,O-M,1,0.3098,0.1614,0.8929522139591,0.892043769734994,0.950093959588649,0.844618919433516,0.651337453506674,0.8929522139591,0.892043769734994,0.950093959588649,0.844618919433516,0.651337453506674,1.69340765650777,0.388933833855813
-0.803009003741381,1.35502796676026,0,1,1,1,54,54,54fl04,O-M,1,0.4156,0.2078,0.947639813833767,0.96882367625084,0.982207050806757,0.976132399775737,0.912295676572965,0.947639813833767,0.96882367625084,0.982207050806757,0.976132399775737,0.912295676572965,0.803009003741381,1.35502796676026
1.51164085390597,1.63035993011571,1,1,1,1,54,54,54fl04,O-M,1,0.2017,0.1679,0.98116822023024,0.989604309798616,0.995192955396125,0.987934910383181,0.948487275907901,0.98116822023024,0.989604309798616,0.995192955396125,0.987934910383181,0.948487275907901,1.51164085390597,1.63035993011571
-0.0920755398987789,1.57587728012311,1,1,1,1,54,54,54fl04,O-M,1,0.1442,0.2,0.955136659187501,0.973900949204188,0.983195170496303,0.986116672823348,0.942472956034473,0.955136659187501,0.973900949204188,0.983195170496303,0.986116672823348,0.942472956034473,0.0920755398987789,1.57587728012311
-0.460285266832532,1.05148177394436,0,1,1,1,54,54,54fl04,O-M,1,0.3878,0.1768,0.898305132292737,0.933582919920006,0.958494667318375,0.953147748851521,0.853481312013948,0.898305132292737,0.933582919920006,0.958494667318375,0.953147748851521,0.853481312013948,0.460285266832532,1.05148177394436
1.32315407559284,-0.0868164491152607,1,1,1,1,54,54,54fl04,O-M,1,0.1579,0.5279,0.800689058351617,0.797116963601182,0.889235608197032,0.761614849512782,0.534591293755988,0.800689058351617,0.797116963601182,0.889235608197032,0.761614849512782,0.534591293755988,1.32315407559284,0.0868164491152607
-0.416466118369992,1.17406773642771,0,1,1,1,54,54,54fl04,O-M,1,0.233,0.4658,0.91523037161614,0.946436551758178,0.966527309474642,0.963971514055817,0.879816052388722,0.91523037161614,0.946436551758178,0.966527309474642,0.963971514055817,0.879816052388722,0.416466118369992,1.17406773642771
-0.686888260315651,1.26065623373737,0,1,1,1,54,54,54fl04,O-M,1,0.6034,0.28,0.934494575463529,0.959820709640257,0.976340711696341,0.970308462902201,0.89628363559067,0.934494575463529,0.959820709640257,0.976340711696341,0.970308462902201,0.89628363559067,0.686888260315651,1.26065623373737
-1.22441388811017,-0.358256794614094,0,1,1,1,54,54,54fl04,O-M,1,0.1257,0.5202,0.833913002289921,0.852719012347246,0.919289860197514,0.837183248877438,0.639924426003572,0.833913002289921,0.852719012347246,0.919289860197514,0.837183248877438,0.639924426003572,1.22441388811017,0.358256794614094
0.48140756560471,-0.548946069588185,0,1,0,0,54,54,54fl04,O-M,1,0.3343,0.2641,0.380073521325072,0.425631740409629,0.527028163962539,0.530188686992756,0.291521230456164,0.619926478674928,0.574368259590371,0.472971836037461,0.469811313007244,0.708478769543836,0.48140756560471,0.548946069588185
-0.770112422432372,0.0863605455040667,0,0,1,0,54,54,54fl04,O-M,1,0.466,0.7458,0.717402581211813,0.74702833631274,0.839090203480262,0.761473620307137,0.53441009508076,0.717402581211813,0.74702833631274,0.839090203480262,0.761473620307137,0.53441009508076,0.770112422432372,0.0863605455040667
-0.661950009646529,0.330559566006601,0,1,1,1,54,54,54fl04,O-M,1,0.122,0.2066,0.763333372755971,0.806802186171872,0.877147435346208,0.830274310464941,0.629511403828052,0.763333372755971,0.806802186171872,0.877147435346208,0.830274310464941,0.629511403828052,0.661950009646529,0.330559566006601
1.10924574717901,0.932787429317633,1,1,1,1,54,54,54fl04,O-M,1,0.2089,0.6797,0.912359695864058,0.938903657372633,0.966909937359506,0.940321442019131,0.824535133535779,0.912359695864058,0.938903657372633,0.966909937359506,0.940321442019131,0.824535133535779,1.10924574717901,0.932787429317633
-0.698519666635487,0.221594266021407,0,1,1,1,54,54,54fl04,O-M,1,0.3981,0.2703,0.740986210460751,0.780261654421922,0.859909915780906,0.801302978209454,0.587685126707793,0.740986210460751,0.780261654421922,0.859909915780906,0.801302978209454,0.587685126707793,0.698519666635487,0.221594266021407
-0.136539087603415,-0.74352696241889,0,0,0,1,54,54,54fl04,O-M,1,0.4431,0.3045,0.365003869314189,0.375683244182052,0.493460178701608,0.452702361242263,0.228581351942786,0.634996130685811,0.624316755817949,0.506539821298392,0.547297638757737,0.771418648057214,0.136539087603415,0.74352696241889
1.09626110245077,0.8685757346835,1,0,1,0,54,54,54fl04,O-M,1,0.9659,1.5842,0.903008287255362,0.930862832922906,0.962253116581404,0.932316212113655,0.807460384248593,0.903008287255362,0.930862832922906,0.962253116581404,0.932316212113655,0.807460384248593,1.09626110245077,0.8685757346835
-2.22784016794023,1.04272563376698,0,1,1,1,54,54,54fl04,O-M,1,0.2169,0.1692,0.976261565073643,0.979149120030773,0.992802946637888,0.95228413118404,0.851462308902644,0.976261565073643,0.979149120030773,0.992802946637888,0.95228413118404,0.851462308902644,2.22784016794023,1.04272563376698
-0.513995943661248,0.667184510603721,0,1,1,1,54,54,54fl04,O-M,1,0.2662,0.3351,0.828442802450046,0.874836803618224,0.920328113776874,0.901799740180562,0.747672858107193,0.828442802450046,0.874836803618224,0.920328113776874,0.901799740180562,0.747672858107193,0.513995943661248,0.667184510603721
0.0541386481328426,-2.16104876669058,0,0,0,1,54,54,54fl04,O-M,1,0.1901,0.1855,0.201179998391075,0.0510658861703837,0.118312584027379,0.0622252375092548,0.0153457862752781,0.798820001608925,0.948934113829616,0.881687415972621,0.937774762490745,0.984654213724722,0.0541386481328426,2.16104876669058
0.140455926611625,0.663292892747107,1,1,1,1,54,54,54fl04,O-M,1,0.1059,0.2239,0.804815701947779,0.858445688048258,0.903698372590564,0.901124084372229,0.746428506219136,0.804815701947779,0.858445688048258,0.903698372590564,0.901124084372229,0.746428506219136,0.140455926611625,0.663292892747107
0.195262082151904,-2.29822829613622,0,0,0,1,54,54,54fl04,O-M,1,0.1555,0.2077,0.172464563482317,0.0363403921226617,0.0888099118920477,0.0471107116229859,0.0107743995108163,0.827535436517683,0.963659607877338,0.911190088107952,0.952889288377014,0.989225600489184,0.195262082151904,2.29822829613622
0.783501930299396,0.537788216871302,1,1,1,1,54,54,54fl04,O-M,1,0.2075,0.3366,0.821918770490844,0.862227970153397,0.916343879011076,0.877479416788161,0.704638366139273,0.821918770490844,0.862227970153397,0.916343879011076,0.877479416788161,0.704638366139273,0.783501930299396,0.537788216871302
-1.21046264451879,0.64480770792819,0,1,1,1,54,54,54fl04,O-M,1,0.331,0.2318,0.879084925087314,0.904578587229628,0.948768904591341,0.897868240803555,0.740474096866543,0.879084925087314,0.904578587229628,0.948768904591341,0.897868240803555,0.740474096866543,1.21046264451879,0.64480770792819
-1.17150871033408,-1.12295970343876,1,0,0,1,54,54,54fl04,O-M,1,0.8331,0.3537,0.182430856883551,0.203650909014332,0.277030705645222,0.309147067541591,0.130727304534216,0.817569143116449,0.796349090985668,0.722969294354778,0.690852932458409,0.869272695465784,1.17150871033408,1.12295970343876
0.0300703364405506,1.38810671854148,1,1,1,1,54,54,54fl04,O-M,1,2.5043,0.3696,0.93459065080942,0.960050620157599,0.973746530315121,0.977932003515245,0.917447724476474,0.93459065080942,0.960050620157599,0.973746530315121,0.977932003515245,0.917447724476474,0.0300703364405506,1.38810671854148
1.29193293231328,1.4065919033604,1,1,1,1,54,54,54fl04,O-M,1,0.2142,0.2095,0.965003959452506,0.979244688070325,0.989619084768003,0.978886809647416,0.920225782334024,0.965003959452506,0.979244688070325,0.989619084768003,0.978886809647416,0.920225782334024,1.29193293231328,1.4065919033604
-1.64346671524531,1.69359872028569,0,1,1,1,54,54,54fl04,O-M,1,0.1688,0.3354,0.985417541275812,0.992067194582583,0.996502539964421,0.989783189274716,0.954829219298498,0.985417541275812,0.992067194582583,0.996502539964421,0.989783189274716,0.954829219298498,1.64346671524531,1.69359872028569
1.48580044429791,0.674967746316949,1,1,1,1,54,54,54fl04,O-M,1,0.4617,0.4493,0.906534291697217,0.92278498170532,0.962235413935337,0.903140893701311,0.750151871479999,0.906534291697217,0.92278498170532,0.962235413935337,0.903140893701311,0.750151871479999,1.48580044429791,0.674967746316949
-1.87000526880422,0.0834418321116061,0,1,1,1,54,54,54fl04,O-M,1,0.1091,0.7769,0.881704140575717,0.848611848447941,0.933123330536386,0.760568380883996,0.533249886373915,0.881704140575717,0.848611848447941,0.933123330536386,0.760568380883996,0.533249886373915,1.87000526880422,0.0834418321116061
-0.366428517221224,-1.4654220748208,0,0,0,1,54,54,54fl04,O-M,1,0.4209,0.2008,0.201706095193839,0.148236022928031,0.239886188788428,0.200249093776921,0.0714028991937897,0.798293904806161,0.851763977071969,0.760113811211572,0.799750906223079,0.92859710080621,0.366428517221224,1.4654220748208
1.08031222120889,-0.384525215146239,1,1,1,1,54,54,54fl04,O-M,1,0.1683,0.2255,0.821704019133212,0.848156598130734,0.91339210475947,0.843564344343157,0.649705394620452,0.821704019133212,0.848156598130734,0.91339210475947,0.843564344343157,0.649705394620452,1.08031222120889,0.384525215146239
1.26683358183363,0.306236954402763,1,0,1,0,54,54,54fl04,O-M,1,0.1793,0.2409,0.830236062900323,0.844669056549391,0.915580626483438,0.824054389451006,0.620287881216003,0.830236062900323,0.844669056549391,0.915580626483438,0.824054389451006,0.620287881216003,1.26683358183363,0.306236954402763
-1.92922555915286,0.996026219487612,0,1,1,1,54,54,54fl04,O-M,1,0.2732,0.2953,0.962261034076162,0.969668091214202,0.987842474446231,0.947460770076899,0.840381297052337,0.962261034076162,0.969668091214202,0.987842474446231,0.947460770076899,0.840381297052337,1.92922555915286,0.996026219487612
0.0088373814134816,0.869548639147654,1,1,1,1,54,54,54fl04,O-M,1,0.242,0.2181,0.846857714757612,0.894190453035051,0.927732946314124,0.932443404301713,0.807726441842889,0.846857714757612,0.894190453035051,0.927732946314124,0.932443404301713,0.807726441842889,0.0088373814134816,0.869548639147654
-0.707927895570091,-1.04026282398571,1,0,0,1,54,54,54fl04,O-M,1,0.154,0.2327,0.232942018047396,0.244529610005534,0.336289548845354,0.338861399544351,0.14910890545032,0.767057981952604,0.755470389994466,0.663710451154646,0.661138600455649,0.85089109454968,0.707927895570091,1.04026282398571
-0.87402180022038,-2.62025967377104,1,0,0,1,54,54,54fl04,O-M,1,0.1684,0.1614,0.0829698796939173,0.0129420111780418,0.0329336361693612,0.0229904052355304,0.0043931417397094,0.917030120306083,0.987057988821958,0.967066363830639,0.97700959476447,0.99560685826029,0.87402180022038,2.62025967377104
1.20961092913549,0.547517261512837,1,1,1,1,54,54,54fl04,O-M,1,0.2288,0.1448,0.863866551679505,0.888385741719881,0.939582827383478,0.879443123318774,0.707988292591554,0.863866551679505,0.888385741719881,0.939582827383478,0.879443123318774,0.707988292591554,1.20961092913549,0.547517261512837
0.897045076756741,-0.121841009824788,1,0,1,0,54,54,54fl04,O-M,1,1.0559,0.1209,0.74357564935959,0.768095717883854,0.857451919251369,0.772326722294662,0.548487532629504,0.74357564935959,0.768095717883854,0.857451919251369,0.772326722294662,0.548487532629504,0.897045076756741,0.121841009824788
-2.05456121174057,0.118466392821133,0,1,1,1,54,54,54fl04,O-M,1,0.4227,1.4812,0.908378538935778,0.872329157857325,0.948563147775865,0.771306575190064,0.547150938905407,0.908378538935778,0.872329157857325,0.948563147775865,0.771306575190064,0.547150938905407,2.05456121174057,0.118466392821133
0.773417082160591,0.673994841852795,1,0,1,0,54,54,54fl04,O-M,1,0.3394,2.6164,0.848412626482391,0.887926406162927,0.932559841553838,0.902973988827226,0.749842703477135,0.848412626482391,0.887926406162927,0.932559841553838,0.902973988827226,0.749842703477135,0.773417082160591,0.673994841852795
-1.49267729259481,-0.30474704908565,0,1,1,1,54,54,54fl04,O-M,1,0.168,0.3371,0.858603365920587,0.861791137825209,0.930419779403717,0.823668747328773,0.619720593532862,0.858603365920587,0.861791137825209,0.930419779403717,0.823668747328773,0.619720593532862,1.49267729259481,0.30474704908565
-2.22568143047921,-0.041089939300045,0,1,1,1,54,54,54fl04,O-M,1,0.3485,0.0007,0.922468036338879,0.873172677876891,0.952884898443629,0.747224195379984,0.516387902446586,0.922468036338879,0.873172677876891,0.952884898443629,0.747224195379984,0.516387902446586,2.22568143047921,0.041089939300045
-0.676996731949475,-0.331988374081949,0,1,1,1,54,54,54fl04,O-M,1,0.2745,0.1459,0.765284421738043,0.808169261455745,0.878431768324713,0.830635254719309,0.630050981115183,0.765284421738043,0.808169261455745,0.878431768324713,0.830635254719309,0.630050981115183,0.676996731949475,0.331988374081949
-1.16197160155105,1.31319307480166,0,1,1,1,54,54,54fl04,O-M,1,0.0967,0.1041,0.954419105182194,0.97223893812121,0.985511792120896,0.973681270590586,0.905441051527168,0.954419105182194,0.97223893812121,0.985511792120896,0.973681270590586,0.905441051527168,1.16197160155105,1.31319307480166
0.433045402485392,-1.84680062476899,0,1,0,0,54,54,54fl04,O-M,1,0.1195,0.066,0.158676276196113,0.0781318617356372,0.146371408776458,0.11083294515148,0.0323880206546756,0.841323723803887,0.921868138264363,0.853628591223542,0.88916705484852,0.967611979345324,0.433045402485392,1.84680062476899
0.159240164518728,0.167111616028809,1,0,1,0,54,54,54fl04,O-M,1,0.6499,0.9595,0.667953250713345,0.726989906198225,0.806473450779686,0.785761892949077,0.566358886864912,0.667953250713345,0.726989906198225,0.806473450779686,0.785761892949077,0.566358886864912,0.159240164518728,0.167111616028809
0.759981357962885,0.23910654637617,1,1,1,1,54,54,54fl04,O-M,1,2.4348,0.8085,0.752635782993487,0.789602747702589,0.867940148868153,0.806150235985587,0.594488517141552,0.752635782993487,0.789602747702589,0.867940148868153,0.806150235985587,0.594488517141552,0.759981357962885,0.23910654637617
0.0299092366300266,1.36767572479426,1,1,1,1,54,54,54fl04,O-M,1,0.7614,0.8977,0.932088483773279,0.958324204330167,0.972576660481248,0.976834541125143,0.914293199145481,0.932088483773279,0.958324204330167,0.972576660481248,0.976834541125143,0.914293199145481,0.0299092366300266,1.36767572479426
1.31197374874247,-1.00718407220449,0,0,0,1,54,54,54fl04,O-M,1,0.5656,0.6324,0.199795703229661,0.232455949122721,0.304906109533348,0.351047555193489,0.156923162884144,0.800204296770339,0.767544050877279,0.695093890466652,0.648952444806511,0.843076837115856,1.31197374874247,1.00718407220449
1.53670798442351,0.922085480211944,1,1,1,1,54,54,54fl04,O-M,1,0.2254,0.2823,0.93630481364594,0.952296793587729,0.977467050740326,0.939041332774605,0.821758004995208,0.93630481364594,0.952296793587729,0.977467050740326,0.939041332774605,0.821758004995208,1.53670798442351,0.922085480211944
0.980849198191348,0.369475744572742,1,1,1,1,54,54,54fl04,O-M,1,0.2298,1.7618,0.807361142332693,0.837924658214751,0.904876592604518,0.839928969768917,0.644113425387309,0.807361142332693,0.837924658214751,0.904876592604518,0.839928969768917,0.644113425387309,0.980849198191348,0.369475744572742
1.18428603892111,-1.26597665966933,0,1,0,0,54,54,54fl04,O-M,1,0.4238,0.8895,0.155351936104806,0.166362863034085,0.234535360337881,0.260668308670344,0.102760719329238,0.844648063895194,0.833637136965915,0.765464639662119,0.739331691329656,0.897239280670762,1.18428603892111,1.26597665966933
-0.389208030429324,-1.9888446765354,1,0,0,1,54,54,54fl04,O-M,1,0.3319,0.2162,0.156259468160603,0.0613034234400937,0.123356228806509,0.0862594840486577,0.0233591748906428,0.843740531839397,0.938696576559906,0.87664377119349,0.913740515951342,0.976640825109357,0.389208030429324,1.9888446765354
-0.643842390943627,-0.353392272293326,0,1,1,1,54,54,54fl04,O-M,1,0.5253,0.4729,0.766944385682857,0.811447553790914,0.879891787264393,0.835983244346764,0.638102810803161,0.766944385682857,0.811447553790914,0.879891787264393,0.835983244346764,0.638102810803161,0.643842390943627,0.353392272293326
1.14829634125004,1.64203478368555,1,1,1,1,54,54,54fl04,O-M,1,0.216,0.3109,0.975529663643656,0.986743773536901,0.993156030188455,0.988296485919441,0.949708602156771,0.975529663643656,0.986743773536901,0.993156030188455,0.988296485919441,0.949708602156771,1.14829634125004,1.64203478368555
1.15283935590682,1.20130906142401,1,1,1,1,54,54,54fl04,O-M,1,0.2019,0.4098,0.9443068708406,0.964688371897992,0.981414738333367,0.966074817221548,0.885184331624734,0.9443068708406,0.964688371897992,0.981414738333367,0.966074817221548,0.885184331624734,1.15283935590682,1.20130906142401
-2.03178169853247,1.01840302216314,0,1,1,1,54,54,54fl04,O-M,1,0.2567,0.0145,0.96786874041048,0.973555615385677,0.989907250873405,0.949818181676384,0.845756766718098,0.96786874041048,0.973555615385677,0.989907250873405,0.949818181676384,0.845756766718098,2.03178169853247,1.01840302216314
1.15306489564155,1.0193759266273,1,1,1,1,54,54,54fl04,O-M,1,0.1521,0.721,0.925305453612073,0.949345230387802,0.973056403546258,0.949918733200017,0.845987734788653,0.925305453612073,0.949345230387802,0.973056403546258,0.949918733200017,0.845987734788653,1.15306489564155,1.0193759266273
0.519233801115755,-0.131570054466323,1,0,1,0,54,54,54fl04,O-M,1,0.6645,0.24,0.696262001673418,0.740708388931213,0.826840551105058,0.775253428542875,0.552337813676039,0.696262001673418,0.740708388931213,0.826840551105058,0.775253428542875,0.552337813676039,0.519233801115755,0.131570054466323
-0.0353684065943158,-2.19218170954349,0,0,0,1,54,54,54fl04,O-M,1,0.2648,0.2006,0.203392631973278,0.0485358666892826,0.11476563242004,0.0584999304714979,0.0141831943055185,0.796607368026722,0.951464133310717,0.88523436757996,0.941500069528502,0.985816805694482,0.0353684065943158,2.19218170954349
-1.73887002303765,1.31805759712243,0,1,1,1,54,54,54fl04,O-M,1,0.0568,0.1671,0.972546723016887,0.982105230635134,0.992315460314777,0.97397668398404,0.906257816169611,0.972546723016887,0.982105230635134,0.992315460314777,0.97397668398404,0.906257816169611,1.73887002303765,1.31805759712243
-0.0954908558818886,0.574758586509136,1,1,1,1,54,54,54fl04,O-M,1,0.1596,0.3259,0.779709596225295,0.836684968531795,0.887292875273815,0.884823266124953,0.717272710668487,0.779709596225295,0.836684968531795,0.887292875273815,0.884823266124953,0.717272710668487,0.0954908558818886,0.574758586509136
-1.94597993944736,0.395744165104887,0,1,1,1,54,54,54fl04,O-M,1,0.0645,0.401,0.919790166535599,0.910091720327908,0.962833896707759,0.846238760514918,0.653853114644915,0.919790166535599,0.910091720327908,0.962833896707759,0.846238760514918,0.653853114644915,1.94597993944736,0.395744165104887
0.835569389060766,1.22174005517123,1,1,1,1,54,54,54fl04,O-M,1,0.1575,0.2889,0.934895646690661,0.959560757838,0.976918378658675,0.967585124843956,0.889097028108668,0.934895646690661,0.959560757838,0.976918378658675,0.967585124843956,0.889097028108668,0.835569389060766,1.22174005517123
-0.785062484849003,0.890952537359032,0,0,1,0,54,54,54fl04,O-M,1,0.1204,0.2556,0.887656051347874,0.922516423936739,0.954264863798936,0.935195149179721,0.813522683309449,0.887656051347874,0.922516423936739,0.954264863798936,0.935195149179721,0.813522683309449,0.785062484849003,0.890952537359032
0.780763233520487,-2.25736630864177,0,1,0,0,54,54,54fl04,O-M,1,0.3812,1.1449,0.100390493026013,0.0309197066878913,0.0662922576402108,0.051268572656209,0.0119925975685765,0.899609506973987,0.969080293312109,0.933707742359789,0.948731427343791,0.988007402431423,0.780763233520487,2.25736630864177
1.22497985105948,1.02910497126883,1,1,1,1,54,54,54fl04,O-M,1,0.2024,0.4149,0.930049407484561,0.952368043276678,0.97520964420501,0.950915436372236,0.848284824815485,0.930049407484561,0.952368043276678,0.97520964420501,0.950915436372236,0.848284824815485,1.22497985105948,1.02910497126883
-0.652316240977191,-1.30100122037886,1,0,0,1,54,54,54fl04,O-M,1,0.2189,0.1519,0.190962441694834,0.175150794041368,0.260926537197717,0.24942161453898,0.0966290185007894,0.809037558305166,0.824849205958632,0.739073462802283,0.75057838546102,0.903370981499211,0.652316240977191,1.30100122037886
-1.7505980892438,-0.424414298176534,0,0,1,0,54,54,54fl04,O-M,1,0.1666,0.3281,0.902919813559211,0.901655720968584,0.955744095312974,0.852934998475725,0.664368152516615,0.902919813559211,0.901655720968584,0.955744095312974,0.852934998475725,0.664368152516615,1.7505980892438,0.424414298176534
-0.542478390161899,-0.160757188390929,0,1,1,1,54,54,54fl04,O-M,1,0.1804,0.0007,0.706816244519396,0.751227601959026,0.835114602738619,0.783904361839832,0.563857677349143,0.706816244519396,0.751227601959026,0.835114602738619,0.783904361839832,0.563857677349143,0.542478390161899,0.160757188390929
0.633872426284664,1.52042172566636,1,1,1,1,54,54,54fl04,O-M,1,0.1701,0.066,0.95847256570247,0.976366009099816,0.986132021230389,0.98402805242012,0.935797491199982,0.95847256570247,0.976366009099816,0.986132021230389,0.98402805242012,0.935797491199982,0.633872426284664,1.52042172566636
0.819684947743096,-2.0014924345694,0,0,0,1,54,54,54fl04,O-M,1,0.0929,0.403,0.107306431115556,0.0516156183706353,0.0977177544921151,0.0842867076377188,0.022669674130974,0.892693568884444,0.948384381629365,0.902282245507885,0.915713292362281,0.977330325869026,0.819684947743096,2.0014924345694
0.687389783340751,-1.12587841683123,0,1,0,0,54,54,54fl04,O-M,1,0.9122,0.6249,0.217686386627806,0.220303736579913,0.31063031397905,0.308119350725018,0.13010849308033,0.782313613372194,0.779696263420087,0.68936968602095,0.691880649274982,0.86989150691967,0.687389783340751,1.12587841683123
-2.04669954098699,0.3578008910029,0,1,1,1,54,54,54fl04,O-M,1,0.255,0.0007,0.926373500549386,0.911202057593415,0.964930546614847,0.837071027392009,0.639753838131733,0.926373500549386,0.911202057593415,0.964930546614847,0.837071027392009,0.639753838131733,2.04669954098699,0.3578008910029
0.914153876634395,1.45037260424731,1,1,1,1,54,54,54fl04,O-M,1,0.1582,0.0008,0.958666572409533,0.976133621169528,0.986798323125614,0.981009645088117,0.926522678778612,0.958666572409533,0.976133621169528,0.986798323125614,0.981009645088117,0.926522678778612,0.914153876634395,1.45037260424731
-1.98760813048678,0.718748447203858,0,1,1,1,54,54,54fl04,O-M,1,0.1571,2.2004,0.947997845264667,0.950361289974088,0.980357073112189,0.910435018189562,0.763852036566582,0.947997845264667,0.950361289974088,0.980357073112189,0.910435018189562,0.763852036566582,1.98760813048678,0.718748447203858
-1.4349713404651,-0.450682718708679,0,0,1,0,54,54,54fl04,O-M,1,0.7091,0.6004,0.872514019376962,0.88525769196796,0.941818306645113,0.858896110493956,0.673890880389335,0.872514019376962,0.88525769196796,0.941818306645113,0.858896110493956,0.673890880389335,1.4349713404651,0.450682718708679
-1.92300710646663,-0.25221020802136,0,1,1,1,54,54,54fl04,O-M,1,0.4183,0.1681,0.904616828852313,0.885556033124756,0.95153639708915,0.809729646304531,0.599560705894091,0.904616828852313,0.885556033124756,0.95153639708915,0.809729646304531,0.599560705894091,1.92300710646663,0.25221020802136
-2.13224354037526,-0.135461672322937,0,1,1,1,54,54,54fl04,O-M,1,0.2212,1.6084,0.91855252026888,0.882063968736056,0.954427794914984,0.776418110342009,0.553876567027779,0.91855252026888,0.882063968736056,0.954427794914984,0.776418110342009,0.553876567027779,2.13224354037526,0.135461672322937
0.606259918760843,1.76364784170474,1,1,1,1,54,54,54fl04,O-M,1,0.1423,0.3642,0.974538476715922,0.986446130228721,0.992098642214374,0.991537618035306,0.961104356171372,0.974538476715922,0.986446130228721,0.992098642214374,0.991537618035306,0.961104356171372,0.606259918760843,1.76364784170474
0.383040021298729,1.32875954622812,1,1,1,1,54,54,54fl04,O-M,1,0.8682,0.673,0.934362550080938,0.960168393156223,0.975199976748744,0.97461683970385,0.908036343737812,0.934362550080938,0.960168393156223,0.975199976748744,0.97461683970385,0.908036343737812,0.383040021298729,1.32875954622812
0.514014167254776,0.350990559753825,1,1,1,1,54,54,54fl04,O-M,1,0.3241,0.8741,0.753335327093855,0.802600320222187,0.870825709603655,0.835388667553248,0.637202284674876,0.753335327093855,0.802600320222187,0.870825709603655,0.835388667553248,0.637202284674876,0.514014167254776,0.350990559753825
1.53699796408245,1.45523712656808,1,0,1,0,54,54,54fl04,O-M,1,0.2417,0.4213,0.973991030823159,0.984532182656354,0.992871026976047,0.981233902726407,0.927198187032528,0.973991030823159,0.984532182656354,0.992871026976047,0.981233902726407,0.927198187032528,1.53699796408245,1.45523712656808
-2.20325633685426,1.52334043905882,0,1,1,1,54,54,54fl04,O-M,1,0.3597,0.4947,0.989435372856499,0.993033454877795,0.997582053089266,0.984144341212185,0.936163222568702,0.989435372856499,0.993033454877795,0.997582053089266,0.984144341212185,0.936163222568702,2.20325633685426,1.52334043905882
-1.55908263449282,1.1302870355408,0,0,1,0,54,54,54fl04,O-M,1,0.5432,2.8952,0.954781912417739,0.968979907145908,0.985626835043052,0.960368403439898,0.870822352194079,0.954781912417739,0.968979907145908,0.985626835043052,0.960368403439898,0.870822352194079,1.55908263449282,1.1302870355408
0.0351610904531104,-0.377714883897165,1,1,1,1,54,54,54fl04,O-M,1,0.3902,0.2781,0.720799773161835,0.782945680873111,0.846247878999531,0.841926018209329,0.647178795115581,0.720799773161835,0.782945680873111,0.846247878999531,0.841926018209329,0.647178795115581,0.0351610904531104,0.377714883897165
1.080344441171,-0.280424437481812,1,1,1,1,54,54,54fl04,O-M,1,0.3914,1.041,0.801714063311838,0.824411833526753,0.898847963606601,0.817297684088193,0.610424054765159,0.801714063311838,0.824411833526753,0.898847963606601,0.817297684088193,0.610424054765159,1.080344441171,0.280424437481812
1.32186527710864,1.1721219274994,1,1,1,1,54,54,54fl04,O-M,1,0.751,0.5183,0.948312974626763,0.966342057777371,0.983133752843815,0.963817278766458,0.879425946249176,0.948312974626763,0.966342057777371,0.983133752843815,0.963817278766458,0.879425946249176,1.32186527710864,1.1721219274994
-2.18869291398289,0.0853876410399132,0,1,1,1,54,54,54fl04,O-M,1,0.3732,0.2565,0.921285478113577,0.877972757212683,0.953984451835587,0.761172082171433,0.53402339085041,0.921285478113577,0.877972757212683,0.953984451835587,0.761172082171433,0.53402339085041,2.18869291398289,0.0853876410399132
-0.168694609784014,-0.452628527636986,1,1,1,1,54,54,54fl04,O-M,1,0.6418,0.4645,0.751495145160619,0.809845563082717,0.868900554003974,0.859331061912545,0.674591873466465,0.751495145160619,0.809845563082717,0.868900554003974,0.859331061912545,0.674591873466465,0.168694609784014,0.452628527636986
0.320919934360658,1.07385857661989,1,1,1,1,54,54,54fl04,O-M,1,0.3593,1.2968,0.8969011268505,0.932910331933478,0.95705867434271,0.955297887287228,0.858556964270532,0.8969011268505,0.932910331933478,0.95705867434271,0.955297887287228,0.858556964270532,0.320919934360658,1.07385857661989
-1.90241855068166,1.75294589259905,0,1,1,1,54,54,54fl04,O-M,1,0.2043,0.455,0.990284895493702,0.994683005498484,0.99788219004423,0.991287995190838,0.960194352462729,0.990284895493702,0.994683005498484,0.99788219004423,0.991287995190838,0.960194352462729,1.90241855068166,1.75294589259905
1.02834142233384,1.41437513907363,1,1,1,1,54,54,54fl04,O-M,1,0.2639,0.3607,0.958646696312119,0.975814231333021,0.986976705276937,0.979278249037915,0.921374107192532,0.958646696312119,0.975814231333021,0.986976705276937,0.979278249037915,0.921374107192532,1.02834142233384,1.41437513907363
-0.0787042556252834,0.921112575747791,1,1,1,1,54,54,54fl04,O-M,1,0.3308,0.409,0.860308676537116,0.904870811371663,0.935950235917545,0.938923902805712,0.821504172402185,0.860308676537116,0.904870811371663,0.935950235917545,0.938923902805712,0.821504172402185,0.0787042556252834,0.921112575747791
-1.10677880646552,1.03202368466129,0,1,1,1,54,54,54fl04,O-M,1,0.1454,0.2572,0.924441303461503,0.949222270109533,0.972655145450607,0.951211337805906,0.848969488845579,0.924441303461503,0.949222270109533,0.972655145450607,0.951211337805906,0.848969488845579,1.10677880646552,1.03202368466129
-0.73579816279075,-0.242481163379825,0,1,1,1,54,54,54fl04,O-M,1,0.2338,1.537,0.750519074949134,0.788727042036348,0.866701389110139,0.807075951619117,0.595796324571021,0.750519074949134,0.788727042036348,0.866701389110139,0.807075951619117,0.595796324571021,0.73579816279075,0.242481163379825
-1.68312948859633,1.43967065514162,0,1,1,1,54,54,54fl04,O-M,1,0.1083,2.8497,0.976737010332505,0.985794840784447,0.993789597961735,0.980508244846442,0.925019700304959,0.976737010332505,0.985794840784447,0.993789597961735,0.980508244846442,0.925019700304959,1.68312948859633,1.43967065514162
-1.64240345649586,1.7101380961763,0,1,1,1,54,54,54fl04,O-M,1,0.4915,0.4416,0.985903329429249,0.992385712472196,0.996642816579329,0.990223805122618,0.956379830221256,0.985903329429249,0.992385712472196,0.996642816579329,0.990223805122618,0.956379830221256,1.64240345649586,1.7101380961763
-1.10313795074767,1.74224394349337,0,1,1,1,54,54,54fl04,O-M,1,0.2063,0.25,0.979573010740269,0.989303883800932,0.994431709887142,0.991031939169279,0.95926711616994,0.979573010740269,0.989303883800932,0.994431709887142,0.991031939169279,0.95926711616994,1.10313795074767,1.74224394349337
-1.08238829515218,0.881223492717496,0,1,1,1,54,54,54fl04,O-M,1,0.3373,0.2808,0.903880089219883,0.931906461156548,0.962711285987322,0.933955340910547,0.810901566896746,0.903880089219883,0.931906461156548,0.962711285987322,0.933955340910547,0.810901566896746,1.08238829515218,0.881223492717496
0.984167854288144,0.652590943641418,1,1,1,1,54,54,54fl04,O-M,1,0.6567,0.472,0.861156705788015,0.894380306635161,0.93957326440281,0.899248504662246,0.742989987200395,0.861156705788015,0.894380306635161,0.93957326440281,0.899248504662246,0.742989987200395,0.984167854288144,0.652590943641418
-1.50082894300733,1.73446070778014,0,1,1,1,54,54,54fl04,O-M,1,0.3191,0.351,0.984711165264144,0.991910432785544,0.996256093785623,0.990841598519174,0.958581814182747,0.984711165264144,0.991910432785544,0.996256093785623,0.990841598519174,0.958581814182747,1.50082894300733,1.73446070778014
0.155116009369313,-0.209402411598605,1,1,1,1,54,54,54fl04,O-M,1,0.8724,0.5852,0.680274040921704,0.739947141791631,0.816284324358058,0.797885614968675,0.582932944843135,0.680274040921704,0.739947141791631,0.816284324358058,0.797885614968675,0.582932944843135,0.155116009369313,0.209402411598605
-1.77495638059504,0.725558778452932,0,1,1,1,54,54,54fl04,O-M,1,0.1255,0.0007,0.93404598604838,0.942120983630116,0.974802944481633,0.911531941866936,0.765945350412258,0.93404598604838,0.942120983630116,0.974802944481633,0.911531941866936,0.765945350412258,1.77495638059504,0.725558778452932
0.0015878899398997,-1.8652858095879,0,0,0,1,54,54,54fl04,O-M,1,0.176,0.4904,0.224959878662301,0.0891012481665693,0.17827082606318,0.107377596576222,0.0310706765683262,0.775040121337699,0.910898751833431,0.82172917393682,0.892622403423778,0.968929323431674,0.0015878899398997,1.8652858095879
-1.32204037328774,0.0435527490813116,0,1,1,1,54,54,54fl04,O-M,1,0.5572,0.5768,0.793133531948536,0.785664651954932,0.882375659731692,0.748010754004125,0.517369541650187,0.793133531948536,0.785664651954932,0.882375659731692,0.748010754004125,0.517369541650187,1.32204037328774,0.0435527490813116
-1.03389725218444,0.57573149097329,0,1,1,1,54,54,54fl04,O-M,1,0.2275,0.2637,0.851982100459656,0.883460023507473,0.933793841624,0.885012205278815,0.717601656767179,0.851982100459656,0.883460023507473,0.933793841624,0.885012205278815,0.717601656767179,1.03389725218444,0.57573149097329
-0.239642966338802,0.079550214254992,1,0,1,0,54,54,54fl04,O-M,1,0.3823,0.1147,0.64976011194638,0.704106339816083,0.791143678641597,0.759358482232715,0.531702503536749,0.64976011194638,0.704106339816083,0.791143678641597,0.759358482232715,0.531702503536749,0.239642966338802,0.079550214254992
1.27859386800189,-0.0157944232320534,1,1,1,1,54,54,54fl04,O-M,1,0.223,0.6809,0.781213153304364,0.773838276453297,0.873739284979858,0.739071224858277,0.506300801250422,0.781213153304364,0.773838276453297,0.873739284979858,0.739071224858277,0.506300801250422,1.27859386800189,0.0157944232320534
0.248070600041686,-0.367985839255629,1,1,1,1,54,54,54fl04,O-M,1,0.4214,1.4722,0.734103190989168,0.79151206117977,0.857036132909271,0.839566084531596,0.643558103435013,0.734103190989168,0.79151206117977,0.857036132909271,0.839566084531596,0.643558103435013,0.248070600041686,0.367985839255629
1.07541478696896,1.17114902303525,1,1,1,1,54,54,54fl04,O-M,1,0.2172,0.2736,0.938336013927692,0.960680001509871,0.978818324851013,0.963739958632303,0.879230559186395,0.938336013927692,0.960680001509871,0.978818324851013,0.963739958632303,0.879230559186395,1.07541478696896,1.17114902303525
-0.831362570393613,1.10888313732942,0,1,1,1,54,54,54fl04,O-M,1,0.1387,0.249,0.921316134445759,0.949323556952344,0.970844937497121,0.958503097105541,0.866259700406648,0.921316134445759,0.949323556952344,0.970844937497121,0.958503097105541,0.866259700406648,0.831362570393613,1.10888313732942
-0.0390737022363687,-0.398145877644389,1,0,1,0,54,54,54fl04,O-M,1,0.3539,0.2906,0.72704921840687,0.788833734611229,0.850775485770966,0.846807333384359,0.654738670833535,0.72704921840687,0.788833734611229,0.850775485770966,0.846807333384359,0.654738670833535,0.0390737022363687,0.398145877644389
-1.16992993219094,-2.10851192562628,1,0,0,1,54,54,54fl04,O-M,1,0.3393,0.2647,0.075306266504716,0.037487552074572,0.0701925204248495,0.0689281175591986,0.0174933661524195,0.924693733495284,0.962512447925428,0.929807479575151,0.931071882440801,0.982506633847581,1.16992993219094,2.10851192562628
-1.34684974410845,0.510546891875003,0,1,1,1,54,54,54fl04,O-M,1,0.2285,0.3047,0.871872275062698,0.890140937149693,0.942892249594418,0.8718620143875,0.695165814161589,0.871872275062698,0.890140937149693,0.942892249594418,0.8718620143875,0.695165814161589,1.34684974410845,0.510546891875003
0.574458816163397,-0.355338081221633,1,1,1,1,54,54,54fl04,O-M,1,0.2193,0.5928,0.760379324616597,0.807513785199946,0.875613291271957,0.836463932998543,0.638831835100133,0.760379324616597,0.807513785199946,0.875613291271957,0.836463932998543,0.638831835100133,0.574458816163397,0.355338081221633
0.737072964906366,0.641888994535729,1,0,1,0,54,54,54fl04,O-M,1,0.2996,0.4247,0.839331168858015,0.88031819130566,0.927188041800746,0.897347111124682,0.739527369758115,0.839331168858015,0.88031819130566,0.927188041800746,0.897347111124682,0.739527369758115,0.737072964906366,0.641888994535729
-2.01328744028431,0.784905950766297,0,1,1,1,54,54,54fl04,O-M,1,0.3418,0.5136,0.953882762705464,0.957111307577962,0.983301215025809,0.920670525264064,0.783745643605294,0.953882762705464,0.957111307577962,0.983301215025809,0.920670525264064,0.783745643605294,2.01328744028431,0.784905950766297
-1.05232707050839,-1.2854347489524,1,0,0,1,54,54,54fl04,O-M,1,0.4614,0.2167,0.160406758164938,0.165434027699951,0.237030455643445,0.254388090619444,0.0993202024091673,0.839593241835062,0.834565972300049,0.762969544356555,0.745611909380556,0.900679797590833,1.05232707050839,1.2854347489524
-1.10213913192242,1.51458429888144,0,1,1,1,54,54,54fl04,O-M,1,0.42,0.2249,0.967412691716523,0.981560009242246,0.990308376294085,0.983793280160644,0.935061144564398,0.967412691716523,0.981560009242246,0.990308376294085,0.983793280160644,0.935061144564398,1.10213913192242,1.51458429888144
-0.092397739519827,0.2196484570931,1,0,1,0,54,54,54fl04,O-M,1,0.8552,0.5294,0.67788595238482,0.739363347820574,0.814272095396925,0.800759918849514,0.586927525227979,0.67788595238482,0.739363347820574,0.814272095396925,0.800759918849514,0.586927525227979,0.092397739519827,0.2196484570931
-1.4986702055463,0.960028754313932,0,1,1,1,54,54,54fl04,O-M,1,0.9949,0.5775,0.937673622764217,0.954454825206276,0.978238108679357,0.943484903988654,0.831479628293675,0.937673622764217,0.954454825206276,0.978238108679357,0.943484903988654,0.831479628293675,1.4986702055463,0.960028754313932
-0.0889179836125077,-1.43234332303959,0,0,0,1,54,54,54fl04,O-M,1,0.2921,0.2977,0.246876123657084,0.168721346338149,0.276834085087582,0.209645162533336,0.0760227951202536,0.753123876342916,0.831278653661851,0.723165914912418,0.790354837466664,0.923977204879746,0.0889179836125077,1.43234332303959
-2.05655884939107,0.345153132968904,0,0,1,0,54,54,54fl04,O-M,1,0.2354,0.6329,0.926346477381685,0.910029587359035,0.964602603241282,0.833937717685557,0.635010374708296,0.926346477381685,0.910029587359035,0.964602603241282,0.833937717685557,0.635010374708296,2.05655884939107,0.345153132968904
0.764911012164921,-1.79037216584808,0,0,0,1,54,54,54fl04,O-M,1,0.3746,0.2657,0.125556417224787,0.0779101619386497,0.136282271379167,0.12187153723051,0.0366970509299996,0.874443582775213,0.92208983806135,0.863717728620833,0.87812846276949,0.96330294907,0.764911012164921,1.79037216584808
-1.34382106767059,0.489142993663626,0,1,1,1,54,54,54fl04,O-M,1,0.2567,0.328,0.86838836512213,0.886215921525251,0.940684167439365,0.867324633802764,0.68762976750148,0.86838836512213,0.886215921525251,0.940684167439365,0.867324633802764,0.68762976750148,1.34382106767059,0.489142993663626
-0.529461525471556,-0.25221020802136,0,0,1,0,54,54,54fl04,O-M,1,0.4484,0.1676,0.729405431900785,0.77678507568381,0.853004160215631,0.809729646304531,0.599560705894091,0.729405431900785,0.77678507568381,0.853004160215631,0.809729646304531,0.599560705894091,0.529461525471556,0.25221020802136
-0.15413118691264,-2.30114700952868,0,0,0,1,54,54,54fl04,O-M,1,0.2978,0.2138,0.179054963696196,0.0368593014833696,0.0908978020397417,0.0468243795770495,0.0106916614670276,0.820945036303804,0.96314069851663,0.909102197960258,0.95317562042295,0.989308338532972,0.15413118691264,2.30114700952868
-0.304727289790516,-1.62595131140614,0,0,0,1,54,54,54fl04,O-M,1,0.2082,0.2155,0.193383722368268,0.118051771598788,0.20464383762108,0.158350306398143,0.0519800066588224,0.806616277631732,0.881948228401212,0.79535616237892,0.841649693601857,0.948019993341178,0.304727289790516,1.62595131140614
1.35002552398825,-0.0128757098395928,1,0,1,0,54,54,54fl04,O-M,1,0.5355,0.5368,0.792521320019324,0.780231194942378,0.880083480714478,0.738121869904148,0.505136523119326,0.792521320019324,0.780231194942378,0.880083480714478,0.738121869904148,0.505136523119326,1.35002552398825,0.0128757098395928
-1.98293623598158,1.75100008367075,0,1,1,1,54,54,54fl04,O-M,1,0.2064,0.4321,0.991146520345159,0.995084050621914,0.998108058042742,0.991241922001837,0.960027052198275,0.991146520345159,0.995084050621914,0.998108058042742,0.991241922001837,0.960027052198275,1.98293623598158,1.75100008367075
-0.703288221026999,-0.128651341073862,0,0,1,0,54,54,54fl04,O-M,1,0.5381,1.3518,0.718681515033705,0.754071547028273,0.841895478192547,0.774377664009047,0.551183230235738,0.718681515033705,0.754071547028273,0.841895478192547,0.774377664009047,0.551183230235738,0.703288221026999,0.128651341073862
-2.18940175314919,0.999917837344226,0,1,1,1,54,54,54fl04,O-M,1,0.4889,0.144,0.973223916810114,0.976278169400512,0.991631576200601,0.947876953595689,0.841324864294461,0.973223916810114,0.976278169400512,0.991631576200601,0.947876953595689,0.841324864294461,2.18940175314919,0.999917837344226
-1.77286208305823,-0.162702997319236,0,1,1,1,54,54,54fl04,O-M,1,0.4209,1.12,0.87703580091843,0.856200657577762,0.934265634717107,0.784474150773123,0.564623856539789,0.87703580091843,0.856200657577762,0.934265634717107,0.784474150773123,0.564623856539789,1.77286208305823,0.162702997319236
0.551582643068983,-0.449709814244525,1,1,1,1,54,54,54fl04,O-M,1,0.6116,0.4889,0.781356962979947,0.82956399357785,0.890299502249452,0.85867829314741,0.673540153093466,0.781356962979947,0.82956399357785,0.890299502249452,0.85867829314741,0.673540153093466,0.551582643068983,0.449709814244525
1.5185681457585,1.7646207461689,1,1,1,1,54,54,54fl04,O-M,1,0.2573,0.2576,0.985898996251059,0.992620269388806,0.996607190268326,0.991559996658733,0.961186236808095,0.985898996251059,0.992620269388806,0.996607190268326,0.991559996658733,0.961186236808095,1.5185681457585,1.7646207461689
-0.349061957646733,-0.0683312642963437,1,0,1,0,54,54,54fl04,O-M,1,0.7817,0.3532,0.65861626876045,0.708225570428443,0.797600939280502,0.755851974964931,0.527239031513199,0.65861626876045,0.708225570428443,0.797600939280502,0.755851974964931,0.527239031513199,0.349061957646733,0.0683312642963437
-1.33666823608333,-0.0459544616208126,0,1,1,1,54,54,54fl04,O-M,1,1.2286,1.5823,0.795900613192966,0.787741474671448,0.884104691577873,0.748776554063369,0.518326727051375,0.795900613192966,0.787741474671448,0.884104691577873,0.748776554063369,0.518326727051375,1.33666823608333,0.0459544616208126
1.27695064993454,1.11277475518603,1,1,1,1,54,54,54fl04,O-M,1,0.1751,0.3454,0.941031083879315,0.960894466665044,0.980063892547948,0.958847437107721,0.867097409915374,0.941031083879315,0.960894466665044,0.980063892547948,0.958847437107721,0.867097409915374,1.27695064993454,1.11277475518603
1.28104258512185,1.2411981444543,1,1,1,1,54,54,54fl04,O-M,1,0.1419,0.1199,0.952552733115634,0.970049902404106,0.984853804802129,0.968971509180533,0.892733719929745,0.952552733115634,0.970049902404106,0.984853804802129,0.968971509180533,0.892733719929745,1.28104258512185,1.2411981444543
-1.3485574021,1.04564434715944,0,1,1,1,54,54,54fl04,O-M,1,0.2995,0.0897,0.937935040686447,0.957342717157335,0.978658718496831,0.952573409135424,0.85213736684711,0.937935040686447,0.957342717157335,0.978658718496831,0.952573409135424,0.85213736684711,1.3485574021,1.04564434715944
-1.38409602030161,1.74516265688583,0,1,1,1,54,54,54fl04,O-M,1,0.126,0.1133,0.983489923133556,0.991345445753577,0.99584298693483,0.991102418344387,0.959521720265099,0.983489923133556,0.991345445753577,0.99584298693483,0.991102418344387,0.959521720265099,1.38409602030161,1.74516265688583
-0.544862667357655,0.565029541867601,0,1,1,1,54,54,54fl04,O-M,1,0.1475,0.0693,0.807912909876463,0.855367867284348,0.907717684530618,0.882921728160816,0.713973164659216,0.807912909876463,0.855367867284348,0.907717684530618,0.882921728160816,0.713973164659216,0.544862667357655,0.565029541867601
-0.0142965513777709,-1.89544584797666,0,1,0,0,54,54,54fl04,O-M,1,0.864,0.5142,0.220859908456468,0.0841918504906709,0.170689141963176,0.101907804742636,0.0290166797561205,0.779140091543532,0.915808149509329,0.829310858036824,0.898092195257364,0.970983320243879,0.0142965513777709,1.89544584797666
-0.185223450343781,-1.67362363014966,0,1,0,0,54,54,54fl04,O-M,1,0.1369,0.2148,0.207128316119711,0.113852894391289,0.204085794838524,0.147104390547666,0.0471022957127846,0.792871683880289,0.886147105608711,0.795914205161476,0.852895609452334,0.952897704287215,0.185223450343781,1.67362363014966
-0.112857415456381,0.7304233007737,1,1,1,1,54,54,54fl04,O-M,1,0.3005,0.1989,0.819631634402472,0.87135100439705,0.912570814793888,0.91230930900982,0.767434260027786,0.819631634402472,0.87135100439705,0.912570814793888,0.91230930900982,0.767434260027786,0.112857415456381,0.7304233007737
-1.5261216132596,-0.523650553520193,1,0,0,1,54,54,54fl04,O-M,1,0.2216,0.674,0.328199601867113,0.390276411951558,0.462615372264246,0.540240525929378,0.300260806527622,0.671800398132887,0.609723588048442,0.537384627735754,0.459759474070622,0.699739193472378,1.5261216132596,0.523650553520193
-1.29900310038281,-0.613157764222317,1,0,0,1,54,54,54fl04,O-M,1,0.5317,0.728,0.307573091083563,0.364649832153531,0.442512375176542,0.504600694208353,0.269886014328355,0.692426908916437,0.635350167846469,0.557487624823458,0.495399305791647,0.730113985671645,1.29900310038281,0.613157764222317
-1.77756619752553,-0.987725982921424,1,0,0,1,54,54,54fl04,O-M,1,0.2221,0.2974,0.186716595461472,0.225922522997168,0.287253072275319,0.358289095828149,0.161643432903686,0.813283404538528,0.774077477002832,0.712746927724681,0.641710904171851,0.838356567096314,1.77756619752553,0.987725982921424
-1.81030167902401,0.820903415939978,0,1,1,1,54,54,54fl04,O-M,1,0.2948,0.8164,0.944193196916708,0.95278130084818,0.979870861108416,0.92585439786641,0.794149357411955,0.944193196916708,0.95278130084818,0.979870861108416,0.92585439786641,0.794149357411955,1.81030167902401,0.820903415939978
-1.00151619026911,0.997972028415919,0,1,1,1,54,54,54fl04,O-M,1,0.1632,0.1543,0.914914600453612,0.94261560384859,0.968131716295751,0.947669190349416,0.840853538742662,0.914914600453612,0.94261560384859,0.968131716295751,0.947669190349416,0.840853538742662,1.00151619026911,0.997972028415919
0.373084053008343,0.310128572259377,1,1,1,1,54,54,54fl04,O-M,1,0.3987,0.8715,0.729108985173543,0.78286487103385,0.853523397365086,0.825059161127364,0.621768407409157,0.729108985173543,0.78286487103385,0.853523397365086,0.825059161127364,0.621768407409157,0.373084053008343,0.310128572259377
1.49350101524096,0.533896599014688,1,1,1,1,54,54,54fl04,O-M,1,0.2889,0.407,0.889758783604219,0.902803773077754,0.952071111881619,0.876687684026973,0.70329346239286,0.889758783604219,0.902803773077754,0.952071111881619,0.876687684026973,0.70329346239286,1.49350101524096,0.533896599014688
-0.0954908558818886,0.280941438334772,1,1,1,1,54,54,54fl04,O-M,1,0.1606,0.2886,0.696611372908232,0.758153266978035,0.828723183792164,0.817434584766137,0.61062234157657,0.696611372908232,0.758153266978035,0.828723183792164,0.817434584766137,0.61062234157657,0.0954908558818886,0.280941438334772
-0.785674664128994,-2.66987780144287,1,0,0,1,54,54,54fl04,O-M,1,0.3237,0.1791,0.0898388939284238,0.0118990644156708,0.0318233634653564,0.0204181856489469,0.003793942814679,0.910161106071576,0.988100935584329,0.968176636534644,0.979581814351053,0.996206057185321,0.785674664128994,2.66987780144287
-0.211063859951837,-0.102382920541717,1,1,1,1,54,54,54fl04,O-M,1,0.2192,0.4094,0.653585398291729,0.709606976677226,0.794541530974585,0.766409433392982,0.540773630069432,0.653585398291729,0.709606976677226,0.794541530974585,0.766409433392982,0.540773630069432,0.211063859951837,0.102382920541717
1.1728157324118,-0.445818196387911,1,0,1,0,54,54,54fl04,O-M,1,0.1663,0.3675,0.843137386184765,0.867123676776978,0.926627397656327,0.857804745436711,0.672135711708906,0.843137386184765,0.867123676776978,0.926627397656327,0.857804745436711,0.672135711708906,1.1728157324118,0.445818196387911
-0.418785955641538,-0.436089151746376,0,0,1,0,54,54,54fl04,O-M,1,0.409,0.5377,0.766457655485324,0.818768828658095,0.880156871090144,0.855604917339756,0.66861397615609,0.766457655485324,0.818768828658095,0.880156871090144,0.855604917339756,0.66861397615609,0.418785955641538,0.436089151746376
-1.86768543153268,1.47664102477945,0,1,1,1,54,54,54fl04,O-M,1,0.0852,0.0898,0.982240943628223,0.988982849700721,0.995530912296059,0.982194051900381,0.930114055705488,0.982240943628223,0.988982849700721,0.995530912296059,0.982194051900381,0.930114055705488,1.86768543153268,1.47664102477945
1.11423984130526,-1.70962109532334,0,0,0,1,54,54,54fl04,O-M,1,0.5309,0.2337,0.104050394958406,0.082365788057164,0.133778823419478,0.138976142633175,0.0436679810731661,0.895949605041594,0.917634211942836,0.866221176580522,0.861023857366825,0.956332018926834,1.11423984130526,1.70962109532334
0.591567616041051,1.43772484621331,1,1,1,1,54,54,54fl04,O-M,1,1.6081,0.2007,0.950427638127848,0.97106256465256,0.98279588130647,0.980415883364375,0.924743929777483,0.950427638127848,0.97106256465256,0.98279588130647,0.980415883364375,0.924743929777483,0.591567616041051,1.43772484621331
-2.04031998849024,1.68776129350077,0,1,1,1,54,54,54fl04,O-M,1,0.1816,0.2253,0.990577387208385,0.994540396557835,0.997951520010306,0.989623593644528,0.954271469750887,0.990577387208385,0.994540396557835,0.997951520010306,0.989623593644528,0.954271469750887,2.04031998849024,1.68776129350077
-0.51360930411599,0.722640065060472,0,1,1,1,54,54,54fl04,O-M,1,0.1308,0.1584,0.840232863398945,0.885308557780552,0.927314193179671,0.911063063613422,0.765049476669632,0.840232863398945,0.885308557780552,0.927314193179671,0.911063063613422,0.765049476669632,0.51360930411599,0.722640065060472
-0.372002570665356,-1.60552031765891,0,1,0,0,54,54,54fl04,O-M,1,0.4131,0.6881,0.186008002569246,0.119409177512839,0.203758133348354,0.163338274088345,0.0541896727555775,0.813991997430754,0.880590822487161,0.796241866651646,0.836661725911655,0.945810327244422,0.372002570665356,1.60552031765891
-1.39595296635617,-0.382579406217932,0,0,1,0,54,54,54fl04,O-M,1,0.1715,0.1534,0.858217237441178,0.869968691398901,0.932759029193225,0.843097396293014,0.648984178952619,0.858217237441178,0.869968691398901,0.932759029193225,0.843097396293014,0.648984178952619,1.39595296635617,0.382579406217932
-0.363818700290735,-2.34590061487974,0,0,0,1,54,54,54fl04,O-M,1,0.6882,0.1413,0.145874797683574,0.0303693275225134,0.0738917559624198,0.0426063288417675,0.009490583996139,0.854125202316426,0.969630672477487,0.92610824403758,0.957393671158232,0.990509416003861,0.363818700290735,2.34590061487974
-2.02140687073472,0.0231217553340876,0,1,1,1,54,54,54fl04,O-M,1,0.1501,0.5832,0.896402475335162,0.850477549954096,0.938082404362084,0.741446725225795,0.509223423961534,0.896402475335162,0.850477549954096,0.938082404362084,0.741446725225795,0.509223423961534,2.02140687073472,0.0231217553340876
-1.99853069764031,0.656482561498032,0,0,1,0,54,54,54fl04,O-M,1,0.1268,0.1518,0.944439870810807,0.944831150944606,0.97819720817267,0.899933513169743,0.744243157898908,0.944439870810807,0.944831150944606,0.97819720817267,0.899933513169743,0.744243157898908,1.99853069764031,0.656482561498032
-2.08481575615698,-0.30182833569319,0,0,1,0,54,54,54fl04,O-M,1,0.156,0.5037,0.925822025689248,0.905561193357426,0.963226617751041,0.822911728545556,0.618608535555402,0.925822025689248,0.905561193357426,0.963226617751041,0.822911728545556,0.618608535555402,2.08481575615698,0.30182833569319
-1.87609484164203,0.231323310662942,0,1,1,1,54,54,54fl04,O-M,1,0.7745,0.2969,0.897185102040494,0.878135134308444,0.947154749959274,0.804004860681063,0.591468180776916,0.897185102040494,0.878135134308444,0.947154749959274,0.804004860681063,0.591468180776916,1.87609484164203,0.231323310662942
-1.85905048168859,-0.022604754481128,0,1,1,1,54,54,54fl04,O-M,1,0.2044,0.0007,0.873988642147558,0.834355940010027,0.92594457386427,0.741279483000269,0.509017224364819,0.873988642147558,0.834355940010027,0.92594457386427,0.741279483000269,0.509017224364819,1.85905048168859,0.022604754481128
-1.95542038834407,0.893871250751492,0,1,1,1,54,54,54fl04,O-M,1,0.132,0.1761,0.957460051079771,0.963566489455758,0.985502913281111,0.935563545991512,0.814304609287891,0.957460051079771,0.963566489455758,0.985502913281111,0.935563545991512,0.814304609287891,1.95542038834407,0.893871250751492
-1.87422608383995,0.54265273919207,0,1,1,1,54,54,54fl04,O-M,1,0.1335,0.1288,0.925929943937727,0.925801426564899,0.968670391052152,0.878464057799777,0.706315540098812,0.925929943937727,0.925801426564899,0.968670391052152,0.878464057799777,0.706315540098812,1.87422608383995,0.54265273919207
-1.10001261442351,-0.0381712259075845,0,1,1,1,54,54,54fl04,O-M,1,0.1357,0.3853,0.756389929292923,0.762644593265238,0.860533476731074,0.746290361687167,0.515224418715391,0.756389929292923,0.762644593265238,0.860533476731074,0.746290361687167,0.515224418715391,1.10001261442351,0.0381712259075845
-0.97238934452636,-0.378687788361318,0,1,1,1,54,54,54fl04,O-M,1,0.5926,1.3031,0.808259142442897,0.839435577660145,0.905633981070208,0.842160751888341,0.647540138676531,0.808259142442897,0.839435577660145,0.905633981070208,0.842160751888341,0.647540138676531,0.97238934452636,0.378687788361318
-1.80002351111258,1.71889423635368,0,1,1,1,54,54,54fl04,O-M,1,0.1105,0.05,0.988259911316091,0.993568944236506,0.997328826706712,0.990450282008648,0.95718318408055,0.988259911316091,0.993568944236506,0.997328826706712,0.990450282008648,0.95718318408055,1.80002351111258,1.71889423635368
0.305615452360874,-0.871950351687155,0,1,0,0,54,54,54fl04,O-M,1,0.1874,0.1121,0.312474900659009,0.3195920262236,0.430571514866387,0.40235346725034,0.191617731581992,0.687525099340991,0.6804079737764,0.569428485133613,0.59764653274966,0.808382268418008,0.305615452360874,0.871950351687155
-1.48639439998437,0.241052355304477,0,1,1,1,54,54,54fl04,O-M,1,0.4223,1.6256,0.848662485199016,0.848071591536096,0.922855702786997,0.806684334967018,0.595242730515886,0.848662485199016,0.848071591536096,0.922855702786997,0.806684334967018,0.595242730515886,1.48639439998437,0.241052355304477
0.265404939654073,-2.01219438367509,0,0,0,1,54,54,54fl04,O-M,1,0.7437,0.2697,0.172802600140543,0.0616071542787988,0.127759273402129,0.082644045767284,0.0220997251539216,0.827197399859457,0.938392845721201,0.872240726597871,0.917355954232716,0.977900274846078,0.265404939654073,2.01219438367509
-0.433832677944484,1.01451140430653,0,1,1,1,54,54,54fl04,O-M,1,0.1828,0.2958,0.891241177823216,0.928216761566302,0.954800301639122,0.949414365288648,0.844830604772918,0.891241177823216,0.928216761566302,0.954800301639122,0.949414365288648,0.844830604772918,0.433832677944484,1.01451140430653
-2.03564809398505,0.637997376679115,0,0,1,0,54,54,54fl04,O-M,1,0.1682,1.0574,0.945744035999758,0.944637771776887,0.978487302054112,0.896649268763772,0.738262306121678,0.945744035999758,0.944637771776887,0.978487302054112,0.896649268763772,0.738262306121678,2.03564809398505,0.637997376679115
-2.06851245533195,0.668157415067874,0,1,1,1,54,54,54fl04,O-M,1,0.2054,0.3362,0.949927689076434,0.949008426840457,0.980544898500129,0.901968124440886,0.747983442318985,0.949927689076434,0.949008426840457,0.980544898500129,0.901968124440886,0.747983442318985,2.06851245533195,0.668157415067874
-0.035658386253259,-2.11434935241121,0,0,0,1,54,54,54fl04,O-M,1,0.2553,0.3892,0.206362557390495,0.0562868404107759,0.127471784129444,0.068156946625472,0.0172427200322015,0.793637442609505,0.943713159589224,0.872528215870556,0.931843053374528,0.982757279967798,0.035658386253259,2.11434935241121
0.362161485854813,-0.851519357939931,0,0,0,1,54,54,54fl04,O-M,1,0.3052,0.2742,0.31059039879633,0.323199354430209,0.431791860707708,0.410278314367445,0.19724045735211,0.68940960120367,0.676800645569791,0.568208139292292,0.589721685632555,0.80275954264789,0.362161485854813,0.851519357939931
1.3095250316225,0.969757798955467,1,0,1,0,54,54,54fl04,O-M,1,0.47,0.9593,0.928118490405281,0.949345847196935,0.974223283741465,0.944582141094959,0.833916383648033,0.928118490405281,0.949345847196935,0.974223283741465,0.944582141094959,0.833916383648033,1.3095250316225,0.969757798955467
-1.17276528885617,0.560165019546833,0,1,1,1,54,54,54fl04,O-M,1,0.2098,0.2406,0.862356736614936,0.888481450629568,0.939026194901228,0.881962662219246,0.712316557771879,0.862356736614936,0.888481450629568,0.939026194901228,0.881962662219246,0.712316557771879,1.17276528885617,0.560165019546833
1.2465350057076,0.63118704543004,1,1,1,1,54,54,54fl04,O-M,1,0.207,0.6019,0.880197255541045,0.904314385052573,0.949138299303235,0.895419769233053,0.736040884333765,0.880197255541045,0.904314385052573,0.949138299303235,0.895419769233053,0.736040884333765,1.2465350057076,0.63118704543004
-0.152649068655819,-0.0761145000095719,1,0,1,0,54,54,54fl04,O-M,1,0.3424,1.5846,0.639703532187108,0.697067095522503,0.78312408853757,0.758287563352314,0.530335997866568,0.639703532187108,0.697067095522503,0.78312408853757,0.758287563352314,0.530335997866568,0.152649068655819,0.0761145000095719
0.207570107675941,1.59144375154957,1,1,1,1,54,54,54fl04,O-M,1,0.1877,0.218,0.95789833303894,0.975831226654227,0.984730353600016,0.986658836893554,0.944245127676237,0.95789833303894,0.975831226654227,0.984730353600016,0.986658836893554,0.944245127676237,0.207570107675941,1.59144375154957
1.26754242099994,0.787824664158758,1,1,1,1,54,54,54fl04,O-M,1,0.1077,0.2719,0.90374936764687,0.927523177745364,0.962174039376869,0.921100798786241,0.784600363931937,0.90374936764687,0.927523177745364,0.962174039376869,0.921100798786241,0.784600363931937,1.26754242099994,0.787824664158758
-0.162733916794624,1.62744121672325,1,1,1,1,54,54,54fl04,O-M,1,0.472,0.2645,0.960358370814308,0.977355103057486,0.98561923034363,0.987843017343007,0.948178288138854,0.960358370814308,0.977355103057486,0.98561923034363,0.987843017343007,0.948178288138854,0.162733916794624,1.62744121672325
-0.0509628682530431,0.288724674048,1,1,1,1,54,54,54fl04,O-M,1,0.1883,0.2549,0.69544285774196,0.758006120272333,0.82759914063428,0.819487820307109,0.613603960350278,0.69544285774196,0.758006120272333,0.82759914063428,0.819487820307109,0.613603960350278,0.0509628682530431,0.288724674048
-1.6085080563616,1.6974903381423,0,0,1,0,54,54,54fl04,O-M,1,0.4194,0.1914,0.985034612941396,0.991898522158936,0.996383452366387,0.9898883931113,0.955198001885843,0.985034612941396,0.991898522158936,0.996383452366387,0.9898883931113,0.955198001885843,1.6085080563616,1.6974903381423
-0.162153957476738,-1.60065579533814,0,0,0,1,54,54,54fl04,O-M,1,0.3789,0.3125,0.217245971861088,0.128640640149882,0.224176014404681,0.164540769388669,0.0547265884878974,0.782754028138912,0.871359359850117,0.775823985595319,0.835459230611331,0.945273411512103,0.162153957476738,1.60065579533814
-1.19705914028319,0.761556243626613,0,1,1,1,54,54,54fl04,O-M,1,0.2367,0.0008,0.895030420563929,0.921032099300104,0.95780730163455,0.917164175520145,0.776837550701697,0.895030420563929,0.921032099300104,0.95780730163455,0.917164175520145,0.776837550701697,1.19705914028319,0.761556243626613
-0.896124694224278,1.11861218197096,0,0,1,0,54,54,54fl04,O-M,1,0.3597,0.7134,0.925193796428867,0.951866829606833,0.972753702526572,0.959359599610638,0.86834718791736,0.925193796428867,0.951866829606833,0.972753702526572,0.959359599610638,0.86834718791736,0.896124694224278,1.11861218197096
-0.625154812922838,0.534869503478842,0,1,1,1,54,54,54fl04,O-M,1,0.3257,0.0008,0.807569616823717,0.853017966136696,0.907523590150002,0.876885952475276,0.703629951139572,0.807569616823717,0.853017966136696,0.907523590150002,0.876885952475276,0.703629951139572,0.625154812922838,0.534869503478842
-1.72140680357685,1.36378410693764,0,1,1,1,54,54,54fl04,O-M,1,0.2316,0.1695,0.974253808466433,0.983623185009304,0.992929016839132,0.976620373850064,0.913682238123808,0.974253808466433,0.983623185009304,0.992929016839132,0.976620373850064,0.913682238123808,1.72140680357685,1.36378410693764
-1.06805041201554,1.0758043855482,0,1,1,1,54,54,54fl04,O-M,1,0.2394,0.3421,0.92766260577854,0.952302664283153,0.974107783081591,0.955481037706501,0.858992624742499,0.92766260577854,0.952302664283153,0.974107783081591,0.955481037706501,0.858992624742499,1.06805041201554,1.0758043855482
0.681654630086096,0.283860151727232,1,1,1,1,54,54,54fl04,O-M,1,0.581,0.0946,0.754191739938809,0.795937795179828,0.870215407231956,0.818206251296351,0.611741222416645,0.754191739938809,0.795937795179828,0.870215407231956,0.818206251296351,0.611741222416645,0.681654630086096,0.283860151727232
-0.979928815658886,1.32875954622812,0,1,1,1,54,54,54fl04,O-M,1,0.2679,0.6974,0.950193689679372,0.970046435966287,0.98359671575005,0.97461683970385,0.908036343737812,0.950193689679372,0.970046435966287,0.98359671575005,0.97461683970385,0.908036343737812,0.979928815658886,1.32875954622812
-1.10358903021714,-0.134488767858783,0,0,1,0,54,54,54fl04,O-M,1,0.2062,0.6234,0.776146631961963,0.789489189475742,0.877718093428455,0.7761272621287,0.553491953824091,0.776146631961963,0.789489189475742,0.877718093428455,0.7761272621287,0.553491953824091,1.10358903021714,0.134488767858783
-1.02055818787305,1.09720828375958,0,1,1,1,54,54,54fl04,O-M,1,0.1795,0.1444,0.92798189823958,0.953025933732436,0.974206593230606,0.957456049680543,0.863724823599639,0.92798189823958,0.953025933732436,0.974206593230606,0.957456049680543,0.863724823599639,1.02055818787305,1.09720828375958
1.15248493632366,0.647726421320651,1,1,1,1,54,54,54fl04,O-M,1,0.6939,0.4782,0.874540757141606,0.902072800756074,0.946518557609505,0.898387443114579,0.74141904390298,0.874540757141606,0.902072800756074,0.946518557609505,0.898387443114579,0.74141904390298,1.15248493632366,0.647726421320651
-1.53217896613531,-0.16659461517585,0,1,1,1,54,54,54fl04,O-M,1,0.2429,0.5426,0.844319274559046,0.835666697837363,0.917315983004545,0.785611110880913,0.566155484522627,0.844319274559046,0.835666697837363,0.917315983004545,0.785611110880913,0.566155484522627,1.53217896613531,0.16659461517585
-1.84635581661929,0.688588408815098,0,1,1,1,54,54,54fl04,O-M,1,0.3005,0.3696,0.936066964295793,0.94135515833507,0.975186576662453,0.90545546648168,0.754458841293711,0.936066964295793,0.94135515833507,0.975186576662453,0.90545546648168,0.754458841293711,1.84635581661929,0.688588408815098
0.829318716412433,-2.62415129162765,0,1,0,0,54,54,54fl04,O-M,1,0.1123,0.0158,0.0867780419572647,0.0130635215446406,0.0336701208554065,0.0227792465208813,0.004343259519565,0.913221958042735,0.986936478455359,0.966329879144593,0.977220753479119,0.995656740480435,0.829318716412433,2.62415129162765
0.227288724484084,1.38810671854148,1,1,1,1,54,54,54fl04,O-M,1,0.2991,0.2027,0.938028158141192,0.962649748913421,0.976198512222412,0.977932003515245,0.917447724476474,0.938028158141192,0.962649748913421,0.976198512222412,0.977932003515245,0.917447724476474,0.227288724484084,1.38810671854148
-2.06825469563511,-0.247345685700592,0,1,1,1,54,54,54fl04,O-M,1,0.1126,0.3109,0.920036017817952,0.895861253851905,0.958891264201283,0.80840561322066,0.597679647573601,0.920036017817952,0.895861253851905,0.958891264201283,0.80840561322066,0.597679647573601,2.06825469563511,0.247345685700592
-2.20315967696795,0.481359757950398,0,1,1,1,54,54,54fl04,O-M,1,0.0829,1.9142,0.947839981885021,0.936236190252282,0.977026429376335,0.865647562501498,0.684869583785316,0.947839981885021,0.936236190252282,0.977026429376335,0.865647562501498,0.684869583785316,2.20315967696795,0.481359757950398
0.86856263025609,-0.234697927666596,1,1,1,1,54,54,54fl04,O-M,1,0.1743,0.5448,0.765103721925169,0.796628857066811,0.875552086278915,0.804936804998177,0.592778401850218,0.765103721925169,0.796628857066811,0.875552086278915,0.804936804998177,0.592778401850218,0.86856263025609,0.234697927666596
1.31616234381609,0.455091337418253,1,0,1,0,54,54,54fl04,O-M,1,0.8773,0.6022,0.860266186158005,0.878276906506059,0.935776448529196,0.859880273858129,0.675478235082268,0.860266186158005,0.878276906506059,0.935776448529196,0.859880273858129,0.675478235082268,1.31616234381609,0.455091337418253
1.29657260685637,0.169057424957116,1,0,1,0,54,54,54fl04,O-M,1,0.1646,0.2406,0.810772401218359,0.815338327575852,0.899203857383892,0.786328830161328,0.567124263603628,0.810772401218359,0.815338327575852,0.899203857383892,0.786328830161328,0.567124263603628,1.29657260685637,0.169057424957116
-1.87728698023991,-0.0517918884057338,0,1,1,1,54,54,54fl04,O-M,1,0.219,1.6635,0.879527003268549,0.842559399647873,0.930428390579696,0.750632708662925,0.520652740503549,0.879527003268549,0.842559399647873,0.930428390579696,0.750632708662925,0.520652740503549,1.87728698023991,0.0517918884057338
-2.29440660964876,1.06704824537082,0,1,1,1,54,54,54fl04,O-M,1,0.5824,0.3361,0.97926394558427,0.981503245932565,0.993847079555559,0.954652077436877,0.857024974710521,0.97926394558427,0.981503245932565,0.993847079555559,0.954652077436877,0.857024974710521,2.29440660964876,1.06704824537082
-1.09772499711407,-0.129624245538016,0,1,1,1,54,54,54fl04,O-M,1,1.3639,0.6104,0.774316757880589,0.787673824936534,0.876393626116843,0.77466979987277,0.551568140040562,0.774316757880589,0.787673824936534,0.876393626116843,0.77466979987277,0.551568140040562,1.09772499711407,0.129624245538016
-2.22655136945604,1.24606266677507,0,1,1,1,54,54,54fl04,O-M,1,0.1873,0.2333,0.982969100381781,0.986741535781354,0.995442137060589,0.969310331788213,0.89362930526983,0.982969100381781,0.986741535781354,0.995442137060589,0.969310331788213,0.89362930526983,2.22655136945604,1.24606266677507
-0.234294452629404,1.0339694935896,1,1,1,1,54,54,54fl04,O-M,1,0.3646,0.3015,0.887202158129863,0.925659172930913,0.951572169805768,0.95140781217492,0.849424787493112,0.887202158129863,0.925659172930913,0.951572169805768,0.95140781217492,0.849424787493112,0.234294452629404,1.0339694935896
-2.30487809733283,0.650645134713111,0,1,1,1,54,54,54fl04,O-M,1,0.1615,0.3366,0.963212242683381,0.957118628635426,0.985567501869229,0.898904720779368,0.74236220617966,0.963212242683381,0.957118628635426,0.985567501869229,0.898904720779368,0.74236220617966,2.30487809733283,0.650645134713111
-1.6728191007228,0.149599335674046,0,1,1,1,54,54,54fl04,O-M,1,1.0792,0.4184,0.861884315078576,0.844535189692571,0.925802388972025,0.780620219559912,0.559459633829667,0.861884315078576,0.844535189692571,0.925802388972025,0.780620219559912,0.559459633829667,1.6728191007228,0.149599335674046
1.33961847622839,-2.51226727825,0,0,0,1,54,54,54fl04,O-M,1,0.4611,0.2077,0.0533423591311766,0.0142484223999778,0.0308774166963053,0.029541378208254,0.0059979098144557,0.946657640868823,0.985751577600022,0.969122583303695,0.970458621791746,0.994002090185544,1.33961847622839,2.51226727825
-1.5006678431968,-0.43998076960299,0,1,1,1,54,54,54fl04,O-M,1,0.3218,0.3433,0.878176952638327,0.887711817838127,0.944331011751015,0.856487585537766,0.670024482312384,0.878176952638327,0.887711817838127,0.944331011751015,0.856487585537766,0.670024482312384,1.5006678431968,0.43998076960299
-1.95815908512298,-0.298909622300729,0,1,1,1,54,54,54fl04,O-M,1,0.1313,0.5287,0.912664262505016,0.896039101204353,0.956895354322228,0.822152659831145,0.617495497479066,0.912664262505016,0.896039101204353,0.956895354322228,0.822152659831145,0.617495497479066,1.95815908512298,0.298909622300729
1.21048086811232,-0.251237303557206,1,0,1,0,54,54,54fl04,O-M,1,0.2142,0.1052,0.813258616049228,0.827757256778418,0.904217013806677,0.809465290327341,0.599184677410139,0.813258616049228,0.827757256778418,0.904217013806677,0.809465290327341,0.599184677410139,1.21048086811232,0.251237303557206
0.792201320067694,-0.020658945552821,1,0,1,0,54,54,54fl04,O-M,1,0.2622,0.2374,0.704798619507415,0.729022153714139,0.827303004018229,0.740649540643843,0.508241140636503,0.704798619507415,0.729022153714139,0.827303004018229,0.740649540643843,0.508241140636503,0.792201320067694,0.020658945552821
-1.87351724467365,-0.806765752588869,1,0,0,1,54,54,54fl04,O-M,1,1.1853,0.4489,0.231049639830233,0.280213657609226,0.343157979476918,0.427761736751762,0.209900726845347,0.768950360169767,0.719786342390774,0.656842020523082,0.572238263248238,0.790099273154653,1.87351724467365,0.806765752588869
1.09725992127602,1.66441158636108,1,1,1,1,54,54,54fl04,O-M,1,0.3385,0.4642,0.975828205313678,0.987005781156182,0.99320453184037,0.988963281921292,0.951984896886191,0.975828205313678,0.987005781156182,0.99320453184037,0.988963281921292,0.951984896886191,1.09725992127602,1.66441158636108
-1.64317673558637,1.13320574893326,0,0,1,0,54,54,54fl04,O-M,1,1.1824,0.3933,0.958483871108176,0.971091174350785,0.987020496343455,0.960617396629944,0.871436069738821,0.958483871108176,0.971091174350785,0.987020496343455,0.960617396629944,0.871436069738821,1.64317673558637,1.13320574893326
0.855126906058385,0.912356435570409,1,1,1,1,54,54,54fl04,O-M,1,0.4936,0.3215,0.894961164918801,0.927775722138788,0.958135828591861,0.937859061358123,0.819209442679151,0.894961164918801,0.927775722138788,0.958135828591861,0.937859061358123,0.819209442679151,0.855126906058385,0.912356435570409
0.0012334703567468,0.112628966036212,1,1,1,1,54,54,54fl04,O-M,1,0.2602,2.6981,0.636802845022624,0.699551285110102,0.78082385414285,0.769535875436279,0.544837640207747,0.636802845022624,0.699551285110102,0.78082385414285,0.769535875436279,0.544837640207747,0.0012334703567468,0.112628966036212
-2.05530227086898,1.17990516321263,0,0,1,0,54,54,54fl04,O-M,1,0.4725,0.2005,0.975943725397108,0.981727233745591,0.993141761602416,0.964430991820345,0.880981031950158,0.975943725397108,0.981727233745591,0.993141761602416,0.964430991820345,0.880981031950158,2.05530227086898,1.17990516321263
-2.0178948948653,0.377258980285971,0,1,1,1,54,54,54fl04,O-M,1,0.2559,0.153,0.925158649054437,0.912102558480857,0.964847164551751,0.841815943058393,0.647009423590444,0.925158649054437,0.912102558480857,0.964847164551751,0.841815943058393,0.647009423590444,2.0178948948653,0.377258980285971
1.18454379861795,1.63717026136478,1,1,1,1,54,54,54fl04,O-M,1,1.0486,0.2971,0.975894696928611,0.986914888109364,0.993310433206062,0.988146988600535,0.949202550517288,0.975894696928611,0.986914888109364,0.993310433206062,0.988146988600535,0.949202550517288,1.18454379861795,1.63717026136478
-2.09654382236313,0.737233632022775,0,1,1,1,54,54,54fl04,O-M,1,0.4838,0.1919,0.955860845572233,0.956246435711915,0.983609211149868,0.913389045812242,0.769509857864865,0.955860845572233,0.956246435711915,0.983609211149868,0.913389045812242,0.769509857864865,2.09654382236313,0.737233632022775
-1.91388885719097,-0.185079799994767,0,1,1,1,54,54,54fl04,O-M,1,0.1777,0.2218,0.897283133711863,0.87271601193538,0.94549888911593,0.790963825505569,0.573416777422512,0.897283133711863,0.87271601193538,0.94549888911593,0.790963825505569,0.573416777422512,1.91388885719097,0.185079799994767
-0.503266696280347,1.56225661762496,0,1,1,1,54,54,54fl04,O-M,1,0.3565,0.2253,0.9596392560242,0.977142027627515,0.986266851754048,0.985626798520167,0.940886226242095,0.9596392560242,0.977142027627515,0.986266851754048,0.985626798520167,0.940886226242095,0.503266696280347,1.56225661762496
0.479087728333164,-0.524623457984347,0,0,0,1,54,54,54fl04,O-M,1,0.1189,0.3435,0.387635405388185,0.434939782906896,0.53590108053298,0.539854350463589,0.299922488105847,0.612364594611815,0.565060217093104,0.46409891946702,0.460145649536411,0.700077511894153,0.479087728333164,0.524623457984347
-2.03287717724403,0.325695043685834,0,1,1,1,54,54,54fl04,O-M,1,0.2149,0.3292,0.922545455147389,0.90553752142287,0.96232614370101,0.829041743135951,0.627672452742629,0.922545455147389,0.90553752142287,0.96232614370101,0.829041743135951,0.627672452742629,2.03287717724403,0.325695043685834
-0.53049256425891,0.646753516856497,0,1,1,1,54,54,54fl04,O-M,1,0.2235,0.1375,0.825125104724878,0.871559732498062,0.918373389519302,0.898214589662021,0.741104259633453,0.825125104724878,0.871559732498062,0.918373389519302,0.898214589662021,0.741104259633453,0.53049256425891,0.646753516856497
-1.89259146223969,-0.448736909780372,0,1,1,1,54,54,54fl04,O-M,1,0.148,0.4875,0.919313407766135,0.914309635778273,0.963849582465742,0.858460247999851,0.673189272312186,0.919313407766135,0.914309635778273,0.963849582465742,0.858460247999851,0.673189272312186,1.89259146223969,0.448736909780372
-1.98738259075204,0.236187832983709,0,1,1,1,54,54,54fl04,O-M,1,0.1215,0.0961,0.910426388300588,0.887810153801747,0.953851256842633,0.805347403063653,0.593356539827868,0.910426388300588,0.887810153801747,0.953851256842633,0.805347403063653,0.593356539827868,1.98738259075204,0.236187832983709
-0.70470589935961,-0.430251724961455,0,1,1,1,54,54,54fl04,O-M,1,0.6023,0.2483,0.791097412121005,0.833997756059552,0.896390130590613,0.854274068320983,0.66649373024071,0.791097412121005,0.833997756059552,0.896390130590613,0.854274068320983,0.66649373024071,0.70470589935961,0.430251724961455
-0.726744353439299,-0.197727558028762,0,1,1,1,54,54,54fl04,O-M,1,0.1702,0.1364,0.738632967619357,0.775737694141651,0.857582742629584,0.794580426232961,0.578370886409083,0.738632967619357,0.775737694141651,0.857582742629584,0.794580426232961,0.578370886409083,0.726744353439299,0.197727558028762
-1.54838560707402,0.486224280271165,0,1,1,1,54,54,54fl04,O-M,1,0.5471,0.1193,0.889200365312533,0.898541900614575,0.950775453841026,0.866697429770536,0.686595920878366,0.889200365312533,0.898541900614575,0.950775453841026,0.866697429770536,0.686595920878366,1.54838560707402,0.486224280271165
-1.36341080463032,-2.30990314970606,1,0,0,1,54,54,54fl04,O-M,1,1.4124,0.1596,0.0569364472805582,0.0228401510169812,0.045001720037166,0.0459737515745357,0.010446758329783,0.943063552719442,0.977159848983019,0.954998279962834,0.954026248425464,0.989553241670217,1.36341080463032,2.30990314970606
-0.523468612520062,-0.128651341073862,0,1,1,1,54,54,54fl04,O-M,1,0.4826,0.5218,0.695989385215896,0.740136120349237,0.826551351574556,0.774377664009047,0.551183230235738,0.695989385215896,0.740136120349237,0.826551351574556,0.774377664009047,0.551183230235738,0.523468612520062,0.128651341073862
-0.442886487295935,-2.05208346670538,1,0,0,1,54,54,54fl04,O-M,1,0.2217,0.1759,0.146077550631682,0.0532794496674348,0.109600174374296,0.0767332924881576,0.0200807757170509,0.853922449368318,0.946720550332565,0.890399825625704,0.923266707511842,0.979919224282949,0.442886487295935,2.05208346670538
-2.19468582693438,0.383096407070892,0,1,1,1,54,54,54fl04,O-M,1,0.2906,0.4105,0.941235128377188,0.924022914930103,0.972279810179858,0.843221553616353,0.649175858231005,0.941235128377188,0.924022914930103,0.972279810179858,0.843221553616353,0.649175858231005,2.19468582693438,0.383096407070892
-1.82476844200907,0.178786469598651,0,1,1,1,54,54,54fl04,O-M,1,0.4264,0.473,0.885536291739467,0.863936446812601,0.939295901733262,0.789150376331141,0.570947315100047,0.885536291739467,0.863936446812601,0.939295901733262,0.789150376331141,0.570947315100047,1.82476844200907,0.178786469598651
1.13437731762076,-0.35436517675748,1,1,1,1,54,54,54fl04,O-M,1,0.2269,0.4959,0.822422359056778,0.845379899115084,0.912918374360081,0.836223703139913,0.638467385786877,0.822422359056778,0.845379899115084,0.912918374360081,0.836223703139913,0.638467385786877,1.13437731762076,0.35436517675748
-0.0762877584674227,0.875386065932575,1,1,1,1,54,54,54fl04,O-M,1,0.1885,0.3591,0.850677989109007,0.897165281145688,0.930500527193563,0.933202682426192,0.809318060573371,0.850677989109007,0.897165281145688,0.930500527193563,0.933202682426192,0.809318060573371,0.0762877584674227,0.875386065932575
-1.75356232575745,0.942516473959168,0,1,1,1,54,54,54fl04,O-M,1,0.4979,0.176,0.950128712471714,0.960966154762786,0.983071139050641,0.941466810355619,0.827035859570513,0.950128712471714,0.960966154762786,0.983071139050641,0.941466810355619,0.827035859570513,1.75356232575745,0.942516473959168
-1.94166246452532,-1.33310706769593,1,1,0,0,54,54,54fl04,O-M,1,0.5361,0.6244,0.11369273264897,0.135081598658781,0.182570376407375,0.239343225845771,0.0912483351679896,0.88630726735103,0.864918401341219,0.817429623592625,0.760656774154229,0.90875166483201,1.94166246452532,1.33310706769593
-1.86797541119162,0.381150598142585,0,1,1,1,54,54,54fl04,O-M,1,0.1358,0.9517,0.910695884322294,0.902729363877147,0.958259901846811,0.842753932880577,0.648454247949044,0.910695884322294,0.902729363877147,0.958259901846811,0.842753932880577,0.648454247949044,1.86797541119162,0.381150598142585
-2.27027385803226,0.4268771079578,0,0,1,0,54,54,54fl04,O-M,1,0.302,0.1686,0.949692105572684,0.933703980179198,0.976884753605133,0.853500954766431,0.665265579976289,0.949692105572684,0.933703980179198,0.976884753605133,0.853500954766431,0.665265579976289,2.27027385803226,0.4268771079578
0.645278292869767,-0.105301633934178,1,1,1,1,54,54,54fl04,O-M,1,0.1362,0.6748,0.705198607788745,0.742474817360181,0.831939915287876,0.767302427210633,0.541931766753235,0.705198607788745,0.742474817360181,0.831939915287876,0.767302427210633,0.541931766753235,0.645278292869767,0.105301633934178
