s1,s2,r1,r2,acc1,acc2,id,seq,id_sess,task,dataset,rt1,rt2,p_r2_discrete,p_r2_bayesian,p_r2_optimal,p_r2_fixed,p_r2_naive,p_c2_discrete,p_c2_bayesian,p_c2_optimal,p_c2_fixed,p_c2_naive,abs1,abs2
1.45082665263839,1.93431308394059,1,1,1,1,41,41,41dl03,O-M,1,0.6361,0.7952,0.990459257928377,0.994454842905196,0.997657053202433,0.991866080346188,0.973462677241829,0.990459257928377,0.994454842905196,0.997657053202433,0.991866080346188,0.973462677241829,1.45082665263839,1.93431308394059
-1.65222791307353,1.73608184854664,0,1,1,1,41,41,41dl03,O-M,1,0.6756,0.8474,0.987779253205254,0.992103305098262,0.99689817338822,0.986259586416539,0.958725318316278,0.987779253205254,0.992103305098262,0.99689817338822,0.986259586416539,0.958725318316278,1.65222791307353,1.73608184854664
1.05922428284277,2.85602519755577,1,1,1,1,41,41,41dl03,O-M,1,0.6884,0.6658,0.998954444745353,0.999547169712324,0.999788492805411,0.999557213172326,0.997855094560719,0.998954444745353,0.999547169712324,0.999788492805411,0.999557213172326,0.997855094560719,1.05922428284277,2.85602519755577
-1.10499229266578,2.95009033791787,0,1,1,1,41,41,41dl03,O-M,1,0.4674,0.634,0.999249369404485,0.999684409219529,0.999854620479928,0.99968531110504,0.998411594866209,0.999249369404485,0.999684409219529,0.999854620479928,0.99968531110504,0.998411594866209,1.10499229266578,2.95009033791787
0.945135219781635,3.63948049412867,1,1,1,1,41,41,41dl03,O-M,1,0.5567,0.6001,0.999928405487395,0.99997422032384,0.999987768436507,0.999980046536373,0.999863405685322,0.999928405487395,0.99997422032384,0.999987768436507,0.999980046536373,0.999863405685322,0.945135219781635,3.63948049412867
1.585862756924,3.68998526747745,1,1,1,1,41,41,41dl03,O-M,1,0.4529,0.6275,0.999964498039172,0.999988474527571,0.999995386968599,0.999983984374144,0.999887866480195,0.999964498039172,0.999988474527571,0.999995386968599,0.999983984374144,0.999887866480195,1.585862756924,3.68998526747745
-0.362165424299,1.21209482505308,0,1,1,1,41,41,41dl03,O-M,1,0.6008,0.7199,0.921897668688085,0.946286670782212,0.968033676155297,0.953582809243716,0.887261957778792,0.921897668688085,0.946286670782212,0.968033676155297,0.953582809243716,0.887261957778792,0.362165424299,1.21209482505308
-0.449009337972404,1.46588131113069,0,1,1,1,41,41,41dl03,O-M,1,0.5501,0.4803,0.952185198767667,0.969174276225172,0.982308331812833,0.973469163272286,0.928659687891295,0.952185198767667,0.969174276225172,0.982308331812833,0.973469163272286,0.928659687891295,0.449009337972404,1.46588131113069
-1.58920017878786,2.02143381796723,0,1,1,1,41,41,41dl03,O-M,1,0.7275,0.4997,0.993178354540597,0.996104219621682,0.998441098998898,0.993612327133943,0.978382561549782,0.993178354540597,0.996104219621682,0.998441098998898,0.993612327133943,0.978382561549782,1.58920017878786,2.02143381796723
0.56468283406764,0.222201267417057,0,0,0,1,41,41,41dl03,O-M,1,0.7134,0.7769,0.489363485518597,0.535542389466248,0.634764980669907,0.597288961096121,0.412078603761391,0.510636514481403,0.464457610533752,0.365235019330093,0.402711038903879,0.587921396238609,0.56468283406764,0.222201267417057
-1.24597661021669,1.82067734390584,0,1,1,1,41,41,41dl03,O-M,1,0.6128,0.7467,0.985363623562399,0.991299750517545,0.996038656143152,0.988966559467971,0.965672040955575,0.985363623562399,0.991299750517545,0.996038656143152,0.988966559467971,0.965672040955575,1.24597661021669,1.82067734390584
1.02862014243463,2.57319846680262,1,1,1,1,41,41,41dl03,O-M,1,0.5708,0.6339,0.997494175287131,0.998823371620218,0.999442341291204,0.998823908824484,0.994961829634342,0.997494175287131,0.998823371620218,0.999442341291204,0.998823908824484,0.994961829634342,1.02862014243463,2.57319846680262
-1.06939631838009,0.857930101944786,0,1,1,1,41,41,41dl03,O-M,1,0.6048,0.617,0.905363932372416,0.923079283973119,0.960650725185066,0.907657545941752,0.804534469402389,0.905363932372416,0.923079283973119,0.960650725185066,0.907657545941752,0.804534469402389,1.06939631838009,0.857930101944786
-0.791509790421122,2.86928270055982,0,1,1,1,41,41,41dl03,O-M,1,0.4828,0.5614,0.998823192505236,0.999479099395225,0.999740260587633,0.999577807930726,0.997942980451341,0.998823192505236,0.999479099395225,0.999740260587633,0.999577807930726,0.997942980451341,0.791509790421122,2.86928270055982
-1.50503879266548,1.00944442199112,0,1,1,1,41,41,41dl03,O-M,1,0.4546,0.6349,0.94649708727866,0.954732200182455,0.980423139194298,0.930293671840593,0.843619228316251,0.94649708727866,0.954732200182455,0.980423139194298,0.930293671840593,0.843619228316251,1.50503879266548,1.00944442199112
-0.921833976747553,1.20641303805135,0,1,1,1,41,41,41dl03,O-M,1,0.6155,0.7138,0.939496067679279,0.95711157293611,0.977686775689618,0.953028017289962,0.886170864338794,0.939496067679279,0.95711157293611,0.977686775689618,0.953028017289962,0.886170864338794,0.921833976747553,1.20641303805135
-0.911850308992459,2.2209276726949,0,1,1,1,41,41,41dl03,O-M,1,0.5768,0.5456,0.992953909221447,0.996326385736674,0.998184058523291,0.996421667709978,0.986822069708152,0.992953909221447,0.996326385736674,0.998184058523291,0.996421667709978,0.986822069708152,0.911850308992459,2.2209276726949
0.714717766312423,3.3067802996936,1,1,1,1,41,41,41dl03,O-M,1,0.569,0.6823,0.9997191117725,0.999886829831556,0.999943221854877,0.999920098055286,0.99952812560766,0.9997191117725,0.999886829831556,0.999943221854877,0.999920098055286,0.99952812560766,0.714717766312423,3.3067802996936
0.302331639578044,-0.691935130195804,0,1,0,0,41,41,41dl03,O-M,1,0.6608,0.6478,0.372660777272524,0.371409462700699,0.49367656333807,0.411612967250095,0.244489033903064,0.627339222727476,0.628590537299301,0.50632343666193,0.588387032749905,0.755510966096936,0.302331639578044,0.691935130195804
-0.582225988788628,3.07508965195609,0,1,1,1,41,41,41dl03,O-M,1,0.6219,0.7851,0.999333199890286,0.999711614563215,0.999850461276742,0.99980266841579,0.998947803566513,0.999333199890286,0.999711614563215,0.999850461276742,0.99980266841579,0.998947803566513,0.582225988788628,3.07508965195609
0.967551819577536,3.29415410635641,1,1,1,1,41,41,41dl03,O-M,1,0.6334,0.6427,0.999744816686901,0.999900455105425,0.999952789165942,0.999915952734072,0.999506408201357,0.999744816686901,0.999900455105425,0.999952789165942,0.999915952734072,0.999506408201357,0.967551819577536,3.29415410635641
1.23722748059774,1.13065587802818,1,1,1,1,41,41,41dl03,O-M,1,0.648,0.5871,0.944584861550216,0.957921994959589,0.980055907087022,0.945111163089556,0.870900020579963,0.944584861550216,0.957921994959589,0.980055907087022,0.945111163089556,0.870900020579963,1.23722748059774,1.13065587802818
-0.42258061001324,1.25818043073384,0,1,1,1,41,41,41dl03,O-M,1,0.5982,0.5113,0.929460272439865,0.952017955556846,0.971897102943732,0.957890819931986,0.895836744724756,0.929460272439865,0.952017955556846,0.971897102943732,0.957890819931986,0.895836744724756,0.42258061001324,1.25818043073384
0.258174903455628,-1.92803945790712,0,1,0,0,41,41,41dl03,O-M,1,0.6339,0.6639,0.19907608074328,0.066471895052666,0.14355975461025,0.0722134809176512,0.0269251092189904,0.80092391925672,0.933528104947334,0.85644024538975,0.927786519082349,0.97307489078101,0.258174903455628,1.92803945790712
1.01313146161832,2.11613026799619,1,1,1,1,41,41,41dl03,O-M,1,0.5476,0.5748,0.991375967829705,0.99537239909605,0.997765226421931,0.995126354401668,0.982833135078548,0.991375967829705,0.99537239909605,0.997765226421931,0.995126354401668,0.982833135078548,1.01313146161832,2.11613026799619
-0.550012331849878,2.26259411070764,0,1,1,1,41,41,41dl03,O-M,1,0.4432,0.531,0.992395933011364,0.99600616123455,0.997853581059629,0.996844135566206,0.988169639245608,0.992395933011364,0.99600616123455,0.997853581059629,0.996844135566206,0.988169639245608,0.550012331849878,2.26259411070764
0.648540977945127,2.17926123468216,1,1,1,1,41,41,41dl03,O-M,1,0.6873,0.5305,0.990990528518302,0.995196702816391,0.997464421034799,0.995949111083653,0.985343866373496,0.990990528518302,0.995196702816391,0.997464421034799,0.995949111083653,0.985343866373496,0.648540977945127,2.17926123468216
0.865569119985777,1.27270055307162,1,1,1,1,41,41,41dl03,O-M,1,0.7038,0.6216,0.944220177302066,0.961466797974328,0.979731207960386,0.959179057355131,0.898437839346677,0.944220177302066,0.961466797974328,0.979731207960386,0.959179057355131,0.898437839346677,0.865569119985777,1.27270055307162
-0.47359528613565,2.98923153726317,0,1,1,1,41,41,41dl03,O-M,1,0.4161,0.5829,0.999071924284321,0.99958494383415,0.999779570173689,0.999727665797786,0.998601599475937,0.999071924284321,0.99958494383415,0.999779570173689,0.999727665797786,0.998601599475937,0.47359528613565,2.98923153726317
0.636387961822687,2.16789766067869,1,1,1,1,41,41,41dl03,O-M,1,0.5204,0.7132,0.990674876643873,0.995010636133082,0.997357621655584,0.995810887671318,0.984916763052347,0.990674876643873,0.995010636133082,0.997357621655584,0.995810887671318,0.984916763052347,0.636387961822687,2.16789766067869
-1.19934728348204,2.37749247007611,0,1,1,1,41,41,41dl03,O-M,1,0.4049,0.5388,0.996150590711341,0.998095151904047,0.999135562489085,0.997786597565648,0.991284600569326,0.996150590711341,0.998095151904047,0.999135562489085,0.997786597565648,0.991284600569326,1.19934728348204,2.37749247007611
-0.982622383686282,2.63380419482115,0,1,1,1,41,41,41dl03,O-M,1,0.545,0.4718,0.997837769200728,0.998998942270518,0.999520530312228,0.999040018498571,0.99577829178442,0.997837769200728,0.998998942270518,0.999520530312228,0.999040018498571,0.99577829178442,0.982622383686282,2.63380419482115
-0.561558863482522,-0.542946048816912,1,1,0,0,41,41,41dl03,O-M,1,0.5998,0.569,0.386732741550308,0.412540166403986,0.522040524353587,0.470342595036719,0.293583474631217,0.613267258449692,0.587459833596014,0.477959475646413,0.529657404963281,0.706416525368783,0.561558863482522,0.542946048816912
0.739676935700159,-0.426153760447865,0,0,0,1,41,41,41dl03,O-M,1,0.633,0.5307,0.408365667814689,0.448449288523849,0.549400735245021,0.516903546253144,0.334997904248395,0.591634332185311,0.551550711476151,0.450599264754979,0.483096453746856,0.665002095751605,0.739676935700159,0.426153760447865
-1.11497596042088,1.84087925324536,0,1,1,1,41,41,41dl03,O-M,1,0.6044,0.4813,0.984597402157272,0.990976990686076,0.995722243656049,0.989539762811123,0.967180372329053,0.984597402157272,0.990976990686076,0.995722243656049,0.989539762811123,0.967180372329053,1.11497596042088,1.84087925324536
-1.08994681205355,2.37875508940983,0,1,1,1,41,41,41dl03,O-M,1,0.5763,0.5631,0.995852860956519,0.997944769416305,0.999037105176309,0.997795358178068,0.991314393439191,0.995852860956519,0.997944769416305,0.999037105176309,0.997795358178068,0.991314393439191,1.08994681205355,2.37875508940983
1.60701973508725,1.32131139741981,1,1,1,1,41,41,41dl03,O-M,1,0.4717,0.601,0.971106968746475,0.977996014359049,0.991047091776682,0.963260885232859,0.906801222378119,0.971106968746475,0.977996014359049,0.991047091776682,0.963260885232859,0.906801222378119,1.60701973508725,1.32131139741981
0.0838805916190267,0.829521166936099,0,1,0,0,41,41,41dl03,O-M,1,0.6324,0.5069,0.369184898570614,0.335784000669343,0.469767954671496,0.359055773675509,0.203404782190297,0.630815101429386,0.664215999330657,0.530232045328504,0.640944226324491,0.796595217809703,0.0838805916190267,0.829521166936099
0.928037022434709,3.51258725108987,1,1,1,1,41,41,41dl03,O-M,1,0.5981,0.7294,0.999882497678588,0.999956286330747,0.999979144005597,0.99996570501027,0.999778116864014,0.999882497678588,0.999956286330747,0.999979144005597,0.99996570501027,0.999778116864014,0.928037022434709,3.51258725108987
-1.10998412654333,1.30931651374948,0,0,1,0,41,41,41dl03,O-M,1,0.4707,0.5865,0.955160113523601,0.968648307707489,0.984687389928619,0.962286070652489,0.904786420956463,0.955160113523601,0.968648307707489,0.984687389928619,0.962286070652489,0.904786420956463,1.10998412654333,1.30931651374948
-0.838325727768025,0.529017765510877,1,1,0,0,41,41,41dl03,O-M,1,0.6013,0.5713,0.368411411755847,0.40490847193766,0.504572422658026,0.475886508094126,0.29839656297946,0.631588588244153,0.59509152806234,0.495427577341974,0.524113491905874,0.70160343702054,0.838325727768025,0.529017765510877
0.973733296108144,1.85666199491685,1,1,1,1,41,41,41dl03,O-M,1,0.4759,0.7062,0.983684481878643,0.99053462381696,0.995327701233043,0.989969348406507,0.968320371112953,0.983684481878643,0.99053462381696,0.995327701233043,0.989969348406507,0.968320371112953,0.973733296108144,1.85666199491685
-0.219338326952171,-0.867439217582803,1,0,0,1,41,41,41dl03,O-M,1,0.44,0.7592,0.340974001728673,0.314409545815594,0.441366872698224,0.34498275778621,0.192850700896829,0.659025998271327,0.685590454184406,0.558633127301776,0.65501724221379,0.807149299103171,0.219338326952171,0.867439217582803
0.583600484883952,2.77837410853203,1,1,1,1,41,41,41dl03,O-M,1,0.4956,0.6118,0.998269995968296,0.999199433244759,0.99958119623195,0.999416676617814,0.997268416076342,0.998269995968296,0.999199433244759,0.99958119623195,0.999416676617814,0.997268416076342,0.583600484883952,2.77837410853203
0.332329295496388,2.60728918881304,1,0,1,0,41,41,41dl03,O-M,1,0.4486,0.586,0.996804530120303,0.998419762454136,0.999126111136659,0.99895040036525,0.99543688763596,0.996804530120303,0.998419762454136,0.999126111136659,0.99895040036525,0.99543688763596,0.332329295496388,2.60728918881304
-1.66501074001229,1.19315553504729,0,1,1,1,41,41,41dl03,O-M,1,0.7391,0.7802,0.965988651683116,0.972177657520473,0.988884731273301,0.951712816118809,0.883595767412386,0.965988651683116,0.972177657520473,0.988884731273301,0.951712816118809,0.883595767412386,1.66501074001229,1.19315553504729
1.23109265672019,1.44504809212432,1,1,1,1,41,41,41dl03,O-M,1,0.3254,0.6246,0.967991189436632,0.978335332830243,0.989908759472056,0.972163426900335,0.925777811165949,0.967991189436632,0.978335332830243,0.989908759472056,0.972163426900335,0.925777811165949,1.23109265672019,1.44504809212432
0.0516902610068064,1.08204503367998,1,1,1,1,41,41,41dl03,O-M,1,0.5134,0.6321,0.89322962971645,0.924323262922434,0.951786458194918,0.939499102153848,0.860383741034766,0.89322962971645,0.924323262922434,0.951786458194918,0.939499102153848,0.860383741034766,0.0516902610068064,1.08204503367998
-0.0993243769522621,3.69629836414604,0,1,1,1,41,41,41dl03,O-M,1,0.4172,0.5036,0.999917460871261,0.999965907198765,0.999981105900166,0.999984421158096,0.999890617071231,0.999917460871261,0.999965907198765,0.999981105900166,0.999984421158096,0.999890617071231,0.0993243769522621,3.69629836414604
-1.73104757042041,-1.47033994943383,1,1,0,0,41,41,41dl03,O-M,1,0.4671,0.7163,0.10665137450296,0.107092053869437,0.157874182983651,0.158219471596057,0.0707348531998025,0.89334862549704,0.892907946130563,0.842125817016349,0.841780528403943,0.929265146800198,1.73104757042041,1.47033994943383
0.535151704679907,2.17673599601472,1,1,1,1,41,41,41dl03,O-M,1,0.579,0.6423,0.990458377710702,0.994876245671449,0.997226780881725,0.995918752551476,0.985249864535402,0.990458377710702,0.994876245671449,0.997226780881725,0.995918752551476,0.985249864535402,0.535151704679907,2.17673599601472
1.41303800365883,2.67105146516587,1,1,1,1,41,41,41dl03,O-M,1,0.4995,0.756,0.998594549425281,0.999367915987998,0.999733158045989,0.999154074405159,0.996219297372162,0.998594549425281,0.999367915987998,0.999733158045989,0.999154074405159,0.996219297372162,1.41303800365883,2.67105146516587
0.585256654067624,1.36360914509941,1,1,1,1,41,41,41dl03,O-M,1,0.6753,0.7482,0.945355049471564,0.963747022521369,0.979669296467138,0.96653520134138,0.913654693837877,0.945355049471564,0.963747022521369,0.979669296467138,0.96653520134138,0.913654693837877,0.585256654067624,1.36360914509941
0.785186598761349,2.40400747608422,1,1,1,1,41,41,41dl03,O-M,1,0.5515,0.722,0.995345692457631,0.99767823921519,0.998823469163738,0.997964098479098,0.991891779178068,0.995345692457631,0.99767823921519,0.998823469163738,0.997964098479098,0.991891779178068,0.785186598761349,2.40400747608422
1.41173172937312,1.90653545859877,1,1,1,1,41,41,41dl03,O-M,1,0.5402,0.7537,0.989471253513819,0.993841954055723,0.997358906879652,0.991227255635114,0.971709615119433,0.989471253513819,0.993841954055723,0.997358906879652,0.991227255635114,0.971709615119433,1.41173172937312,1.90653545859877
0.690388407741013,3.11044299330023,1,1,1,1,41,41,41dl03,O-M,1,0.9953,0.6637,0.999437269911444,0.999762035917119,0.999879440298754,0.999827531298073,0.999065965248964,0.999437269911444,0.999762035917119,0.999879440298754,0.999827531298073,0.999065965248964,0.690388407741013,3.11044299330023
-0.355237505319414,-0.291684801406747,1,1,0,0,41,41,41dl03,O-M,1,0.456,0.6015,0.484403647730382,0.5198049429357,0.628254694098497,0.570187895483427,0.385263815432905,0.515596352269618,0.4801950570643,0.371745305901503,0.429812104516573,0.614736184567094,0.355237505319414,0.291684801406747
-0.346420153890849,2.18936218935192,0,1,1,1,41,41,41dl03,O-M,1,0.5915,0.642,0.990046693147849,0.994600668132582,0.996965696959659,0.996068533660846,0.98571473722447,0.990046693147849,0.994600668132582,0.996965696959659,0.996068533660846,0.98571473722447,0.346420153890849,2.18936218935192
0.138977374884291,-1.84281265288106,0,0,0,1,41,41,41dl03,O-M,1,0.4684,0.6488,0.224020706059836,0.0809290325011652,0.170357869037651,0.0846781158052016,0.0326781843916617,0.775979293940164,0.919070967498835,0.829642130962349,0.915321884194798,0.967321815608338,0.138977374884291,1.84281265288106
-0.174061927156287,2.77079839252971,0,1,1,1,41,41,41dl03,O-M,1,0.4685,0.5673,0.99793656214975,0.998995494416306,0.999432507674944,0.999400957745965,0.997204048102982,0.99793656214975,0.998995494416306,0.999432507674944,0.999400957745965,0.997204048102982,0.174061927156287,2.77079839252971
-1.54763266491034,0.0227074126893887,1,0,0,1,41,41,41dl03,O-M,1,0.6386,0.5856,0.514969105069909,0.576028752014314,0.64604084479563,0.672139953794595,0.49094183144513,0.485030894930091,0.423971247985686,0.35395915520437,0.327860046205405,0.50905816855487,1.54763266491034,0.0227074126893887
1.70009177794432,2.2146145760263,1,0,1,0,41,41,41dl03,O-M,1,0.4523,0.8579,0.99622880734688,0.997976103575344,0.999227377515413,0.996353407517613,0.986606734658667,0.99622880734688,0.997976103575344,0.999227377515413,0.996353407517613,0.986606734658667,1.70009177794432,2.2146145760263
-1.59244253817561,2.69756647117398,0,1,1,1,41,41,41dl03,O-M,1,0.4132,0.5781,0.998901458080578,0.999510234339292,0.999805615230518,0.999227521804372,0.99650758308095,0.998901458080578,0.999510234339292,0.999805615230518,0.999227521804372,0.99650758308095,1.59244253817561,2.69756647117398
-0.328365577156169,2.66852622649844,0,1,1,1,41,41,41dl03,O-M,1,0.4877,0.5773,0.997328690061084,0.998695869661909,0.999280049682063,0.999146754414803,0.996190758482311,0.997328690061084,0.998695869661909,0.999280049682063,0.999146754414803,0.996190758482311,0.328365577156169,2.66852622649844
0.843082541210284,1.89454057492843,1,1,1,1,41,41,41dl03,O-M,1,0.3587,0.5543,0.983827124666115,0.99073362380143,0.995271188388014,0.990938070947891,0.97092335299696,0.983827124666115,0.99073362380143,0.995271188388014,0.990938070947891,0.97092335299696,0.843082541210284,1.89454057492843
1.39377045794456,0.482932159830118,0,1,0,0,41,41,41dl03,O-M,1,0.7069,0.5933,0.352761742377011,0.401962238068169,0.485046092422486,0.494257501430083,0.314571953077052,0.647238257622989,0.598037761931831,0.514953907577514,0.505742498569917,0.685428046922948,1.39377045794456,0.482932159830118
-0.525426383686631,0.0119751483527736,1,1,0,0,41,41,41dl03,O-M,1,0.4661,0.7531,0.564201426089885,0.617108723520733,0.706687140295791,0.676007124900797,0.495222721188562,0.435798573910115,0.382891276479267,0.293312859704209,0.323992875099203,0.504777278811438,0.525426383686631,0.0119751483527736
1.31910288672013,1.37812926743719,1,1,1,1,41,41,41dl03,O-M,1,0.3719,0.8114,0.966167319039725,0.976239073051032,0.989223323528689,0.96760226389152,0.915918309613242,0.966167319039725,0.976239073051032,0.989223323528689,0.96760226389152,0.915918309613242,1.31910288672013,1.37812926743719
0.446325053251403,-0.777161935221864,0,1,0,0,41,41,41dl03,O-M,1,0.5276,0.6811,0.333926266996055,0.333055454109625,0.449369153901201,0.378803559775198,0.218531618384192,0.666073733003945,0.666944545890375,0.550630846098799,0.621196440224802,0.781468381615808,0.446325053251403,0.777161935221864
-1.23104776123711,2.76069743785995,0,1,1,1,41,41,41dl03,O-M,1,0.5935,0.7954,0.998756254712241,0.999452769986924,0.999755892254245,0.999379390272836,0.997116095841044,0.998756254712241,0.999452769986924,0.999755892254245,0.999379390272836,0.997116095841044,1.23104776123711,2.76069743785995
0.269511498149497,-1.98106946992333,0,0,0,1,41,41,41dl03,O-M,1,0.7969,0.946,0.194652683691612,0.0599590586875702,0.132958593908055,0.0651992743538355,0.0237917417453584,0.805347316308388,0.94004094131243,0.867041406091945,0.934800725646165,0.976208258254642,0.269511498149497,1.98106946992333
-1.23188750899221,2.47092630077135,0,1,1,1,41,41,41dl03,O-M,1,0.4214,0.7144,0.997095874254231,0.998604612541879,0.999374327552466,0.998356095853395,0.993261820562648,0.997095874254231,0.998604612541879,0.999374327552466,0.998356095853395,0.993261820562648,1.23188750899221,2.47092630077135
1.71215148876064,3.56498595343922,1,1,1,1,41,41,41dl03,O-M,1,0.4422,0.69,0.999949428551368,0.999983153517298,0.999993539891896,0.999972526635973,0.999818062162174,0.999949428551368,0.999983153517298,0.999993539891896,0.999972526635973,0.999818062162174,1.71215148876064,3.56498595343922
0.0300667563129453,-0.26327586639806,0,0,0,1,41,41,41dl03,O-M,1,0.4188,0.8643,0.528153928688964,0.550603851308227,0.667741322466625,0.581316083866459,0.396168979769325,0.471846071311036,0.449396148691773,0.332258677533375,0.418683916133541,0.603831020230675,0.0300667563129453,0.26327586639806
-0.878890209604729,0.701365304563577,1,1,0,0,41,41,41dl03,O-M,1,0.4764,0.6975,0.314144249032782,0.339921642617211,0.439117702511257,0.407947503719941,0.241537534290968,0.685855750967218,0.660078357382789,0.560882297488743,0.592052496280059,0.758462465709032,0.878890209604729,0.701365304563577
-0.376184546543888,-0.953928641942584,1,1,0,0,41,41,41dl03,O-M,1,0.6041,0.7532,0.301234052935818,0.277173206536465,0.395344961189664,0.313699405348891,0.170059882061161,0.698765947064182,0.722826793463535,0.604655038810336,0.686300594651109,0.829940117938839,0.376184546543888,0.953928641942584
0.240913421822989,1.53595668415211,1,1,1,1,41,41,41dl03,O-M,1,0.6756,0.769,0.955006319878997,0.971396480018339,0.982967037907991,0.977491417511443,0.937725497843463,0.955006319878997,0.971396480018339,0.982967037907991,0.977491417511443,0.937725497843463,0.240913421822989,1.53595668415211
-0.391300006135713,3.57508690810898,0,1,1,1,41,41,41dl03,O-M,1,0.6799,0.7455,0.99988002916701,0.999951878795336,0.999974481724642,0.999973684379258,0.99982494421208,0.99988002916701,0.999951878795336,0.999974481724642,0.999973684379258,0.99982494421208,0.391300006135713,3.57508690810898
-1.58297204960419,1.21462006372052,0,0,1,0,41,41,41dl03,O-M,1,0.4406,0.9134,0.964357988767909,0.971766911327165,0.988329501334946,0.95382768911187,0.887744483538498,0.964357988767909,0.971766911327165,0.988329501334946,0.95382768911187,0.887744483538498,1.58297204960419,1.21462006372052
-0.121810955727755,-1.29925502971485,1,0,0,1,41,41,41dl03,O-M,1,0.4487,0.8837,0.278420786563482,0.189710234631591,0.311980708473228,0.203066569135791,0.0969282109217108,0.721579213436518,0.810289765368409,0.688019291526772,0.796933430864209,0.903071789078289,0.121810955727755,1.29925502971485
1.59892549978114,3.55299106976889,1,1,1,1,41,41,41dl03,O-M,1,0.4006,0.4803,0.999940481993664,0.999979900307574,0.999992001188472,0.999971089135399,0.999809561302741,0.999940481993664,0.999979900307574,0.999992001188472,0.999971089135399,0.999809561302741,1.59892549978114,3.55299106976889
-1.03512994470665,2.5296380997893,0,1,1,1,41,41,41dl03,O-M,1,0.4452,0.4505,0.99717253125933,0.998656281137129,0.99936352607447,0.998641993687481,0.994290988484284,0.99717253125933,0.998656281137129,0.99936352607447,0.998641993687481,0.994290988484284,1.03512994470665,2.5296380997893
0.397643009782053,0.0214447933556693,0,0,0,1,41,41,41dl03,O-M,1,0.5352,0.8427,0.570175086322967,0.619829357092001,0.712758645404438,0.672595884696896,0.491445420919753,0.429824913677033,0.380170642907999,0.287241354595562,0.327404115303104,0.508554579080247,0.397643009782053,0.0214447933556693
-1.0829722404209,3.29099755802211,0,1,1,1,41,41,41dl03,O-M,1,0.4266,0.6884,0.999760529555521,0.999907868518048,0.999957522190165,0.999914885238693,0.999500836100495,0.999760529555521,0.999907868518048,0.999957522190165,0.999914885238693,0.999500836100495,1.0829722404209,3.29099755802211
-0.31464969715618,1.20515041871763,0,0,1,0,41,41,41dl03,O-M,1,0.4931,0.8583,0.919616191084902,0.94464966151303,0.966726019555975,0.95290401090311,0.885927380544491,0.919616191084902,0.94464966151303,0.966726019555975,0.95290401090311,0.885927380544491,0.31464969715618,1.20515041871763
0.185163501414868,3.31688125436336,1,1,1,1,41,41,41dl03,O-M,1,0.4975,0.5365,0.999665253226563,0.99985389353808,0.999919198619712,0.999923274973427,0.999544858518944,0.999665253226563,0.99985389353808,0.999919198619712,0.999923274973427,0.999544858518944,0.185163501414868,3.31688125436336
-0.592769488380457,0.993030370652764,0,1,1,1,41,41,41dl03,O-M,1,0.5247,0.7301,0.898862902893318,0.925564646434325,0.957139127659524,0.928070147805239,0.839652422900725,0.898862902893318,0.925564646434325,0.957139127659524,0.928070147805239,0.839652422900725,0.592769488380457,0.993030370652764
-1.04763285572705,2.54163298345963,0,1,1,1,41,41,41dl03,O-M,1,0.5529,0.6035,0.997290051031687,0.998717315553104,0.999394680546686,0.998694493923257,0.994483201784172,0.997290051031687,0.998717315553104,0.999394680546686,0.998694493923257,0.994483201784172,1.04763285572705,2.54163298345963
0.557451672843155,3.62243513312346,1,1,1,1,41,41,41dl03,O-M,1,0.3851,0.5944,0.999906510651426,0.999963916833122,0.999981451713489,0.99997852159517,0.999854078670584,0.999906510651426,0.999963916833122,0.999981451713489,0.99997852159517,0.999854078670584,0.557451672843155,3.62243513312346
-0.139748900829782,-0.231710383055075,1,0,0,1,41,41,41dl03,O-M,1,0.505,0.8584,0.525323833627771,0.555504698543807,0.667451297955614,0.593604486335502,0.40838148316566,0.474676166372229,0.444495301456193,0.332548702044386,0.406395513664498,0.59161851683434,0.139748900829782,0.231710383055075
0.906203580802073,2.5656227508003,1,1,1,1,41,41,41dl03,O-M,1,0.3878,0.6737,0.997237425029801,0.998690362533745,0.999359161211059,0.998793968075882,0.994850461351599,0.997237425029801,0.998690362533745,0.999359161211059,0.998793968075882,0.994850461351599,0.906203580802073,2.5656227508003
-1.35047855307376,2.34845222540056,0,1,1,1,41,41,41dl03,O-M,1,0.3899,0.5589,0.996304005795031,0.998152530323104,0.99919996951426,0.997576195072582,0.990574191289232,0.996304005795031,0.998152530323104,0.99919996951426,0.997576195072582,0.990574191289232,1.35047855307376,2.34845222540056
0.496476655292181,1.23671590206061,1,1,1,1,41,41,41dl03,O-M,1,0.4212,0.7116,0.928928068610405,0.951306413341102,0.971885405778267,0.955926399242678,0.891903713542358,0.928928068610405,0.951306413341102,0.971885405778267,0.955926399242678,0.891903713542358,0.496476655292181,1.23671590206061
-0.439795438992819,1.50944167814401,0,1,1,1,41,41,41dl03,O-M,1,0.382,0.6664,0.955877223464166,0.971870010601578,0.983871002782019,0.976034463902395,0.934407025529804,0.955877223464166,0.971870010601578,0.983871002782019,0.976034463902395,0.934407025529804,0.439795438992819,1.50944167814401
-1.08782411633926,2.8711766295604,0,1,1,1,41,41,41dl03,O-M,1,0.4485,0.5965,0.999022281842005,0.999579285465187,0.999805034455081,0.999580676430505,0.997955265244513,0.999022281842005,0.999579285465187,0.999805034455081,0.999580676430505,0.997955265244513,1.08782411633926,2.8711766295604
0.555305650802341,0.0927827857108166,0,0,0,1,41,41,41dl03,O-M,1,0.4865,0.6169,0.534282232014558,0.585450040734008,0.678718590798579,0.646450316804412,0.463038063511897,0.465717767985442,0.414549959265992,0.321281409201421,0.353549683195588,0.536961936488103,0.555305650802341,0.0927827857108166
-1.39717785878801,2.07635775898403,0,1,1,1,41,41,41dl03,O-M,1,0.4141,0.5949,0.992865247191523,0.996077741075286,0.998317448729237,0.994534471651577,0.981069562517684,0.992865247191523,0.996077741075286,0.998317448729237,0.994534471651577,0.981069562517684,1.39717785878801,2.07635775898403
1.32017589774053,2.2726950653774,1,1,1,1,41,41,41dl03,O-M,1,0.5791,0.7709,0.995367728741484,0.997627169710058,0.998960494891343,0.996939540324501,0.988477718881415,0.995367728741484,0.997627169710058,0.998960494891343,0.996939540324501,0.988477718881415,1.32017589774053,2.2726950653774
-0.150339053074672,1.02838371199691,0,1,1,1,41,41,41dl03,O-M,1,0.5384,0.7527,0.88709533051652,0.91895377995777,0.949028155231676,0.932793100887593,0.848115316381954,0.88709533051652,0.91895377995777,0.949028155231676,0.932793100887593,0.848115316381954,0.150339053074672,1.02838371199691
1.59885552080154,2.96082260225448,1,1,1,1,41,41,41dl03,O-M,1,0.335,0.7701,0.999520514878778,0.999804562147687,0.999922586134667,0.999697496717165,0.998465906961725,0.999520514878778,0.999804562147687,0.999922586134667,0.999697496717165,0.998465906961725,1.59885552080154,2.96082260225448
1.07261359427133,3.52016296709218,1,1,1,1,41,41,41dl03,O-M,1,0.6189,0.6063,0.999895821337267,0.999962135624805,0.999982540567248,0.99996678185641,0.999784359139875,0.999895821337267,0.999962135624805,0.999982540567248,0.99996678185641,0.999784359139875,1.07261359427133,3.52016296709218
-0.841521434502716,3.50248629642011,0,1,1,1,41,41,41dl03,O-M,1,0.47,0.5688,0.999871698183573,0.999951510642265,0.999976411423198,0.999964217763046,0.999769531253315,0.999871698183573,0.999951510642265,0.999976411423198,0.999964217763046,0.999769531253315,0.841521434502716,3.50248629642011
0.77228714018993,2.701985638842,1,1,1,1,41,41,41dl03,O-M,1,0.4864,0.5762,0.998008195998193,0.999078951182198,0.99953648384829,0.999239176049952,0.996553663027543,0.998008195998193,0.999078951182198,0.99953648384829,0.999239176049952,0.996553663027543,0.77228714018993,2.701985638842
-1.63079101899191,1.16095874203745,0,1,1,1,41,41,41dl03,O-M,1,0.3904,0.5293,0.962824047092022,0.969460150846703,0.987592550522354,0.948395979611888,0.877170660876963,0.962824047092022,0.969460150846703,0.987592550522354,0.948395979611888,0.877170660876963,1.63079101899191,1.16095874203745
-1.03979521001277,1.16600921937232,0,1,1,1,41,41,41dl03,O-M,1,0.5217,0.4833,0.939857976631933,0.956227886518834,0.977939127025527,0.948927932248669,0.878194641001299,0.939857976631933,0.956227886518834,0.977939127025527,0.948927932248669,0.878194641001299,1.03979521001277,1.16600921937232
-0.526919268584589,2.57635501513692,0,0,1,0,41,41,41dl03,O-M,1,0.4253,0.6817,0.996759147097454,0.99841839588257,0.999156843203326,0.998836182036083,0.995007596509577,0.996759147097454,0.99841839588257,0.999156843203326,0.998836182036083,0.995007596509577,0.526919268584589,2.57635501513692
0.100045735904729,2.09908490699098,1,1,1,1,41,41,41dl03,O-M,1,0.4193,0.5077,0.986492105531764,0.992376139833929,0.995499329072315,0.994880066376231,0.982095291663596,0.986492105531764,0.992376139833929,0.995499329072315,0.994880066376231,0.982095291663596,0.100045735904729,2.09908490699098
1.11429773978151,2.04100441763988,1,1,1,1,41,41,41dl03,O-M,1,0.2963,0.5312,0.990315811500009,0.994678098367508,0.997496616111152,0.99395560414097,0.979374806001226,0.990315811500009,0.994678098367508,0.997496616111152,0.99395560414097,0.979374806001226,1.11429773978151,2.04100441763988
-1.34077480123703,1.27270055307162,0,1,1,1,41,41,41dl03,O-M,1,0.3219,0.5875,0.959853890164373,0.970553819602226,0.986666969450595,0.959179057355131,0.898437839346677,0.959853890164373,0.970553819602226,0.986666969450595,0.959179057355131,0.898437839346677,1.34077480123703,1.27270055307162
1.2188230089651,2.85223733955461,1,1,1,1,41,41,41dl03,O-M,1,0.3391,0.5394,0.999055154527243,0.999595057617506,0.999818971931601,0.999551160135806,0.997829366324948,0.999055154527243,0.999595057617506,0.999818971931601,0.999551160135806,0.997829366324948,1.2188230089651,2.85223733955461
0.337461087333119,1.5283809681498,1,1,1,1,41,41,41dl03,O-M,1,0.3925,0.5055,0.955816869127225,0.971925523728897,0.983582951375676,0.977082971727111,0.936791011343125,0.955816869127225,0.971925523728897,0.983582951375676,0.977082971727111,0.936791011343125,0.337461087333119,1.5283809681498
0.563329907128865,2.96587307958936,1,1,1,1,41,41,41dl03,O-M,1,0.3681,0.489,0.999035611078385,0.999571481937705,0.999776235741236,0.999703077856667,0.998490874900762,0.999035611078385,0.999571481937705,0.999776235741236,0.999703077856667,0.998490874900762,0.563329907128865,2.96587307958936
-0.506322122258074,3.02900404627533,0,1,1,1,41,41,41dl03,O-M,1,0.5595,0.5713,0.99919667920232,0.99964540264509,0.999813096785054,0.999765216087222,0.998773193016363,0.99919667920232,0.99964540264509,0.999813096785054,0.999765216087222,0.998773193016363,0.506322122258074,3.02900404627533
0.139024027537352,1.93936356127547,1,1,1,1,41,41,41dl03,O-M,1,0.4019,0.5992,0.980436633898997,0.988602464673655,0.993256999577971,0.991977732528186,0.973771457870912,0.980436633898997,0.988602464673655,0.993256999577971,0.991977732528186,0.973771457870912,0.139024027537352,1.93936356127547
0.45640202631262,3.59718274644907,1,1,1,1,41,41,41dl03,O-M,1,0.5142,0.5782,0.999892514701014,0.99995755973327,0.999977763583502,0.999976057810885,0.999839158757719,0.999892514701014,0.99995755973327,0.999977763583502,0.999976057810885,0.999839158757719,0.45640202631262,3.59718274644907
-1.23869879633915,0.84846045694189,1,0,0,1,41,41,41dl03,O-M,1,0.3723,0.5044,0.250807980774692,0.276798553472186,0.362324536004101,0.352001248425441,0.198090792800412,0.749192019225308,0.723201446527814,0.637675463995899,0.647998751574559,0.801909207199588,1.23869879633915,0.84846045694189
1.39307066814864,1.91663641326852,1,1,1,1,41,41,41dl03,O-M,1,0.3975,0.5703,0.989544978968998,0.993917997624112,0.997375017354919,0.991464472100967,0.972357930693623,0.989544978968998,0.993917997624112,0.997375017354919,0.991464472100967,0.972357930693623,1.39307066814864,1.91663641326852
1.7113583936586,3.27142695834946,1,1,1,1,41,41,41dl03,O-M,1,0.4154,0.5309,0.999851155861835,0.999945478142912,0.999979183080326,0.999907976807956,0.99946496887005,0.999851155861835,0.999945478142912,0.999979183080326,0.999907976807956,0.99946496887005,1.7113583936586,3.27142695834946
-1.25547042511465,3.1862001533234,0,1,1,1,41,41,41dl03,O-M,1,0.2169,0.5135,0.999694931226878,0.999881522154642,0.99994777327052,0.999871277379144,0.999279225852811,0.999694931226878,0.999881522154642,0.99994777327052,0.999871277379144,0.999279225852811,1.25547042511465,3.1862001533234
-1.37263856327782,-1.63006129514933,1,0,0,1,41,41,41dl03,O-M,1,0.4857,0.627,0.105599771884357,0.0857523179153872,0.138063151060723,0.122714446288633,0.0515442714591251,0.894400228115643,0.914247682084613,0.861936848939276,0.877285553711367,0.948455728540875,1.37263856327782,1.63006129514933
-1.57361819266542,2.86549484255867,0,1,1,1,41,41,41dl03,O-M,1,0.2702,0.57,0.999332917984559,0.999719175185356,0.999887805491513,0.999572016253458,0.997918209724969,0.999332917984559,0.999719175185356,0.999887805491513,0.999572016253458,0.997918209724969,1.57361819266542,2.86549484255867
-1.68941007756329,3.09276632262816,0,1,1,1,41,41,41dl03,O-M,1,0.4089,0.6091,0.999717631281173,0.999890109843396,0.99995780546553,0.999815491009575,0.999008498932841,0.999717631281173,0.999890109843396,0.99995780546553,0.999815491009575,0.999008498932841,1.68941007756329,3.09276632262816
-0.0838356961359474,2.33077555472849,0,1,1,1,41,41,41dl03,O-M,1,0.5629,0.5673,0.992509727420216,0.995967920769587,0.997641567471473,0.997439425792913,0.990117401117882,0.992509727420216,0.995967920769587,0.997641567471473,0.997439425792913,0.990117401117882,0.0838356961359474,2.33077555472849
-0.483835543482581,-1.5757686637994,1,1,0,0,41,41,41dl03,O-M,1,0.4592,0.5776,0.19169935513816,0.114125502227844,0.2017692371524,0.13409696685052,0.0575395632993428,0.808300644861841,0.885874497772156,0.7982307628476,0.86590303314948,0.942460436700657,0.483835543482581,1.5757686637994
-0.502706541645832,1.08204503367998,0,1,1,1,41,41,41dl03,O-M,1,0.4728,0.4875,0.908440743304261,0.934582952643971,0.961828272292458,0.939499102153848,0.860383741034766,0.908440743304261,0.934582952643971,0.961828272292458,0.939499102153848,0.860383741034766,0.502706541645832,1.08204503367998
0.75460578467974,3.50501153508755,1,1,1,1,41,41,41dl03,O-M,1,0.3554,0.7533,0.999866835958966,0.999949005247967,0.999974729603178,0.99996459519203,0.99977170624989,0.999866835958966,0.999949005247967,0.999974729603178,0.99996459519203,0.99977170624989,0.75460578467974,3.50501153508755
0.791274769985834,-1.16541738034059,0,1,0,0,41,41,41dl03,O-M,1,0.4746,0.7118,0.213859072322958,0.196969304255657,0.290152562204568,0.242938939129617,0.121925042697005,0.786140927677041,0.803030695744343,0.709847437795432,0.757061060870383,0.878074957302995,0.791274769985834,1.16541738034059
0.492441200802389,2.0814082363189,1,1,1,1,41,41,41dl03,O-M,1,0.4565,0.5864,0.987685640652945,0.993212638014801,0.996276013908905,0.994613013384874,0.981301722282883,0.987685640652945,0.993212638014801,0.996276013908905,0.994613013384874,0.981301722282883,0.492441200802389,2.0814082363189
0.814134569985817,2.86044436522379,1,0,1,0,41,41,41dl03,O-M,1,0.6051,0.6581,0.998804556558243,0.999470937130245,0.9997374966505,0.999564179372359,0.997884761133454,0.998804556558243,0.999470937130245,0.9997374966505,0.999564179372359,0.997884761133454,0.814134569985817,2.86044436522379
0.865242551414349,2.81435875954303,1,1,1,1,41,41,41dl03,O-M,1,0.4667,0.5788,0.99865760772937,0.999401964095143,0.99970646135486,0.999486267387947,0.997556267515598,0.99865760772937,0.999401964095143,0.99970646135486,0.999486267387947,0.997556267515598,0.865242551414349,2.81435875954303
1.42941308488331,2.28784649738203,1,1,1,1,41,41,41dl03,O-M,1,0.415,0.7212,0.995942344464756,0.997924532168065,0.999123789386695,0.997077781723031,0.988926769019004,0.995942344464756,0.997924532168065,0.999123789386695,0.997077781723031,0.988926769019004,1.42941308488331,2.28784649738203
0.844715384067426,0.167277326400262,0,0,0,1,41,41,41dl03,O-M,1,0.4956,0.6961,0.489732559829179,0.544061094039149,0.633743035352228,0.618391890204819,0.433575921837705,0.510267440170821,0.455938905960851,0.366256964647772,0.381608109795181,0.566424078162295,0.844715384067426,0.167277326400262
1.21952279876102,1.49429024613937,1,1,1,1,41,41,41dl03,O-M,1,0.3845,0.5064,0.970612031486113,0.980480939600067,0.990897373916718,0.975166895157779,0.932450113292589,0.970612031486113,0.980480939600067,0.990897373916718,0.975166895157779,0.932450113292589,1.21952279876102,1.49429024613937
-1.19699132450245,1.59214324450263,0,1,1,1,41,41,41dl03,O-M,1,0.4439,0.5147,0.975365913170812,0.984225704905108,0.992626524034216,0.980333239085317,0.944323738857745,0.975365913170812,0.984225704905108,0.992626524034216,0.980333239085317,0.944323738857745,1.19699132450245,1.59214324450263
0.754652437332801,2.77079839252971,1,1,1,1,41,41,41dl03,O-M,1,0.4942,0.6582,0.998369157002267,0.999257475016895,0.999625593679884,0.999400957745965,0.997204048102982,0.998369157002267,0.999257475016895,0.999625593679884,0.999400957745965,0.997204048102982,0.754652437332801,2.77079839252971
-0.988290681033217,2.00249452796144,0,1,1,1,41,41,41dl03,O-M,1,0.4797,0.6642,0.988457986808063,0.993591902267347,0.996869818578197,0.993263809633335,0.977384214478365,0.988457986808063,0.993591902267347,0.996869818578197,0.993263809633335,0.977384214478365,0.988290681033217,2.00249452796144
-0.963844690829154,2.3181493613913,0,1,1,1,41,41,41dl03,O-M,1,0.4485,0.5995,0.994703920711739,0.997318594627493,0.998697075851477,0.997337503423557,0.989779397490868,0.994703920711739,0.997318594627493,0.998697075851477,0.997337503423557,0.989779397490868,0.963844690829154,2.3181493613913
1.56706173774034,1.99113095395797,1,1,1,1,41,41,41dl03,O-M,1,0.4198,0.4657,0.992507411950857,0.99568233933621,0.998256206920114,0.993046726257557,0.976766753894925,0.992507411950857,0.99568233933621,0.998256206920114,0.993046726257557,0.976766753894925,1.56706173774034,1.99113095395797
-0.463494986747903,2.73355112218499,0,1,1,1,41,41,41dl03,O-M,1,0.544,0.554,0.997912395727191,0.999010721028492,0.999468987919639,0.999317824567576,0.996867230195127,0.997912395727191,0.999010721028492,0.999468987919639,0.999317824567576,0.996867230195127,0.463494986747903,2.73355112218499
-0.298997732054151,1.12623671036016,0,1,1,1,41,41,41dl03,O-M,1,0.3756,0.4813,0.907869036384825,0.935309022097243,0.960749981927316,0.944618615546602,0.869967330642792,0.907869036384825,0.935309022097243,0.960749981927316,0.944618615546602,0.869967330642792,0.298997732054151,1.12623671036016
0.901678273455138,2.61802145314966,1,1,1,1,41,41,41dl03,O-M,1,0.3899,0.6566,0.997621388302103,0.998887798757362,0.999455993975747,0.998987560551392,0.995577937765442,0.997621388302103,0.998887798757362,0.999455993975747,0.998987560551392,0.995577937765442,0.901678273455138,2.61802145314966
0.0233254479456035,-1.69256095216844,0,1,0,0,41,41,41dl03,O-M,1,0.5554,0.6883,0.255232966013456,0.108734555117275,0.215541174756478,0.110471662662382,0.0452695344665,0.744767033986544,0.891265444882725,0.784458825243522,0.889528337337618,0.9547304655335,0.0233254479456035,1.69256095216844
0.129156991414911,-1.00127686695706,0,1,0,0,41,41,41dl03,O-M,1,0.4005,0.6625,0.32635125019245,0.275566054747211,0.406131568978991,0.297106954793919,0.15834648676192,0.67364874980755,0.724433945252789,0.593868431021009,0.702893045206081,0.84165351323808,0.129156991414911,1.00127686695706
-1.55950576511441,2.18368040235018,0,1,1,1,41,41,41dl03,O-M,1,0.4874,0.5457,0.995291700362745,0.997479047930183,0.998982706688386,0.996001752403438,0.985507129587181,0.995291700362745,0.997479047930183,0.998982706688386,0.996001752403438,0.985507129587181,1.55950576511441,2.18368040235018
-1.15071189266575,-0.412896257443812,1,1,0,0,41,41,41dl03,O-M,1,0.5962,0.7471,0.38746918246037,0.436877962249582,0.525539669621815,0.522186137335721,0.339841311605311,0.61253081753963,0.563122037750418,0.474460330378185,0.477813862664279,0.660158688394689,1.15071189266575,0.412896257443812
-0.72631270776811,1.24302899872921,0,1,1,1,41,41,41dl03,O-M,1,0.5676,0.7123,0.936719534169534,0.95630502935519,0.976111351043213,0.956511693201619,0.8930714261795,0.936719534169534,0.95630502935519,0.976111351043213,0.956511693201619,0.8930714261795,0.72631270776811,1.24302899872921
-1.51350624919608,2.73860159951986,0,1,1,1,41,41,41dl03,O-M,1,0.5423,0.6349,0.998952827890103,0.99953981152482,0.999812244356382,0.999329688878705,0.996914945369751,0.998952827890103,0.99953981152482,0.999812244356382,0.999329688878705,0.996914945369751,1.51350624919608,2.73860159951986
-0.229811847564408,0.771440677585005,1,0,0,1,41,41,41dl03,O-M,1,0.4621,0.7135,0.361919921931043,0.347138426642025,0.473470661517274,0.380981768995804,0.220222885992532,0.638080078068957,0.652861573357975,0.526529338482726,0.619018231004196,0.779777114007468,0.229811847564408,0.771440677585005
-0.103803031646136,3.26258862301342,0,1,1,1,41,41,41dl03,O-M,1,0.5841,0.5866,0.999584004409094,0.999814171780425,0.999895704882537,0.999904687067424,0.999448001758985,0.999584004409094,0.999814171780425,0.999895704882537,0.999904687067424,0.999448001758985,0.103803031646136,3.26258862301342
0.599089165700266,0.0833131407079209,0,1,0,0,41,41,41dl03,O-M,1,0.4746,0.6411,0.534539451784652,0.586972312599133,0.678720934801319,0.649964347072393,0.466801275923513,0.465460548215348,0.413027687400867,0.321279065198681,0.350035652927607,0.533198724076487,0.599089165700266,0.0833131407079209
1.39428363712823,2.63380419482115,1,1,1,1,41,41,41dl03,O-M,1,0.4706,0.5387,0.998404894519523,0.999273751779541,0.999691397401914,0.999040018498571,0.99577829178442,0.998404894519523,0.999273751779541,0.999691397401914,0.999040018498571,0.99577829178442,1.39428363712823,2.63380419482115
-1.57956640593073,3.14263978631008,0,1,1,1,41,41,41dl03,O-M,1,0.4242,0.5779,0.999733303557449,0.999897508915328,0.999959099514083,0.999847594813065,0.999162841271926,0.999733303557449,0.999897508915328,0.999959099514083,0.999847594813065,0.999162841271926,1.57956640593073,3.14263978631008
1.21900961957734,2.10981717132759,1,1,1,1,41,41,41dl03,O-M,1,0.3716,0.6239,0.992410971024305,0.995909909323428,0.998140954854423,0.995036395514787,0.982562946584592,0.992410971024305,0.995909909323428,0.998140954854423,0.995036395514787,0.982562946584592,1.21900961957734,2.10981717132759
1.29824915080177,1.68999624286588,1,1,1,1,41,41,41dl03,O-M,1,0.4043,0.601,0.981374942015528,0.988357543632687,0.994762394123217,0.984556815373016,0.954485663281897,0.981374942015528,0.988357543632687,0.994762394123217,0.984556815373016,0.954485663281897,1.29824915080177,1.68999624286588
0.0099827891701034,-0.958979119277461,0,0,0,1,41,41,41dl03,O-M,1,0.4935,0.641,0.35380449841153,0.296651138155663,0.434547808474346,0.3119106641192,0.168784632206363,0.64619550158847,0.703348861844337,0.565452191525654,0.6880893358808,0.831215367793637,0.0099827891701034,0.958979119277461
-0.869093152461879,-0.15405929403133,1,1,0,0,41,41,41dl03,O-M,1,0.5479,0.5713,0.493049317039906,0.548160171268269,0.636729684264393,0.623421011062156,0.438781491846434,0.506950682960094,0.451839828731731,0.363270315735607,0.376578988937844,0.561218508153566,0.869093152461879,0.15405929403133
1.63356509467907,2.29605352305121,1,1,1,1,41,41,41dl03,O-M,1,0.445,0.6892,0.996729471075068,0.998310265405247,0.999338154667274,0.997150288545409,0.989163589368197,0.996729471075068,0.998310265405247,0.999338154667274,0.997150288545409,0.989163589368197,1.63356509467907,2.29605352305121
1.50958566916896,-0.167316797035384,0,1,0,0,41,41,41dl03,O-M,1,0.5576,0.6175,0.461419918555515,0.520898720646042,0.595953303013044,0.618376842197312,0.43356039415683,0.538580081444485,0.479101279353958,0.404046696986956,0.381623157802688,0.56643960584317,1.50958566916896,0.167316797035384
-1.16480099389023,-1.67172773316207,1,0,0,1,41,41,41dl03,O-M,1,0.7444,0.5619,0.115010489825123,0.0827605229819783,0.138830567465748,0.114451328421402,0.0472890114088287,0.884989510174877,0.917239477018022,0.861169432534252,0.885548671578598,0.952710988591171,1.16480099389023,1.67172773316207
-1.30303280491053,1.81247031823667,0,1,1,1,41,41,41dl03,O-M,1,0.5413,0.5789,0.985750059006705,0.991466172467433,0.996186317787748,0.988726003540914,0.965043221906524,0.985750059006705,0.991466172467433,0.996186317787748,0.988726003540914,0.965043221906524,1.30303280491053,1.81247031823667
0.267178865496438,-1.89394873589669,0,0,0,1,41,41,41dl03,O-M,1,0.4752,0.8014,0.19942109323574,0.0705309629647399,0.149408111490599,0.0770191598517445,0.0291159073406969,0.80057890676426,0.92946903703526,0.850591888509401,0.922980840148255,0.970884092659303,0.267178865496438,1.89394873589669
1.6540222830464,1.46146214346267,1,1,1,1,41,41,41dl03,O-M,1,0.4038,0.4313,0.978737947349322,0.984572875576552,0.99388668565633,0.973196549954674,0.928055671351929,0.978737947349322,0.984572875576552,0.99388668565633,0.973196549954674,0.928055671351929,1.6540222830464,1.46146214346267
0.920502618965327,2.90274211290339,1,1,1,1,41,41,41dl03,O-M,1,0.3682,0.5298,0.999016121213619,0.999573841703038,0.999794040966287,0.999625900420703,0.998150444467563,0.999016121213619,0.999573841703038,0.999794040966287,0.999625900420703,0.998150444467563,0.920502618965327,2.90274211290339
-1.01558248307401,3.55046583110145,0,1,1,1,41,41,41dl03,O-M,1,0.3644,0.4896,0.999903559638375,0.999964917918198,0.999983607115322,0.999970777559469,0.999807724974753,0.999903559638375,0.999964917918198,0.999983607115322,0.999970777559469,0.999807724974753,1.01558248307401,3.55046583110145
0.0660126254965914,0.409068928807531,0,1,0,0,41,41,41dl03,O-M,1,0.4552,0.5523,0.480599105165848,0.492579479472885,0.616264553858993,0.52371049277674,0.34124453875302,0.519400894834152,0.507420520527115,0.383735446141007,0.47628950722326,0.65875546124698,0.0660126254965914,0.409068928807531
-1.05407092184949,1.95704023194754,0,1,1,1,41,41,41dl03,O-M,1,0.6912,0.6983,0.987687896359081,0.993062549981466,0.996667563570415,0.992357975783509,0.974828630777031,0.987687896359081,0.993062549981466,0.996667563570415,0.992357975783509,0.974828630777031,1.05407092184949,1.95704023194754
0.558268094271726,2.40905795341909,1,0,1,0,41,41,41dl03,O-M,1,0.5223,0.5703,0.994878358515924,0.99740611040618,0.998617069898918,0.997996405781338,0.992003120977596,0.994878358515924,0.99740611040618,0.998617069898918,0.997996405781338,0.992003120977596,0.558268094271726,2.40905795341909
0.325657966108638,-1.29420455237997,0,1,0,0,41,41,41dl03,O-M,1,0.6125,0.5859,0.247483665197754,0.181495863194668,0.292012797717318,0.204496452012749,0.0977973873726096,0.752516334802246,0.818504136805332,0.707987202282683,0.795503547987251,0.90220261262739,0.325657966108638,1.29420455237997
1.55231949937301,-0.642692976180746,0,0,0,1,41,41,41dl03,O-M,1,0.4444,0.6741,0.294952380397007,0.338248150510526,0.417327654788156,0.430871580208578,0.260211669746974,0.705047619602993,0.661751849489474,0.582672345211844,0.569128419791422,0.739788330253026,1.55231949937301,0.642692976180746
-1.4057852732778,1.22661494739086,0,1,1,1,41,41,41dl03,O-M,1,0.4665,0.6304,0.958855450289646,0.968887532188801,0.986208736085926,0.9549767335871,0.890016325761437,0.958855450289646,0.968887532188801,0.986208736085926,0.9549767335871,0.890016325761437,1.4057852732778,1.22661494739086
0.0083032936599006,-1.47223387843441,0,0,0,1,41,41,41dl03,O-M,1,0.5474,0.5547,0.277694667066412,0.153505804393561,0.274725622192241,0.15776245627591,0.0704788658992946,0.722305332933588,0.846494195606439,0.725274377807759,0.84223754372409,0.929521134100705,0.0083032936599006,1.47223387843441
0.0915782793741229,2.43367903042662,1,1,1,1,41,41,41dl03,O-M,1,0.4402,0.5699,0.99434836470847,0.997024019764303,0.998270138922208,0.998147337476965,0.992526878978988,0.99434836470847,0.997024019764303,0.998270138922208,0.998147337476965,0.992526878978988,0.0915782793741229,2.43367903042662
-0.76398472511502,2.05741846897824,0,1,1,1,41,41,41dl03,O-M,1,0.4957,0.6429,0.988493432736526,0.993693896560848,0.996742334329496,0.994230800516309,0.980177004953103,0.988493432736526,0.993693896560848,0.996742334329496,0.994230800516309,0.980177004953103,0.76398472511502,2.05741846897824
-1.73114087572653,1.29984686874658,0,1,1,1,41,41,41dl03,O-M,1,0.4436,0.4666,0.973633514431884,0.97903294875845,0.991912281240301,0.961501653780807,0.903173270915027,0.973633514431884,0.97903294875845,0.991912281240301,0.961501653780807,0.903173270915027,1.73114087572653,1.29984686874658
-0.39039027940102,1.94757058694465,0,1,1,1,41,41,41dl03,O-M,1,0.4447,0.4724,0.982358269909604,0.989897667009994,0.99430057589762,0.992156294935997,0.974266816984617,0.982358269909604,0.989897667009994,0.99430057589762,0.992156294935997,0.974266816984617,0.39039027940102,1.94757058694465
-1.23900203858405,2.68620289717051,0,1,1,1,41,41,41dl03,O-M,1,0.3225,0.3997,0.998451057020263,0.999303368305,0.99968959818716,0.999196794724239,0.996386540577358,0.998451057020263,0.999303368305,0.99968959818716,0.999196794724239,0.996386540577358,1.23900203858405,2.68620289717051
1.15551535876107,2.17168551867984,1,1,1,1,41,41,41dl03,O-M,1,0.5069,0.6493,0.993186722495654,0.996404432304384,0.99833689669202,0.99585742390329,0.985060304220383,0.993186722495654,0.996404432304384,0.99833689669202,0.99585742390329,0.985060304220383,1.15551535876107,2.17168551867984
-0.636133129400832,3.20892730133035,0,1,1,1,41,41,41dl03,O-M,1,0.4629,0.5588,0.999588103958848,0.99982840551237,0.999912300318284,0.999882218147762,0.9993338441271,0.999588103958848,0.99982840551237,0.999912300318284,0.999882218147762,0.9993338441271,0.636133129400832,3.20892730133035
-0.255237543482755,-1.6117533148104,1,0,0,1,41,41,41dl03,O-M,1,0.5756,0.543,0.221421843103309,0.114881568361547,0.212552078531436,0.12647446841888,0.0535078154453282,0.778578156896691,0.885118431638453,0.787447921468564,0.87352553158112,0.946492184554672,0.255237543482755,1.6117533148104
0.0982496087618729,2.93493890591323,1,0,1,0,41,41,41dl03,O-M,1,0.5556,0.7439,0.99874090747201,0.999400757385582,0.999659405007452,0.99966732902459,0.998331933167871,0.99874090747201,0.999400757385582,0.999659405007452,0.99966732902459,0.998331933167871,0.0982496087618729,2.93493890591323
0.838114033659268,1.43052796978654,1,1,1,1,41,41,41dl03,O-M,1,0.3909,0.5381,0.957452872554827,0.972045938737745,0.985341384325955,0.971222056125315,0.923717227932287,0.957452872554827,0.972045938737745,0.985341384325955,0.971222056125315,0.923717227932287,0.838114033659268,1.43052796978654
0.544785477537043,1.36929093210115,1,1,1,1,41,41,41dl03,O-M,1,0.5147,0.6663,0.944949332719111,0.96356559263805,0.979386487793124,0.966956143890578,0.914545824313891,0.944949332719111,0.96356559263805,0.979386487793124,0.966956143890578,0.914545824313891,0.544785477537043,1.36929093210115
-1.11635221368618,1.79858150556575,0,0,1,0,41,41,41dl03,O-M,1,0.4353,0.6825,0.983101093270869,0.989962974827933,0.99523462136828,0.988308517095684,0.963957547470877,0.983101093270869,0.989962974827933,0.99523462136828,0.988308517095684,0.963957547470877,1.11635221368618,1.79858150556575
-0.982062551849548,-1.72538905484515,1,1,0,0,41,41,41dl03,O-M,1,0.5354,0.5913,0.124651603406584,0.0781179904738067,0.137138179043645,0.104403670264496,0.0422286912308148,0.875348396593416,0.921882009526193,0.862861820956355,0.895596329735504,0.957771308769185,0.982062551849548,1.72538905484515
0.763866336312386,2.61802145314966,1,1,1,1,41,41,41dl03,O-M,1,0.6257,0.7476,0.99743298634248,0.998786569051832,0.999386540358175,0.998987560551392,0.995577937765442,0.99743298634248,0.998786569051832,0.999386540358175,0.998987560551392,0.995577937765442,0.763866336312386,2.61802145314966
-1.00881784838014,2.24744267870301,0,1,1,1,41,41,41dl03,O-M,1,0.4674,0.6028,0.993800861004408,0.996800397691563,0.998460316103611,0.996696004831819,0.987694124977036,0.993800861004408,0.996800397691563,0.998460316103611,0.996696004831819,0.987694124977036,1.00881784838014,2.24744267870301
0.0164208552925475,2.54605215112765,1,1,1,1,41,41,41dl03,O-M,1,0.2997,0.7135,0.99579428759264,0.997816995282913,0.998722197054186,0.998713363638911,0.994552554483,0.99579428759264,0.997816995282913,0.998722197054186,0.998713363638911,0.994552554483,0.0164208552925475,2.54605215112765
-1.34679299348192,1.30931651374948,0,1,1,1,41,41,41dl03,O-M,1,0.5308,0.6493,0.962550724069684,0.97288279037759,0.987774777935885,0.962286070652489,0.904786420956463,0.962550724069684,0.97288279037759,0.987774777935885,0.962286070652489,0.904786420956463,1.34679299348192,1.30931651374948
-1.50049015899201,-1.50253674244367,1,1,0,0,41,41,41dl03,O-M,1,0.5838,0.7393,0.112846679087419,0.104796989673419,0.159657857171319,0.150568224434632,0.0664792731363497,0.887153320912581,0.895203010326581,0.840342142828681,0.849431775565368,0.93352072686365,1.50049015899201,1.50253674244367
-0.291090107360279,2.79352554053666,0,1,1,1,41,41,41dl03,O-M,1,0.4826,0.642,0.998147957700003,0.999115716501832,0.999510903332447,0.999446976994469,0.997393154415495,0.998147957700003,0.999115716501832,0.999510903332447,0.999446976994469,0.997393154415495,0.291090107360279,2.79352554053666
1.45050008406696,2.49617868744573,1,1,1,1,41,41,41dl03,O-M,1,0.493,0.7373,0.997742633444786,0.998924158000151,0.999550565741859,0.998485187830816,0.993723032757682,0.997742633444786,0.998924158000151,0.999550565741859,0.998485187830816,0.993723032757682,1.45050008406696,2.49617868744573
1.28112762712832,3.44503711673588,1,1,1,1,41,41,41dl03,O-M,1,0.4928,0.6568,0.999881570154572,0.99995730226051,0.9999813376452,0.999954530081585,0.999714509509318,0.999881570154572,0.99995730226051,0.9999813376452,0.999954530081585,0.999714509509318,1.28112762712832,3.44503711673588
-0.184488795115462,3.5372083280974,0,1,1,1,41,41,41dl03,O-M,1,0.533,0.5138,0.999851262199053,0.99993771056929,0.999965776851416,0.999969088930936,0.999797809720288,0.999851262199053,0.99993771056929,0.999965776851416,0.999969088930936,0.999797809720288,0.184488795115462,3.5372083280974
1.16214003549576,2.76448529586111,1,1,1,1,41,41,41dl03,O-M,1,0.3465,0.6086,0.998706149514024,0.999429178428656,0.999740301298467,0.999387560744791,0.997149366166376,0.998706149514024,0.999429178428656,0.999740301298467,0.999387560744791,0.997149366166376,1.16214003549576,2.76448529586111
1.74135604957695,3.51069332208929,1,1,1,1,41,41,41dl03,O-M,1,0.442,0.5554,0.999939823375764,0.999979648676768,0.999992281106169,0.999965430683297,0.999776530153211,0.999939823375764,0.999979648676768,0.999992281106169,0.999965430683297,0.999776530153211,1.74135604957695,3.51069332208929
0.979005045904058,3.49617319975152,1,1,1,1,41,41,41dl03,O-M,1,0.3747,0.6574,0.999878859020155,0.999955101600506,0.99997882468515,0.999963257470327,0.999764008881808,0.999878859020155,0.999955101600506,0.99997882468515,0.999963257470327,0.999764008881808,0.979005045904058,3.49617319975152
-0.184208879197095,0.683688633891506,1,1,0,0,41,41,41dl03,O-M,1,0.4362,0.6672,0.389880218452485,0.381523706932732,0.509035932433998,0.414824686963061,0.247085901117428,0.610119781547515,0.618476293067268,0.490964067566002,0.585175313036939,0.752914098882572,0.184208879197095,0.683688633891506
1.64431853120967,2.15085229967347,1,1,1,1,41,41,41dl03,O-M,1,0.5145,0.8973,0.995300349972533,0.997430644534495,0.998996174613074,0.99559563668852,0.98425607022676,0.995300349972533,0.997430644534495,0.998996174613074,0.99559563668852,0.98425607022676,1.64431853120967,2.15085229967347
-0.890296783278189,2.90779259023827,0,1,1,1,41,41,41dl03,O-M,1,0.3596,0.5469,0.999014541150652,0.9995724155388,0.999791863378624,0.999632701160822,0.998180051686724,0.999014541150652,0.9995724155388,0.999791863378624,0.999632701160822,0.998180051686724,0.890296783278189,2.90779259023827
-0.230978163890937,-1.33902753872701,1,0,0,1,41,41,41dl03,O-M,1,0.4552,0.6022,0.255408811266182,0.174511684517825,0.288415448847945,0.192016290264728,0.0902808539760952,0.744591188733818,0.825488315482175,0.711584551152055,0.807983709735272,0.909719146023905,0.230978163890937,1.33902753872701
-0.367063952870425,3.15968514731529,0,1,1,1,41,41,41dl03,O-M,1,0.456,0.5047,0.999453897389686,0.999760898792739,0.999871174033169,0.999857310365443,0.999210301425418,0.999453897389686,0.999760898792739,0.999871174033169,0.999857310365443,0.999210301425418,0.367063952870425,3.15968514731529
0.886282897944945,1.71461731987341,1,1,1,1,41,41,41dl03,O-M,1,0.3558,0.64,0.976549607016759,0.985828327662786,0.992784282119111,0.985487789279798,0.956792294416718,0.976549607016759,0.985828327662786,0.992784282119111,0.985487789279798,0.956792294416718,0.886282897944945,1.71461731987341
1.45887423529145,3.42357258806265,1,1,1,1,41,41,41dl03,O-M,1,0.3796,0.52,0.999889702321105,0.999960762902681,0.999983706495672,0.999950311904603,0.999690981283801,0.999889702321105,0.999960762902681,0.999983706495672,0.999950311904603,0.999690981283801,1.45887423529145,3.42357258806265
0.787262641822572,1.81310162790353,1,1,1,1,41,41,41dl03,O-M,1,0.469,0.56,0.979984055465495,0.988260982640931,0.993898635543239,0.988744668351691,0.965091925923488,0.979984055465495,0.988260982640931,0.993898635543239,0.988744668351691,0.965091925923488,0.787262641822572,1.81310162790353
-0.0590398110339255,0.45641715382201,1,0,0,1,41,41,41dl03,O-M,1,0.4795,0.5634,0.467951240411924,0.474971084823961,0.60104959881732,0.504835141693448,0.324045016395397,0.532048759588076,0.525028915176039,0.39895040118268,0.495164858306552,0.675954983604603,0.0590398110339255,0.45641715382201
-0.672312261849784,1.92358081960398,0,1,1,1,41,41,41dl03,O-M,1,0.3905,0.5865,0.983465981649107,0.990580640511201,0.994994225385293,0.991624276075999,0.972796426429224,0.983465981649107,0.990580640511201,0.994994225385293,0.991624276075999,0.972796426429224,0.672312261849784,1.92358081960398
-0.126942747564486,3.14200847664322,0,1,1,1,41,41,41dl03,O-M,1,0.4594,0.4979,0.999371988294244,0.999714003100857,0.999839413400137,0.999847223348635,0.999161034109963,0.999371988294244,0.999714003100857,0.999839413400137,0.999847223348635,0.999161034109963,0.126942747564486,3.14200847664322
-0.280943155319471,2.69377861317282,0,1,1,1,41,41,41dl03,O-M,1,0.4057,0.4968,0.997481716946111,0.998770461247164,0.999316055239802,0.999217401834468,0.996467646370873,0.997481716946111,0.998770461247164,0.999316055239802,0.999217401834468,0.996467646370873,0.280943155319471,2.69377861317282
0.435268374475901,3.44188056840158,1,1,1,1,41,41,41dl03,O-M,1,0.629,0.6803,0.999805357621089,0.999920414746757,0.999957981342453,0.99995393171716,0.999711157379252,0.999805357621089,0.999920414746757,0.999957981342453,0.99995393171716,0.999711157379252,0.435268374475901,3.44188056840158
0.974596370189776,1.4766135754673,1,1,1,1,41,41,41dl03,O-M,1,0.4799,0.6198,0.964025020110321,0.976503582015573,0.988169215590608,0.974121592088241,0.930110374690654,0.964025020110321,0.976503582015573,0.988169215590608,0.974121592088241,0.930110374690654,0.974596370189776,1.4766135754673
-1.66685351980821,3.3976888917214,0,1,1,1,41,41,41dl03,O-M,1,0.3739,0.5288,0.999900910160294,0.999965077446641,0.999986435713913,0.999944733796939,0.999660211726944,0.999900910160294,0.999965077446641,0.999986435713913,0.999944733796939,0.999660211726944,1.66685351980821,3.3976888917214
-1.32365327756357,2.62244062081768,0,1,1,1,41,41,41dl03,O-M,1,0.4588,0.5635,0.998250071716943,0.999199461631679,0.999652025546467,0.999002507840882,0.995634876026589,0.998250071716943,0.999199461631679,0.999652025546467,0.999002507840882,0.995634876026589,1.32365327756357,2.62244062081768
0.373103714271867,0.501871449835909,0,0,0,1,41,41,41dl03,O-M,1,0.5683,0.6903,0.417595856947103,0.438161121912381,0.553743187288,0.486704081933051,0.307878974677939,0.582404143052897,0.561838878087619,0.446256812712,0.513295918066949,0.692121025322061,0.373103714271867,0.501871449835909
0.700255443863455,0.950732622973163,1,0,1,0,41,41,41dl03,O-M,1,0.592,0.8097,0.897553955872198,0.923027779072592,0.956664658500788,0.922089839136111,0.829129938418905,0.897553955872198,0.923027779072592,0.956664658500788,0.922089839136111,0.829129938418905,0.700255443863455,0.950732622973163
-0.663238320829383,0.904015707625545,0,1,1,1,41,41,41dl03,O-M,1,0.7119,0.6998,0.888292818866592,0.915186112118292,0.95161837351385,0.9150543336693,0.817006463790555,0.888292818866592,0.915186112118292,0.95161837351385,0.9150543336693,0.817006463790555,0.663238320829383,0.904015707625545
-0.622183986135537,2.76132874752681,0,1,1,1,41,41,41dl03,O-M,1,0.4552,0.6096,0.998208705582483,0.999171245980098,0.999569695118848,0.99938075897105,0.997121665096784,0.998208705582483,0.999171245980098,0.999569695118848,0.99938075897105,0.997121665096784,0.622183986135537,2.76132874752681
0.953392739373465,0.362983323126773,0,0,0,1,41,41,41dl03,O-M,1,0.5129,0.696,0.415195663110943,0.463663246767837,0.556754524239256,0.542031900296197,0.358308671084008,0.584804336889057,0.536336753232163,0.443245475760744,0.457968099703803,0.641691328915992,0.953392739373465,0.362983323126773
0.89785275590412,0.532174313845175,0,1,0,0,41,41,41dl03,O-M,1,0.5037,0.6178,0.363272365194957,0.401215294610252,0.498984599003722,0.474629650611379,0.297302635709237,0.636727634805043,0.598784705389748,0.501015400996278,0.525370349388621,0.702697364290763,0.89785275590412,0.532174313845175
0.114834626925126,0.852879624609908,1,1,1,1,41,41,41dl03,O-M,1,0.7121,0.6657,0.852113866607312,0.889406937501995,0.928947580714008,0.906818815969544,0.80313696901649,0.852113866607312,0.889406937501995,0.928947580714008,0.906818815969544,0.80313696901649,0.114834626925126,0.852879624609908
-1.70384907368573,2.79794470820468,0,1,1,1,41,41,41dl03,O-M,1,0.537,0.5706,0.999278848240087,0.999689002977676,0.999881510747358,0.99945553646698,0.997428554217154,0.999278848240087,0.999689002977676,0.999881510747358,0.99945553646698,0.997428554217154,1.70384907368573,2.79794470820468
-0.645300375727356,2.54542084146079,0,1,1,1,41,41,41dl03,O-M,1,0.4752,0.652,0.996640133305049,0.998366105254777,0.999149538940754,0.998710683322964,0.994542694633533,0.996640133305049,0.998366105254777,0.999149538940754,0.998710683322964,0.994542694633533,0.645300375727356,2.54542084146079
1.32026920304665,-0.162897629367366,0,0,0,1,41,41,41dl03,O-M,1,0.582,0.64,0.46933696061536,0.528387611488484,0.607163718190844,0.620060514278891,0.435299518694424,0.53066303938464,0.471612388511516,0.392836281809156,0.379939485721109,0.564700481305576,1.32026920304665,0.162897629367366
-1.22470300042079,3.17294265031934,0,1,1,1,41,41,41dl03,O-M,1,0.5488,0.6413,0.999673028737144,0.999872165761329,0.999943157831693,0.999864462408237,0.999245488353263,0.999673028737144,0.999872165761329,0.999943157831693,0.999864462408237,0.999245488353263,1.22470300042079,3.17294265031934
-1.110497305727,1.64769849518628,0,1,1,1,41,41,41dl03,O-M,1,0.5246,0.6217,0.976599177409633,0.985401279185642,0.993006512773864,0.982837623140641,0.950292721498442,0.976599177409633,0.985401279185642,0.993006512773864,0.982837623140641,0.950292721498442,1.110497305727,1.64769849518628
-0.879006841237382,3.63758656512809,0,1,1,1,41,41,41dl03,O-M,1,0.3618,0.6266,0.999925004337838,0.999972688144101,0.999986848633379,0.999979882315504,0.999862397644205,0.999925004337838,0.999972688144101,0.999986848633379,0.999979882315504,0.999862397644205,0.879006841237382,3.63758656512809
0.191881483455679,2.61928407248338,1,1,1,1,41,41,41dl03,O-M,1,0.3657,0.7129,0.996766466825804,0.998379556722101,0.999081589670499,0.998991852042735,0.995594273163092,0.996766466825804,0.998379556722101,0.999081589670499,0.998991852042735,0.995594273163092,0.191881483455679,2.61928407248338
0.915580764067372,3.55867285677063,1,1,1,1,41,41,41dl03,O-M,1,0.443,0.6332,0.999900571415506,0.999963339559235,0.999982471019475,0.999971778716327,0.999813633276068,0.999900571415506,0.999963339559235,0.999982471019475,0.999971778716327,0.999813633276068,0.915580764067372,3.55867285677063
0.439443786924878,3.64074311346239,1,1,1,1,41,41,41dl03,O-M,1,0.5833,0.5794,0.999908553212206,0.999964097590694,0.999981151568924,0.999980155309307,0.999864073863095,0.999908553212206,0.999964097590694,0.999981151568924,0.999980155309307,0.999864073863095,0.439443786924878,3.64074311346239
1.21812321916918,3.68177824180827,1,1,1,1,41,41,41dl03,O-M,1,0.3527,0.6916,0.999949564531775,0.999982773785308,0.999992349143861,0.999983399141665,0.999884193584059,0.999949564531775,0.999982773785308,0.999992349143861,0.999983399141665,0.999884193584059,1.21812321916918,3.68177824180827
0.793047570802159,2.6956725421734,1,1,1,1,41,41,41dl03,O-M,1,0.4418,0.6153,0.997992266843172,0.999071854094649,0.999535062323796,0.999222476981081,0.996487665699129,0.997992266843172,0.999071854094649,0.999535062323796,0.999222476981081,0.996487665699129,0.793047570802159,2.6956725421734
0.931792561006135,2.27774554271227,1,1,1,1,41,41,41dl03,O-M,1,0.3609,0.6251,0.993991883389571,0.996919566656431,0.998488350539161,0.996986261775859,0.988629128705824,0.993991883389571,0.996919566656431,0.998488350539161,0.996986261775859,0.988629128705824,0.931792561006135,2.27774554271227
0.196010243251594,2.72281885784837,1,1,1,1,41,41,41dl03,O-M,1,0.3321,0.571,0.997627771066803,0.998836963264148,0.999344125013622,0.999291967119614,0.996763623126252,0.997627771066803,0.998836963264148,0.999344125013622,0.999291967119614,0.996763623126252,0.196010243251594,2.72281885784837
-1.39416876266556,3.62306644279032,0,1,1,1,41,41,41dl03,O-M,1,0.3495,0.5924,0.999944994947431,0.999981375468957,0.999992112581276,0.999978579993902,0.999854434500129,0.999944994947431,0.999981375468957,0.999992112581276,0.999978579993902,0.999854434500129,1.39416876266556,3.62306644279032
-0.52773569001316,3.62054120412288,0,1,1,1,41,41,41dl03,O-M,1,0.4104,0.5722,0.999904611105172,0.99996297776636,0.999980862690899,0.999978345491387,0.999853006287036,0.999904611105172,0.99996297776636,0.999980862690899,0.999978345491387,0.999853006287036,0.52773569001316,3.62054120412288
0.910752214475539,3.18051836632166,1,1,1,1,41,41,41dl03,O-M,1,0.4156,0.6353,0.999606717371729,0.999841042566668,0.999923442648875,0.999868396992033,0.999264940899899,0.999606717371729,0.999841042566668,0.999923442648875,0.999868396992033,0.999264940899899,0.910752214475539,3.18051836632166
0.650383757741044,3.13001359297288,1,1,1,1,41,41,41dl03,O-M,1,0.3437,0.8254,0.999463204908165,0.999772804560774,0.999883988294551,0.999840002414718,0.999126008927565,0.999463204908165,0.999772804560774,0.999883988294551,0.999840002414718,0.999126008927565,0.650383757741044,3.13001359297288
-1.12456308062495,1.01891406699401,0,0,1,0,41,41,41dl03,O-M,1,0.445,0.6731,0.928151621945042,0.944289614056167,0.972360112145193,0.931552187665314,0.84587811759641,0.928151621945042,0.944289614056167,0.972360112145193,0.931552187665314,0.84587811759641,1.12456308062495,1.01891406699401
-0.0490328169523005,2.42294676609001,0,1,1,1,41,41,41dl03,O-M,1,0.4614,0.5546,0.994109044098978,0.99687711984183,0.99817108951459,0.998082865149993,0.992302408760132,0.994109044098978,0.99687711984183,0.99817108951459,0.998082865149993,0.992302408760132,0.0490328169523005,2.42294676609001
0.225611351618919,-1.59155140547089,0,0,0,1,41,41,41dl03,O-M,1,0.482,0.6645,0.228008046581054,0.119720893157934,0.220329219662164,0.130715763250919,0.0557427681437801,0.771991953418946,0.880279106842066,0.779670780337836,0.869284236749081,0.94425723185622,0.225611351618919,1.59155140547089
0.837367591210289,3.01258999493698,1,1,1,1,41,41,41dl03,O-M,1,0.2889,0.7083,0.999277327526402,0.999692824005879,0.999848978630123,0.999750345983062,0.998704856901665,0.999277327526402,0.999692824005879,0.999848978630123,0.999750345983062,0.998704856901665,0.837367591210289,3.01258999493698
-0.296198572870479,2.21713981469374,0,1,1,1,41,41,41dl03,O-M,1,0.4499,0.6106,0.99056275306587,0.994892740763172,0.99710633604632,0.996380850575615,0.986693230600037,0.99056275306587,0.994892740763172,0.99710633604632,0.996380850575615,0.986693230600037,0.296198572870479,2.21713981469374
-0.67137920878856,2.2758516137117,0,1,1,1,41,41,41dl03,O-M,1,0.4688,0.6095,0.993051405491232,0.996391064533433,0.998112633390531,0.996968817064277,0.988572553830049,0.993051405491232,0.996391064533433,0.998112633390531,0.996968817064277,0.988572553830049,0.67137920878856,2.2758516137117
-0.109611286952254,-1.67109642349521,1,1,0,0,41,41,41dl03,O-M,1,0.5013,0.5926,0.240974205455794,0.109311802438931,0.21197610710385,0.114573497279459,0.0473513168541413,0.759025794544206,0.890688197561069,0.78802389289615,0.885426502720541,0.952648683145859,0.109611286952254,1.67109642349521
1.52717371937303,0.905909636626124,1,1,1,1,41,41,41dl03,O-M,1,0.4181,0.6833,0.938848912131897,0.94558970470704,0.976504481793791,0.915348521730188,0.817508158360095,0.938848912131897,0.94558970470704,0.976504481793791,0.915348521730188,0.817508158360095,1.52717371937303,0.905909636626124
-1.49465857735936,2.55867834446485,0,1,1,1,41,41,41dl03,O-M,1,0.3804,0.6014,0.998185177720198,0.999152603210336,0.999651578414217,0.998765911161396,0.994746454507627,0.998185177720198,0.999152603210336,0.999651578414217,0.998765911161396,0.994746454507627,1.49465857735936,2.55867834446485
-1.38493153735944,1.63570361151595,0,1,1,1,41,41,41dl03,O-M,1,0.3488,0.5881,0.980594007104413,0.987499330787078,0.99453218097788,0.982321283597811,0.949049183361429,0.980594007104413,0.987499330787078,0.99453218097788,0.982321283597811,0.949049183361429,1.38493153735944,1.63570361151595
-0.793632486135406,3.04099892994566,0,1,1,1,41,41,41dl03,O-M,1,0.3349,0.6908,0.999326281809139,0.999714143225427,0.999858151965865,0.999775555595641,0.998821026656091,0.999326281809139,0.999714143225427,0.999858151965865,0.999775555595641,0.998821026656091,0.793632486135406,3.04099892994566
0.555795503659483,0.155282442729928,0,1,0,0,41,41,41dl03,O-M,1,0.5326,0.6573,0.512789733446418,0.561662266663403,0.658041988569115,0.622956498297271,0.438299328195782,0.487210266553582,0.438337733336597,0.341958011430885,0.377043501702729,0.561700671804218,0.555795503659483,0.155282442729928
0.714484503047117,2.51006750011665,1,1,1,1,41,41,41dl03,O-M,1,0.6039,0.6995,0.99640694256476,0.998247336307267,0.999100540307148,0.998552180315842,0.993964595714093,0.99640694256476,0.998247336307267,0.999100540307148,0.998552180315842,0.993964595714093,0.714484503047117,2.51006750011665
0.118706797129204,-0.337139097420646,0,0,0,1,41,41,41dl03,O-M,1,0.5836,0.8033,0.495383944962326,0.516621574280674,0.634932338080643,0.552269865900145,0.368006022718339,0.504616055037674,0.483378425719326,0.365067661919357,0.447730134099855,0.631993977281661,0.118706797129204,0.337139097420646
-1.14917235511473,2.59655692447643,0,1,1,1,41,41,41dl03,O-M,1,0.4997,0.6657,0.997843052530679,0.998999879950643,0.999541783321242,0.998911993040511,0.995291834924507,0.997843052530679,0.998999879950643,0.999541783321242,0.998911993040511,0.995291834924507,1.14917235511473,2.59655692447643
1.58957164284237,3.17231134065248,1,1,1,1,41,41,41dl03,O-M,1,0.3438,0.619,0.999761474107641,0.999909247831785,0.999963899201671,0.999864129597311,0.999243846087109,0.999761474107641,0.999909247831785,0.999963899201671,0.999864129597311,0.999243846087109,1.58957164284237,3.17231134065248
-0.121157818584899,3.6249603717909,0,1,1,1,41,41,41dl03,O-M,1,0.5782,0.5942,0.999891647775714,0.999954847633374,0.999975009047003,0.999978754287639,0.999855497117921,0.999891647775714,0.999954847633374,0.999975009047003,0.999978754287639,0.999855497117921,0.121157818584899,3.6249603717909
0.0367847383537565,0.735456026574002,0,0,0,1,41,41,41dl03,O-M,1,0.3854,0.6017,0.398089778993205,0.372300794523084,0.507745382122314,0.394765889501734,0.231030905638909,0.601910221006795,0.627699205476916,0.492254617877686,0.605234110498266,0.768969094361091,0.0367847383537565,0.735456026574002
0.840260055700082,2.26070018170706,1,1,1,1,41,41,41dl03,O-M,1,0.4464,0.5753,0.993376799291961,0.996576146639267,0.998278956483673,0.996825952012975,0.988111085388713,0.993376799291961,0.996576146639267,0.998278956483673,0.996825952012975,0.988111085388713,0.840260055700082,2.26070018170706
-1.07893678593111,1.03848466666666,0,1,1,1,41,41,41dl03,O-M,1,0.4077,0.5559,0.928071432143156,0.945013833443855,0.972361885231475,0.934097493484489,0.850477764891165,0.928071432143156,0.945013833443855,0.972361885231475,0.934097493484489,0.850477764891165,1.07893678593111,1.03848466666666
-1.72698878960408,0.988611202984746,0,1,1,1,41,41,41dl03,O-M,1,0.3818,0.5911,0.955843610110376,0.959548972734942,0.984089512880142,0.92746231129861,0.838573298573549,0.955843610110376,0.959548972734942,0.984089512880142,0.92746231129861,0.838573298573549,1.72698878960408,0.988611202984746
0.0259613228435607,-0.599132609167426,0,0,0,1,41,41,41dl03,O-M,1,0.4534,0.5996,0.433703636661527,0.423249035202588,0.556001950405494,0.448047747981557,0.274542228904746,0.566296363338473,0.576750964797412,0.443998049594506,0.551952252018443,0.725457771095254,0.0259613228435607,0.599132609167426
0.602984662230876,1.58077967049915,1,1,1,1,41,41,41dl03,O-M,1,0.5264,0.5598,0.96423608046755,0.977633586769781,0.987685052299904,0.979784437476896,0.943035787801914,0.96423608046755,0.977633586769781,0.987685052299904,0.979784437476896,0.943035787801914,0.602984662230876,1.58077967049915
1.72206517753614,1.0410099053341,1,1,1,1,41,41,41dl03,O-M,1,0.3871,0.6036,0.959042355887435,0.963443854004566,0.985637526418385,0.934420506102582,0.851064524457166,0.959042355887435,0.963443854004566,0.985637526418385,0.934420506102582,0.851064524457166,1.72206517753614,1.0410099053341
-0.43984209164588,2.79794470820468,0,1,1,1,41,41,41dl03,O-M,1,0.441,0.569,0.998270283523275,0.999189775935388,0.999564109786857,0.99945553646698,0.997428554217154,0.998270283523275,0.999189775935388,0.999564109786857,0.99945553646698,0.997428554217154,0.43984209164588,2.79794470820468
-0.740098566747692,1.12497409102644,0,1,1,1,41,41,41dl03,O-M,1,0.3356,0.4672,0.923426602262728,0.945195336046075,0.969878472391457,0.944477248498311,0.869699993276775,0.923426602262728,0.945195336046075,0.969878472391457,0.944477248498311,0.869699993276775,0.740098566747692,1.12497409102644
0.309702758761712,-0.583981177162793,0,0,0,1,41,41,41dl03,O-M,1,0.4722,0.675,0.400972792273585,0.410831333433371,0.530955948646667,0.454046672414681,0.279616487979449,0.599027207726415,0.589168666566629,0.469044051353333,0.545953327585319,0.720383512020551,0.309702758761712,0.583981177162793
0.840493318965388,1.26449352740244,1,1,1,1,41,41,41dl03,O-M,1,0.2874,0.543,0.942612386451975,0.960331032804356,0.978979511227401,0.958454909903808,0.89697352878112,0.942612386451975,0.960331032804356,0.978979511227401,0.958454909903808,0.89697352878112,0.840493318965388,1.26449352740244
-0.42493656899283,1.52269918114806,0,1,1,1,41,41,41dl03,O-M,1,0.4584,0.6037,0.956754645529116,0.972518786785042,0.984207657385739,0.976772555473332,0.936083008529552,0.956754645529116,0.972518786785042,0.984207657385739,0.976772555473332,0.936083008529552,0.42493656899283,1.52269918114806
0.730113141822615,-0.539789500482613,0,1,0,0,41,41,41dl03,O-M,1,0.4367,0.6358,0.373244206571229,0.405637371898754,0.509089223230478,0.471598539751326,0.294671104363511,0.626755793428771,0.594362628101246,0.490910776769522,0.528401460248674,0.705328895636489,0.730113141822615,0.539789500482613
0.634311918761464,2.82445971421278,1,1,1,1,41,41,41dl03,O-M,1,0.3516,0.5744,0.998534565317511,0.99933293636395,0.999655233216442,0.999504372457827,0.997631979919731,0.998534565317511,0.99933293636395,0.999655233216442,0.999504372457827,0.997631979919731,0.634311918761464,2.82445971421278
-1.45983237184918,3.44756235540332,0,1,1,1,41,41,41dl03,O-M,1,0.362,0.7075,0.999899135317744,0.999964372305905,0.999985208235508,0.99995500347969,0.999717165092489,0.999899135317744,0.999964372305905,0.999985208235508,0.99995500347969,0.999717165092489,1.45983237184918,3.44756235540332
-1.59477517082867,2.90400473223711,0,1,1,1,41,41,41dl03,O-M,1,0.2675,0.6506,0.999421901650231,0.999759824430216,0.999904746125228,0.999627611483496,0.998157887043547,0.999421901650231,0.999759824430216,0.999904746125228,0.999627611483496,0.998157887043547,1.59477517082867,2.90400473223711
1.24632474794467,2.737970289853,1,1,1,1,41,41,41dl03,O-M,1,0.3039,0.5291,0.99868245412407,0.999416782405386,0.999740912932445,0.999328216321792,0.996909016977143,0.99868245412407,0.999416782405386,0.999740912932445,0.999328216321792,0.996909016977143,1.24632474794467,2.737970289853
0.968741462230597,3.71081848648382,1,1,1,1,41,41,41dl03,O-M,1,0.2994,0.4875,0.999946636469353,0.999981177005834,0.999991124228998,0.999985383201902,0.999896704899317,0.999946636469353,0.999981177005834,0.999991124228998,0.999985383201902,0.999896704899317,0.968741462230597,3.71081848648382
1.34499510916909,2.37559854107553,1,1,1,1,41,41,41dl03,O-M,1,0.3407,0.5268,0.996549279692083,0.998290724879086,0.999258890647669,0.99777339748319,0.991239743254167,0.996549279692083,0.998290724879086,0.999258890647669,0.99777339748319,0.991239743254167,1.34499510916909,2.37559854107553
1.5561216905975,1.01891406699401,1,1,1,1,41,41,41dl03,O-M,1,0.2097,0.667,0.949766179058776,0.957049719052447,0.981824088037835,0.931552187665314,0.84587811759641,0.949766179058776,0.957049719052447,0.981824088037835,0.931552187665314,0.84587811759641,1.5561216905975,1.01891406699401
1.4411462271282,-1.07450878831279,0,1,0,0,41,41,41dl03,O-M,1,0.4248,0.5303,0.186766997903359,0.202925783187278,0.276496793147005,0.27226686091574,0.141297354020122,0.813233002096642,0.797074216812722,0.723503206852995,0.72773313908426,0.858702645979878,1.4411462271282,1.07450878831279
1.69101783692392,2.36297234773834,1,1,1,1,41,41,41dl03,O-M,1,0.4235,0.5215,0.997422920422937,0.998695435736561,0.999500668295556,0.997683558591599,0.990935488875134,0.997422920422937,0.998695435736561,0.999500668295556,0.997683558591599,0.990935488875134,1.69101783692392,2.36297234773834
0.463679840190166,1.56184038049336,1,1,1,1,41,41,41dl03,O-M,1,0.3746,0.5247,0.960578223832613,0.975208429385877,0.985905156460259,0.978840920910365,0.940837201807147,0.960578223832613,0.975208429385877,0.985905156460259,0.978840920910365,0.940837201807147,0.463679840190166,1.56184038049336
1.14620815447536,-0.252543602061445,0,1,0,0,41,41,41dl03,O-M,1,0.6558,0.5531,0.443781370128463,0.499297907375126,0.584552425122313,0.585503690855539,0.400310458205418,0.556218629871537,0.500702092624874,0.415447574877687,0.414496309144461,0.599689541794582,1.14620815447536,0.252543602061445
1.32493446835277,3.64895013913157,1,1,1,1,41,41,41dl03,O-M,1,0.4363,0.5478,0.999947275400934,0.999982110569945,0.99999227605622,0.999980848734522,0.999868342900349,0.999947275400934,0.999982110569945,0.99999227605622,0.999980848734522,0.999868342900349,1.32493446835277,3.64895013913157
-0.297574826135784,-1.61869772114586,1,1,0,0,41,41,41dl03,O-M,1,0.6782,0.539,0.214185149606351,0.112167679899685,0.207030519741832,0.125038913154946,0.0527561587229909,0.785814850393649,0.887832320100315,0.792969480258168,0.874961086845054,0.947243841277009,0.297574826135784,1.61869772114586
-1.5590392385838,1.93115653560629,0,1,1,1,41,41,41dl03,O-M,1,0.3142,0.8034,0.991311697268821,0.994881526285817,0.99792339657458,0.991795606345665,0.973268151385761,0.991311697268821,0.994881526285817,0.99792339657458,0.991795606345665,0.973268151385761,1.5590392385838,1.93115653560629
-1.18000975878817,1.28027626907393,0,1,1,1,41,41,41dl03,O-M,1,0.3843,0.6102,0.955097290476086,0.967993749574329,0.98468783548444,0.959838379362554,0.899776004662923,0.955097290476086,0.967993749574329,0.98468783548444,0.959838379362554,0.899776004662923,1.18000975878817,1.28027626907393
-1.7052719796041,3.30551768035988,0,1,1,1,41,41,41dl03,O-M,1,0.3907,0.6999,0.999867269242837,0.999951911167361,0.999981590995644,0.999919692347644,0.999525994386282,0.999867269242837,0.999951911167361,0.999981590995644,0.999919692347644,0.999525994386282,1.7052719796041,3.30551768035988
-0.273711994094986,2.88506544223132,0,1,1,1,41,41,41dl03,O-M,1,0.3716,0.5495,0.998601637096693,0.999343512911762,0.999637023224506,0.999601166107775,0.998043338472938,0.998601637096693,0.999343512911762,0.999637023224506,0.999601166107775,0.998043338472938,0.273711994094986,2.88506544223132
1.02841020549586,2.40337616641736,1,1,1,1,41,41,41dl03,O-M,1,0.5355,0.6706,0.9959597099891,0.998008420536495,0.999051529039219,0.997960026993808,0.991877766102565,0.9959597099891,0.998008420536495,0.999051529039219,0.997960026993808,0.991877766102565,1.02841020549586,2.40337616641736
-0.931187833686322,3.16284169564959,0,1,1,1,41,41,41dl03,O-M,1,0.3357,0.5296,0.999587088620941,0.999832796942665,0.999919832399256,0.999859044613806,0.999218813676256,0.999587088620941,0.999832796942665,0.999919832399256,0.999859044613806,0.999218813676256,0.931187833686322,3.16284169564959
-0.634896834094711,2.99554463393177,0,0,1,0,41,41,41dl03,O-M,1,0.4636,0.5072,0.999152553886812,0.999629355324236,0.999809434970978,0.999733977837281,0.998630223977226,0.999152553886812,0.999629355324236,0.999809434970978,0.999733977837281,0.998630223977226,0.634896834094711,2.99554463393177
-0.847353016135365,3.41157770439231,0,1,1,1,41,41,41dl03,O-M,1,0.4452,0.5774,0.999820803630702,0.999930891939908,0.999966372595969,0.99994779646822,0.999677059552437,0.999820803630702,0.999930891939908,0.999966372595969,0.99994779646822,0.999677059552437,0.847353016135365,3.41157770439231
-0.483112427360133,2.27395768471112,0,0,1,0,41,41,41dl03,O-M,1,0.4006,0.6109,0.992407678722498,0.99600412882263,0.997823328850628,0.99695128144468,0.988515734573282,0.992407678722498,0.99600412882263,0.997823328850628,0.99695128144468,0.988515734573282,0.483112427360133,2.27395768471112
-0.593399299196783,0.865505817947102,0,1,1,1,41,41,41dl03,O-M,1,0.6003,0.6343,0.878062325034775,0.906939793221828,0.94583633093857,0.908905145780353,0.806619387970881,0.878062325034775,0.906939793221828,0.94583633093857,0.908905145780353,0.806619387970881,0.593399299196783,0.865505817947102
-0.0598329061359657,1.89390926526157,0,1,1,1,41,41,41dl03,O-M,1,0.4461,0.5223,0.977781722115808,0.986855898706077,0.99209646797713,0.990922622087181,0.970881472762528,0.977781722115808,0.986855898706077,0.99209646797713,0.990922622087181,0.970881472762528,0.0598329061359657,1.89390926526157
1.15740479121004,2.67294539416645,1,1,1,1,41,41,41dl03,O-M,1,0.3773,0.513,0.998287833831837,0.999224033770859,0.99964588081125,0.999159526440934,0.996240575578384,0.998287833831837,0.999224033770859,0.99964588081125,0.999159526440934,0.996240575578384,1.15740479121004,2.67294539416645
-0.617052194298806,2.46524451376961,0,1,1,1,41,41,41dl03,O-M,1,0.4427,0.6506,0.995729404161847,0.997876817982761,0.998884687484533,0.998325702736118,0.993154010974135,0.995729404161847,0.997876817982761,0.998884687484533,0.998325702736118,0.993154010974135,0.617052194298806,2.46524451376961
1.41138183447516,-0.6559504791848,0,0,0,1,41,41,41dl03,O-M,1,0.4236,0.6072,0.296608917315171,0.337551201286789,0.420279302719022,0.42566836603775,0.255927993681808,0.703391082684829,0.662448798713211,0.579720697280978,0.57433163396225,0.744072006318192,1.41138183447516,0.6559504791848
-1.67816678817555,2.61360228548164,0,1,1,1,41,41,41dl03,O-M,1,0.3912,0.5459,0.998709015476225,0.999405415659375,0.999771388543448,0.998972407984082,0.995520336934137,0.998709015476225,0.999405415659375,0.999771388543448,0.998972407984082,0.995520336934137,1.67816678817555,2.61360228548164
1.21359791182225,-0.587137725497092,0,1,0,0,41,41,41dl03,O-M,1,0.4565,0.6345,0.327261339807685,0.368870125563841,0.457327164050963,0.452795985286338,0.278555606242351,0.672738660192315,0.631129874436159,0.542672835949037,0.547204014713662,0.721444393757649,1.21359791182225,0.587137725497092
1.03445172406728,-0.548627835818649,0,0,0,1,41,41,41dl03,O-M,1,0.5742,0.8394,0.349357906196713,0.389623815812956,0.483257344908741,0.468082646195376,0.291630439528641,0.650642093803287,0.610376184187044,0.516742655091259,0.531917353804624,0.708369560471359,1.03445172406728,0.548627835818649
0.960857163863256,-0.867439217582803,0,0,0,1,41,41,41dl03,O-M,1,0.4912,0.8871,0.263855103805913,0.279917757716207,0.374531855187907,0.34498275778621,0.192850700896829,0.736144896194087,0.720082242283793,0.625468144812093,0.65501724221379,0.807149299103171,0.960857163863256,0.867439217582803
1.55502535325056,1.33520021009073,1,1,1,1,41,41,41dl03,O-M,1,0.5141,0.5779,0.970339279751998,0.977822346615061,0.990785757223999,0.964363771061557,0.909094585933897,0.970339279751998,0.977822346615061,0.990785757223999,0.964363771061557,0.909094585933897,1.55502535325056,1.33520021009073
-0.628738683890634,-0.127544288023222,1,1,0,0,41,41,41dl03,O-M,1,0.7282,0.6259,0.517184918707064,0.568796586504416,0.662017536721218,0.633445598887671,0.449254811304223,0.482815081292936,0.431203413495584,0.337982463278782,0.366554401112329,0.550745188695777,0.628738683890634,0.127544288023222
-0.59601184776821,2.38380556674471,0,1,1,1,41,41,41dl03,O-M,1,0.293,0.8187,0.994604161836533,0.997258506625658,0.998548620603114,0.997830087233403,0.991432673649107,0.994604161836533,0.997258506625658,0.998548620603114,0.997830087233403,0.991432673649107,0.59601184776821,2.38380556674471
0.864874508280242,-1.24229105062486,0,0,0,1,41,41,41dl04,M-O,1,0.8106,0.6286,0.193782723604938,0.174653667466263,0.261798461704492,0.21953822945529,0.107064598048033,0.806217276395062,0.825346332533737,0.738201538295508,0.780461770544711,0.892935401951967,0.864874508280242,1.24229105062486
1.9122172456005,0.730882910598125,1,1,1,1,41,41,41dl04,M-O,1,0.426,0.6223,0.94866136919124,0.942267782465166,0.9788732663702,0.884817713976822,0.767574662402315,0.94866136919124,0.942267782465166,0.9788732663702,0.884817713976822,0.767574662402315,1.9122172456005,0.730882910598125
-0.817565753900886,-1.47459793654305,1,0,0,1,41,41,41dl04,M-O,1,0.4942,0.5902,0.164940475766252,0.124080148657527,0.202312671503926,0.157193214092342,0.0701603350016703,0.835059524233748,0.875919851342473,0.797687328496074,0.842806785907658,0.92983966499833,0.817565753900886,1.47459793654305
0.855404863277347,0.616817173863518,1,0,1,0,41,41,41dl04,M-O,1,0.5388,0.5744,0.851586093412526,0.873917136612576,0.929756259101901,0.861117667919333,0.731322338532843,0.851586093412526,0.873917136612576,0.929756259101901,0.861117667919333,0.731322338532843,0.855404863277347,0.616817173863518
-1.00632734429194,-1.46918622878795,1,0,0,1,41,41,41dl04,M-O,1,0.7223,0.5758,0.148857435791611,0.120499827989399,0.191852482881723,0.158498296032357,0.070891142238523,0.851142564208389,0.879500172010601,0.808147517118277,0.841501703967643,0.929108857761477,1.00632734429194,1.46918622878795
1.81499555690411,0.116164227537369,1,1,1,1,41,41,41dl04,M-O,1,0.4715,0.4483,0.887511558035936,0.83569818844509,0.932501489656966,0.720625804583493,0.546238806469104,0.887511558035936,0.83569818844509,0.932501489656966,0.720625804583493,0.546238806469104,1.81499555690411,0.116164227537369
3.41410294305975,1.22150553651612,1,1,1,1,41,41,41dl04,M-O,1,0.4004,0.3522,0.998491387971673,0.995856811371188,0.999532485028964,0.95449012524531,0.889052664678832,0.998491387971673,0.995856811371188,0.999532485028964,0.95449012524531,0.889052664678832,3.41410294305975,1.22150553651612
3.4368300910667,1.25423237263854,1,1,1,1,41,41,41dl04,M-O,1,0.3654,0.335,0.998653793255846,0.99631384914977,0.999593743198208,0.957534912258005,0.895121221759004,0.998653793255846,0.99631384914977,0.999593743198208,0.957534912258005,0.895121221759004,3.4368300910667,1.25423237263854
-0.0928222563459384,1.45036012610778,0,1,1,1,41,41,41dl04,M-O,1,0.3971,0.55,0.944450299341061,0.963816380587372,0.977737812677495,0.972501345158185,0.926520939868672,0.944450299341061,0.963816380587372,0.977737812677495,0.972501345158185,0.926520939868672,0.0928222563459384,1.45036012610778
3.67167728713852,1.39771260712823,1,1,1,1,41,41,41dl04,M-O,1,0.423,0.4059,0.999442064744926,0.998207826651851,0.999846848406751,0.968996798931113,0.91890030656288,0.999442064744926,0.998207826651851,0.999846848406751,0.968996798931113,0.91890030656288,3.67167728713852,1.39771260712823
1.97787345095391,0.0303466722313124,1,0,1,0,41,41,41dl04,M-O,1,0.3637,0.4718,0.900718153983793,0.831649174085175,0.935659630579609,0.6910694558522,0.512104712681005,0.900718153983793,0.831649174085175,0.935659630579609,0.6910694558522,0.512104712681005,1.97787345095391,0.0303466722313124
-1.71655071950911,0.355795579986166,0,1,1,1,41,41,41dl04,M-O,1,0.5438,0.488,0.900131606923467,0.877031962546949,0.948577956759407,0.795124794662575,0.63900317028064,0.900131606923467,0.877031962546949,0.948577956759407,0.795124794662575,0.63900317028064,1.71655071950911,0.355795579986166
2.76701053452855,1.20370754937327,1,1,1,1,41,41,41dl04,M-O,1,0.3714,0.4725,0.993414556418322,0.990422653195226,0.998041328152667,0.952761980314112,0.885648683333479,0.993414556418322,0.990422653195226,0.998041328152667,0.952761980314112,0.885648683333479,2.76701053452855,1.20370754937327
2.00565107629574,-1.5272454555226,0,1,0,0,41,41,41dl04,M-O,1,0.4416,0.4959,0.0900928668544594,0.0937986059280846,0.136747944264986,0.144866368430667,0.0633499935249609,0.909907133145541,0.906201394071915,0.863252055735015,0.855133631569333,0.936650006475039,2.00565107629574,1.5272454555226
2.92673188024406,0.733518785496082,1,1,1,1,41,41,41dl04,M-O,1,0.3284,0.2949,0.990324159729532,0.976629395095915,0.995737210056503,0.88532911083327,0.76837896271849,0.990324159729532,0.976629395095915,0.995737210056503,0.88532911083327,0.76837896271849,2.92673188024406,0.733518785496082
-0.493703894801855,-0.657570023482449,1,0,0,1,41,41,41dl04,M-O,1,0.4699,0.4385,0.360380109971291,0.37343910737323,0.487183093862744,0.425033605689936,0.255407230974548,0.639619890028709,0.62656089262677,0.512816906137256,0.574966394310064,0.744592769025452,0.493703894801855,0.657570023482449
1.3105791330832,0.926800727128588,1,0,1,0,41,41,41dl04,M-O,1,0.3842,0.5438,0.928278624863067,0.940283788668082,0.972000986144829,0.918543043090875,0.822984996312298,0.928278624863067,0.940283788668082,0.972000986144829,0.918543043090875,0.822984996312298,1.3105791330832,0.926800727128588
1.7916370992303,0.868974763659244,1,1,1,1,41,41,41dl04,M-O,1,0.5842,0.5592,0.951006513284092,0.951300533375942,0.98126688130598,0.909472235144502,0.807569532851543,0.951006513284092,0.951300533375942,0.98126688130598,0.909472235144502,0.807569532851543,1.7916370992303,0.868974763659244
2.36991675407379,0.607370011618627,1,1,1,1,41,41,41dl04,M-O,1,0.4454,0.4728,0.968451535150903,0.949444874420461,0.985749386900004,0.859015656143612,0.728197307345579,0.968451535150903,0.949444874420461,0.985749386900004,0.859015656143612,0.728197307345579,2.36991675407379,0.607370011618627
3.65336930679958,0.377838958557578,1,1,1,1,41,41,41dl04,M-O,1,0.3529,0.4541,0.997447439031696,0.976926593066231,0.997874932240542,0.801328575638647,0.647224884711969,0.997447439031696,0.976926593066231,0.997874932240542,0.801328575638647,0.647224884711969,3.65336930679958,0.377838958557578
2.7834245858669,0.669418040190009,1,1,1,1,41,41,41dl04,M-O,1,0.2957,0.4945,0.985965202545182,0.969194722551866,0.993635080314109,0.872430445550173,0.748385576543001,0.985965202545182,0.969194722551866,0.993635080314109,0.872430445550173,0.748385576543001,2.7834245858669,0.669418040190009
3.67862169347397,1.12558768182231,1,1,1,1,41,41,41dl04,M-O,1,0.3947,0.4956,0.99912152745163,0.996237942107933,0.999682177981033,0.944545983698942,0.869829957756992,0.99912152745163,0.996237942107933,0.999682177981033,0.944545983698942,0.869829957756992,3.67862169347397,1.12558768182231
1.64896111452,0.166129218965903,1,1,1,1,41,41,41dl04,M-O,1,0.3587,0.512,0.871057779544217,0.832122359652489,0.925903425022897,0.737177050234527,0.56597236987957,0.871057779544217,0.832122359652489,0.925903425022897,0.737177050234527,0.56597236987957,1.64896111452,0.166129218965903
3.23039183000358,0.0613240338639419,1,1,1,1,41,41,41dl04,M-O,1,0.3298,0.426,0.989873504380928,0.935940275646121,0.990384438069676,0.701895980291781,0.524449424717829,0.989873504380928,0.935940275646121,0.990384438069676,0.701895980291781,0.524449424717829,3.23039183000358,0.0613240338639419
-0.720344065204491,0.0386508444762041,0,1,1,1,41,41,41dl04,M-O,1,0.3342,0.3235,0.712358573434177,0.714772320340065,0.824330285012847,0.693988612409442,0.515415617738761,0.712358573434177,0.714772320340065,0.824330285012847,0.693988612409442,0.515415617738761,0.720344065204491,0.0386508444762041
2.8288788818808,1.48576948978122,1,1,1,1,41,41,41dl04,M-O,1,0.3176,0.4311,0.996498321722069,0.995638387047506,0.999150772269262,0.974667529975687,0.931329948550504,0.996498321722069,0.995638387047506,0.999150772269262,0.974667529975687,0.931329948550504,2.8288788818808,1.48576948978122
-0.327038142750891,0.319593121210684,0,1,1,1,41,41,41dl04,M-O,1,0.2781,0.4706,0.737153266243975,0.773023389039541,0.852347814001974,0.784689804354573,0.625361605205763,0.737153266243975,0.773023389039541,0.852347814001974,0.784689804354573,0.625361605205763,0.327038142750891,0.319593121210684
0.191898403407791,-1.66932611042045,1,0,0,1,41,41,41dl04,M-O,1,0.303,0.5186,0.226874475485388,0.106709654562554,0.204485118773201,0.114916577094114,0.0475263841680155,0.773125524514612,0.893290345437446,0.795514881226799,0.885083422905886,0.952473615831985,0.191898403407791,1.66932611042045
1.06626229200849,0.795450182434811,1,1,1,1,41,41,41dl04,M-O,1,0.2953,0.4469,0.896572348973078,0.914123036167438,0.955786402096141,0.896882749657544,0.786824160604828,0.896572348973078,0.914123036167438,0.955786402096141,0.896882749657544,0.786824160604828,1.06626229200849,0.795450182434811
2.83140412054824,1.57816506916891,1,1,1,1,41,41,41dl04,M-O,1,0.3591,0.4652,0.997094630428538,0.996605894518452,0.999339224278672,0.979656344373056,0.942736153625409,0.997094630428538,0.996605894518452,0.999339224278672,0.979656344373056,0.942736153625409,2.83140412054824,1.57816506916891
-0.409739709109513,1.03690098835299,0,1,1,1,41,41,41dl04,M-O,1,0.6879,0.3507,0.897990893563241,0.926508877413551,0.956087752833569,0.933894291112802,0.850108998359002,0.897990893563241,0.926508877413551,0.956087752833569,0.933894291112802,0.850108998359002,0.409739709109513,1.03690098835299
3.64831882946471,0.561113906108459,1,1,1,1,41,41,41dl04,M-O,1,0.2256,0.4467,0.997891732381917,0.984430340455263,0.998591883017834,0.848413128325836,0.712640055598068,0.997891732381917,0.984430340455263,0.998591883017834,0.848413128325836,0.712640055598068,3.64831882946471,0.561113906108459
-1.84533789154849,1.32073572957727,0,1,1,1,41,41,41dl04,M-O,1,0.4384,0.4574,0.977673157654562,0.981775388925616,0.993343449943429,0.963214576609583,0.906705251894535,0.977673157654562,0.981775388925616,0.993343449943429,0.963214576609583,0.906705251894535,1.84533789154849,1.32073572957727
-0.970342693280936,0.533892083047255,0,1,1,1,41,41,41dl04,M-O,1,0.3001,0.3996,0.846868795006628,0.863437369765528,0.925767916780939,0.841931884500463,0.703291900092511,0.846868795006628,0.863437369765528,0.925767916780939,0.841931884500463,0.703291900092511,0.970342693280936,0.533892083047255
-1.95897363158324,0.6325857705982,0,1,1,1,41,41,41dl04,M-O,1,0.3324,0.4067,0.945080258710714,0.933394442934129,0.976021716077867,0.86457846294048,0.736497909157402,0.945080258710714,0.933394442934129,0.976021716077867,0.86457846294048,0.736497909157402,1.95897363158324,0.6325857705982
2.37749247007611,1.06062386243461,1,1,1,1,41,41,41dl04,M-O,1,0.3479,0.3356,0.983437394856452,0.979952498188437,0.994536076615204,0.936887758644306,0.855569563173887,0.983437394856452,0.979952498188437,0.994536076615204,0.936887758644306,0.855569563173887,2.37749247007611,1.06062386243461
2.27143244604368,1.18513979345492,1,1,1,1,41,41,41dl04,M-O,1,0.3601,0.3585,0.984043509564763,0.983164834398873,0.995112077659246,0.950903435794113,0.882018910138629,0.984043509564763,0.983164834398873,0.995112077659246,0.950903435794113,0.882018910138629,2.27143244604368,1.18513979345492
1.02775240233005,0.745788433251175,1,1,1,1,41,41,41dl04,M-O,1,0.3044,0.3525,0.88658714490509,0.904878506748861,0.9502158860547,0.887688328813093,0.772102385863314,0.88658714490509,0.904878506748861,0.9502158860547,0.887688328813093,0.772102385863314,1.02775240233005,0.745788433251175
-0.234866931389373,-0.796991477155812,1,0,0,1,41,41,41dl04,M-O,1,0.328,0.4089,0.355107319615472,0.337833565247424,0.464034982789156,0.371284162926103,0.212727990586067,0.644892680384528,0.662166434752576,0.535965017210844,0.628715837073897,0.787272009413933,0.234866931389373,0.796991477155812
-1.07577140764651,-0.364241467360223,1,0,0,1,41,41,41dl04,M-O,1,0.323,0.4071,0.407960279667606,0.458422833190566,0.548192675491289,0.541532728727446,0.357838852087722,0.592039720332394,0.541577166809434,0.451807324508711,0.458467271272554,0.642161147912278,1.07577140764651,0.364241467360223
-0.309992781745679,1.36554560284254,0,1,1,1,41,41,41dl04,M-O,1,0.3559,0.3402,0.939270573343965,0.959817177874651,0.976107363986339,0.966679159502721,0.913959184851307,0.939270573343965,0.959817177874651,0.976107363986339,0.966679159502721,0.913959184851307,0.309992781745679,1.36554560284254
1.12434278135958,0.949870464067346,1,1,1,1,41,41,41dl04,M-O,1,0.3092,0.3667,0.920229574353195,0.936613019073695,0.968378574765635,0.921964132715947,0.828910961889774,0.920229574353195,0.936613019073695,0.968378574765635,0.921964132715947,0.828910961889774,1.12434278135958,0.949870464067346
-1.51390031644715,1.58863858978114,0,1,1,1,41,41,41dl04,M-O,1,0.3585,0.3992,0.980974634659064,0.987272049478373,0.994685808406452,0.980165347642443,0.943928994681837,0.980974634659064,0.987272049478373,0.994685808406452,0.980165347642443,0.943928994681837,1.51390031644715,1.58863858978114
1.10540349135379,1.70177127345453,1,1,1,1,41,41,41dl04,M-O,1,0.3013,0.4062,0.979024316424578,0.98714956583548,0.993850831557044,0.985008263238293,0.955600873230369,0.979024316424578,0.98714956583548,0.993850831557044,0.985008263238293,0.955600873230369,1.10540349135379,1.70177127345453
-1.49811757477565,1.1552354428427,0,1,1,1,41,41,41dl04,M-O,1,0.4019,0.3771,0.95730265667968,0.966066180479001,0.985424995300043,0.947787846006595,0.876002987834152,0.95730265667968,0.966066180479001,0.985424995300043,0.947787846006595,0.876002987834152,1.49811757477565,1.1552354428427
1.20388779938391,0.796686477740932,1,1,1,1,41,41,41dl04,M-O,1,0.2659,0.4064,0.906320541845657,0.920017255789487,0.96064076074091,0.897104449025971,0.787183430384138,0.906320541845657,0.920017255789487,0.96064076074091,0.897104449025971,0.787183430384138,1.20388779938391,0.796686477740932
3.71650027348556,0.919289649985736,1,1,1,1,41,41,41dl04,M-O,1,0.2774,0.4392,0.998913254175056,0.993887718134119,0.999502773527721,0.91740513500319,0.821027955011824,0.998913254175056,0.993887718134119,0.999502773527721,0.91740513500319,0.821027955011824,3.71650027348556,0.919289649985736
0.845303908607592,-1.66076534858372,1,0,0,1,41,41,41dl04,M-O,1,0.3154,0.4159,0.14266933498805,0.0904072651115247,0.157683965577003,0.116585929589011,0.0483802915219422,0.85733066501195,0.909592734888475,0.842316034422997,0.883414070410989,0.951619708478058,0.845303908607592,1.66076534858372
1.15843350337001,1.39286073120987,1,1,1,1,41,41,41dl04,M-O,1,0.2768,0.4317,0.962759054367058,0.974554874868742,0.987825170549159,0.968656009563516,0.918169045412102,0.962759054367058,0.974554874868742,0.987825170549159,0.968656009563516,0.918169045412102,1.15843350337001,1.39286073120987
-0.813777895899728,0.0425463410068133,0,1,1,1,41,41,41dl04,M-O,1,0.3348,0.4105,0.726958007432552,0.723826379466024,0.834023524922726,0.695353773508194,0.516968414803948,0.726958007432552,0.723826379466024,0.834023524922726,0.695353773508194,0.516968414803948,0.813777895899728,0.0425463410068133
-0.21908418971788,0.243549296720946,0,1,1,1,41,41,41dl04,M-O,1,0.4642,0.3886,0.706187161910072,0.74411874673751,0.828688938500202,0.761794439757217,0.596210049398127,0.706187161910072,0.74411874673751,0.828688938500202,0.761794439757217,0.596210049398127,0.21908418971788,0.243549296720946
-1.65026320448884,-1.27100575858402,1,0,0,1,41,41,41dl04,M-O,1,0.3114,0.4069,0.139780255578585,0.149028636229168,0.209853692768182,0.211141028763249,0.101863299993535,0.860219744421415,0.850971363770832,0.790146307231818,0.788858971236751,0.898136700006465,1.65026320448884,1.27100575858402
-1.12943272932958,0.719756252843032,0,1,1,1,41,41,41dl04,M-O,1,0.2976,0.3573,0.890432873641618,0.905337147452508,0.951912464750552,0.882641122090797,0.764162457767102,0.890432873641618,0.905337147452508,0.951912464750552,0.882641122090797,0.764162457767102,1.12943272932958,0.719756252843032
0.180534829404316,0.24331603345564,0,0,1,0,41,41,41dl04,M-O,1,0.388,0.4076,0.702527737600546,0.741816382069254,0.825934497851133,0.761722215315123,0.596119707671447,0.702527737600546,0.741816382069254,0.825934497851133,0.761722215315123,0.596119707671447,0.180534829404316,0.24331603345564
0.279650447101291,-1.40095672368596,1,0,0,1,41,41,41dl04,M-O,1,0.3487,0.4066,0.239988690455423,0.157674825554707,0.265756402462411,0.175559919057765,0.080613507333975,0.760011309544577,0.842325174445294,0.734243597537589,0.824440080942235,0.919386492666025,0.279650447101291,1.40095672368596
2.19820052468795,0.0982962614149341,1,1,1,1,41,41,41dl04,M-O,1,0.3203,0.351,0.930532109270269,0.866426524768911,0.955458297894822,0.714586384961952,0.539151476617202,0.930532109270269,0.866426524768911,0.955458297894822,0.714586384961952,0.539151476617202,2.19820052468795,0.0982962614149341
0.700733994896718,0.982084121006097,0,1,1,1,41,41,41dl04,M-O,1,0.5374,0.3924,0.902278092376304,0.927253628649174,0.959155561663495,0.926557353887257,0.836970796206103,0.902278092376304,0.927253628649174,0.959155561663495,0.926557353887257,0.836970796206103,0.700733994896718,0.982084121006097
3.21397777866523,0.867855099985776,1,1,1,1,41,41,41dl04,M-O,1,0.3354,0.383,0.995734422429983,0.987294413560772,0.998232737251733,0.909289484170367,0.8072631691894,0.995734422429983,0.987294413560772,0.998232737251733,0.909289484170367,0.8072631691894,3.21397777866523,0.867855099985776
2.06246894631311,0.673290210394087,1,1,1,1,41,41,41dl04,M-O,1,0.2387,0.4798,0.954385753889482,0.942682625237064,0.980578626339564,0.873237148708671,0.74961866019847,0.954385753889482,0.942682625237064,0.980578626339564,0.873237148708671,0.74961866019847,2.06246894631311,0.673290210394087
-1.05683211764072,1.15385918957739,0,1,1,1,41,41,41dl04,M-O,1,0.4144,0.2645,0.939322560518185,0.955558397490154,0.977698924951916,0.947640765553944,0.87572104853373,0.939322560518185,0.955558397490154,0.977698924951916,0.947640765553944,0.87572104853373,1.05683211764072,1.15385918957739
1.42989666011968,0.357964928353512,1,1,1,1,41,41,41dl04,M-O,1,0.3704,0.2252,0.868070869544877,0.856645080501472,0.932191228806659,0.795740387890248,0.639815220063861,0.868070869544877,0.856645080501472,0.932191228806659,0.795740387890248,0.639815220063861,1.42989666011968,0.357964928353512
-0.672364530523153,1.21977938835285,0,1,1,1,41,41,41dl04,M-O,1,0.3087,0.353,0.932370493382193,0.953125112766066,0.973983813977901,0.954324778429551,0.888725741496455,0.932370493382193,0.953125112766066,0.973983813977901,0.954324778429551,0.888725741496455,0.672364530523153,1.21977938835285
0.23798400908855,-0.307115293686798,1,1,0,0,41,41,41dl04,M-O,1,0.4925,0.5029,0.49128893591107,0.520689237414441,0.633570850537736,0.564119503331419,0.379377808598057,0.50871106408893,0.479310762585559,0.366429149462264,0.435880496668581,0.620622191401943,0.23798400908855,0.307115293686798
2.06625680431427,0.203777909986282,1,0,1,0,41,41,41dl04,M-O,1,0.5147,0.5883,0.924006417440357,0.875450557141876,0.955744167989363,0.749308492608613,0.580736472046319,0.924006417440357,0.875450557141876,0.955744167989363,0.749308492608613,0.580736472046319,2.06625680431427,0.203777909986282
-1.89899921323157,1.70494365386269,0,1,1,1,41,41,41dl04,M-O,1,0.2573,0.4152,0.99010033965155,0.993141536071854,0.997587223902805,0.985127933121631,0.955897533153298,0.99010033965155,0.993141536071854,0.997587223902805,0.985127933121631,0.955897533153298,1.89899921323157,1.70494365386269
-1.39521409907752,0.372357271822888,0,1,1,1,41,41,41dl04,M-O,1,0.3971,0.1167,0.866046720552539,0.8571536501527,0.931621331415708,0.799796515147233,0.645186568777084,0.866046720552539,0.8571536501527,0.931621331415708,0.799796515147233,0.645186568777084,1.39521409907752,0.372357271822888
2.77648017953145,0.915300848149005,1,1,1,1,41,41,41dl04,M-O,1,0.3258,0.3511,0.989821918294342,0.981557113298857,0.996224847802074,0.91679599858318,0.819983143007618,0.989821918294342,0.981557113298857,0.996224847802074,0.91679599858318,0.819983143007618,2.77648017953145,0.915300848149005
-0.876277552918839,0.74086657835322,0,1,1,1,41,41,41dl04,M-O,1,0.2809,0.3029,0.874784017575646,0.897459417913953,0.943870513973768,0.886746150572748,0.770612829108168,0.874784017575646,0.897459417913953,0.943870513973768,0.886746150572748,0.770612829108168,0.876277552918839,0.74086657835322
1.03595942799922,0.149660832435303,1,1,1,1,41,41,41dl04,M-O,1,0.5198,0.4854,0.781946321627015,0.774483926963988,0.874498454756373,0.731777647118684,0.559483894375354,0.781946321627015,0.774483926963988,0.874498454756373,0.731777647118684,0.559483894375354,1.03595942799922,0.149660832435303
2.93998938324811,1.46360947957716,1,1,1,1,41,41,41dl04,M-O,1,0.4063,0.4135,0.997088551004021,0.995974708625446,0.999285470913769,0.973329307373373,0.928349659520046,0.997088551004021,0.995974708625446,0.999285470913769,0.973329307373373,0.928349659520046,2.93998938324811,1.46360947957716
-1.84660051088221,1.54392202182199,0,1,1,1,41,41,41dl04,M-O,1,0.2841,0.2872,0.985350844431213,0.989224904155813,0.99609777528026,0.977914232524889,0.938696387771493,0.985350844431213,0.989224904155813,0.99609777528026,0.977914232524889,0.938696387771493,1.84660051088221,1.54392202182199
2.09971621665784,1.21159184774062,1,1,1,1,41,41,41dl04,M-O,1,0.3421,0.4554,0.980456388096094,0.981362931089994,0.994015699591235,0.953533909756049,0.887165671637139,0.980456388096094,0.981362931089994,0.994015699591235,0.953533909756049,0.887165671637139,2.09971621665784,1.21159184774062
-0.404689231774635,1.64123945610763,0,1,1,1,41,41,41dl04,M-O,1,0.2865,0.3598,0.965651709091218,0.978807805496105,0.987863319543074,0.982561207562123,0.949626140833693,0.965651709091218,0.978807805496105,0.987863319543074,0.982561207562123,0.949626140833693,0.404689231774635,1.64123945610763
-1.48927923943962,1.33531468365889,0,1,1,1,41,41,41dl04,M-O,1,0.3114,0.3369,0.968447060626908,0.976749707343182,0.990081882027821,0.964372747180301,0.909113312612925,0.968447060626908,0.976749707343182,0.990081882027821,0.964372747180301,0.909113312612925,1.48927923943962,1.33531468365889
2.13443824833512,0.688219059373668,1,1,1,1,41,41,41dl04,M-O,1,0.3142,0.4865,0.959448191129394,0.9472730279975,0.98288340010982,0.876314052790767,0.754342578300833,0.959448191129394,0.9472730279975,0.98288340010982,0.876314052790767,0.754342578300833,2.13443824833512,0.688219059373668
-1.92551421923968,1.60146806937297,0,1,1,1,41,41,41dl04,M-O,1,0.2954,0.3498,0.988127344120774,0.991300226641713,0.996972403652123,0.980774081681333,0.9453633566242,0.988127344120774,0.991300226641713,0.996972403652123,0.980774081681333,0.9453633566242,1.92551421923968,1.60146806937297
-1.20266465068531,0.521085929781959,0,1,1,1,41,41,41dl04,M-O,1,0.3084,0.3763,0.867314730665137,0.874415457079256,0.936535860431221,0.838820857375036,0.698846543948233,0.867314730665137,0.874415457079256,0.936535860431221,0.838820857375036,0.698846543948233,1.20266465068531,0.521085929781959
3.15084681197925,1.61296794835255,1,1,1,1,41,41,41dl04,M-O,1,0.2184,0.1996,0.998632944191566,0.997979849628144,0.999701206456407,0.981306160337088,0.946624264298604,0.998632944191566,0.997979849628144,0.999701206456407,0.981306160337088,0.946624264298604,3.15084681197925,1.61296794835255
-1.77715644752765,0.635198319169627,0,1,1,1,41,41,41dl04,M-O,1,0.2325,0.3531,0.932027285393133,0.924767321315743,0.970294272492177,0.865146091764874,0.73735046032025,0.932027285393133,0.924767321315743,0.970294272492177,0.865146091764874,0.73735046032025,1.77715644752765,0.635198319169627
-1.7481162028521,1.14478524855699,0,1,1,1,41,41,41dl04,M-O,1,0.2205,0.3276,0.966281634963349,0.971061312564737,0.988835481639559,0.946662780705066,0.873850936261694,0.966281634963349,0.971061312564737,0.988835481639559,0.946662780705066,0.873850936261694,1.7481162028521,1.14478524855699
2.05110537230964,1.02673070998565,1,1,1,1,41,41,41dl04,M-O,1,0.41,0.2392,0.971834356612553,0.971003157281906,0.990349106430889,0.932577751783883,0.84772635779535,0.971834356612553,0.971003157281906,0.990349106430889,0.932577751783883,0.84772635779535,2.05110537230964,1.02673070998565
-1.98106946992333,0.667528607741031,0,1,1,1,41,41,41dl04,M-O,1,0.3151,0.406,0.948885132083897,0.9384257056621,0.978162044081329,0.872035520246854,0.747782728680741,0.948885132083897,0.9384257056621,0.978162044081329,0.872035520246854,0.747782728680741,1.98106946992333,0.667528607741031
0.436846554149359,-1.21136034164529,1,0,0,1,41,41,41dl04,M-O,1,0.4227,0.3726,0.24508897864007,0.198254991240802,0.306224299828159,0.228794427889406,0.112878665848967,0.75491102135993,0.801745008759198,0.693775700171841,0.771205572110594,0.887121334151033,0.436846554149359,1.21136034164529
2.07130728164915,0.688405669985913,1,1,1,1,41,41,41dl04,M-O,1,0.3581,0.4228,0.955785655109159,0.944625461165959,0.981354346557544,0.876352180259655,0.754401322867634,0.955785655109159,0.944625461165959,0.981354346557544,0.876352180259655,0.754401322867634,2.07130728164915,0.688405669985913
-0.349133981090981,0.488848946516677,0,1,1,1,41,41,41dl04,M-O,1,0.4199,0.3987,0.782495818474118,0.819818416773987,0.885356760693292,0.830813844603696,0.687525678839715,0.782495818474118,0.819818416773987,0.885356760693292,0.830813844603696,0.687525678839715,0.349133981090981,0.488848946516677
0.662224105218275,-1.36589725491048,1,0,0,1,41,41,41dl04,M-O,1,0.3703,0.3488,0.19500771240762,0.151672199443456,0.241957609957112,0.184763451057736,0.0859856072406863,0.804992287592381,0.848327800556544,0.758042390042888,0.815236548942264,0.914014392759314,0.662224105218275,1.36589725491048
0.537856100846912,1.35747469386295,0,1,1,1,41,41,41dl04,M-O,1,0.2842,0.4166,0.943582575944676,0.962546527457042,0.978759384857535,0.966075776410859,0.912684785520309,0.943582575944676,0.962546527457042,0.978759384857535,0.966075776410859,0.912684785520309,0.537856100846912,1.35747469386295
-0.275270750068395,0.584790127537012,0,1,1,1,41,41,41dl04,M-O,1,0.3383,0.486,0.800466659936255,0.839612970684964,0.897442015929842,0.853904535946073,0.720655578304216,0.800466659936255,0.839612970684964,0.897442015929842,0.853904535946073,0.720655578304216,0.275270750068395,0.584790127537012
3.38001222104933,-0.933520466339381,0,0,0,1,41,41,41dl04,M-O,1,0.3485,0.4881,0.180214028264084,0.21295422711739,0.255032831427321,0.320971774937428,0.175275654190441,0.819785971735916,0.78704577288261,0.744967168572679,0.679028225062572,0.824724345809559,3.38001222104933,0.933520466339381
-1.7904139505317,-0.860345780012906,1,0,0,1,41,41,41dl04,M-O,1,0.3783,0.5046,0.223958619847324,0.258479022297209,0.32857478502159,0.347599884189403,0.194799232141452,0.776041380152676,0.741520977702791,0.67142521497841,0.652400115810597,0.805200767858548,1.7904139505317,0.860345780012906
-0.740545974544001,-1.45873603450225,1,0,0,1,41,41,41dl04,M-O,1,0.4236,0.4471,0.174577315431014,0.129354331526941,0.211586259664313,0.161038508551013,0.0723188870453274,0.825422684568986,0.870645668473059,0.788413740335687,0.838961491448987,0.927681112954673,0.740545974544001,1.45873603450225
0.115509933717766,-0.324446754299029,1,1,0,0,41,41,41dl04,M-O,1,0.4296,0.3762,0.499585058872609,0.521683251313629,0.639452873625772,0.557285535972028,0.372799913804237,0.500414941127391,0.478316748686371,0.360547126374228,0.442714464027972,0.627200086195763,0.115509933717766,0.324446754299029
1.65148635318744,0.171237684476103,1,0,1,0,41,41,41dl04,M-O,1,0.4455,0.5353,0.871988539533505,0.833517003575264,0.926650519205573,0.73884056835812,0.567981561424114,0.871988539533505,0.833517003575264,0.926650519205573,0.73884056835812,0.567981561424114,1.65148635318744,0.171237684476103
2.50691095178235,1.20188809590389,1,1,1,1,41,41,41dl04,M-O,1,0.3886,0.5593,0.989383028703595,0.987222758783249,0.996825883682144,0.952582391024001,0.885296556416304,0.989383028703595,0.987222758783249,0.996825883682144,0.952582391024001,0.885296556416304,2.50691095178235,1.20188809590389
3.12433180597115,0.0998124726394227,1,1,1,1,41,41,41dl04,M-O,1,0.3185,0.483,0.987480054641238,0.934301596773129,0.989185054857644,0.715101273840685,0.539753397115986,0.987480054641238,0.934301596773129,0.989185054857644,0.715101273840685,0.539753397115986,3.12433180597115,0.0998124726394227
0.720304594569369,-1.71707510082858,1,1,0,0,41,41,41dl04,M-O,1,0.3961,0.4716,0.150655189247884,0.0844544127112258,0.153429409209001,0.105917096907646,0.0429827254687535,0.849344810752116,0.915545587288774,0.846570590790999,0.894082903092354,0.957017274531247,0.720304594569369,1.71707510082858
2.50880488078293,0.399579094884092,1,1,1,1,41,41,41dl04,M-O,1,0.3838,0.4321,0.968194705350923,0.934431481021031,0.982865103009472,0.807334706271884,0.65526672177945,0.968194705350923,0.934431481021031,0.982865103009472,0.807334706271884,0.65526672177945,2.50880488078293,0.399579094884092
-0.529688545812858,0.765755768761364,0,0,1,0,41,41,41dl04,M-O,1,0.5202,0.4157,0.856114544325798,0.887652175633033,0.93304538398396,0.891453151061842,0.778089181535902,0.856114544325798,0.887652175633033,0.93304538398396,0.891453151061842,0.778089181535902,0.529688545812858,0.765755768761364
0.560583248853862,-1.07298857266581,1,1,0,0,41,41,41dl04,M-O,1,0.3657,0.4324,0.254932514105568,0.231840132735027,0.33836719991118,0.272771845805402,0.141638121662334,0.745067485894432,0.768159867264973,0.66163280008882,0.727228154194598,0.858361878337666,0.560583248853862,1.07298857266581
1.92610605827142,0.952413033659181,1,1,1,1,41,41,41dl04,M-O,1,0.3368,0.3672,0.962989260035433,0.96261844735137,0.986634954776914,0.922334408415667,0.82955622401302,0.962989260035433,0.96261844735137,0.986634954776914,0.922334408415667,0.82955622401302,1.92610605827142,0.952413033659181
0.154651133063068,0.646138366312475,0,1,1,1,41,41,41dl04,M-O,1,0.4979,0.2882,0.807650153542354,0.848711627346327,0.901646123438354,0.867505295315235,0.740905124769239,0.807650153542354,0.848711627346327,0.901646123438354,0.867505295315235,0.740905124769239,0.154651133063068,0.646138366312475
1.04037859566724,-1.55815283817564,0,0,0,1,41,41,41dl04,M-O,1,0.3495,0.3437,0.135762846619942,0.103353301101735,0.169080436042768,0.137941279561306,0.0595985108771032,0.864237153380058,0.896646698898265,0.830919563957232,0.862058720438694,0.940401489122897,1.04037859566724,1.55815283817564
-1.83523693687874,1.54058635712812,0,1,1,1,41,41,41dl04,M-O,1,0.394,0.3115,0.985056689497906,0.989027085341991,0.996004244616174,0.977737992153432,0.938291254790871,0.985056689497906,0.989027085341991,0.996004244616174,0.977737992153432,0.938291254790871,1.83523693687874,1.54058635712812
1.12055492335843,1.13879038263863,1,1,1,1,41,41,41dl04,M-O,1,0.3178,0.4955,0.940444159397737,0.955759407999436,0.978216089280842,0.94600875348006,0.872604702968851,0.940444159397737,0.955759407999436,0.978216089280842,0.94600875348006,0.872604702968851,1.12055492335843,1.13879038263863
-1.02211008596343,0.0904819420271849,0,1,1,1,41,41,41dl04,M-O,1,0.3031,0.3571,0.768269924314422,0.756342597042551,0.862814102045566,0.711925724192904,0.536047878369394,0.768269924314422,0.756342597042551,0.862814102045566,0.711925724192904,0.536047878369394,1.02211008596343,0.0904819420271849
3.05993821995146,1.49150776610775,1,1,1,1,41,41,41dl04,M-O,1,0.3278,0.3653,0.997867102847019,0.996800197407718,0.999488148378984,0.975004741564019,0.932085883105951,0.997867102847019,0.996800197407718,0.999488148378984,0.975004741564019,0.932085883105951,3.05993821995146,1.49150776610775
2.52458762245442,0.896033302434734,1,1,1,1,41,41,41dl04,M-O,1,0.2677,0.398,0.983378193088899,0.975219957758039,0.993849526375527,0.913805983552848,0.814882511425672,0.983378193088899,0.975219957758039,0.993849526375527,0.913805983552848,0.814882511425672,2.52458762245442,0.896033302434734
2.44756784309754,0.836457864475596,1,1,1,1,41,41,41dl04,M-O,1,0.3511,0.4324,0.979392471417416,0.969826564781549,0.992066850628201,0.904052761923616,0.798551314276495,0.979392471417416,0.969826564781549,0.992066850628201,0.904052761923616,0.798551314276495,2.44756784309754,0.836457864475596
2.87054531989354,0.452903077333031,1,1,1,1,41,41,41dl04,M-O,1,0.3527,0.416,0.984745894543547,0.956608361560675,0.991491083918699,0.821589735815319,0.674690732537887,0.984745894543547,0.956608361560675,0.991491083918699,0.821589735815319,0.674690732537887,2.87054531989354,0.452903077333031
3.67167728713852,1.45236619018941,1,1,1,1,41,41,41dl04,M-O,1,0.2008,0.2602,0.999496412298286,0.998468868361147,0.99986887671668,0.972628065527564,0.926800093995975,0.999496412298286,0.998468868361147,0.99986887671668,0.972628065527564,0.926800093995975,3.67167728713852,1.45236619018941
-1.16415476100687,0.947397873455103,0,1,1,1,41,41,41dl04,M-O,1,0.2297,0.2953,0.922173696464147,0.93764848085227,0.969292142809022,0.921602765061717,0.828281962831778,0.922173696464147,0.93764848085227,0.969292142809022,0.921602765061717,0.828281962831778,1.16415476100687,0.947397873455103
-0.479183772464081,1.40132818774047,0,1,1,1,41,41,41dl04,M-O,1,0.2788,0.303,0.946657257283658,0.965025160515171,0.979968279678562,0.969248753975479,0.919442022114517,0.946657257283658,0.965025160515171,0.979968279678562,0.969248753975479,0.919442022114517,0.479183772464081,1.40132818774047
0.114878624050906,-1.32008434960439,1,0,0,1,41,41,41dl04,M-O,1,0.467,0.4081,0.276773823677842,0.184721000425927,0.30652229347056,0.197232784357726,0.0934034287039342,0.723226176322158,0.815278999574073,0.69347770652944,0.802767215642274,0.906596571296066,0.114878624050906,1.32008434960439
0.12813612705496,1.62575077529132,0,1,1,1,41,41,41dl04,M-O,1,0.5191,0.4547,0.961087846538861,0.97567181302577,0.985299838897367,0.98188283939989,0.947998658104365,0.961087846538861,0.97567181302577,0.985299838897367,0.98188283939989,0.947998658104365,0.12813612705496,1.62575077529132
-1.80367145353575,1.27067743284261,0,1,1,1,41,41,41dl04,M-O,1,0.3109,0.511,0.974403237662295,0.978899065226177,0.992119792584567,0.959001505233141,0.898078286419371,0.974403237662295,0.978899065226177,0.992119792584567,0.959001505233141,0.898078286419371,1.80367145353575,1.27067743284261
-2.01831674026806,0.845695089781711,0,1,1,1,41,41,41dl04,M-O,1,0.3322,0.4063,0.961591275937163,0.957120163690937,0.98530303964299,0.905616003135118,0.801138568467355,0.961591275937163,0.957120163690937,0.98530303964299,0.905616003135118,0.801138568467355,2.01831674026806,0.845695089781711
2.32888162572791,0.600372113659449,1,1,1,1,41,41,41dl04,M-O,1,0.3488,0.397,0.9660549738788,0.947004865128194,0.98464160573848,0.857444767176894,0.725870865832155,0.9660549738788,0.947004865128194,0.98464160573848,0.857444767176894,0.725870865832155,2.32888162572791,0.600372113659449
2.1268625323328,0.794167234475628,1,1,1,1,41,41,41dl04,M-O,1,0.3315,0.4063,0.96437373318467,0.956587905338773,0.985958635330519,0.896652317688531,0.786450959734144,0.96437373318467,0.956587905338773,0.985958635330519,0.896652317688531,0.786450959734144,2.1268625323328,0.794167234475628
0.873081533949419,-1.36652706572681,0,0,0,1,41,41,41dl04,M-O,1,0.3095,0.4543,0.173917228762365,0.145201742196331,0.226519706780084,0.184595517079264,0.0858867958260965,0.826082771237635,0.854798257803669,0.773480293219916,0.815404482920736,0.914113204173904,0.873081533949419,1.36652706572681
0.687476491892664,-1.37527443817578,1,0,0,1,41,41,41dl04,M-O,1,0.2473,0.4085,0.190985776706251,0.148756359887434,0.237457458314068,0.182272923724156,0.0845231890940338,0.809014223293749,0.851243640112566,0.762542541685932,0.817727076275845,0.915476810905966,0.687476491892664,1.37527443817578
0.525861217176578,-0.91581578450266,1,1,0,0,41,41,41dl04,M-O,1,0.5338,1.2221,0.291904364720947,0.282172777924909,0.3937954132652,0.327337019142233,0.179881761583997,0.708095635279053,0.717827222075091,0.6062045867348,0.672662980857767,0.820118238416003,0.525861217176578,0.91581578450266
-1.54041532245525,0.18133798386385,0,0,1,0,41,41,41dl04,M-O,1,0.3325,0.5116,0.858360471003671,0.82614308802645,0.919708953974436,0.742113624956984,0.571948853295855,0.858360471003671,0.82614308802645,0.919708953974436,0.742113624956984,0.571948853295855,1.54041532245525,0.18133798386385
-0.592188202831969,-1.2913463153187,1,0,0,1,41,41,41dl04,M-O,1,0.4872,0.4205,0.213634572189327,0.17164895645328,0.268616926837643,0.205308319758872,0.0982918085974482,0.786365427810673,0.82835104354672,0.731383073162357,0.794691680241128,0.901708191402552,0.592188202831969,1.2913463153187
0.0441719413626188,-1.68091929470616,1,0,0,1,41,41,41dl04,M-O,1,0.4112,0.3582,0.252175136003368,0.110004047770803,0.216208549643677,0.112683105193097,0.0463892958249156,0.747824863996632,0.889995952229197,0.783791450356323,0.887316894806903,0.953610704175084,0.0441719413626188,1.68091929470616
1.47408833679986,1.294610243863,1,1,1,1,41,41,41dl04,M-O,1,0.4159,0.3668,0.965596314132163,0.974312648492108,0.988952379231597,0.961062200361297,0.902272641609885,0.965596314132163,0.974312648492108,0.988952379231597,0.961062200361297,0.902272641609885,1.47408833679986,1.294610243863
1.1710596967072,0.446045137333036,1,1,1,1,41,41,41dl04,M-O,1,0.3437,0.2547,0.852183853414248,0.857341178383929,0.926551904417285,0.819794572964216,0.672217679286126,0.852183853414248,0.857341178383929,0.926551904417285,0.819794572964216,0.672217679286126,1.1710596967072,0.446045137333036
1.36487176443313,0.702518097536922,1,1,1,1,41,41,41dl04,M-O,1,0.245,0.3511,0.906564038627325,0.913779859602686,0.959619478846653,0.879211755497169,0.758821940233996,0.906564038627325,0.913779859602686,0.959619478846653,0.879211755497169,0.758821940233996,1.36487176443313,0.702518097536922
1.74365756454896,1.29050481039362,1,1,1,1,41,41,41dl04,M-O,1,0.2533,0.3917,0.973559259300131,0.97880560227056,0.991867584596067,0.960714826376629,0.901562278636784,0.973559259300131,0.97880560227056,0.991867584596067,0.960714826376629,0.901562278636784,1.74365756454896,1.29050481039362
2.26764458804252,0.670840946108375,1,1,1,1,41,41,41dl04,M-O,1,0.2564,0.4557,0.965836640092817,0.95110201412425,0.985346650895291,0.87272729849442,0.748839070131863,0.965836640092817,0.95110201412425,0.985346650895291,0.87272729849442,0.748839070131863,2.26764458804252,0.670840946108375
3.10539251596536,1.70002179896473,1,1,1,1,41,41,41dl04,M-O,1,0.2737,0.351,0.998734935808534,0.99832416338942,0.9997405063843,0.984941915413994,0.95543658737599,0.998734935808534,0.99832416338942,0.9997405063843,0.984941915413994,0.95543658737599,3.10539251596536,1.70002179896473
1.50691643947657,0.750453698557294,1,1,1,1,41,41,41dl04,M-O,1,0.2765,0.3034,0.922645824046354,0.926900372149915,0.967765617793403,0.888576205645326,0.773509249994531,0.922645824046354,0.926900372149915,0.967765617793403,0.888576205645326,0.773509249994531,1.50691643947657,0.750453698557294
1.29542770107856,1.61777317161786,1,1,1,1,41,41,41dl04,M-O,1,0.3909,0.3837,0.978321838055915,0.986098849433052,0.993719938329661,0.981524748051395,0.947144254921073,0.978321838055915,0.986098849433052,0.993719938329661,0.981524748051395,0.947144254921073,1.29542770107856,1.61777317161786
0.489245256498715,1.4987156010057,0,1,1,1,41,41,41dl04,M-O,1,0.2418,0.3819,0.955834286891642,0.97177099651116,0.983972981887636,0.97542297208762,0.933026286157353,0.955834286891642,0.97177099651116,0.983972981887636,0.97542297208762,0.933026286157353,0.489245256498715,1.4987156010057
2.71461183217919,0.473103676108526,1,1,1,1,41,41,41dl04,M-O,1,0.2992,0.3585,0.979748407482164,0.951866556851135,0.989306193256187,0.826811771995766,0.681930392885436,0.979748407482164,0.951866556851135,0.989306193256187,0.826811771995766,0.681930392885436,2.71461183217919,0.473103676108526
0.248084963758305,1.24882066488344,0,1,1,1,41,41,41dl04,M-O,1,0.4591,0.3596,0.923691750775234,0.948030500323201,0.968456816979375,0.957043111346578,0.894134663053385,0.923691750775234,0.948030500323201,0.968456816979375,0.957043111346578,0.894134663053385,0.248084963758305,1.24882066488344
-1.39837064741182,0.198622791823021,0,1,1,1,41,41,41dl04,M-O,1,0.3151,0.4413,0.841386177063192,0.818060895382593,0.911211166256054,0.747665077271309,0.578721088237721,0.841386177063192,0.818060895382593,0.911211166256054,0.747665077271309,0.578721088237721,1.39837064741182,0.198622791823021
0.683688633891506,-0.482645900829521,1,1,0,0,41,41,41dl04,M-O,1,0.2899,0.4701,0.394675626864716,0.429428756075442,0.53346017114192,0.494371690651085,0.314673590910042,0.605324373135284,0.570571243924558,0.46653982885808,0.505628309348915,0.685326409089958,0.683688633891506,0.482645900829521
2.52079976445326,0.193444347333229,1,1,1,1,41,41,41dl04,M-O,1,0.27,0.3825,0.961742048017435,0.908114937859651,0.97558041843817,0.746008525316123,0.576694506436942,0.961742048017435,0.908114937859651,0.97558041843817,0.746008525316123,0.576694506436942,2.52079976445326,0.193444347333229
-1.78283823452938,-0.311663927360263,1,1,0,0,41,41,41dl04,M-O,1,0.5947,0.3741,0.400374031234455,0.456948182157913,0.529481087795758,0.562327698279171,0.377647972577866,0.599625968765545,0.543051817842087,0.470518912204242,0.437672301720829,0.622352027422133,1.78283823452938,0.311663927360263
2.09655966832354,0.324514976108639,1,0,1,0,41,41,41dl04,M-O,1,0.3999,0.4169,0.935153447310024,0.898657827611342,0.965133253163455,0.786126332478043,0.6272259070341,0.935153447310024,0.898657827611342,0.965133253163455,0.786126332478043,0.6272259070341,2.09655966832354,0.324514976108639
-1.08082188498139,1.40450056814863,0,1,1,1,41,41,41dl04,M-O,1,0.4605,0.2883,0.961523777544913,0.974036671340055,0.987278754367163,0.969468425690429,0.919915078693829,0.961523777544913,0.974036671340055,0.987278754367163,0.969468425690429,0.919915078693829,1.08082188498139,1.40450056814863
3.27837136468492,1.11056552753661,1,1,1,1,41,41,41dl04,M-O,1,0.2916,0.3109,0.997466225238988,0.993444521147563,0.99915029965285,0.942843769503481,0.866622296038218,0.997466225238988,0.993444521147563,0.99915029965285,0.942843769503481,0.866622296038218,3.27837136468492,1.11056552753661
-0.253806221395165,0.990691535495886,0,1,1,1,41,41,41dl04,M-O,1,0.4308,0.2622,0.884228624024605,0.915996198301523,0.948012061764515,0.927748939960065,0.839081887239433,0.884228624024605,0.915996198301523,0.948012061764515,0.927748939960065,0.839081887239433,0.253806221395165,0.990691535495886
2.74365207685474,1.32367484672012,1,1,1,1,41,41,41dl04,M-O,1,0.287,0.3507,0.994409105476765,0.992671976479751,0.998474971025644,0.963450509447771,0.907194472169349,0.994409105476765,0.992671976479751,0.998474971025644,0.963450509447771,0.907194472169349,2.74365207685474,1.32367484672012
0.395180116136618,1.06773839202644,0,1,1,1,41,41,41dl04,M-O,1,0.4563,0.3364,0.902264710746976,0.930187653101856,0.958263667440752,0.937764617233157,0.857180732370943,0.902264710746976,0.930187653101856,0.958263667440752,0.937764617233157,0.857180732370943,0.395180116136618,1.06773839202644
1.33267497142329,0.172450653455694,1,1,1,1,41,41,41dl04,M-O,1,0.4106,0.3601,0.828274224282428,0.80590185643884,0.902574469941751,0.73923476249409,0.568458373543412,0.828274224282428,0.80590185643884,0.902574469941751,0.73923476249409,0.568458373543412,1.33267497142329,0.172450653455694
2.06625680431427,1.5898282324342,1,1,1,1,41,41,41dl04,M-O,1,0.3405,0.4182,0.989861185587094,0.992174195864725,0.99746676517853,0.980222473659167,0.944063235909604,0.989861185587094,0.992174195864725,0.99746676517853,0.980222473659167,0.944063235909604,2.06625680431427,1.5898282324342
3.6281169201252,1.6307659354954,1,1,1,1,41,41,41dl04,M-O,1,0.3855,0.4059,0.999600943029761,0.999036832313923,0.999912484426928,0.982104913153226,0.948530141101099,0.999600943029761,0.999036832313923,0.999912484426928,0.982104913153226,0.948530141101099,3.6281169201252,1.6307659354954
1.2196705410554,-1.65684652572658,0,0,0,1,41,41,41dl04,M-O,1,0.3812,0.4236,0.112582224514429,0.0840824240755505,0.139290845174134,0.117355812684213,0.0487752539396009,0.887417775485571,0.91591757592445,0.860709154825866,0.882644187315787,0.951224746060399,1.2196705410554,1.65684652572658
1.01702013799343,0.674526505700209,1,1,1,1,41,41,41dl04,M-O,1,0.5217,0.3335,0.87472795225394,0.892534672876372,0.943194362235269,0.873493960866605,0.750011679893346,0.87472795225394,0.892534672876372,0.943194362235269,0.873493960866605,0.750011679893346,1.01702013799343,0.674526505700209
1.10287825268635,0.828760176720499,1,1,1,1,41,41,41dl04,M-O,1,0.6141,0.4739,0.903635128079531,0.920370477239873,0.959594560989512,0.90273558305782,0.796379936663015,0.903635128079531,0.920370477239873,0.959594560989512,0.90273558305782,0.796379936663015,1.10287825268635,0.828760176720499
2.58771858914039,0.627827199985959,1,1,1,1,41,41,41dl04,M-O,1,0.3101,0.375,0.978694421103112,0.959795877272712,0.990296754168757,0.863540365158758,0.73494142719454,0.978694421103112,0.959795877272712,0.990296754168757,0.863540365158758,0.73494142719454,2.58771858914039,0.627827199985959
-1.82261074354155,1.59482006631175,0,1,1,1,41,41,41dl04,M-O,1,0.3403,0.3975,0.986392150768226,0.990285943801355,0.996447158991881,0.980460658830762,0.944623760769427,0.986392150768226,0.990285943801355,0.996447158991881,0.980460658830762,0.944623760769427,1.82261074354155,1.59482006631175
-0.887641126922314,0.459037901210577,0,1,1,1,41,41,41dl04,M-O,1,0.3041,0.398,0.824777717252818,0.84241253198297,0.911576982198186,0.823186030678422,0.676896525470877,0.824777717252818,0.84241253198297,0.911576982198186,0.823186030678422,0.676896525470877,0.887641126922314,0.459037901210577
-0.848499927577012,1.41266478243434,0,1,1,1,41,41,41dl04,M-O,1,0.4045,0.2956,0.956259967996055,0.97108958010168,0.984864591474371,0.970027786346267,0.921122844383962,0.956259967996055,0.97108958010168,0.984864591474371,0.970027786346267,0.921122844383962,0.848499927577012,1.41266478243434
-1.41415338908331,0.41282844835347,0,1,1,1,41,41,41dl04,M-O,1,0.3748,0.3435,0.873780008667761,0.86673166554538,0.936957289585394,0.81094006937482,0.660133846536335,0.873780008667761,0.86673166554538,0.936957289585394,0.81094006937482,0.660133846536335,1.41415338908331,0.41282844835347
-1.06440783364303,1.58297029243421,0,1,1,1,41,41,41dl04,M-O,1,0.293,0.3668,0.972449560024941,0.982501253237453,0.991470353129686,0.979891232092228,0.943285882167703,0.972449560024941,0.982501253237453,0.991470353129686,0.979891232092228,0.943285882167703,1.06440783364303,1.58297029243421
-1.27147740437302,0.675949411618575,0,1,1,1,41,41,41dl04,M-O,1,0.305,0.4639,0.895694664155354,0.905215645799512,0.953946405817862,0.873789088226441,0.750463617779965,0.895694664155354,0.905215645799512,0.953946405817862,0.873789088226441,0.750463617779965,1.27147740437302,0.675949411618575
0.315003788445435,0.97123737916937,0,1,1,1,41,41,41dl04,M-O,1,0.3662,0.3525,0.883239706162153,0.914722179695528,0.94776467501521,0.925034428979302,0.834284957964268,0.883239706162153,0.914722179695528,0.94776467501521,0.925034428979302,0.834284957964268,0.315003788445435,0.97123737916937
0.656542318216538,0.15229670733326,0,1,1,1,41,41,41dl04,M-O,1,0.3339,0.4131,0.730866175669049,0.745191174267061,0.842783893353649,0.732645594949695,0.560523539102098,0.730866175669049,0.745191174267061,0.842783893353649,0.732645594949695,0.560523539102098,0.656542318216538,0.15229670733326
0.956414409974901,-1.35411746001253,0,0,0,1,41,41,41dl04,M-O,1,0.4785,0.5426,0.168460640433498,0.145680164166554,0.224355062993287,0.187921917677378,0.0878494533247737,0.831539359566502,0.854319835833446,0.775644937006713,0.812078082322621,0.912150546675226,0.956414409974901,1.35411746001253
3.41347163339289,1.49516999937305,1,1,1,1,41,41,41dl04,M-O,1,0.3208,0.3765,0.999081585314772,0.998040958851177,0.999777308029219,0.975217980285857,0.932564959497939,0.999081585314772,0.998040958851177,0.999777308029219,0.975217980285857,0.932564959497939,3.41347163339289,1.49516999937305
-0.686253343194066,0.296476731618865,0,1,1,1,41,41,41dl04,M-O,1,0.3661,0.3182,0.768524696350938,0.788880647752146,0.872820696824519,0.777868421281077,0.616566982940695,0.768524696350938,0.788880647752146,0.872820696824519,0.777868421281077,0.616566982940695,0.686253343194066,0.296476731618865
3.71334372515126,0.892324416516369,1,1,1,1,41,41,41dl04,M-O,1,0.2479,0.3495,0.998859864652554,0.993432909181922,0.999463110779468,0.913221311533991,0.813890464654531,0.998859864652554,0.993432909181922,0.999463110779468,0.913221311533991,0.813890464654531,3.71334372515126,0.892324416516369
0.0593233733672519,0.974852959781612,0,1,1,1,41,41,41dl04,M-O,1,0.4109,0.36,0.874222459557525,0.908637829106424,0.94135288963139,0.92554472434297,0.83518339867811,0.874222459557525,0.908637829106424,0.94135288963139,0.92554472434297,0.83518339867811,0.0593233733672519,0.974852959781612
-0.78726288989162,0.357148506924941,0,1,1,1,41,41,41dl04,M-O,1,0.315,0.3283,0.793298444149151,0.811574997280092,0.89013073632035,0.795508842383168,0.639509683725828,0.793298444149151,0.811574997280092,0.89013073632035,0.795508842383168,0.639509683725828,0.78726288989162,0.357148506924941
-0.540420810149473,1.25871102733242,0,1,1,1,41,41,41dl04,M-O,1,0.3944,0.3428,0.932832395964551,0.954197498924534,0.973854787400209,0.957938467340256,0.895932636544495,0.932832395964551,0.954197498924534,0.973854787400209,0.957938467340256,0.895932636544495,0.540420810149473,1.25871102733242
-1.28726014604451,1.5376705663118,0,1,1,1,41,41,41dl04,M-O,1,0.3137,0.2965,0.974378663907088,0.98310607134667,0.992316978247784,0.977582965372567,0.937935408064256,0.974378663907088,0.98310607134667,0.992316978247784,0.977582965372567,0.937935408064256,1.28726014604451,1.5376705663118
0.76133972291525,0.512361883659516,0,1,1,1,41,41,41dl04,M-O,1,0.3385,0.3655,0.82317946579137,0.847093077032683,0.911709067346987,0.836678783128258,0.695801118902238,0.82317946579137,0.847093077032683,0.911709067346987,0.836678783128258,0.695801118902238,0.76133972291525,0.512361883659516
-1.35670420939908,0.763306504475651,0,1,1,1,41,41,41dl04,M-O,1,0.2782,0.359,0.913152292417785,0.921971751571024,0.963541596834048,0.890996291694606,0.777359688077704,0.913152292417785,0.921971751571024,0.963541596834048,0.890996291694606,0.777359688077704,1.35670420939908,0.763306504475651
1.28469543674195,0.299555806720903,1,1,1,1,41,41,41dl04,M-O,1,0.3014,0.3095,0.84187564620529,0.832928453189874,0.915957371839666,0.778784079906045,0.617742001002055,0.84187564620529,0.832928453189874,0.915957371839666,0.778784079906045,0.617742001002055,1.28469543674195,0.299555806720903
-1.63069260481619,1.13244562182231,0,1,1,1,41,41,41dl04,M-O,1,0.2938,0.3204,0.961036176948382,0.967589110355396,0.986809630521406,0.94530965502317,0.87127643311561,0.961036176948382,0.967589110355396,0.986809630521406,0.94530965502317,0.87127643311561,1.63069260481619,1.13244562182231
-1.74369703518408,1.32528436325073,0,1,1,1,41,41,41dl04,M-O,1,0.2348,0.3654,0.975144909352471,0.980388522602594,0.992487191017599,0.963579185229483,0.907461573354586,0.975144909352471,0.980388522602594,0.992487191017599,0.963579185229483,0.907461573354586,1.74369703518408,1.32528436325073
-0.688147272194645,1.12887669386313,0,1,1,1,41,41,41dl04,M-O,1,0.3178,0.3823,0.921909346816356,0.944377025072578,0.969036683827105,0.94491327837449,0.870525073169716,0.921909346816356,0.944377025072578,0.969036683827105,0.94491327837449,0.870525073169716,0.688147272194645,1.12887669386313
2.90147949356967,0.209679470598523,1,1,1,1,41,41,41dl04,M-O,1,0.3362,0.4062,0.981646923778304,0.934260527591032,0.987052367881138,0.751182886574355,0.583041075279266,0.981646923778304,0.934260527591032,0.987052367881138,0.751182886574355,0.583041075279266,2.90147949356967,0.209679470598523
-1.42425434375307,1.29612645508749,0,1,1,1,41,41,41dl04,M-O,1,0.2001,0.3503,0.964121989391543,0.973503376354621,0.988384250107795,0.961189857732992,0.90253403900551,0.964121989391543,0.973503376354621,0.988384250107795,0.961189857732992,0.90253403900551,1.42425434375307,1.29612645508749
-1.5662990187965,0.670910925087967,0,1,1,1,41,41,41dl04,M-O,1,0.3362,0.2625,0.918949063339283,0.919061376006449,0.964939779977884,0.872741885411705,0.748861361936628,0.918949063339283,0.919061376006449,0.964939779977884,0.872741885411705,0.748861361936628,1.5662990187965,0.670910925087967
1.52711834881608,1.27002429569975,1,1,1,1,41,41,41dl04,M-O,1,0.477,0.2735,0.96580635535478,0.973902652486838,0.988995378717142,0.958944051354644,0.897962012015821,0.96580635535478,0.973902652486838,0.988995378717142,0.958944051354644,0.897962012015821,1.52711834881608,1.27002429569975
-0.592819512498829,1.18294711876105,0,1,1,1,41,41,41dl04,M-O,1,0.2349,0.3178,0.92531296470489,0.947892259543904,0.97044427981331,0.950680155580366,0.881584947044747,0.92531296470489,0.947892259543904,0.97044427981331,0.950680155580366,0.881584947044747,0.592819512498829,1.18294711876105
-0.0770395146744456,0.0477714381496665,0,1,1,1,41,41,41dl04,M-O,1,0.2675,0.3111,0.634777424910409,0.671317337776908,0.769488992555653,0.697180621556684,0.519050800193479,0.634777424910409,0.671317337776908,0.769488992555653,0.697180621556684,0.519050800193479,0.0770395146744456,0.0477714381496665
0.389498329134881,1.00345103610812,0,1,1,1,41,41,41dl04,M-O,1,0.3414,0.349,0.891767005169049,0.921399130309129,0.95270526383444,0.929487993552262,0.842178354885478,0.891767005169049,0.921399130309129,0.95270526383444,0.929487993552262,0.842178354885478,0.389498329134881,1.00345103610812
-1.66225808815918,1.53967663039343,0,1,1,1,41,41,41dl04,M-O,1,0.2829,0.375,0.981885531065921,0.987264012913888,0.994986285699377,0.977689721172779,0.938180401982798,0.981885531065921,0.987264012913888,0.994986285699377,0.977689721172779,0.938180401982798,1.66225808815918,1.53967663039343
1.7367131582135,0.812221811210308,1,1,1,1,41,41,41dl04,M-O,1,0.2608,0.3662,0.943613800207374,0.943672900875032,0.977662594191103,0.899860864344588,0.791667816859924,0.943613800207374,0.943672900875032,0.977662594191103,0.899860864344588,0.791667816859924,1.7367131582135,0.812221811210308
0.961464887309778,1.72222846182186,1,1,1,1,41,41,41dl04,M-O,1,0.2986,0.4062,0.977937894462045,0.986667241482646,0.993352593578717,0.985765628205237,0.957485929540052,0.977937894462045,0.986667241482646,0.993352593578717,0.985765628205237,0.957485929540052,0.961464887309778,1.72222846182186
-1.51074376811285,1.72176193529125,0,1,1,1,41,41,41dl04,M-O,1,0.2029,0.3436,0.985517500214233,0.990809148858492,0.996177090423133,0.98574873080191,0.957443673696931,0.985517500214233,0.990809148858492,0.996177090423133,0.98574873080191,0.957443673696931,1.51074376811285,1.72176193529125
-1.22665441802598,1.54973027712811,0,1,1,1,41,41,41dl04,M-O,1,0.199,0.3023,0.973776173067205,0.982905315187064,0.992069755576,0.978218302014413,0.939396866058773,0.973776173067205,0.982905315187064,0.992069755576,0.978218302014413,0.939396866058773,1.22665441802598,1.54973027712811
1.38317974477206,1.10639011508763,1,1,1,1,41,41,41dl04,M-O,1,0.2907,0.2625,0.948779691022106,0.959585308677777,0.981792341147042,0.942363406277346,0.865721148930982,0.948779691022106,0.959585308677777,0.981792341147042,0.942363406277346,0.865721148930982,1.38317974477206,1.10639011508763
2.38633080541214,0.62001288059821,1,1,1,1,41,41,41dl04,M-O,1,0.2699,0.3315,0.969742081303673,0.951303277178622,0.986438158065052,0.86182386358622,0.732375346600422,0.969742081303673,0.951303277178622,0.986438158065052,0.86182386358622,0.732375346600422,2.38633080541214,0.62001288059821
3.51763772842475,1.55271604692403,1,1,1,1,41,41,41dl04,M-O,1,0.2456,0.3126,0.999372444069488,0.99856991201316,0.999853985177716,0.978373229817426,0.939754506533273,0.999372444069488,0.99856991201316,0.999853985177716,0.978373229817426,0.939754506533273,3.51763772842475,1.55271604692403
3.3194064930308,1.32220528814869,1,1,1,1,41,41,41dl04,M-O,1,0.2542,0.2712,0.998399442055062,0.996408977135219,0.999552983961576,0.963332698248844,0.90695009967768,0.998399442055062,0.996408977135219,0.999552983961576,0.963332698248844,0.90695009967768,3.3194064930308,1.32220528814869
3.11801870930255,0.297059889782129,1,1,1,1,41,41,41dl04,M-O,1,0.2262,0.2718,0.989426008320054,0.953725473086319,0.992567725446589,0.778042007345119,0.616789606925249,0.989426008320054,0.953725473086319,0.992567725446589,0.778042007345119,0.616789606925249,3.11801870930255,0.297059889782129
2.19315004735307,-0.310917484911284,0,0,0,1,41,41,41dl04,M-O,1,0.4712,0.3751,0.392343092676017,0.447835968333085,0.512877642935653,0.562621826768279,0.377931675889144,0.607656907323983,0.552164031666915,0.487122357064347,0.437378173231721,0.622068324110856,2.19315004735307,0.310917484911284
-1.62942998548247,1.46860131345471,0,1,1,1,41,41,41dl04,M-O,1,0.3273,0.408,0.978490064882874,0.984529528795473,0.993806792027965,0.973635802440602,0.92902952079855,0.978490064882874,0.984529528795473,0.993806792027965,0.973635802440602,0.92902952079855,1.62942998548247,1.46860131345471
-1.43372398875596,1.05544541794482,0,1,1,1,41,41,41dl04,M-O,1,0.2989,0.2074,0.946845656517566,0.956687317913145,0.980792726067606,0.936243492488538,0.854389169895221,0.946845656517566,0.956687317913145,0.980792726067606,0.936243492488538,0.854389169895221,1.43372398875596,1.05544541794482
0.424220360812165,-0.949778915931205,1,0,0,1,41,41,41dl04,M-O,1,0.291,0.2246,0.296169444870429,0.276090104941711,0.391967828495366,0.315172412281643,0.171112300616877,0.703830555129571,0.723909895058289,0.608032171504634,0.684827587718357,0.828887699383123,0.424220360812165,0.949778915931205
3.29983589335815,1.69395695406678,1,1,1,1,41,41,41dl04,M-O,1,0.2516,0.2878,0.999185785805141,0.99870506264968,0.999833140006011,0.98470995230177,0.954863268466204,0.999185785805141,0.99870506264968,0.999833140006011,0.98470995230177,0.954863268466204,3.29983589335815,1.69395695406678
2.65400610416066,0.847257953659261,1,1,1,1,41,41,41dl04,M-O,1,0.2581,0.3114,0.985853725711024,0.975799140246237,0.994527311517563,0.905878622586449,0.801574321403781,0.985853725711024,0.975799140246237,0.994527311517563,0.905878622586449,0.801574321403781,2.65400610416066,0.847257953659261
-1.86238325255371,1.21208170059776,0,1,1,1,41,41,41dl04,M-O,1,0.1926,0.1526,0.973556556640379,0.977126256127116,0.991674322114461,0.953581533808401,0.887259446078838,0.973556556640379,0.977126256127116,0.991674322114461,0.953581533808401,0.887259446078838,1.86238325255371,1.21208170059776
3.39011317571908,0.0794719159047444,1,1,1,1,41,41,41dl04,M-O,1,0.1506,0.3674,0.993235830165215,0.946230058114565,0.993119533674519,0.708157230930829,0.53167136559726,0.993235830165215,0.946230058114565,0.993119533674519,0.708157230930829,0.53167136559726,3.39011317571908,0.0794719159047444
2.84087376555114,0.47289373916975,1,1,1,1,41,41,41dl04,M-O,1,0.2796,0.4544,0.984161346873368,0.957066746910823,0.99138757625,0.826758006948148,0.681855504053676,0.984161346873368,0.957066746910823,0.99138757625,0.826758006948148,0.681855504053676,2.84087376555114,0.47289373916975
-0.582718557829074,1.57042072876075,0,1,1,1,41,41,41dl04,M-O,1,0.3438,0.2378,0.963151685097043,0.97689186899421,0.987209212438627,0.979272894362437,0.941841368432977,0.963151685097043,0.97689186899421,0.987209212438627,0.979272894362437,0.941841368432977,0.582718557829074,1.57042072876075
0.744294361910038,-0.742664462666057,1,0,0,1,41,41,41dl04,M-O,1,0.2902,0.3596,0.313525379935347,0.330966380833789,0.435017541618395,0.391993470673242,0.228842425108449,0.686474620064653,0.669033619166211,0.564982458381605,0.608006529326758,0.771157574891551,0.744294361910038,0.742664462666057
-1.53599615478724,0.936271215700009,0,1,1,1,41,41,41dl04,M-O,1,0.25,0.2786,0.94199275191739,0.948917907754883,0.978072103447085,0.9199608948707,0.825433217798465,0.94199275191739,0.948917907754883,0.978072103447085,0.9199608948707,0.825433217798465,1.53599615478724,0.936271215700009
1.64327932751827,0.987519155087725,1,1,1,1,41,41,41dl04,M-O,1,0.2008,0.2553,0.951681879911858,0.956968380030235,0.982420792255933,0.927311500498646,0.838305901402888,0.951681879911858,0.956968380030235,0.982420792255933,0.927311500498646,0.838305901402888,1.64327932751827,0.987519155087725
-0.0132772383216149,0.729693267945065,0,1,1,1,41,41,41dl04,M-O,1,0.33,0.2075,0.820125148949301,0.861907544626844,0.908722241096751,0.88458637628301,0.767211151480758,0.820125148949301,0.861907544626844,0.908722241096751,0.88458637628301,0.767211151480758,0.0132772383216149,0.729693267945065
-1.74685358351838,1.57767521631176,0,1,1,1,41,41,41dl04,M-O,1,0.2957,0.2643,0.984657600688803,0.989175433479613,0.99589919233686,0.979632269410284,0.942679878616351,0.984657600688803,0.989175433479613,0.99589919233686,0.979632269410284,0.942679878616351,1.74685358351838,1.57767521631176
-1.93245862557514,1.58383336651584,0,1,1,1,41,41,41dl04,M-O,1,0.2419,0.2408,0.987802471057463,0.990967731689889,0.996866244302878,0.979933176071062,0.943384177974217,0.987802471057463,0.990967731689889,0.996866244302878,0.979933176071062,0.943384177974217,1.93245862557514,1.58383336651584
0.227251744751935,-0.660112593074283,1,0,0,1,41,41,41dl04,M-O,1,0.5247,0.3671,0.390369520364568,0.387510231521091,0.512671284147857,0.424037469576282,0.254590788971613,0.609630479635432,0.612489768478909,0.487328715852143,0.575962530423718,0.745409211028387,0.227251744751935,0.660112593074283
-1.87564075555776,1.16946450202636,0,1,1,1,41,41,41dl04,M-O,1,0.2314,0.3198,0.97203890722222,0.975185397757873,0.991008355803908,0.949289346637786,0.878891732378408,0.97203890722222,0.975185397757873,0.991008355803908,0.949289346637786,0.878891732378408,1.87564075555776,1.16946450202636
-0.56946105482502,0.610285802434952,0,1,1,1,41,41,41dl04,M-O,1,0.2174,0.3331,0.827391108629773,0.858654768353114,0.915284647261042,0.859666714920715,0.729163749926617,0.827391108629773,0.858654768353114,0.915284647261042,0.859666714920715,0.729163749926617,0.56946105482502,0.610285802434952
1.54984549682303,0.768111727740954,1,1,1,1,41,41,41dl04,M-O,1,0.3144,0.3981,0.927461888796128,0.9309935110122,0.97015424109783,0.891891304997787,0.778789594996052,0.927461888796128,0.9309935110122,0.97015424109783,0.891891304997787,0.778789594996052,1.54984549682303,0.768111727740954
-1.5694555671308,0.320386216312724,0,0,1,0,41,41,41dl04,M-O,1,0.2297,0.4315,0.879559595785507,0.859209253215017,0.936852162824502,0.784921660511439,0.625662213446299,0.879559595785507,0.859209253215017,0.936852162824502,0.784921660511439,0.625662213446299,1.5694555671308,0.320386216312724
1.7038850555368,0.20408115223118,1,0,1,0,41,41,41dl04,M-O,1,0.4811,0.4419,0.882456960764524,0.845379693851655,0.933766645363353,0.749404987260263,0.580854958638793,0.882456960764524,0.845379693851655,0.933766645363353,0.749404987260263,0.580854958638793,1.7038850555368,0.20408115223118
-1.81187847920493,1.47741866488327,0,1,1,1,41,41,41dl04,M-O,1,0.5243,0.3898,0.98263886102825,0.986963457811436,0.99519045486974,0.974169988502705,0.930218277028203,0.98263886102825,0.986963457811436,0.99519045486974,0.974169988502705,0.930218277028203,1.81187847920493,1.47741866488327
-1.47412780743499,0.332725843047408,0,1,1,1,41,41,41dl04,M-O,1,0.3582,0.4381,0.8698667976863,0.854606714965112,0.932238310664726,0.788510353832462,0.630329379974014,0.8698667976863,0.854606714965112,0.932238310664726,0.788510353832462,0.630329379974014,1.47412780743499,0.332725843047408
3.28531577102037,0.978398561414263,1,1,1,1,41,41,41dl04,M-O,1,0.2354,0.3922,0.996937229774498,0.990999082474974,0.998837985776759,0.926042563457409,0.836061380282809,0.996937229774498,0.990999082474974,0.998837985776759,0.926042563457409,0.836061380282809,3.28531577102037,0.978398561414263
-1.45708244642977,0.245485381822985,0,1,1,1,41,41,41dl04,M-O,1,0.2926,0.3358,0.855910761691459,0.834058008082091,0.921321625256759,0.762393439469125,0.59695968721562,0.855910761691459,0.834058008082091,0.921321625256759,0.762393439469125,0.59695968721562,1.45708244642977,0.245485381822985
1.96524725761672,0.873546723659241,1,1,1,1,41,41,41dl04,M-O,1,0.3236,0.3889,0.960467571146124,0.957645555089171,0.985088368532622,0.910215631952993,0.808817424707416,0.960467571146124,0.957645555089171,0.985088368532622,0.910215631952993,0.808817424707416,1.96524725761672,0.873546723659241
0.108565527382309,-1.28252896389014,1,0,0,1,41,41,41dl04,M-O,1,0.427,0.4457,0.282961978756186,0.194733096580478,0.318526408595128,0.207824878567688,0.099828575632354,0.717038021243814,0.805266903419521,0.681473591404872,0.792175121432312,0.900171424367646,0.108565527382309,1.28252896389014
3.1407458573095,0.0004189952925597,1,1,1,1,41,41,41dl04,M-O,1,0.3651,0.366,0.986900060697257,0.92322844605988,0.987326576344896,0.680449581169079,0.5001671549326,0.986900060697257,0.92322844605988,0.987326576344896,0.680449581169079,0.5001671549326,3.1407458573095,0.0004189952925597
-0.0644133213372514,0.726614192843026,0,1,1,1,41,41,41dl04,M-O,1,0.3938,0.3423,0.821882521397919,0.862984700049354,0.910184072459165,0.88398608716546,0.766268834332831,0.821882521397919,0.862984700049354,0.910184072459165,0.88398608716546,0.766268834332831,0.0644133213372514,0.726614192843026
3.54983452143459,0.292721193047439,1,1,1,1,41,41,41dl04,M-O,1,0.2515,0.3827,0.996317253111901,0.969360022160901,0.996799325249857,0.776748672445859,0.615132365303821,0.996317253111901,0.969360022160901,0.996799325249857,0.776748672445859,0.615132365303821,3.54983452143459,0.292721193047439
0.203261977411266,-0.368113637564302,1,1,0,0,41,41,41dl04,M-O,1,0.3281,0.3116,0.476300741385914,0.49940433548772,0.616294981936235,0.539996028803959,0.356394251242138,0.523699258614086,0.50059566451228,0.383705018063765,0.460003971196041,0.643605748757862,0.203261977411266,0.368113637564302
2.11928681633049,0.157615109782236,1,1,1,1,41,41,41dl04,M-O,1,0.305,0.4208,0.926259872477869,0.871109436695604,0.955312544736206,0.734392528142333,0.56261995174029,0.926259872477869,0.871109436695604,0.955312544736206,0.734392528142333,0.56261995174029,2.11928681633049,0.157615109782236
2.6079204984799,1.29792258223035,1,1,1,1,41,41,41dl04,M-O,1,0.2949,0.4307,0.992467798170388,0.990889551314456,0.997898392562162,0.961340641292512,0.902843030359564,0.992467798170388,0.990889551314456,0.997898392562162,0.961340641292512,0.902843030359564,2.6079204984799,1.29792258223035
-1.52526389045062,1.09475027814887,0,1,1,1,41,41,41dl04,M-O,1,0.3065,0.3407,0.954072459522626,0.962304227263347,0.983924441116607,0.941007521921892,0.86318697247705,0.954072459522626,0.962304227263347,0.983924441116607,0.941007521921892,0.86318697247705,1.52526389045062,1.09475027814887
3.19440717899257,1.60676314549542,1,1,1,1,41,41,41dl04,M-O,1,0.3379,0.3979,0.998747821052187,0.998063827087602,0.999725141843492,0.981020653376378,0.945946832144638,0.998747821052187,0.998063827087602,0.999725141843492,0.981020653376378,0.945946832144638,3.19440717899257,1.60676314549542
0.684951253225225,-0.678190496135494,1,0,0,1,41,41,41dl04,M-O,1,0.2876,0.4415,0.336403094074813,0.356607100785002,0.462941690820348,0.416969199689483,0.248825458826545,0.663596905925187,0.643392899214998,0.537058309179652,0.583030800310517,0.751174541173455,0.684951253225225,0.678190496135494
1.82004603423898,0.195357106108738,1,1,1,1,41,41,41dl04,M-O,1,0.3496,0.4935,0.89585514989116,0.853379296482316,0.940536460376782,0.746621068715656,0.577443303020683,0.89585514989116,0.853379296482316,0.940536460376782,0.746621068715656,0.577443303020683,1.82004603423898,0.195357106108738
2.83645459788312,0.0572419267210878,1,1,1,1,41,41,41dl04,M-O,1,0.3236,0.4061,0.976032857592698,0.910411937195685,0.980929310265511,0.700479213844388,0.522823759900092,0.976032857592698,0.910411937195685,0.980929310265511,0.700479213844388,0.522823759900092,2.83645459788312,0.0572419267210878
-1.45708244642977,0.239093968353602,0,1,1,1,41,41,41dl04,M-O,1,0.3458,0.376,0.855025560748107,0.832584904213788,0.92056155002638,0.760412881640548,0.594483640640084,0.855025560748107,0.832584904213788,0.92056155002638,0.760412881640548,0.594483640640084,1.45708244642977,0.239093968353602
2.64137991082347,0.328340493659657,1,1,1,1,41,41,41dl04,M-O,1,0.333,0.4145,0.972907137068819,0.933428056240184,0.984092912637386,0.787239011078751,0.628672884905119,0.972907137068819,0.933428056240184,0.984092912637386,0.787239011078751,0.628672884905119,2.64137991082347,0.328340493659657
3.28342184201979,0.853835977740888,1,1,1,1,41,41,41dl04,M-O,1,0.2958,0.4377,0.996310294333861,0.987881320239509,0.998424447810773,0.906978067566774,0.803402061541689,0.996310294333861,0.987881320239509,0.998424447810773,0.906978067566774,0.803402061541689,3.28342184201979,0.853835977740888
-1.55241020612559,0.932049150597972,0,1,1,1,41,41,41dl04,M-O,1,0.309,0.374,0.94254209743652,0.949055851986093,0.978273689594317,0.919331120480865,0.824344437456585,0.94254209743652,0.949055851986093,0.978273689594317,0.919331120480865,0.824344437456585,1.55241020612559,0.932049150597972
1.33898806809189,0.309982674680079,1,1,1,1,41,41,41dl04,M-O,1,0.273,0.334,0.850247348454161,0.839451945220059,0.920927966384817,0.781868747905406,0.621712934261091,0.850247348454161,0.839451945220059,0.920927966384817,0.781868747905406,0.621712934261091,1.33898806809189,0.309982674680079
0.0605859927009714,0.810962189577656,0,1,1,1,41,41,41dl04,M-O,1,0.2679,0.3049,0.840793838648466,0.879907046954185,0.921824595978157,0.899639399781406,0.791306307721673,0.840793838648466,0.879907046954185,0.921824595978157,0.899639399781406,0.791306307721673,0.0605859927009714,0.810962189577656
-1.82261074354155,0.33869738263924,0,1,1,1,41,41,41dl04,M-O,1,0.1935,0.3018,0.909712532470306,0.881565174313309,0.952855331041383,0.790234371679655,0.632581143699601,0.909712532470306,0.881565174313309,0.952855331041383,0.790234371679655,0.632581143699601,1.82261074354155,0.33869738263924
-1.03789282763492,-1.13599298062494,1,0,0,1,41,41,41dl04,M-O,1,0.3144,0.278,0.198789147163979,0.196972229119884,0.281573763016916,0.252240571977696,0.127979751018841,0.801210852836021,0.803027770880116,0.718426236983084,0.747759428022304,0.872020248981159,1.03789282763492,1.13599298062494
2.26701327837566,0.902681305495953,1,1,1,1,41,41,41dl04,M-O,1,0.2903,0.312,0.975036988570276,0.968952717171654,0.990841525443644,0.914846598352636,0.816652469488004,0.975036988570276,0.968952717171654,0.990841525443644,0.914846598352636,0.816652469488004,2.26701327837566,0.902681305495953
-0.0038075933187191,-1.58803386246133,1,0,0,1,41,41,41dl04,M-O,1,0.3166,0.3451,0.267407405007946,0.129168625871687,0.243961871585706,0.131464189684251,0.0561393410747279,0.732592594992054,0.870831374128313,0.756038128414294,0.868535810315749,0.943860658925272,0.0038075933187191,1.58803386246133
1.66979433352637,0.519453086924817,1,1,1,1,41,41,41dl04,M-O,1,0.2461,0.3274,0.912280799292437,0.902188176959267,0.958930327737154,0.838421334981258,0.698277590246007,0.912280799292437,0.902188176959267,0.958930327737154,0.838421334981258,0.698277590246007,1.66979433352637,0.519453086924817
3.67735907414025,1.40429063120986,1,1,1,1,41,41,41dl04,M-O,1,0.3155,0.4247,0.999457429162479,0.998255556715924,0.99985185784805,0.969453928864239,0.919883838511466,0.999457429162479,0.998255556715924,0.99985185784805,0.969453928864239,0.919883838511466,3.67735907414025,1.40429063120986
-0.762641812884091,0.695916747128764,0,1,1,1,41,41,41dl04,M-O,1,0.2741,0.2141,0.858708367182384,0.884529887718579,0.934547360857227,0.877879983007042,0.75675951565184,0.858708367182384,0.884529887718579,0.934547360857227,0.877879983007042,0.75675951565184,0.762641812884091,0.695916747128764
0.409068928807531,1.12101572182232,0,1,1,1,41,41,41dl04,M-O,1,0.2662,0.3115,0.910728707574202,0.937086739926228,0.962656575896128,0.944032209282896,0.868859414848768,0.910728707574202,0.937086739926228,0.962656575896128,0.944032209282896,0.868859414848768,0.409068928807531,1.12101572182232
-1.59597057313891,1.66521891978109,0,1,1,1,41,41,41dl04,M-O,1,0.2973,0.3039,0.98497486543168,0.990108554193161,0.996014564086455,0.983568631503951,0.952065456168878,0.98497486543168,0.990108554193161,0.996014564086455,0.983568631503951,0.952065456168878,1.59597057313891,1.66521891978109
-0.899636010592648,0.563703128353355,0,1,1,1,41,41,41dl04,M-O,1,0.3,0.2861,0.845720212856547,0.865623809084121,0.925666061733361,0.849020262376687,0.713521905995096,0.845720212856547,0.865623809084121,0.925666061733361,0.849020262376687,0.713521905995096,0.899636010592648,0.563703128353355
-0.0290599799931076,1.51177834386284,0,1,1,1,41,41,41dl04,M-O,1,0.2788,0.3105,0.94975849265489,0.967643706693999,0.979960513354479,0.976165966982088,0.934704869792499,0.94975849265489,0.967643706693999,0.979960513354479,0.976165966982088,0.934704869792499,0.0290599799931076,1.51177834386284
2.24049827236755,1.51530061916896,1,1,1,1,41,41,41dl04,M-O,1,0.3744,0.3201,0.990813431291131,0.992089059168303,0.997677165812953,0.97636304725933,0.935151854197808,0.990813431291131,0.992089059168303,0.997677165812953,0.97636304725933,0.935151854197808,2.24049827236755,1.51530061916896
-0.91731268126472,0.205434079169954,0,1,1,1,41,41,41dl04,M-O,1,0.2655,0.2967,0.776892899738278,0.780481498091016,0.874319771962633,0.749835262025977,0.581383501647287,0.776892899738278,0.780481498091016,0.874319771962633,0.749835262025977,0.581383501647287,0.91731268126472,0.205434079169954
-1.91983243223794,1.50909581631182,0,1,1,1,41,41,41dl04,M-O,1,0.1659,0.2137,0.985636730849507,0.989020336877725,0.99615919094084,0.976014947751735,0.93436285071774,0.985636730849507,0.989020336877725,0.99615919094084,0.976014947751735,0.93436285071774,1.91983243223794,1.50909581631182
1.2133574443868,0.532445850802358,1,1,1,1,41,41,41dl04,M-O,1,0.4685,0.384,0.87009604268054,0.877218671069626,0.938252382972241,0.841582535755413,0.702791381957164,0.87009604268054,0.877218671069626,0.938252382972241,0.841582535755413,0.702791381957164,1.2133574443868,0.532445850802358
-0.440673882785639,1.48154742467919,0,1,1,1,41,41,41dl04,M-O,1,0.2569,0.2295,0.95344650213211,0.970107318586639,0.982831636411686,0.974416992387703,0.930769621406906,0.95344650213211,0.970107318586639,0.982831636411686,0.974416992387703,0.930769621406906,0.440673882785639,1.48154742467919
-0.0972414240139564,-0.494728937972369,1,1,0,0,41,41,41dl04,M-O,1,0.2998,0.2797,0.452160345721535,0.457815865990637,0.583935506557022,0.489552264074882,0.31039573589463,0.547839654278465,0.542184134009363,0.416064493442978,0.510447735925118,0.68960426410537,0.0972414240139564,0.494728937972369
0.921692378297617,0.193770915904657,1,1,1,1,41,41,41dl04,M-O,1,0.4412,0.4793,0.775048197885691,0.777576731946051,0.872638360511475,0.7461131608724,0.576822369446294,0.775048197885691,0.777576731946051,0.872638360511475,0.7461131608724,0.576822369446294,0.921692378297617,0.193770915904657
-0.327669452417751,1.03531479814891,0,1,1,1,41,41,41dl04,M-O,1,0.2244,0.2694,0.894600337336682,0.924232629701913,0.953953592059487,0.933690280245804,0.849739039423929,0.894600337336682,0.924232629701913,0.953953592059487,0.933690280245804,0.849739039423929,0.327669452417751,1.03531479814891
0.257554608761201,0.481477827333009,0,1,1,1,41,41,41dl04,M-O,1,0.2629,0.3046,0.773593844750599,0.813468452314271,0.879080690573463,0.828947730475931,0.684911532671406,0.773593844750599,0.813468452314271,0.879080690573463,0.828947730475931,0.684911532671406,0.257554608761201,0.481477827333009
-0.0031762836518593,0.0797051791700503,0,1,1,1,41,41,41dl04,M-O,1,0.4554,0.3031,0.637233208378103,0.677880477807296,0.772213262056383,0.708237309492467,0.531764129910091,0.637233208378103,0.677880477807296,0.772213262056383,0.708237309492467,0.531764129910091,0.0031762836518593,0.0797051791700503
1.14959516803397,0.927873738148995,1,1,1,1,41,41,41dl04,M-O,1,0.2266,0.3668,0.919056315106226,0.934870510882488,0.967718828013306,0.918704631528713,0.823263465746489,0.919056315106226,0.934870510882488,0.967718828013306,0.918704631528713,0.823263465746489,1.14959516803397,0.927873738148995
3.4494562844039,1.33958340141399,1,1,1,1,41,41,41dl04,M-O,1,0.2953,0.2788,0.998879050903431,0.99712294512639,0.999686662814834,0.964706145697321,0.909809588425698,0.998879050903431,0.99712294512639,0.999686662814834,0.964706145697321,0.909809588425698,3.4494562844039,1.33958340141399
-0.549890455152369,-0.498227886951958,1,1,0,0,41,41,41dl04,M-O,1,0.1775,0.3196,0.401314301379109,0.430053327687565,0.539055159987123,0.488156930878024,0.309161714445337,0.598685698620891,0.569946672312435,0.460944840012877,0.511843069121976,0.690838285554663,0.549890455152369,0.498227886951958
0.0290205093579858,1.22327833733244,0,1,1,1,41,41,41dl04,M-O,1,0.2656,0.2559,0.914888182202089,0.941555926834665,0.963035743789817,0.954659439542561,0.889387706869039,0.914888182202089,0.941555926834665,0.963035743789817,0.954659439542561,0.889387706869039,0.0290205093579858,1.22327833733244
-1.46150161409779,0.679704950190001,0,1,1,1,41,41,41dl04,M-O,1,0.2518,0.3204,0.91156831232782,0.915147055986918,0.96164670064021,0.874565725032747,0.751654349499218,0.91156831232782,0.915147055986918,0.96164670064021,0.874565725032747,0.751654349499218,1.46150161409779,0.679704950190001
3.08140274862469,1.22129559957734,1,1,1,1,41,41,41dl04,M-O,1,0.2117,0.3521,0.9966759720777,0.993673604104261,0.999011196902804,0.954470041243364,0.889012940541826,0.9966759720777,0.993673604104261,0.999011196902804,0.954470041243364,0.889012940541826,3.08140274862469,1.22129559957734
2.05741846897824,1.41378444610781,1,1,1,1,41,41,41dl04,M-O,1,0.2465,0.36,0.985562897537893,0.987847009048523,0.996031941873076,0.970103831795336,0.921287399117467,0.985562897537893,0.987847009048523,0.996031941873076,0.970103831795336,0.921287399117467,2.05741846897824,1.41378444610781
2.48607773277598,0.2476314038638,1,1,1,1,41,41,41dl04,M-O,1,0.2623,0.2301,0.961427668247579,0.913607485451597,0.976634852050336,0.763056423964029,0.597790194715702,0.961427668247579,0.913607485451597,0.976634852050336,0.763056423964029,0.597790194715702,2.48607773277598,0.2476314038638
-1.7418031061835,0.897946061210243,0,1,1,1,41,41,41dl04,M-O,1,0.2684,0.2619,0.95031280346283,0.952243470148214,0.981227898950391,0.914106358470708,0.815392846774506,0.95031280346283,0.952243470148214,0.981227898950391,0.914106358470708,0.815392846774506,1.7418031061835,0.897946061210243
-0.611127492837761,1.24191607223039,0,1,1,1,41,41,41dl04,M-O,1,0.222,0.2702,0.932987136069082,0.953975715905903,0.974120592611984,0.956408970570244,0.892866235271475,0.932987136069082,0.953975715905903,0.974120592611984,0.956408970570244,0.892866235271475,0.611127492837761,1.24191607223039
3.13948323797578,0.219639812027086,1,1,1,1,41,41,41dl04,M-O,1,0.1588,0.3039,0.989142703087349,0.947645509587555,0.991663977100382,0.754329389163058,0.586924158543423,0.989142703087349,0.947645509587555,0.991663977100382,0.754329389163058,0.586924158543423,3.13948323797578,0.219639812027086
1.10350956235321,-1.34565000348192,0,0,0,1,41,41,41dl04,M-O,1,0.2217,0.304,0.158259984882008,0.143818131476077,0.217582449751653,0.190212727186788,0.0892077086816419,0.841740015117992,0.856181868523923,0.782417550248347,0.809787272813212,0.910792291318358,1.10350956235321,1.34565000348192
0.0681617087032879,-1.3009567618493,1,0,0,1,41,41,41dl04,M-O,1,0.2586,0.3678,0.287361152589451,0.192001330073715,0.317582418297096,0.202586125353507,0.0966366276025731,0.712638847410549,0.807998669926285,0.682417581702904,0.797413874646493,0.903363372397427,0.0681617087032879,1.3009567618493
3.36612340837842,0.556401988149279,1,1,1,1,41,41,41dl04,M-O,1,0.1478,0.8562,0.995569155848168,0.978536001825552,0.997374129261753,0.847304095024847,0.711031959962336,0.995569155848168,0.978536001825552,0.997374129261753,0.847304095024847,0.711031959962336,3.36612340837842,0.556401988149279
1.05931788567303,0.908979413659214,1,1,1,1,41,41,41dl04,M-O,1,0.2655,0.3682,0.911443572569719,0.929414082436677,0.963932484564192,0.91582373275244,0.818319503733523,0.911443572569719,0.929414082436677,0.963932484564192,0.91582373275244,0.818319503733523,1.05931788567303,0.908979413659214
0.202630667744406,1.3698609732507,0,1,1,1,41,41,41dl04,M-O,1,0.1826,0.3032,0.937558683871818,0.958674391795367,0.97492696285841,0.966998134238746,0.914634847858774,0.937558683871818,0.958674391795367,0.97492696285841,0.966998134238746,0.914634847858774,0.202630667744406,1.3698609732507
2.20325100202283,0.905107243455135,1,1,1,1,41,41,41dl04,M-O,1,0.1868,0.3195,0.97266066607047,0.967324103902664,0.98997541008277,0.915223977701782,0.817295712448913,0.97266066607047,0.967324103902664,0.98997541008277,0.915223977701782,0.817295712448913,2.20325100202283,0.905107243455135
-0.948878164607706,-0.65213498940082,1,1,0,0,41,41,41dl04,M-O,1,0.3886,0.3355,0.323319564154617,0.354811091418744,0.451628234735804,0.427164558912424,0.257157046997239,0.676680435845383,0.645188908581256,0.548371765264196,0.572835441087576,0.742842953002761,0.948878164607706,0.65213498940082
-0.0871404693442009,-0.0872879924624754,1,0,0,1,41,41,41dl04,M-O,1,0.4559,0.4388,0.576182316002873,0.612843236704268,0.717207514760399,0.6484908874199,0.465221299108475,0.423817683997127,0.387156763295732,0.282792485239601,0.3515091125801,0.534778700891525,0.0871404693442009,0.0872879924624754
1.67926397852927,0.513504873659515,1,1,1,1,41,41,41dl04,M-O,1,0.326,0.3724,0.912549741974592,0.901808650888837,0.958924145829272,0.836960477298757,0.696200898750425,0.912549741974592,0.901808650888837,0.958924145829272,0.836960477298757,0.696200898750425,1.67926397852927,0.513504873659515
-1.94003434157745,0.156402140802645,0,1,1,1,41,41,41dl04,M-O,1,0.1939,0.3038,0.906549834745039,0.855574160740339,0.944648977179145,0.733994614947108,0.562141975087332,0.906549834745039,0.855574160740339,0.944648977179145,0.733994614947108,0.562141975087332,1.94003434157745,0.156402140802645
3.04920595561484,1.27660231978138,1,1,1,1,41,41,41dl04,M-O,1,0.1611,0.3033,0.996756466836556,0.994280654561835,0.999079504704629,0.959519720421444,0.899128658763032,0.996756466836556,0.994280654561835,0.999079504704629,0.959519720421444,0.899128658763032,3.04920595561484,1.27660231978138
0.600355757866024,-0.149942505523652,1,1,0,0,41,41,41dl04,M-O,1,0.2485,0.2711,0.511407058236579,0.561567496334642,0.656557973587357,0.624983119605706,0.440404988110106,0.488592941763421,0.438432503665358,0.343442026412643,0.375016880394294,0.559595011889894,0.600355757866024,0.149942505523652
-0.172367274370262,1.07795532304684,0,1,1,1,41,41,41dl04,M-O,1,0.2665,0.398,0.89623584519014,0.926375592824614,0.954067293641618,0.939007186289701,0.859473152723227,0.89623584519014,0.926375592824614,0.954067293641618,0.939007186289701,0.859473152723227,0.172367274370262,1.07795532304684
-0.237392170056812,-0.176254601850163,1,1,0,0,41,41,41dl04,M-O,1,0.1451,0.3109,0.532878753835252,0.570642530704679,0.676615749380885,0.614964777224423,0.430046963041195,0.467121246164748,0.429357469295321,0.323384250619115,0.385035222775577,0.569953036958805,0.237392170056812,0.176254601850163
0.922954997631336,1.45819777182206,1,1,1,1,41,41,41dl04,M-O,1,0.2984,0.345,0.961546413035428,0.974825504527813,0.987123109438192,0.972993675974139,0.927606981100505,0.961546413035428,0.974825504527813,0.987123109438192,0.972993675974139,0.927606981100505,0.922954997631336,1.45819777182206
2.50186047444747,1.72964623365859,1,1,1,1,41,41,41dl04,M-O,1,0.2895,0.3665,0.996093085148894,0.996630072685851,0.99916107109605,0.986031987094529,0.958153249838983,0.996093085148894,0.996630072685851,0.99916107109605,0.986031987094529,0.958153249838983,2.50186047444747,1.72964623365859
1.297952939746,1.28849874631199,1,1,1,1,41,41,41dl04,M-O,1,0.337,0.3268,0.959565807147226,0.970738327405646,0.98655901054505,0.960544171895208,0.901213797510148,0.959565807147226,0.970738327405646,0.98655901054505,0.960544171895208,0.901213797510148,1.297952939746,1.28849874631199
3.63506132646065,0.236551398761767,1,1,1,1,41,41,41dl04,M-O,1,0.3315,0.3275,0.996907429125014,0.968539901243728,0.996975223790891,0.759622497105812,0.593497585873532,0.996907429125014,0.968539901243728,0.996975223790891,0.759622497105812,0.593497585873532,3.63506132646065,0.236551398761767
-1.14142761299992,1.29864569835279,0,1,1,1,41,41,41dl04,M-O,1,0.2859,0.2237,0.955300486911107,0.968507726456263,0.98476141425003,0.961401211445021,0.90296722629568,0.955300486911107,0.968507726456263,0.98476141425003,0.961401211445021,0.90296722629568,1.14142761299992,1.29864569835279
1.2228270893897,1.45033679978125,1,1,1,1,41,41,41dl04,M-O,1,0.4327,0.3997,0.968110822407096,0.978479211936974,0.98995097341216,0.972499868793614,0.926517689108879,0.968110822407096,0.978479211936974,0.98995097341216,0.972499868793614,0.926517689108879,1.2228270893897,1.45033679978125
1.41537653778191,-1.74434357654284,0,0,0,1,41,41,41dl04,M-O,1,0.5838,0.4081,0.0927813819651812,0.0690581612906608,0.114994681495419,0.101012013589151,0.0405495986786403,0.907218618034819,0.930941838709339,0.885005318504581,0.898987986410849,0.95945040132136,1.41537653778191,1.74434357654284
3.5668798824398,1.59185762284237,1,1,1,1,41,41,41dl04,M-O,1,0.4966,0.3373,0.999490558921108,0.998814306475881,0.999884989567713,0.980319601609736,0.944291650385343,0.999490558921108,0.998814306475881,0.999884989567713,0.980319601609736,0.944291650385343,3.5668798824398,1.59185762284237
2.41158319208653,0.770630971006258,1,1,1,1,41,41,41dl04,M-O,1,0.3003,0.3658,0.976072446636674,0.964388313285019,0.990362245859963,0.892358415790582,0.779537150881887,0.976072446636674,0.964388313285019,0.990362245859963,0.892358415790582,0.779537150881887,2.41158319208653,0.770630971006258
0.884445107952893,0.930089739169402,1,1,1,1,41,41,41dl04,M-O,1,0.1594,0.3412,0.904288747803542,0.926176383543517,0.960347355787984,0.919037581207482,0.823837688510546,0.904288747803542,0.926176383543517,0.960347355787984,0.919037581207482,0.823837688510546,0.884445107952893,0.930089739169402
1.93494439360745,0.889105383455147,1,1,1,1,41,41,41dl04,M-O,1,0.1754,0.3421,0.959841781511725,0.957929577460689,0.984965112878253,0.912711462438665,0.813026777025508,0.959841781511725,0.957929577460689,0.984965112878253,0.912711462438665,0.813026777025508,1.93494439360745,0.889105383455147
-1.42804220175423,0.98733254447548,0,1,1,1,41,41,41dl04,M-O,1,0.2309,0.2483,0.940660590775786,0.950362432876954,0.977832155410222,0.927285705742986,0.838260179350845,0.940660590775786,0.950362432876954,0.977832155410222,0.927285705742986,0.838260179350845,1.42804220175423,0.98733254447548
2.27963947171285,0.146045251823061,1,1,1,1,41,41,41dl04,M-O,1,0.1536,0.3582,0.940967343801928,0.882179797957434,0.962903029833051,0.730584797569469,0.558057167207129,0.940967343801928,0.882179797957434,0.962903029833051,0.730584797569469,0.558057167207129,2.27963947171285,0.146045251823061
2.07446382998345,1.48250380406694,1,1,1,1,41,41,41dl04,M-O,1,0.3888,0.3512,0.987612459343128,0.989868522919805,0.996728112377844,0.974473924999054,0.930896853921358,0.987612459343128,0.989868522919805,0.996728112377844,0.974473924999054,0.930896853921358,2.07446382998345,1.48250380406694
3.37559305338131,1.02472464590402,1,1,1,1,41,41,41dl04,M-O,1,0.2871,0.334,0.997712383835855,0.992799623583147,0.999152806479785,0.932315690706992,0.847253434715268,0.997712383835855,0.992799623583147,0.999152806479785,0.932315690706992,0.847253434715268,3.37559305338131,1.02472464590402
3.31372470602906,0.576555934271712,1,1,1,1,41,41,41dl04,M-O,1,0.2247,0.3345,0.995079596158836,0.978256791982538,0.997200951333004,0.852010071979906,0.717880262887114,0.995079596158836,0.978256791982538,0.997200951333004,0.852010071979906,0.717880262887114,3.31372470602906,0.576555934271712
3.2158717076658,1.74249903957695,1,1,1,1,41,41,41dl04,M-O,1,0.3428,0.3263,0.999102998622176,0.998734068450682,0.999822584636546,0.986483341503036,0.959289420314984,0.999102998622176,0.998734068450682,0.999822584636546,0.986483341503036,0.959289420314984,3.2158717076658,1.74249903957695
3.56309202443865,1.40156145100578,1,1,1,1,41,41,41dl04,M-O,1,0.125,0.28,0.999256160517564,0.997931319471256,0.99980031609503,0.969264950756481,0.919476877420856,0.999256160517564,0.997931319471256,0.99980031609503,0.969264950756481,0.919476877420856,3.56309202443865,1.40156145100578
