s1,s2,r1,r2,acc1,acc2,id,seq,id_sess,task,dataset,rt1,rt2,p_r2_discrete,p_r2_bayesian,p_r2_optimal,p_r2_fixed,p_r2_naive,p_c2_discrete,p_c2_bayesian,p_c2_optimal,p_c2_fixed,p_c2_naive,abs1,abs2
1.00107030238815,0.622910308474247,1,1,1,1,50,50,50ll03,M-O,1,0.3781,0.7908,0.869717934203247,0.881789129793878,0.93726718932879,0.846692493021552,0.733328268243041,0.869717934203247,0.881789129793878,0.93726718932879,0.846692493021552,0.733328268243041,1.00107030238815,0.622910308474247
1.52193809076373,1.93643118998754,1,1,1,1,50,50,50ll03,M-O,1,0.9334,0.1778,0.992152049228532,0.99474588062483,0.997858431492816,0.990251028460367,0.973592543731484,0.992152049228532,0.99474588062483,0.997858431492816,0.990251028460367,0.973592543731484,1.52193809076373,1.93643118998754
-0.0972370204585952,1.00518402817318,0,1,1,1,50,50,50ll03,M-O,1,0.4761,0.2599,0.887308184554268,0.913897112906659,0.945458197921236,0.919933482756379,0.84259587775754,0.887308184554268,0.913897112906659,0.945458197921236,0.919933482756379,0.84259587775754,0.0972370204585952,1.00518402817318
0.0299219944139164,1.54848967972644,0,1,1,1,50,50,50ll03,M-O,1,0.4078,0.355,0.956007088091952,0.970007171020606,0.981558523535455,0.974288325770576,0.939247777719386,0.956007088091952,0.970007171020606,0.981558523535455,0.974288325770576,0.939247777719386,0.0299219944139164,1.54848967972644
0.303352100542583,-0.806362692791985,1,1,0,0,50,50,50ll03,M-O,1,0.3658,0.9212,0.323069420183659,0.329588451211039,0.453509279171865,0.342032474512147,0.210016875801495,0.676930579816341,0.670411548788961,0.546490720828135,0.657967525487853,0.789983124198505,0.303352100542583,0.806362692791985
1.1238972466137,-0.891921325322242,0,1,0,0,50,50,50ll03,M-O,1,0.6255,0.534,0.239849944637159,0.265691594029949,0.354821379584031,0.311189647140624,0.186217551703781,0.760150055362841,0.734308405970051,0.645178620415969,0.688810352859376,0.813782448296219,1.1238972466137,0.891921325322242
0.271753467588292,0.705301646278592,0,0,1,0,50,50,50ll03,M-O,1,0.572,0.5649,0.836033608202888,0.865451596966829,0.915247492117343,0.865364277237478,0.759688731911691,0.836033608202888,0.865451596966829,0.915247492117343,0.865364277237478,0.759688731911691,0.271753467588292,0.705301646278592
2.04076725765838,1.95380963604946,1,1,1,1,50,50,50ll03,M-O,1,0.3377,0.1801,0.995817413797401,0.996916341501057,0.999003601624039,0.990694938397419,0.974638132862676,0.995817413797401,0.996916341501057,0.999003601624039,0.990694938397419,0.974638132862676,2.04076725765838,1.95380963604946
1.61469536814568,0.878200514622433,1,1,1,1,50,50,50ll03,M-O,1,0.228,0.0088,0.942942634178854,0.945408721949427,0.977433929676968,0.899311939201531,0.810082543603392,0.942942634178854,0.945408721949427,0.977433929676968,0.899311939201531,0.810082543603392,1.61469536814568,0.878200514622433
0.630550848230569,-0.728128429315401,1,1,0,0,50,50,50ll03,M-O,1,0.1982,0.1913,0.318585399279739,0.340351032053271,0.449790958148652,0.371195693426902,0.233267486194441,0.681414600720261,0.659648967946729,0.550209041851348,0.628804306573098,0.766732513805559,0.630550848230569,0.728128429315401
2.24284561195478,1.54810418661835,1,1,1,1,50,50,50ll03,M-O,1,0.2111,0.0292,0.991855276334451,0.99263734557043,0.997870292019287,0.974265250886893,0.939201392860271,0.991855276334451,0.99263734557043,0.997870292019287,0.974265250886893,0.939201392860271,2.24284561195478,1.54810418661835
1.67050263118592,0.808051187683048,1,1,1,1,50,50,50ll03,M-O,1,0.2088,0.0222,0.939372120214884,0.940092909018042,0.975713686834625,0.886378528943999,0.790469442191894,0.939372120214884,0.940092909018042,0.975713686834625,0.886378528943999,0.790469442191894,1.67050263118592,0.808051187683048
0.750319860234738,-0.698653834645638,1,1,0,0,50,50,50ll03,M-O,1,0.2692,0.2234,0.319000442007061,0.345458896314324,0.450210105433983,0.382388540861,0.24238419563417,0.68099955799294,0.654541103685676,0.549789894566017,0.617611459139,0.75761580436583,0.750319860234738,0.698653834645638
-0.604598941523065,1.89240162580429,0,1,1,1,50,50,50ll03,M-O,1,0.3574,0.0328,0.983198810182639,0.989385459045046,0.994296599542847,0.989042615243883,0.970781255207384,0.983198810182639,0.989385459045046,0.994296599542847,0.989042615243883,0.970781255207384,0.604598941523065,1.89240162580429
0.705979843024684,0.751352444596144,0,1,1,1,50,50,50ll03,M-O,1,0.7978,0.1574,0.87155323946389,0.891520307119752,0.938255435800037,0.875091233700364,0.773779712707054,0.87155323946389,0.891520307119752,0.938255435800037,0.875091233700364,0.773779712707054,0.705979843024684,0.751352444596144
1.22200590538307,0.46350369891349,1,1,1,1,50,50,50ll03,M-O,1,0.1901,0.1044,0.860546036258107,0.863353257625151,0.931428383003916,0.805915856219436,0.678498317935172,0.860546036258107,0.863353257625151,0.931428383003916,0.805915856219436,0.678498317935172,1.22200590538307,0.46350369891349
-0.400227138060632,0.918500172516616,0,1,1,1,50,50,50ll03,M-O,1,0.2664,0.0704,0.884402346055959,0.908655600448196,0.945022731854403,0.906238203018359,0.820821465663539,0.884402346055959,0.908655600448196,0.945022731854403,0.906238203018359,0.820821465663539,0.400227138060632,0.918500172516616
2.23953285204828,0.537059951429761,1,1,1,1,50,50,50ll03,M-O,1,0.2039,0.0452,0.94496622876087,0.93541241915885,0.980293664141451,0.825492144508535,0.70438689839518,0.94496622876087,0.93541241915885,0.980293664141451,0.825492144508535,0.70438689839518,2.23953285204828,0.537059951429761
1.31399869970968,-0.465336735658475,0,0,0,1,50,50,50ll03,M-O,1,0.3751,0.4316,0.364997089229711,0.410482748864285,0.49619042547462,0.47373011766773,0.320845165725562,0.635002910770289,0.589517251135715,0.50380957452538,0.52626988233227,0.679154834274438,1.31399869970968,0.465336735658475
-0.974353912625298,-0.613907863262161,1,0,0,1,50,50,50ll03,M-O,1,0.3102,0.3365,0.331776011617546,0.366958279385148,0.463648255994463,0.415091208550954,0.269638106889433,0.668223988382454,0.633041720614852,0.536351744005537,0.584908791449047,0.730361893110567,0.974353912625298,0.613907863262161
-0.617595153463943,-0.905142697056399,1,0,0,1,50,50,50ll03,M-O,1,0.5659,0.2003,0.267765651385131,0.280593226586335,0.389139751137111,0.306532773671569,0.182694897406455,0.732234348614869,0.719406773413665,0.610860248862889,0.693467226328431,0.817305102593545,0.617595153463943,0.905142697056399
2.59476264509894,0.569347603915303,1,1,1,1,50,50,50ll03,M-O,1,0.2641,0.0938,0.961506848913239,0.954678144958116,0.989215922651339,0.83367447501084,0.715439866453696,0.961506848913239,0.954678144958116,0.989215922651339,0.83367447501084,0.715439866453696,2.59476264509894,0.569347603915303
0.390503168852,-0.706071972293171,1,1,0,0,50,50,50ll03,M-O,1,0.2018,0.3202,0.345339657722035,0.360326199182122,0.479837039357171,0.37956185104452,0.240071690256862,0.654660342277965,0.639673800817878,0.520162960642829,0.62043814895548,0.759928309743138,0.390503168852,0.706071972293171
-0.482791308037974,-0.150055466905659,1,0,0,1,50,50,50ll03,M-O,1,0.3636,0.199,0.525175108770961,0.566364972720833,0.665273454426649,0.598468421083377,0.44036042717296,0.474824891229039,0.433635027279167,0.334726545573351,0.401531578916623,0.55963957282704,0.482791308037974,0.150055466905659
0.868814733813331,2.05759063198636,1,1,1,1,50,50,50ll03,M-O,1,0.2738,0.0863,0.990186717608732,0.994019439980963,0.997011897203113,0.99299546775068,0.980185276658749,0.990186717608732,0.994019439980963,0.997011897203113,0.99299546775068,0.980185276658749,0.868814733813331,2.05759063198636
-1.05207635658545,0.702790731709694,0,1,1,1,50,50,50ll03,M-O,1,0.2274,0.1983,0.886713659545389,0.898374667758233,0.9473260697149,0.864819366114784,0.758906912992939,0.886713659545389,0.898374667758233,0.9473260697149,0.864819366114784,0.758906912992939,1.05207635658545,0.702790731709694
1.9357782513909,1.23963676901931,1,1,1,1,50,50,50ll03,M-O,1,0.2266,0.185,0.977915731690746,0.979539175214668,0.992909266073224,0.949401389347516,0.892445112846674,0.977915731690746,0.979539175214668,0.992909266073224,0.949401389347516,0.892445112846674,1.9357782513909,1.23963676901931
0.423121112546753,0.161787620072316,1,1,0,0,50,50,50ll03,M-O,1,0.4281,0.2828,0.525559665366295,0.564943894058106,0.666036834943021,0.593924734982925,0.435736551176095,0.474440334633705,0.435056105941894,0.333963165056979,0.406075265017075,0.564263448823905,0.423121112546753,0.161787620072316
0.336734527292682,-0.29007281500285,1,1,0,0,50,50,50ll03,M-O,1,0.5094,0.4046,0.48790535883042,0.52047185067451,0.630418440949883,0.543544467460489,0.385880266295667,0.51209464116958,0.47952814932549,0.369581559050117,0.456455532539511,0.614119733704333,0.336734527292682,0.29007281500285
-0.116094269157124,0.203848043784524,1,1,0,0,50,50,50ll03,M-O,1,0.4636,0.2627,0.537808224587848,0.566486872116412,0.678547418808606,0.577535317925605,0.419236123749937,0.462191775412152,0.433513127883588,0.321452581191394,0.422464682074395,0.580763876250063,0.116094269157124,0.203848043784524
-1.0846943002802,1.09087810422791,0,1,1,1,50,50,50ll03,M-O,1,0.2599,0.2007,0.938650356771376,0.950098881486921,0.975230268412874,0.931929725108857,0.862336738545758,0.938650356771376,0.950098881486921,0.975230268412874,0.931929725108857,0.862336738545758,1.0846943002802,1.09087810422791
2.39039084163651,0.732004858063181,1,1,1,1,50,50,50ll03,M-O,1,0.2036,0.0617,0.965700806756424,0.960329635241218,0.989218959773086,0.871066101741804,0.767917198698669,0.965700806756424,0.960329635241218,0.989218959773086,0.871066101741804,0.767917198698669,2.39039084163651,0.732004858063181
0.457522850037312,0.813885677967625,0,1,1,1,50,50,50ll03,M-O,1,0.2471,0.1763,0.868414177683452,0.893091488912371,0.935846282453932,0.887497382386282,0.79214477692976,0.868414177683452,0.893091488912371,0.935846282453932,0.887497382386282,0.79214477692976,0.457522850037312,0.813885677967625
0.628002571379417,0.388165843113893,1,1,0,0,50,50,50ll03,M-O,1,0.3549,0.263,0.430610063097546,0.467419676885114,0.571804000111587,0.504497740700229,0.348946654262675,0.569389936902454,0.532580323114886,0.428195999888413,0.495502259299771,0.651053345737325,0.628002571379417,0.388165843113893
-0.425964734257272,0.780108146712986,0,1,1,1,50,50,50ll03,M-O,1,0.2562,0.0477,0.860227671334596,0.885868214863301,0.930827811969641,0.880910060575153,0.782336389193408,0.860227671334596,0.885868214863301,0.930827811969641,0.880910060575153,0.782336389193408,0.425964734257272,0.780108146712986
1.03980411052567,1.64428992645266,1,1,1,1,50,50,50ll03,M-O,1,0.1422,0.0391,0.977607119433221,0.984523235710898,0.992479828921172,0.979509894622762,0.949941835430087,0.977607119433221,0.984523235710898,0.992479828921172,0.979509894622762,0.949941835430087,1.03980411052567,1.64428992645266
-0.857133177472281,2.00915394389173,0,1,1,1,50,50,50ll03,M-O,1,0.2311,0.0405,0.988887265525723,0.993141913474188,0.99655553706313,0.99199295328979,0.977739594848908,0.988887265525723,0.993141913474188,0.99655553706313,0.99199295328979,0.977739594848908,0.857133177472281,2.00915394389173
0.326031764517841,-0.415972780357895,1,1,0,0,50,50,50ll03,M-O,1,0.4152,0.4789,0.44574213032324,0.472654630115378,0.588218664073856,0.493404773472664,0.338714960620916,0.55425786967676,0.527345369884622,0.411781335926144,0.506595226527335,0.661285039379084,0.326031764517841,0.415972780357895
1.81040303031419,1.97524096911262,1,1,1,1,50,50,50ll03,M-O,1,0.2571,0.0213,0.994734541408496,0.996341664801215,0.998678913563274,0.991217943911538,0.975879595668849,0.994734541408496,0.996341664801215,0.998678913563274,0.991217943911538,0.975879595668849,1.81040303031419,1.97524096911262
2.78053202754796,1.69137217930266,1,1,1,1,50,50,50ll03,M-O,1,0.2736,0.0086,0.997219558365782,0.997300465469915,0.99946078045565,0.981727559078787,0.954617128837905,0.997219558365782,0.997300465469915,0.99946078045565,0.981727559078787,0.954617128837905,2.78053202754796,1.69137217930266
2.60954265083563,1.48400814334922,1,1,1,1,50,50,50ll03,M-O,1,0.1357,0.0086,0.994233824772018,0.994205752563962,0.998686769036166,0.970180186062067,0.931096619885861,0.994233824772018,0.994205752563962,0.998686769036166,0.970180186062067,0.931096619885861,2.60954265083563,1.48400814334922
0.519191149835203,0.670753128807777,0,1,1,1,50,50,50ll03,M-O,1,0.2265,0.2314,0.843923234501274,0.868348648511187,0.921020074766163,0.857733862057218,0.748811094449084,0.843923234501274,0.868348648511187,0.921020074766163,0.857733862057218,0.748811094449084,0.519191149835203,0.670753128807777
-1.04647014751291,0.760666791586165,0,1,1,1,50,50,50ll03,M-O,1,0.3719,0.0086,0.895218589761085,0.907456686395734,0.952207671813316,0.876997385380395,0.776571942666529,0.895218589761085,0.907456686395734,0.952207671813316,0.876997385380395,0.776571942666529,1.04647014751291,0.760666791586165
-1.19681848173091,0.731838158340765,0,1,1,1,50,50,50ll03,M-O,1,0.2274,0.0086,0.90110525489488,0.909693993129947,0.95549450543567,0.871031034553669,0.767866322202922,0.90110525489488,0.909693993129947,0.95549450543567,0.871031034553669,0.767866322202922,1.19681848173091,0.731838158340765
0.569647031488023,-1.29081292359957,1,0,0,1,50,50,50ll03,M-O,1,0.1584,0.2389,0.176905378690944,0.171888003952989,0.270665757661914,0.186364635253628,0.0983842776729523,0.823094621309056,0.828111996047011,0.729334242338086,0.813635364746372,0.901615722327048,0.569647031488023,1.29081292359957
2.32693874804281,0.52804774768662,1,1,1,1,50,50,50ll03,M-O,1,0.2176,0.1647,0.948260756158193,0.938734193504447,0.98231774986794,0.82316338865762,0.701266901922127,0.948260756158193,0.938734193504447,0.98231774986794,0.82316338865762,0.701266901922127,2.32693874804281,0.52804774768662
0.555121853436454,2.36568297520997,0,1,1,1,50,50,50ll03,M-O,1,0.4028,0.1107,0.994725241698753,0.997026543343085,0.998420950449028,0.997154935144137,0.991001576112864,0.994725241698753,0.997026543343085,0.998420950449028,0.997154935144137,0.991001576112864,0.555121853436454,2.36568297520997
2.41383498866711,0.56284631474106,1,1,1,1,50,50,50ll03,M-O,1,0.1366,0.0083,0.954756565316884,0.946416961717543,0.985464654126563,0.832047161028791,0.713230230272439,0.954756565316884,0.946416961717543,0.985464654126563,0.832047161028791,0.713230230272439,2.41383498866711,0.56284631474106
-0.749341066668529,0.774044444310087,0,1,1,1,50,50,50ll03,M-O,1,0.3123,0.0951,0.878254043563288,0.897212575489826,0.942268050983257,0.879699253622575,0.780547745451721,0.878254043563288,0.897212575489826,0.942268050983257,0.879699253622575,0.780547745451721,0.749341066668529,0.774044444310087
0.517152528354281,0.0321890046261552,1,1,0,0,50,50,50ll03,M-O,1,0.352,0.0393,0.56449486754513,0.609142983629679,0.700890511827744,0.643284189749958,0.48716066233701,0.43550513245487,0.390857016370321,0.299109488172256,0.356715810250042,0.51283933766299,0.517152528354281,0.0321890046261552
1.74567679829492,1.252722697229,1,1,1,1,50,50,50ll03,M-O,1,0.1817,0.0083,0.973622671370843,0.976775888697256,0.991168001384043,0.950749330783425,0.894846678592975,0.973622671370843,0.976775888697256,0.991168001384043,0.950749330783425,0.894846678592975,1.74567679829492,1.252722697229
1.72809368802197,0.646925487234871,1,1,1,1,50,50,50ll03,M-O,1,0.2128,0.0319,0.926391104556856,0.923175533183638,0.969252796221225,0.852303896372803,0.741159915252209,0.926391104556856,0.923175533183638,0.969252796221225,0.852303896372803,0.741159915252209,1.72809368802197,0.646925487234871
2.42479257912707,1.41177506987963,1,1,1,1,50,50,50ll03,M-O,1,0.1523,0.0085,0.991370397348141,0.991458017141861,0.997795577808211,0.964946235854834,0.920991899385234,0.991370397348141,0.991458017141861,0.997795577808211,0.964946235854834,0.920991899385234,2.42479257912707,1.41177506987963
0.826513338084199,1.9254185895754,1,1,1,1,50,50,50ll03,M-O,1,0.1976,0.0565,0.98620504902312,0.991300578468928,0.995576546085943,0.98996024513292,0.972911494104312,0.98620504902312,0.991300578468928,0.995576546085943,0.98996024513292,0.972911494104312,0.826513338084199,1.9254185895754
-0.556691336721397,-0.457960272941545,1,1,0,0,50,50,50ll03,M-O,1,0.36,0.3196,0.412002279727658,0.444121265064172,0.552843817453113,0.476667205307756,0.323490491513844,0.587997720272342,0.555878734935828,0.447156182546887,0.523332794692243,0.676509508486156,0.556691336721397,0.457960272941545
1.31399869970968,2.20530742351267,1,1,1,1,50,50,50ll03,M-O,1,0.208,0.0874,0.995112534341226,0.997071709128399,0.998723656194675,0.995402902802834,0.986283735362002,0.995112534341226,0.997071709128399,0.998723656194675,0.995402902802834,0.986283735362002,1.31399869970968,2.20530742351267
-0.0483101049164665,1.47951766957662,0,1,1,1,50,50,50ll03,M-O,1,0.2671,0.0138,0.949910478854849,0.965361614593824,0.97866655506371,0.969874880095746,0.930498993785421,0.949910478854849,0.965361614593824,0.97866655506371,0.969874880095746,0.930498993785421,0.0483101049164665,1.47951766957662
-0.185407399508473,0.733328037109862,0,0,1,0,50,50,50ll03,M-O,1,0.4275,0.5357,0.837430560771552,0.868074767993444,0.915746502839274,0.871344212986201,0.768320810633952,0.837430560771552,0.868074767993444,0.915746502839274,0.871344212986201,0.768320810633952,0.185407399508473,0.733328037109862
-1.02633876038881,1.53213226946432,0,1,1,1,50,50,50ll03,M-O,1,0.3847,0.0083,0.97155963504572,0.979730511825785,0.990049910820171,0.973293854542038,0.937255100958312,0.97155963504572,0.979730511825785,0.990049910820171,0.973293854542038,0.937255100958312,1.02633876038881,1.53213226946432
2.28718562916483,2.30591070599101,1,1,1,1,50,50,50ll03,M-O,1,0.1325,0.0087,0.99880353852859,0.999184030592467,0.999768134565835,0.996588386976093,0.989442188851914,0.99880353852859,0.999184030592467,0.999768134565835,0.996588386976093,0.989442188851914,2.28718562916483,2.30591070599101
0.589778418612129,0.910352723583511,0,1,1,1,50,50,50ll03,M-O,1,0.3131,0.2949,0.892101745274566,0.913292592689838,0.949944526831118,0.904867058926934,0.818681739172074,0.892101745274566,0.913292592689838,0.949944526831118,0.904867058926934,0.818681739172074,0.589778418612129,0.910352723583511
0.506449765579441,1.93921299160536,0,1,1,1,50,50,50ll03,M-O,1,0.2616,0.1673,0.984197009477965,0.990138203941851,0.994597941986896,0.990323306428268,0.973762295840075,0.984197009477965,0.990138203941851,0.994597941986896,0.990323306428268,0.973762295840075,0.506449765579441,1.93921299160536
2.71682510626915,1.54280105169898,1,1,1,1,50,50,50ll03,M-O,1,0.1448,0.023,0.995642422071,0.995623533754373,0.999084434445389,0.973946052115059,0.938560472879835,0.995642422071,0.995623533754373,0.999084434445389,0.973946052115059,0.938560472879835,2.71682510626915,1.54280105169898
0.79262125596387,-0.258576986198787,1,0,0,1,50,50,50ll03,M-O,1,0.3089,0.2773,0.465437630598627,0.510076613364932,0.605353001539559,0.556011016432928,0.397980820912297,0.534562369401373,0.489923386635068,0.394646998460441,0.443988983567072,0.602019179087703,0.79262125596387,0.258576986198787
1.81498992864627,1.91372877154094,1,1,1,1,50,50,50ll03,M-O,1,0.107,0.1253,0.993932713013806,0.995685325537594,0.998443842013926,0.98964332585877,0.972172589604182,0.993932713013806,0.995685325537594,0.998443842013926,0.98964332585877,0.972172589604182,1.81498992864627,1.91372877154094
2.29279183823737,1.42968487130675,1,1,1,1,50,50,50ll03,M-O,1,0.0581,0.1923,0.990153489023032,0.990610413942242,0.997361514379182,0.966309566486491,0.923596257871615,0.990153489023032,0.990610413942242,0.997361514379182,0.966309566486491,0.923596257871615,2.29279183823737,1.42968487130675
0.676165003866199,-0.224163912252435,1,1,0,0,50,50,50ll03,M-O,1,0.4548,0.2542,0.485212146720724,0.52860229395655,0.625740697518075,0.569568746575953,0.411314881394892,0.514787853279276,0.47139770604345,0.374259302481925,0.430431253424047,0.588685118605108,0.676165003866199,0.224163912252435
2.40466119200296,1.35956680056532,1,1,1,1,50,50,50ll03,M-O,1,0.1551,0.0084,0.990097201702914,0.990083719198788,0.997404369355986,0.960711844146539,0.913016474970289,0.990097201702914,0.990083719198788,0.997404369355986,0.960711844146539,0.913016474970289,2.40466119200296,1.35956680056532
-1.07246257139467,1.24843017937678,0,1,1,1,50,50,50ll03,M-O,1,0.2233,0.0084,0.952852395118814,0.963372402034615,0.981953470389356,0.950310368272999,0.894063218647891,0.952852395118814,0.963372402034615,0.981953470389356,0.950310368272999,0.894063218647891,1.07246257139467,1.24843017937678
0.122424444110753,-1.46544130156348,1,0,0,1,50,50,50ll03,M-O,1,0.0858,0.7997,0.175796161244251,0.1490041386095,0.263956092514579,0.143211582365092,0.0714002780294899,0.824203838755749,0.8509958613905,0.736043907485421,0.856788417634908,0.92859972197051,0.122424444110753,1.46544130156348
2.32872254183862,1.55437626367427,1,1,1,1,50,50,50ll03,M-O,1,0.1301,0.0086,0.992826884578743,0.993382613225867,0.998184508646719,0.974638539455243,0.93995265414091,0.992826884578743,0.993382613225867,0.998184508646719,0.974638539455243,0.93995265414091,2.32872254183862,1.55437626367427
2.24947113176778,1.65757381058272,1,1,1,1,50,50,50ll03,M-O,1,0.1325,0.0236,0.993664363889145,0.994483648803341,0.998411995013172,0.980157563115556,0.95129824029479,0.993664363889145,0.994483648803341,0.998411995013172,0.980157563115556,0.95129824029479,2.24947113176778,1.65757381058272
1.28571282666189,1.66427305567734,1,1,1,1,50,50,50ll03,M-O,1,0.1932,0.1429,0.98215699770009,0.987390469700841,0.994343086871972,0.980477546290655,0.951971062799014,0.98215699770009,0.987390469700841,0.994343086871972,0.980477546290655,0.951971062799014,1.28571282666189,1.66427305567734
0.938637519534911,-0.216714518406949,0,0,0,1,50,50,50ll03,M-O,1,0.3832,0.3248,0.472241823992106,0.520292450957015,0.610292520878123,0.572493386032098,0.414215416413525,0.527758176007894,0.479707549042985,0.389707479121877,0.427506613967902,0.585784583586475,0.938637519534911,0.216714518406949
0.0974513309694586,-1.22819634036688,1,0,0,1,50,50,50ll03,M-O,1,0.2426,0.1984,0.230443895844407,0.208941750173627,0.336480194737139,0.203621218577388,0.109686636088998,0.769556104155593,0.791058249826373,0.663519805262861,0.796378781422612,0.890313363911002,0.0974513309694586,1.22819634036688
0.618319119345037,-1.21371430198195,1,0,0,1,50,50,50ll03,M-O,1,0.1697,0.2162,0.190277135994448,0.18964746695237,0.289364490749354,0.207743984447432,0.112428420508465,0.809722864005552,0.81035253304763,0.710635509250646,0.792256015552568,0.887571579491535,0.618319119345037,1.21371430198195
1.26456212879732,0.611303840301,1,1,1,1,50,50,50ll03,M-O,1,0.1334,0.136,0.888387587045804,0.893561170272016,0.948186751300625,0.843930534684159,0.729500775453782,0.888387587045804,0.893561170272016,0.948186751300625,0.843930534684159,0.729500775453782,1.26456212879732,0.611303840301
2.36159531321849,0.945630552339898,1,1,1,1,50,50,50ll03,M-O,1,0.1162,0.1037,0.976154679268216,0.973598679200919,0.992784612539406,0.910698813802076,0.827831472299642,0.976154679268216,0.973598679200919,0.992784612539406,0.910698813802076,0.827831472299642,2.36159531321849,0.945630552339898
2.84270998271609,1.41382756021188,1,1,1,1,50,50,50ll03,M-O,1,0.135,0.0785,0.994950667339499,0.994729325941006,0.999004149903053,0.965104736911679,0.921293730305768,0.994950667339499,0.994729325941006,0.999004149903053,0.965104736911679,0.921293730305768,2.84270998271609,1.41382756021188
0.923602686113111,2.23236487220739,1,1,1,1,50,50,50ll03,M-O,1,0.3329,0.1261,0.99389460483499,0.996444407131559,0.998261398649442,0.995753371728241,0.987204571242551,0.99389460483499,0.996444407131559,0.998261398649442,0.995753371728241,0.987204571242551,0.923602686113111,2.23236487220739
-0.183368778027551,1.62915150791071,0,1,1,1,50,50,50ll03,M-O,1,0.3191,0.208,0.964455228653695,0.976197034976814,0.985832362339521,0.978750055417915,0.948359525229351,0.964455228653695,0.976197034976814,0.985832362339521,0.978750055417915,0.948359525229351,0.183368778027551,1.62915150791071
1.94214894351878,2.20485941800867,1,1,1,1,50,50,50ll03,M-O,1,0.0965,4.5925,0.997478495332796,0.99834760816576,0.999439176084058,0.995396888771661,0.986268019499215,0.997478495332796,0.99834760816576,0.999439176084058,0.995396888771661,0.986268019499215,1.94214894351878,2.20485941800867
0.838235411599501,0.498666921610716,1,1,1,1,50,50,50ll03,M-O,1,0.3045,0.1898,0.832725849419969,0.847587748317832,0.91410931436452,0.815435790923752,0.690992974285961,0.832725849419969,0.847587748317832,0.91410931436452,0.815435790923752,0.690992974285961,0.838235411599501,0.498666921610716
-0.511332008770882,-1.03355357698034,1,0,0,1,50,50,50ll03,M-O,1,1.9149,0.24,0.241623033796918,0.24492604628087,0.355707806232804,0.263003431680768,0.150672455681202,0.758376966203082,0.75507395371913,0.644292193767196,0.736996568319232,0.849327544318798,0.511332008770882,1.03355357698034
-0.521015460805262,-1.06774785754102,1,0,0,1,50,50,50ll03,M-O,1,0.3684,0.2546,0.232145865570826,0.234263892935994,0.343654678625116,0.251968627827371,0.142817132175792,0.767854134429174,0.765736107064006,0.656345321374884,0.748031372172629,0.857182867824208,0.521015460805262,1.06774785754102
0.690945009602884,-1.12871828101485,1,1,0,0,50,50,50ll03,M-O,1,0.2385,0.7043,0.204860167675053,0.209892985895328,0.309448666645242,0.232915802717834,0.129508347486962,0.795139832324947,0.790107014104672,0.690551333354758,0.767084197282166,0.870491652513038,0.690945009602884,1.12871828101485
-0.0946887436074426,-0.865811981298761,1,1,0,0,50,50,50ll03,M-O,1,0.2195,0.607,0.327008627327166,0.321445595276861,0.456041450555457,0.32047471970822,0.193296638838464,0.672991372672834,0.678554404723139,0.543958549444543,0.67952528029178,0.806703361161536,0.0946887436074426,0.865811981298761
2.13811143337241,1.34516811204159,1,1,1,1,50,50,50ll03,M-O,1,0.2206,0.0083,0.985782682733471,0.986598061933405,0.995859399115242,0.959473467516286,0.910714524287815,0.985782682733471,0.986598061933405,0.995859399115242,0.959473467516286,0.910714524287815,2.13811143337241,1.34516811204159
2.7293116628398,2.33684392323192,1,1,1,1,50,50,50ll03,M-O,1,0.294,0.0083,0.99946176725348,0.999591067903116,0.999912322094783,0.996893132931364,0.990276349484045,0.99946176725348,0.999591067903116,0.999912322094783,0.996893132931364,0.990276349484045,2.7293116628398,2.33684392323192
0.706999153765145,-0.464003137879143,1,1,0,0,50,50,50ll03,M-O,1,0.262,0.2466,0.398850356533381,0.43456296688985,0.538314241313172,0.47426101550347,0.321322748741364,0.601149643466619,0.56543703311015,0.461685758686828,0.52573898449653,0.678677251258636,0.706999153765145,0.464003137879143
1.69700471043791,2.14707712672606,1,1,1,1,50,50,50ll03,M-O,1,0.1798,0.0083,0.99609395707033,0.997500146709816,0.999053793260854,0.994559810218511,0.984106429027981,0.99609395707033,0.997500146709816,0.999053793260854,0.994559810218511,0.984106429027981,1.69700471043791,2.14707712672606
-0.125777721191504,2.33142618225338,0,1,1,1,50,50,50ll03,M-O,1,0.3304,0.0881,0.993113696156794,0.996018718396374,0.997700214582817,0.996841596619725,0.990134550861696,0.993113696156794,0.996018718396374,0.997700214582817,0.996841596619725,0.990134550861696,0.125777721191504,2.33142618225338
-0.52432822071176,0.187969895224354,1,1,0,0,50,50,50ll03,M-O,1,0.1457,0.1021,0.508685556244145,0.549792205299832,0.649460700775116,0.583739867135613,0.425450125313831,0.491314443755855,0.450207794700168,0.350539299224884,0.416260132864387,0.574549874686169,0.52432822071176,0.187969895224354
-0.52432822071176,0.739725138957595,0,1,1,1,50,50,50ll03,M-O,1,0.3529,0.0151,0.858085252252611,0.882072755375815,0.9298001587375,0.87268290990146,0.770266604460262,0.858085252252611,0.882072755375815,0.9298001587375,0.87268290990146,0.770266604460262,0.52432822071176,0.739725138957595
1.45848599717003,0.729941948998277,1,1,1,1,50,50,50ll03,M-O,1,0.1821,4.0317,0.918347185055123,0.921411051043581,0.96486695094781,0.870631679729768,0.767287165345873,0.918347185055123,0.921411051043581,0.96486695094781,0.870631679729768,0.767287165345873,1.45848599717003,0.729941948998277
1.30049283239857,0.638017470818241,1,1,1,1,50,50,50ll03,M-O,1,0.1761,0.0085,0.895102818785276,0.899927947801496,0.952044010614141,0.850238704124145,0.738268846290096,0.895102818785276,0.899927947801496,0.952044010614141,0.850238704124145,0.738268846290096,1.30049283239857,0.638017470818241
0.77707676717184,-0.24627246293792,1,1,0,0,50,50,50ll03,M-O,1,0.2357,0.0085,0.47082086373676,0.515525967145791,0.610782151372414,0.560867018369544,0.402735662493362,0.52917913626324,0.484474032854209,0.389217848627586,0.439132981630456,0.597264337506638,0.77707676717184,0.24627246293792
2.46556500874551,1.53618515646557,1,1,1,1,50,50,50ll03,M-O,1,0.2171,3.0696,0.99378528288854,0.994032902945179,0.998502908962859,0.973543201571857,0.937753512268857,0.99378528288854,0.994032902945179,0.998502908962859,0.973543201571857,0.937753512268857,2.46556500874551,1.53618515646557
0.39534489486919,0.233312219721636,1,1,0,0,50,50,50ll03,M-O,1,0.2248,0.0086,0.502692923039852,0.539055654043343,0.644528977278961,0.565971900576197,0.407759485226489,0.497307076960148,0.460944345956657,0.355471022721039,0.434028099423803,0.592240514773511,0.39534489486919,0.233312219721636
1.27501006388705,1.87898229814976,1,1,1,1,50,50,50ll03,M-O,1,0.1525,0.0081,0.988804547924254,0.992607048883724,0.996701068493431,0.988649292758496,0.969876544832348,0.988804547924254,0.992607048883724,0.996701068493431,0.988649292758496,0.969876544832348,1.27501006388705,1.87898229814976
0.555376681121569,-0.675753460278674,1,0,0,1,50,50,50ll03,M-O,1,0.2317,0.383,0.340720504138997,0.36275181351862,0.475080976492529,0.391153753656781,0.249598593743469,0.659279495861003,0.63724818648138,0.524919023507471,0.608846246343219,0.750401406256531,0.555376681121569,0.675753460278674
0.472812511144227,0.0180924593493118,1,1,0,0,50,50,50ll03,M-O,1,0.1932,0.0085,0.572512388110166,0.616490934354876,0.708426275868477,0.648527400428261,0.492782546767947,0.427487611889834,0.383509065645124,0.291573724131523,0.351472599571739,0.507217453232053,0.472812511144227,0.0180924593493118
0.0169257824730385,-1.22927988856259,1,0,0,1,50,50,50ll03,M-O,1,0.2877,0.2941,0.238314942732783,0.213014908355726,0.345659377372652,0.203314726999802,0.109483442509904,0.761685057267217,0.786985091644274,0.654340622627348,0.796685273000198,0.890516557490096,0.0169257824730385,1.22927988856259
1.67203159729661,2.33419756513856,1,1,1,1,50,50,50ll03,M-O,1,0.1996,0.0397,0.99754435929993,0.998533445684714,0.999440225250177,0.996868054774615,0.990207310325223,0.99754435929993,0.998533445684714,0.999440225250177,0.996868054774615,0.990207310325223,1.67203159729661,2.33419756513856
2.61591334296351,2.34571026471794,1,1,1,1,50,50,50ll03,M-O,1,0.194,0.0085,0.999364351832747,0.999533685891245,0.99989174775001,0.996975842438712,0.990504568202736,0.999364351832747,0.999533685891245,0.99989174775001,0.996975842438712,0.990504568202736,2.61591334296351,2.34571026471794
-0.0460166557504292,-1.39494815644662,1,0,0,1,50,50,50ll03,M-O,1,0.1443,0.3445,0.197394305824379,0.168746058285922,0.29235243820925,0.15974464942818,0.0815157368977148,0.802605694175621,0.831253941714078,0.70764756179075,0.84025535057182,0.918484263102285,0.0460166557504292,1.39494815644662
1.35069388636628,1.5708170237976,1,1,1,1,50,50,50ll03,M-O,1,0.1652,0.0081,0.979454284426073,0.984909919248521,0.993354426678465,0.975595553516947,0.941887421696326,0.979454284426073,0.984909919248521,0.993354426678465,0.975595553516947,0.941887421696326,1.35069388636628,1.5708170237976
0.426433872453251,-0.437549975678178,1,1,0,0,50,50,50ll03,M-O,1,0.1878,0.2143,0.429570715402244,0.458758237425863,0.571476772165249,0.484800096881881,0.330856270440547,0.570429284597756,0.541241762574137,0.428523227834751,0.515199903118119,0.669143729559453,0.426433872453251,0.437549975678178
0.670813622478779,-0.62098218273221,1,0,0,1,50,50,50ll03,M-O,1,0.173,0.9337,0.349280103867996,0.377244233571957,0.484659745153155,0.412335243449904,0.267305673141998,0.650719896132004,0.622755766428043,0.515340254846845,0.587664756550096,0.732694326858002,0.670813622478779,0.62098218273221
2.19927007780007,1.32358049798866,1,1,1,1,50,50,50ll03,M-O,1,0.1392,0.3435,0.986212356077026,0.986705426571346,0.996035051479741,0.957557613092139,0.907178797214811,0.986212356077026,0.986705426571346,0.996035051479741,0.957557613092139,0.907178797214811,2.19927007780007,1.32358049798866
1.30278628156461,1.30468091695969,1,1,1,1,50,50,50ll03,M-O,1,0.1232,0.0635,0.964105671579888,0.971598862845301,0.987091065544054,0.955820773157963,0.903999238934983,0.964105671579888,0.971598862845301,0.987091065544054,0.955820773157963,0.903999238934983,1.30278628156461,1.30468091695969
2.56494780594046,1.08674186736545,1,1,1,1,50,50,50ll03,M-O,1,0.1317,0.0085,0.985558556557211,0.984089529991251,0.996251793400188,0.931384521325231,0.861424547279843,0.985558556557211,0.984089529991251,0.996251793400188,0.931384521325231,0.861424547279843,2.56494780594046,1.08674186736545
0.651701546095135,-1.12294630312618,1,0,0,1,50,50,50ll03,M-O,1,0.1835,0.1599,0.208928909958757,0.212997203855487,0.314520021447732,0.234684517053967,0.130730150287413,0.791071090041243,0.787002796144513,0.685479978552268,0.765315482946033,0.869269849712587,0.651701546095135,1.12294630312618
-0.706784843254282,0.0324182167444779,1,1,0,0,50,50,50ll03,M-O,1,0.1523,0.3418,0.552428165526929,0.600539061567454,0.688090233957704,0.643198706994408,0.487069267630724,0.447571834473071,0.399460938432546,0.311909766042296,0.356801293005592,0.512930732369276,0.706784843254282,0.0324182167444779
-0.302118479291259,-1.47698525734083,1,0,0,1,50,50,50ll03,M-O,1,0.1787,0.1017,0.159047843278659,0.139232930028101,0.24275285176376,0.140618426627683,0.0698397945961308,0.840952156721341,0.860767069971899,0.75724714823624,0.859381573372317,0.930160205403869,0.302118479291259,1.47698525734083
2.67070129526329,0.652916258509213,1,1,1,1,50,50,50ll03,M-O,1,0.1179,0.3513,0.969037704396397,0.964014338461535,0.991979778724763,0.853681991776099,0.74309486662673,0.969037704396397,0.964014338461535,0.991979778724763,0.853681991776099,0.74309486662673,2.67070129526329,0.652916258509213
1.73828679542658,1.30444128610872,1,1,1,1,50,50,50ll03,M-O,1,0.1345,0.057,0.975885684776755,0.979159383124629,0.992067482505418,0.955798389060021,0.903958416930854,0.975885684776755,0.979159383124629,0.992067482505418,0.955798389060021,0.903958416930854,1.73828679542658,1.30444128610872
2.39701636144951,2.23561551679451,1,1,1,1,50,50,50ll03,M-O,1,0.1277,0.0402,0.998774122460248,0.999113890966831,0.999764479074206,0.995793826909574,0.987311516353324,0.998774122460248,0.999113890966831,0.999764479074206,0.995793826909574,0.987311516353324,2.39701636144951,2.23561551679451
-0.800561431376695,-1.46087789666233,1,0,0,1,50,50,50ll03,M-O,1,0.1385,0.2241,0.130145988382793,0.126721888805184,0.206892098371025,0.144245526951858,0.0720244767394818,0.869854011617207,0.873278111194816,0.793107901628975,0.855754473048142,0.927975523260518,0.800561431376695,1.46087789666233
0.922073720002419,0.546666022934011,1,1,1,1,50,50,50ll03,M-O,1,0.2158,0.6636,0.849431227424635,0.862603604742084,0.92476817334812,0.827952806675341,0.70769589945536,0.849431227424635,0.862603604742084,0.92476817334812,0.827952806675341,0.70769589945536,0.922073720002419,0.546666022934011
1.19270072159482,1.1272186437147,1,1,1,1,50,50,50ll03,M-O,1,0.1246,0.0085,0.946513476225617,0.956210227998997,0.979075568724056,0.936577072474513,0.87017497510223,0.946513476225617,0.956210227998997,0.979075568724056,0.936577072474513,0.87017497510223,1.19270072159482,1.1272186437147
2.3116490869359,1.36313000713197,1,1,1,1,50,50,50ll03,M-O,1,0.1834,0.095,0.988942554419166,0.989175383651952,0.996990388696886,0.961013501077867,0.913579229381975,0.988942554419166,0.989175383651952,0.996990388696886,0.961013501077867,0.913579229381975,2.3116490869359,1.36313000713197
2.80830824522553,1.67811955137055,1,1,1,1,50,50,50ll03,M-O,1,0.1577,0.1116,0.997235357187394,0.997296538659021,0.999471947183064,0.981125038868065,0.953338118670984,0.997235357187394,0.997296538659021,0.999471947183064,0.981125038868065,0.953338118670984,2.80830824522553,1.67811955137055
-1.14687225544832,1.07203061686219,0,1,1,1,50,50,50ll03,M-O,1,0.2354,0.0637,0.939358066301204,0.949938284946465,0.975611102383845,0.92941808915382,0.858146859702404,0.939358066301204,0.949938284946465,0.975611102383845,0.92941808915382,0.858146859702404,1.14687225544832,1.07203061686219
0.511546319281746,-0.10221264657213,1,1,0,0,50,50,50ll03,M-O,1,0.1628,0.4855,0.540052786730781,0.583115552611697,0.678810851043909,0.616853623900464,0.459293944908999,0.459947213269219,0.416884447388303,0.321189148956091,0.383146376099536,0.540706055091001,0.511546319281746,0.10221264657213
1.33744284674028,-1.19570031322832,0,1,0,0,50,50,50ll03,M-O,1,0.3825,0.4239,0.156240591722535,0.172967517728626,0.245889310722198,0.212940445371194,0.115906764546587,0.843759408277465,0.827032482271374,0.754110689277802,0.787059554628806,0.884093235453413,1.33744284674028,1.19570031322832
-1.20573745070995,1.46402501412454,0,1,1,1,50,50,50ll03,M-O,1,0.2581,0.1025,0.971393282955614,0.978745185292974,0.990102465428935,0.968801582097355,0.928406443075451,0.971393282955614,0.978745185292974,0.990102465428935,0.968801582097355,0.928406443075451,1.20573745070995,1.46402501412454
0.351259705344251,-0.452177876320224,1,0,0,1,50,50,50ll03,M-O,1,0.4585,0.1985,0.431231946751603,0.45733592546075,0.573245391806831,0.478970478024252,0.325570422405305,0.568768053248397,0.54266407453925,0.426754608193169,0.521029521975748,0.674429577594695,0.351259705344251,0.452177876320224
2.64037680073457,1.05980944346253,1,1,1,1,50,50,50ll03,M-O,1,0.1225,3.9762,0.98593618269695,0.984358945205031,0.996514024884825,0.927751801468567,0.855384350132807,0.98593618269695,0.984358945205031,0.996514024884825,0.927751801468567,0.855384350132807,2.64037680073457,1.05980944346253
2.83888756743936,0.738245678921148,1,1,1,1,50,50,50ll03,M-O,1,0.1915,0.0086,0.977089688233731,0.974277733943302,0.995029333027069,0.872374173615856,0.769817415265561,0.977089688233731,0.974277733943302,0.995029333027069,0.872374173615856,0.769817415265561,2.83888756743936,0.738245678921148
1.20060037983339,0.926293384539587,1,1,1,1,50,50,50ll03,M-O,1,0.1332,0.0854,0.926213272475344,0.935991731828762,0.969023793801139,0.907536028165087,0.822853233525621,0.926213272475344,0.935991731828762,0.969023793801139,0.907536028165087,0.822853233525621,1.20060037983339,0.926293384539587
2.15645902670071,1.20407763448135,1,1,1,1,50,50,50ll03,M-O,1,0.1255,0.0087,0.981616644721123,0.981790622737724,0.994406993003683,0.945589817633636,0.885720213250634,0.981616644721123,0.981790622737724,0.994406993003683,0.945589817633636,0.885720213250634,2.15645902670071,1.20407763448135
1.14988967049546,0.637225647136762,1,1,1,1,50,50,50ll03,M-O,1,0.0249,0.357,0.883555775029904,0.892009180690847,0.945434763425254,0.850054203726681,0.738011062923541,0.883555775029904,0.892009180690847,0.945434763425254,0.850054203726681,0.738011062923541,1.14988967049546,0.637225647136762
2.36235979627383,1.14471169583578,1,1,1,1,50,50,50ll03,M-O,1,0.1382,0.0086,0.983788797032391,0.982893819692166,0.995369011667611,0.938724235954806,0.873835697544409,0.983788797032391,0.982893819692166,0.995369011667611,0.938724235954806,0.873835697544409,2.36235979627383,1.14471169583578
1.08286998931014,1.52067166354819,1,1,1,1,50,50,50ll03,M-O,1,0.5499,0.1331,0.972013579853902,0.979864840090936,0.990277735598854,0.972578117357421,0.935828873459799,0.972013579853902,0.979864840090936,0.990277735598854,0.972578117357421,0.935828873459799,1.08286998931014,1.52067166354819
-0.0888277068497917,0.612981256257816,0,0,1,0,50,50,50ll03,M-O,1,0.2836,0.2793,0.803973911277416,0.837891070229494,0.893444133778554,0.84433171916041,0.730055633279534,0.803973911277416,0.837891070229494,0.893444133778554,0.84433171916041,0.730055633279534,0.0888277068497917,0.612981256257816
2.1697100663267,1.83673433724983,1,1,1,1,50,50,50ll03,M-O,1,0.1743,0.0214,0.995332831321806,0.996280807943,0.998878929765943,0.987329831281625,0.96687543820787,0.995332831321806,0.996280807943,0.998878929765943,0.987329831281625,0.96687543820787,2.1697100663267,1.83673433724983
1.02222100025271,0.753342422532491,1,1,1,1,50,50,50ll03,M-O,1,0.1597,0.1833,0.892507734460498,0.905253550652934,0.950665683655924,0.875500200067906,0.774377913753302,0.892507734460498,0.905253550652934,0.950665683655924,0.875500200067906,0.774377913753302,1.02222100025271,0.753342422532491
1.19448451539063,0.819938961637873,1,1,1,1,50,50,50ll03,M-O,1,0.1333,0.0716,0.912872015947163,0.922293125811052,0.961975200263126,0.888649851039963,0.79387454782632,0.912872015947163,0.922293125811052,0.961975200263126,0.888649851039963,0.79387454782632,1.19448451539063,0.819938961637873
2.2397876797334,1.38376951651366,1,1,1,1,50,50,50ll03,M-O,1,0.124,0.1124,0.988406367714341,0.988924942211585,0.996781683386714,0.962723918052264,0.916785480070662,0.988406367714341,0.988924942211585,0.996781683386714,0.962723918052264,0.916785480070662,2.2397876797334,1.38376951651366
-0.816615575538956,2.25555697108858,0,1,1,1,50,50,50ll03,M-O,1,0.1893,0.0154,0.993857748689027,0.996450995102182,0.998217823122198,0.99603454685912,0.987950804721517,0.993857748689027,0.996450995102182,0.998217823122198,0.99603454685912,0.987950804721517,0.816615575538956,2.25555697108858
1.49416187308616,2.16811254794849,1,1,1,1,50,50,50ll03,M-O,1,0.2592,0.1037,0.995437547336658,0.997182447250388,0.998845851895046,0.994879040391014,0.984924937817361,0.995437547336658,0.997182447250388,0.998845851895046,0.994879040391014,0.984924937817361,1.49416187308616,2.16811254794849
-1.01028461622655,1.78463025526203,0,1,1,1,50,50,50ll03,M-O,1,0.2626,0.0084,0.983109684910366,0.988813419240203,0.994556056780746,0.985521466044468,0.962839344725744,0.983109684910366,0.988813419240203,0.994556056780746,0.985521466044468,0.962839344725744,1.01028461622655,1.78463025526203
0.130833757719557,1.73848568835062,0,1,1,1,50,50,50ll03,M-O,1,0.2312,0.0626,0.971262772202255,0.981194583595968,0.988779517766737,0.983738622501224,0.958937365149733,0.971262772202255,0.981194583595968,0.988779517766737,0.983738622501224,0.958937365149733,0.130833757719557,1.73848568835062
0.001381293681008,0.666554379549412,0,1,1,1,50,50,50ll03,M-O,1,0.1542,0.0484,0.812317906550074,0.847053080138997,0.89848347370041,0.856786964285305,0.74747159121489,0.812317906550074,0.847053080138997,0.89848347370041,0.856786964285305,0.74747159121489,0.001381293681008,0.666554379549412
1.35349699090254,0.490832034657142,1,1,1,1,50,50,50ll03,M-O,1,0.1934,0.0088,0.876923742271852,0.877017423158458,0.941352599201735,0.813340149301422,0.688227374701422,0.876923742271852,0.877017423158458,0.941352599201735,0.813340149301422,0.688227374701422,1.35349699090254,0.490832034657142
-0.233315004310141,1.19265870349582,0,1,1,1,50,50,50ll03,M-O,1,0.1439,0.0374,0.92061592776903,0.94147150377917,0.964388697232338,0.944318763440451,0.883498467429671,0.92061592776903,0.94147150377917,0.964388697232338,0.944318763440451,0.883498467429671,0.233315004310141,1.19265870349582
0.848683346689226,0.319027133241659,0,0,0,1,50,50,50ll03,M-O,1,0.3071,0.1889,0.440369083842649,0.484206526480257,0.579888493641818,0.532045650886572,0.374852968822293,0.559630916157351,0.515793473519743,0.420111506358182,0.467954349113428,0.625147031177707,0.848683346689226,0.319027133241659
0.0684009748663197,-1.09597220429266,1,0,0,1,50,50,50ll03,M-O,1,0.3498,0.1526,0.266421333587197,0.248662340558428,0.382011085929811,0.243047875219918,0.136545469338686,0.733578666412803,0.751337659441572,0.61798891407019,0.756952124780082,0.863454530661314,0.0684009748663197,1.09597220429266
-0.407871968614089,1.32840437120608,0,1,1,1,50,50,50ll03,M-O,1,0.2079,0.1122,0.94152602301765,0.957927362547173,0.975535468254027,0.957991957103314,0.907977721908087,0.94152602301765,0.957927362547173,0.975535468254027,0.957991957103314,0.907977721908087,0.407871968614089,1.32840437120608
1.46613082772349,2.26972644749398,1,1,1,1,50,50,50ll03,M-O,1,0.1996,0.0802,0.996400487697093,0.997856598259989,0.999114771335383,0.996198014915459,0.98838790714983,0.996400487697093,0.997856598259989,0.999114771335383,0.996198014915459,0.98838790714983,1.46613082772349,2.26972644749398
-0.0513680371378495,1.30874422269359,0,1,1,1,50,50,50ll03,M-O,1,0.3006,0.0533,0.931204869400479,0.950703155641171,0.969274542671802,0.956198940275366,0.904689496785997,0.931204869400479,0.950703155641171,0.969274542671802,0.956198940275366,0.904689496785997,0.0513680371378495,1.30874422269359
-0.0834763254623714,1.43881168110905,0,1,1,1,50,50,50ll03,M-O,1,0.2698,0.023,0.946433213813383,0.962639591760676,0.977063489768,0.966987354355386,0.924898057049999,0.946433213813383,0.962639591760676,0.977063489768,0.966987354355386,0.924898057049999,0.0834763254623714,1.43881168110905
-0.184133261082897,-0.259743884255702,1,1,0,0,50,50,50ll03,M-O,1,0.3678,0.225,0.512229911419187,0.541041876601997,0.654244546749298,0.5555500494259,0.397530669669267,0.487770088580813,0.458958123398003,0.345755453250702,0.4444499505741,0.602469330330733,0.184133261082897,0.259743884255702
1.73981576153727,1.47782983488716,1,1,1,1,50,50,50ll03,M-O,1,0.2009,0.0084,0.982859987525509,0.986016327055231,0.994720716973404,0.969759456660801,0.930273334717231,0.982859987525509,0.986016327055231,0.994720716973404,0.969759456660801,0.930273334717231,1.73981576153727,1.47782983488716
-0.600266870876106,1.49680234704468,0,1,1,1,50,50,50ll03,M-O,1,0.3501,0.0795,0.960975025019962,0.972805940779391,0.985024554276282,0.971036013296088,0.932777652290454,0.960975025019962,0.972805940779391,0.985024554276282,0.971036013296088,0.932777652290454,0.600266870876106,1.49680234704468
-0.556946164406513,1.85932214963727,0,1,1,1,50,50,50ll03,M-O,1,0.265,0.2945,0.981457509023453,0.988198681737048,0.993578763433397,0.98805091557615,0.968509255380247,0.981457509023453,0.988198681737048,0.993578763433397,0.98805091557615,0.968509255380247,0.556946164406513,1.85932214963727
2.05197967580345,1.43676960950945,1,1,1,1,50,50,50ll03,M-O,1,0.1591,0.0082,0.986908234269564,0.988299959321723,0.996215920445939,0.966836687180067,0.924608265826733,0.986908234269564,0.988299959321723,0.996215920445939,0.966836687180067,0.924608265826733,2.05197967580345,1.43676960950945
0.985016158225887,0.611137140578584,1,1,1,1,50,50,50ll03,M-O,1,0.2296,0.0482,0.866405548353033,0.878750858085283,0.935263991888735,0.84389062823159,0.729445603190695,0.866405548353033,0.878750858085283,0.935263991888735,0.84389062823159,0.729445603190695,0.985016158225887,0.611137140578584
-0.218280170888341,1.77648280632893,0,1,1,1,50,50,50ll03,M-O,1,0.3601,0.0082,0.974326499871211,0.983353765569612,0.990247668774947,0.985219492620051,0.962173313314823,0.974326499871211,0.983353765569612,0.990247668774947,0.985219492620051,0.962173313314823,0.218280170888341,1.77648280632893
1.4146556353302,1.25127449339051,1,1,1,1,50,50,50ll03,M-O,1,0.0924,0.0085,0.963921647103983,0.970397728805408,0.987048890041153,0.950601581644262,0.894582825993859,0.963921647103983,0.970397728805408,0.987048890041153,0.950601581644262,0.894582825993859,1.4146556353302,1.25127449339051
0.451152157909431,-0.427006218235336,1,1,0,0,50,50,50ll03,M-O,1,0.1713,0.4393,0.431064622786892,0.46146865221314,0.572980418111777,0.48900416077329,0.334687399283843,0.568935377213108,0.53853134778686,0.427019581888223,0.51099583922671,0.665312600716157,0.451152157909431,0.427006218235336
1.21563521325519,0.847225622450921,1,1,1,1,50,50,50ll03,M-O,1,0.2155,0.0636,0.917594620948347,0.926761969977304,0.964506506511343,0.893739980613212,0.80156531275484,0.917594620948347,0.926761969977304,0.964506506511343,0.893739980613212,0.80156531275484,1.21563521325519,0.847225622450921
2.57947298399203,1.35575354441504,1,1,1,1,50,50,50ll03,M-O,1,0.1634,0.0085,0.992003120003764,0.991713293998936,0.998079513290481,0.960386917151333,0.912411201640091,0.992003120003764,0.991713293998936,0.998079513290481,0.960386917151333,0.912411201640091,2.57947298399203,1.35575354441504
1.52856361057672,0.698112720749381,1,1,1,1,50,50,50ll03,M-O,1,0.2573,0.2235,0.919154348150152,0.920337393122978,0.965301820808251,0.863800129944696,0.757446648318635,0.919154348150152,0.920337393122978,0.965301820808251,0.863800129944696,0.757446648318635,1.52856361057672,0.698112720749381
0.542125641495576,0.209890908722121,1,1,0,0,50,50,50ll03,M-O,1,0.2012,0.4552,0.499610111398409,0.540488974150297,0.640688719103598,0.575168854824788,0.416876408990227,0.500389888601591,0.459511025849703,0.359311280896402,0.424831145175212,0.583123591009773,0.542125641495576,0.209890908722121
0.587230141760976,-1.13706368586832,1,0,0,1,50,50,50ll03,M-O,1,0.2816,0.3762,0.210164821134955,0.211573263379435,0.315608405347257,0.230371653739944,0.127755831662456,0.789835178865045,0.788426736620565,0.684391594652743,0.769628346260056,0.872244168337544,0.587230141760976,1.13706368586832
2.44441431088094,0.77053333140669,1,1,1,1,50,50,50ll03,M-O,1,0.1348,0.214,0.969646198894991,0.964956434524937,0.990850069935448,0.878994198907715,0.779508204472011,0.969646198894991,0.964956434524937,0.990850069935448,0.878994198907715,0.779508204472011,2.44441431088094,0.77053333140669
1.21002900418266,0.676264638380171,1,1,1,1,50,50,50ll03,M-O,1,0.2523,0.1674,0.894009961311282,0.901585488043253,0.951467153287877,0.858970368843295,0.750563680117571,0.894009961311282,0.901585488043253,0.951467153287877,0.858970368843295,0.750563680117571,1.21002900418266,0.676264638380171
0.695022252564728,-0.935846702178984,1,0,0,1,50,50,50ll03,M-O,1,0.1967,0.4277,0.253652800860423,0.267386312502547,0.372026343359537,0.295838835175287,0.174676060971009,0.746347199139577,0.732613687497453,0.627973656640463,0.704161164824713,0.825323939028991,0.695022252564728,0.935846702178984
2.14244350401937,1.73708957817538,1,1,1,1,50,50,50ll03,M-O,1,0.2141,3.0163,0.993902369699785,0.99499077051149,0.998466499749808,0.983681873647642,0.958814319686855,0.993902369699785,0.99499077051149,0.998466499749808,0.983681873647642,0.958814319686855,2.14244350401937,1.73708957817538
-0.0531518309336563,-0.210640397271398,1,0,0,1,50,50,50ll03,M-O,1,0.2778,0.3926,0.541755705377651,0.567913834287631,0.682239892713494,0.574875154785926,0.416583943504669,0.458244294622349,0.432086165712369,0.317760107286506,0.425124845214074,0.583416056495331,0.0531518309336563,0.210640397271398
-1.01436185918839,0.26319314496479,1,0,0,1,50,50,50ll03,M-O,1,0.2541,0.261,0.451321138324592,0.499258449223941,0.588837683333881,0.554187029458724,0.396200857064342,0.548678861675408,0.50074155077606,0.411162316666119,0.445812970541276,0.603799142935658,1.01436185918839,0.26319314496479
-0.426984044997733,1.85932214963727,0,1,1,1,50,50,50ll03,M-O,1,0.3232,0.079,0.980331361421083,0.987494729385417,0.993002750560421,0.98805091557615,0.968509255380247,0.980331361421083,0.987494729385417,0.993002750560421,0.98805091557615,0.968509255380247,0.426984044997733,1.85932214963727
1.13969656309085,2.30973438087394,1,1,1,1,50,50,50ll03,M-O,1,0.1941,0.0309,0.995720639741218,0.997542853159863,0.99887216181161,0.996627458607627,0.989548567928248,0.995720639741218,0.997542853159863,0.99887216181161,0.996627458607627,0.989548567928248,1.13969656309085,2.30973438087394
2.82742032160917,1.91386421506541,1,1,1,1,50,50,50ll03,M-O,1,0.111,0.0087,0.998533704857569,0.998662492748979,0.999740216262521,0.989647047199907,0.972181246080255,0.998533704857569,0.998662492748979,0.999740216262521,0.989647047199907,0.972181246080255,2.82742032160917,1.91386421506541
1.00438306229465,1.19954548577815,1,1,1,1,50,50,50ll03,M-O,1,0.2229,0.1204,0.946231004249651,0.95803061949288,0.978813084476955,0.945088113502611,0.884842045383937,0.946231004249651,0.95803061949288,0.978813084476955,0.945088113502611,0.884842045383937,1.00438306229465,1.19954548577815
1.78593957254313,0.703457530599359,1,1,1,1,50,50,50ll03,M-O,1,0.1906,0.0123,0.93579435169646,0.933047247537727,0.97407289929282,0.864964220044535,0.759114667716707,0.93579435169646,0.933047247537727,0.97407289929282,0.864964220044535,0.759114667716707,1.78593957254313,0.703457530599359
0.570156686858254,1.56129430215456,0,1,1,1,50,50,50ll03,M-O,1,0.3206,0.0547,0.965163661321714,0.976140588605006,0.986824436020889,0.975045001647165,0.940772836315401,0.965163661321714,0.976140588605006,0.986824436020889,0.975045001647165,0.940772836315401,0.570156686858254,1.56129430215456
0.135675483736747,-0.513783842485764,1,0,0,1,50,50,50ll03,M-O,1,0.2458,0.2655,0.431868390463856,0.446935112315231,0.573312431296353,0.454482712042555,0.303701562840192,0.568131609536144,0.553064887684769,0.426687568703647,0.545517287957445,0.696298437159808,0.135675483736747,0.513783842485764
2.06523071542945,1.61659693506622,1,1,1,1,50,50,50ll03,M-O,1,0.134,0.0084,0.991194805684477,0.992590463818248,0.997630094213875,0.978101956002282,0.947017343030696,0.991194805684477,0.992590463818248,0.997630094213875,0.978101956002282,0.947017343030696,2.06523071542945,1.61659693506622
-0.658877238452614,0.613200049643488,0,1,1,1,50,50,50ll03,M-O,1,0.2156,0.039,0.841853415980408,0.862844806854976,0.919943747627376,0.844383997383313,0.730127964020948,0.841853415980408,0.862844806854976,0.919943747627376,0.844383997383313,0.730127964020948,0.658877238452614,0.613200049643488
2.24564871649105,1.71256388151486,1,1,1,1,50,50,50ll03,M-O,1,0.1181,0.0085,0.99437902834171,0.99520901764737,0.998617857914694,0.982656952362302,0.956603598587615,0.99437902834171,0.99520901764737,0.998617857914694,0.982656952362302,0.956603598587615,2.24564871649105,1.71256388151486
-0.822221784611492,0.460909434483384,0,1,1,1,50,50,50ll03,M-O,1,0.2598,0.0084,0.823389272454385,0.83809085355844,0.907986403393541,0.805201842570377,0.677568208650223,0.823389272454385,0.83809085355844,0.907986403393541,0.805201842570377,0.677568208650223,0.822221784611492,0.460909434483384
0.206772407883902,0.312494587869463,1,1,0,0,50,50,50ll03,M-O,1,0.2652,0.0082,0.492074183922379,0.519468857662701,0.63467515388637,0.534642646504667,0.377332337765618,0.507925816077621,0.480531142337299,0.36532484611363,0.465357353495333,0.622667662234383,0.206772407883902,0.312494587869463
2.27546355564953,1.38642629333967,1,1,1,1,50,50,50ll03,M-O,1,0.0763,0.0084,0.988975558655579,0.989382997419621,0.996981844147273,0.96293956506072,0.91719161383791,0.988975558655579,0.989382997419621,0.996981844147273,0.96293956506072,0.91719161383791,2.27546355564953,1.38642629333967
-0.732522439450922,1.88381659009984,0,1,1,1,50,50,50ll03,M-O,1,0.2833,0.0323,0.983976320821203,0.989823353683335,0.994692736439627,0.988792378017211,0.970205105650653,0.983976320821203,0.989823353683335,0.994692736439627,0.988792378017211,0.970205105650653,0.732522439450922,1.88381659009984
2.13556315652126,1.14709758561286,1,1,1,1,50,50,50ll03,M-O,1,0.1007,3.3902,0.978994539829055,0.978939446633518,0.993435933454005,0.939012634624449,0.874329354189024,0.978994539829055,0.978939446633518,0.993435933454005,0.939012634624449,0.874329354189024,2.13556315652126,1.14709758561286
-0.418065076018699,2.29761739480079,0,1,1,1,50,50,50ll03,M-O,1,0.4441,0.0084,0.993261632952507,0.996125681293382,0.997876804012059,0.996502241988929,0.989208212628565,0.993261632952507,0.996125681293382,0.997876804012059,0.996502241988929,0.989208212628565,0.418065076018699,2.29761739480079
-0.933581483006858,1.66981582144768,0,1,1,1,50,50,50ll03,M-O,1,0.1925,0.0085,0.977230965690443,0.984519152799201,0.992253915338539,0.9807389680578,0.952522095444851,0.977230965690443,0.984519152799201,0.992253915338539,0.9807389680578,0.952522095444851,0.933581483006858,1.66981582144768
1.93170100842905,1.67481681312018,1,1,1,1,50,50,50ll03,M-O,1,0.1196,0.0083,0.990877154935972,0.992733643161466,0.997511238752229,0.980972278228974,0.953014910475746,0.990877154935972,0.992733643161466,0.997511238752229,0.980972278228974,0.953014910475746,1.93170100842905,1.67481681312018
1.23806004954533,1.16607009777039,1,1,1,1,50,50,50ll03,M-O,1,0.1184,0.0146,0.951626242328968,0.960544853722571,0.981487963634817,0.941268353026716,0.878206947354193,0.951626242328968,0.960544853722571,0.981487963634817,0.941268353026716,0.878206947354193,1.23806004954533,1.16607009777039
2.00330758794644,1.48342469432076,1,1,1,1,50,50,50ll03,M-O,1,0.0886,0.0087,0.987397151382569,0.989056882347311,0.996371447687785,0.970140663208185,0.931019194758474,0.987397151382569,0.989056882347311,0.996371447687785,0.970140663208185,0.931019194758474,2.00330758794644,1.48342469432076
0.209830340105285,1.02959511877455,0,1,1,1,50,50,50ll03,M-O,1,0.1617,2.9735,0.895439995610992,0.920196786862816,0.950579057698109,0.923502965415639,0.848399946199823,0.895439995610992,0.920196786862816,0.950579057698109,0.923502965415639,0.848399946199823,0.209830340105285,1.02959511877455
-0.546753057001902,0.567482650770769,0,1,1,1,50,50,50ll03,M-O,1,0.2794,0.0703,0.823791013651815,0.847526924261228,0.908168283716926,0.833208710272177,0.71480684475646,0.823791013651815,0.847526924261228,0.908168283716926,0.833208710272177,0.71480684475646,0.546753057001902,0.567482650770769
1.34177491738724,1.60833488007396,1,1,1,1,50,50,50ll03,M-O,1,0.0397,0.0084,0.980843987512077,0.98611431461793,0.993876030908124,0.977666403400437,0.946119072313109,0.980843987512077,0.98611431461793,0.993876030908124,0.977666403400437,0.946119072313109,1.34177491738724,1.60833488007396
1.57264880010166,0.6219205288724,1,1,1,1,50,50,50ll03,M-O,1,0.0067,0.0085,0.912939144126532,0.911690752950236,0.961983981796971,0.846458228886072,0.733002937199627,0.912939144126532,0.911690752950236,0.961983981796971,0.846458228886072,0.733002937199627,1.57264880010166,0.6219205288724
0.68686776664104,1.19810770067231,0,1,1,1,50,50,50ll03,M-O,1,0.3029,0.1032,0.935246367485055,0.951091855493581,0.973062436504473,0.94492819053553,0.884562454336227,0.935246367485055,0.951091855493581,0.973062436504473,0.94492819053553,0.884562454336227,0.68686776664104,1.19810770067231
1.91870479648818,2.35990057858865,1,1,1,1,50,50,50ll03,M-O,1,0.1211,0.0087,0.998285381709058,0.998944924725039,0.999637682270193,0.997104095250948,0.990860083306556,0.998285381709058,0.998944924725039,0.999637682270193,0.997104095250948,0.990860083306556,1.91870479648818,2.35990057858865
0.830845408731159,1.58616381699256,1,1,1,1,50,50,50ll03,M-O,1,0.2876,0.0084,0.971154922893135,0.980087830417233,0.989704661369396,0.976461347515708,0.943648923320511,0.971154922893135,0.980087830417233,0.989704661369396,0.976461347515708,0.943648923320511,0.830845408731159,1.58616381699256
0.88232060112444,0.947391318157922,1,1,1,1,50,50,50ll03,M-O,1,0.1766,0.0958,0.91233523060018,0.927939853256379,0.961557079685215,0.910982756769138,0.828280293277553,0.91233523060018,0.927939853256379,0.961557079685215,0.910982756769138,0.828280293277553,0.88232060112444,0.947391318157922
2.4337115481061,1.0290950196073,1,1,1,1,50,50,50ll03,M-O,1,0.1045,0.0943,0.98123037534638,0.979380003391382,0.994655223177922,0.923431074194973,0.848282486858203,0.98123037534638,0.979380003391382,0.994655223177922,0.923431074194973,0.848282486858203,2.4337115481061,1.0290950196073
1.08745688764222,1.82292951648722,1,1,1,1,50,50,50ll03,M-O,1,0.229,0.1276,0.98530571677398,0.990313086694124,0.995400688852693,0.986870836464678,0.965842966612782,0.98530571677398,0.990313086694124,0.995400688852693,0.986870836464678,0.965842966612782,1.08745688764222,1.82292951648722
0.326031764517841,0.161329195835671,1,0,0,1,50,50,50ll03,M-O,1,0.2472,0.1919,0.533520937363171,0.570307167581829,0.673994373299007,0.594102517788237,0.435917064742474,0.466479062636829,0.429692832418171,0.326005626700993,0.405897482211763,0.564082935257526,0.326031764517841,0.161329195835671
2.8429648104012,1.4398639731068,1,1,1,1,50,50,50ll03,M-O,1,0.143,0.0083,0.995258106464445,0.995076176054059,0.999069636174888,0.967064773577293,0.925047056221443,0.995258106464445,0.995076176054059,0.999069636174888,0.967064773577293,0.925047056221443,2.8429648104012,1.4398639731068
0.215181721492706,0.869719666244494,0,1,1,1,50,50,50ll03,M-O,1,0.3104,0.0084,0.86704944177782,0.89497511847149,0.934123376162604,0.897807982237965,0.807773188918113,0.86704944177782,0.89497511847149,0.934123376162604,0.897807982237965,0.807773188918113,0.215181721492706,0.869719666244494
1.43096460717758,0.6669398726575,1,1,1,1,50,50,50ll03,M-O,1,0.1099,0.0084,0.908605375943047,0.911105194690649,0.959585721998518,0.856874077363706,0.747594729613315,0.908605375943047,0.911105194690649,0.959585721998518,0.856874077363706,0.747594729613315,1.43096460717758,0.6669398726575
0.258502427962299,0.47665213951909,0,1,1,1,50,50,50ll03,M-O,1,0.2473,0.1262,0.780620645402613,0.811544944942116,0.878267520461338,0.809510094034751,0.683195075527016,0.780620645402613,0.811544944942116,0.878267520461338,0.809510094034751,0.683195075527016,0.258502427962299,0.47665213951909
-0.222102586165069,0.571473025376113,0,1,1,1,50,50,50ll03,M-O,1,0.2554,0.0084,0.80194603455845,0.833504303830303,0.892736795248504,0.834204265591082,0.716160479838362,0.80194603455845,0.833504303830303,0.892736795248504,0.834204265591082,0.716160479838362,0.222102586165069,0.571473025376113
1.55226258529244,1.84966398446976,1,1,1,1,50,50,50ll03,M-O,1,0.1595,0.0084,0.990677367359305,0.993543388984702,0.997392841528927,0.987747067264131,0.967819002759977,0.990677367359305,0.993543388984702,0.997392841528927,0.987747067264131,0.967819002759977,1.55226258529244,1.84966398446976
2.18652869354431,0.777524301015531,1,1,1,1,50,50,50ll03,M-O,1,0.2191,0.0091,0.961282456294338,0.956820004423457,0.986660545917015,0.88039517145904,0.781575248553153,0.961282456294338,0.956820004423457,0.986660545917015,0.88039517145904,0.781575248553153,2.18652869354431,0.777524301015531
0.987819262762155,0.665064500780314,1,1,1,1,50,50,50ll03,M-O,1,0.1841,0.3768,0.875923570673231,0.888806013969914,0.940997082523197,0.856449947389519,0.746995380543817,0.875923570673231,0.888806013969914,0.940997082523197,0.856449947389519,0.746995380543817,0.987819262762155,0.665064500780314
2.02038104284916,0.707447905204704,1,1,1,1,50,50,50ll03,M-O,1,0.1403,0.0085,0.948775380154086,0.943818512756819,0.980766564957955,0.86582885532246,0.760355912182092,0.948775380154086,0.943818512756819,0.980766564957955,0.86582885532246,0.760355912182092,2.02038104284916,0.707447905204704
-0.822731439981722,0.850997203670594,0,1,1,1,50,50,50ll03,M-O,1,0.2451,0.0083,0.895174846071643,0.912366300023611,0.9520707692724,0.894430104266763,0.802614546929636,0.895174846071643,0.912366300023611,0.9520707692724,0.894430104266763,0.802614546929636,0.822731439981722,0.850997203670594
1.49671014993732,0.987503438864387,1,1,1,1,50,50,50ll03,M-O,1,0.2621,0.0465,0.946978055910195,0.9521084391198,0.97935736759109,0.917270532180838,0.838302051046554,0.946978055910195,0.9521084391198,0.97935736759109,0.917270532180838,0.838302051046554,1.49671014993732,0.987503438864387
2.24233595658455,0.649676032654743,1,1,1,1,50,50,50ll03,M-O,1,0.155,0.0084,0.95443550442436,0.947452177209914,0.984159168738983,0.852937697607515,0.742049245680548,0.95443550442436,0.947452177209914,0.984159168738983,0.852937697607515,0.742049245680548,2.24233595658455,0.649676032654743
1.66999297581569,1.69357053189203,1,1,1,1,50,50,50ll03,M-O,1,0.2109,0.0487,0.98827365428234,0.991247935276356,0.99661737311844,0.981825903774248,0.954826539189821,0.98827365428234,0.991247935276356,0.99661737311844,0.981825903774248,0.954826539189821,1.66999297581569,1.69357053189203
2.80346651920834,2.10614192614016,1,1,1,1,50,50,50ll03,M-O,1,0.135,0.009,0.999092488144053,0.999230177832505,0.999846042661407,0.993887500585047,0.982403987054354,0.999092488144053,0.999230177832505,0.999846042661407,0.993887500585047,0.982403987054354,2.80346651920834,2.10614192614016
-0.521525116175492,1.75711438233066,0,1,1,1,50,50,50ll03,M-O,1,0.2066,0.0083,0.976344702804313,0.984576059346017,0.991492050409359,0.984479808510567,0.960550842629095,0.976344702804313,0.984576059346017,0.991492050409359,0.984479808510567,0.960550842629095,0.521525116175492,1.75711438233066
2.78027719986285,1.47823616546055,1,1,1,1,50,50,50ll03,M-O,1,0.0575,0.0083,0.995322593770139,0.995194355014565,0.999044220246222,0.969787277229758,0.930327711525731,0.995322593770139,0.995194355014565,0.999044220246222,0.969787277229758,0.930327711525731,2.78027719986285,1.47823616546055
1.73905127848192,0.568149449660434,1,1,1,1,50,50,50ll03,M-O,1,0.1618,0.0082,0.918181931451848,0.912794463093832,0.965018230214257,0.833375337238622,0.715033253599857,0.918181931451848,0.912794463093832,0.965018230214257,0.833375337238622,0.715033253599857,1.73905127848192,0.568149449660434
1.52091878002327,1.55061510118725,1,1,1,1,50,50,50ll03,M-O,1,0.0499,0.0084,0.981609740733203,0.986006030096134,0.994216925622478,0.974415238698106,0.939503024494139,0.981609740733203,0.986006030096134,0.994216925622478,0.974415238698106,0.939503024494139,1.52091878002327,1.55061510118725
2.77365168004985,1.53321581766003,1,1,1,1,50,50,50ll03,M-O,1,0.1595,0.0083,0.99586469178749,0.995810579533222,0.999161728579496,0.973360709474716,0.937388655904137,0.99586469178749,0.995810579533222,0.999161728579496,0.973360709474716,0.937388655904137,2.77365168004985,1.53321581766003
1.90953099982403,0.617898898069102,1,1,1,1,50,50,50ll03,M-O,1,0.0851,0.0083,0.934615271765383,0.928508164089374,0.973800797465387,0.845503939376054,0.731679007289329,0.934615271765383,0.928508164089374,0.973800797465387,0.845503939376054,0.731679007289329,1.90953099982403,0.617898898069102
1.00896996062672,1.43539433679951,1,1,1,1,50,50,50ll03,M-O,1,0.1775,0.0545,0.965204815429551,0.974559175879796,0.987374030108277,0.966734898584503,0.924412620559453,0.965204815429551,0.974559175879796,0.987374030108277,0.966734898584503,0.924412620559453,1.00896996062672,1.43539433679951
-1.03474807399761,2.32771711342962,0,1,1,1,50,50,50ll03,M-O,1,0.2507,0.0085,0.995595508501362,0.997493756372261,0.998815000725866,0.996805871704975,0.990036435091856,0.995595508501362,0.997493756372261,0.998815000725866,0.996805871704975,0.990036435091856,1.03474807399761,2.32771711342962
-1.00518806252424,1.97265712341517,0,1,1,1,50,50,50ll03,M-O,1,0.2102,0.0086,0.988981881055238,0.993083179395746,0.996657959330198,0.991156285569221,0.975732679961574,0.988981881055238,0.993083179395746,0.996657959330198,0.991156285569221,0.975732679961574,1.00518806252424,1.97265712341517
-0.920585271065979,2.23785554431448,0,1,1,1,50,50,50ll03,M-O,1,0.1668,0.0084,0.993969301087863,0.996493351004437,0.99828431669237,0.995821503716815,0.987384761560694,0.993969301087863,0.996493351004437,0.99828431669237,0.995821503716815,0.987384761560694,0.920585271065979,2.23785554431448
1.15600553493822,1.58578874261713,1,1,1,1,50,50,50ll03,M-O,1,0.186,0.0082,0.976736836905289,0.983438929359467,0.992213213998998,0.976440499757251,0.943606379890515,0.976736836905289,0.983438929359467,0.992213213998998,0.976440499757251,0.943606379890515,1.15600553493822,1.58578874261713
-0.808461089615268,-0.207691895931157,1,0,0,1,50,50,50ll03,M-O,1,0.1541,0.1116,0.48285913020481,0.529133196558371,0.622116477228744,0.576030334608316,0.417734772908305,0.51714086979519,0.470866803441629,0.377883522771256,0.423969665391684,0.582265227091695,0.808461089615268,0.207691895931157
0.166254805950577,0.169393294907568,1,1,0,0,50,50,50ll03,M-O,1,0.2511,0.2238,0.544776601515144,0.576429958374405,0.684980482639236,0.590972356874449,0.4327436485923,0.455223398484856,0.423570041625595,0.315019517360764,0.409027643125551,0.5672563514077,0.166254805950577,0.169393294907568
2.10600314504789,0.466348012927221,1,1,1,1,50,50,50ll03,M-O,1,0.2931,4.0033,0.93084045658053,0.919349850017943,0.973113554555413,0.806696855477641,0.679516791595762,0.93084045658053,0.919349850017943,0.973113554555413,0.806696855477641,0.679516791595762,2.10600314504789,0.466348012927221
2.27266045111326,0.83902607985456,1,1,1,1,50,50,50ll03,M-O,1,0.2223,0.0084,0.968153112250038,0.964424260874793,0.989630255227407,0.892228399633456,0.79927266258428,0.968153112250038,0.964424260874793,0.989630255227407,0.892228399633456,0.79927266258428,2.27266045111326,0.83902607985456
-0.923898030972478,-0.697393167994863,1,0,0,1,50,50,50ll03,M-O,1,0.033,0.0707,0.308171485833684,0.338738607645678,0.437159817319525,0.382869547645135,0.242778387979617,0.691828514166316,0.661261392354322,0.562840182680475,0.617130452354865,0.757221612020383,0.923898030972478,0.697393167994863
0.476380098735841,-0.816020857959489,1,0,0,1,50,50,50ll03,M-O,1,0.3041,0.2309,0.304595481326033,0.317089922127913,0.432894034763959,0.338492596498896,0.207244103145582,0.695404518673967,0.682910077872086,0.567105965236042,0.661507403501104,0.792755896854418,0.476380098735841,0.816020857959489
-0.0156921612217139,-1.06690394019629,1,0,0,1,50,50,50ll03,M-O,1,0.1594,0.1839,0.279729237305211,0.260692145284203,0.397903918066887,0.252237996341935,0.14300760770691,0.720270762694789,0.739307854715797,0.602096081933113,0.747762003658065,0.85699239229309,0.0156921612217139,1.06690394019629
-1.05742773797287,0.405783920026785,0,1,1,1,50,50,50ll03,M-O,1,0.2219,0.0833,0.834122390805989,0.840192656238422,0.914744486951113,0.789654833221301,0.657549312691495,0.834122390805989,0.840192656238422,0.914744486951113,0.789654833221301,0.657549312691495,1.05742773797287,0.405783920026785
0.894297502324857,2.1419615289944,1,1,1,1,50,50,50ll03,M-O,1,0.2687,0.2128,0.992163319089625,0.995327277034098,0.997689175694691,0.994479551788241,0.983901711043324,0.992163319089625,0.995327277034098,0.997689175694691,0.994479551788241,0.983901711043324,0.894297502324857,2.1419615289944
-0.146673591370954,0.856196151263458,0,0,1,0,50,50,50ll03,M-O,1,0.3009,0.3045,0.861332365518261,0.890510771264037,0.930361814882436,0.895376085604395,0.804055354452819,0.861332365518261,0.890510771264037,0.930361814882436,0.895376085604395,0.804055354452819,0.146673591370954,0.856196151263458
-0.869874561728044,-1.52639088757201,1,0,0,1,50,50,50ll03,M-O,1,0.3051,0.1905,0.115735986814878,0.112350717825957,0.18635373109659,0.129881675150332,0.0634562728386279,0.884264013185122,0.887649282174043,0.81364626890341,0.870118324849668,0.936543727161372,0.869874561728044,1.52639088757201
2.12205728921015,2.28439602306663,1,1,1,1,50,50,50ll03,M-O,1,0.1303,3.1815,0.998391021178473,0.998936829176612,0.999669708932017,0.996360862969394,0.988825866454992,0.998391021178473,0.998936829176612,0.999669708932017,0.996360862969394,0.988825866454992,2.12205728921015,2.28439602306663
1.48243979957086,0.610970440856167,1,1,1,1,50,50,50ll03,M-O,1,0.12,0.0084,0.904969361974462,0.905223862544314,0.957572317013043,0.843850715055695,0.72939042530657,0.904969361974462,0.905223862544314,0.957572317013043,0.843850715055695,0.72939042530657,1.48243979957086,0.610970440856167
0.169567565857075,-0.0237595897098752,1,1,0,0,50,50,50ll03,M-O,1,0.1995,0.0086,0.594041821381785,0.630259378761484,0.729387074012448,0.64642283985237,0.49052218684098,0.405958178618215,0.369740621238516,0.270612925987552,0.35357716014763,0.50947781315902,0.169567565857075,0.0237595897098752
0.619593257770613,0.144336242881841,1,0,0,1,50,50,50ll03,M-O,1,0.3045,0.2712,0.517598576771349,0.561942857946363,0.657049679778611,0.600678613792041,0.442617480126777,0.482401423228651,0.438057142053637,0.342950320221389,0.399321386207959,0.557382519873223,0.619593257770613,0.144336242881841
-0.134187034800307,-1.096857796568,1,0,0,1,50,50,50ll03,M-O,1,0.2305,0.1828,0.259398191526437,0.244656842435539,0.374029328594073,0.242770760601735,0.136351780062542,0.740601808473563,0.75534315756446,0.625970671405927,0.757229239398265,0.863648219937458,0.134187034800307,1.096857796568
-1.03755117853388,2.13113646576998,0,1,1,1,50,50,50ll03,M-O,1,0.283,0.0881,0.992680077000069,0.995598107324003,0.997906031192082,0.9943062409635,0.983461049345213,0.992680077000069,0.995598107324003,0.997906031192082,0.9943062409635,0.983461049345213,1.03755117853388,2.13113646576998
1.62641744166098,1.12515573464979,1,1,1,1,50,50,50ll03,M-O,1,0.1146,0.0085,0.962651132741729,0.966694663144872,0.9865370052644,0.936320049725179,0.869738476507934,0.962651132741729,0.966694663144872,0.9865370052644,0.936320049725179,0.869738476507934,1.62641744166098,1.12515573464979
1.93603307907601,1.42701767574808,1,1,1,1,50,50,50ll03,M-O,1,0.0892,0.0085,0.984698856501109,0.986682333646252,0.995418866066222,0.966109343017428,0.923212600097624,0.984698856501109,0.986682333646252,0.995418866066222,0.966109343017428,0.923212600097624,1.93603307907601,1.42701767574808
0.285259334899401,-1.16777810972356,1,0,0,1,50,50,50ll03,M-O,1,0.1542,0.0784,0.22729471848139,0.216225980643128,0.334777033882114,0.221143242613212,0.121448140080342,0.77270528151861,0.783774019356872,0.665222966117886,0.778856757386788,0.878551859919658,0.285259334899401,1.16777810972356
-0.911921129772061,-0.0077459976252423,1,1,0,0,50,50,50ll03,M-O,1,0.2006,0.3669,0.550362494817425,0.601576448269457,0.683598736439989,0.652357929847343,0.49690982494543,0.449637505182575,0.398423551730543,0.316401263560011,0.347642070152657,0.50309017505457,0.911921129772061,0.0077459976252423
-0.0806732209261037,1.15289040096684,0,1,1,1,50,50,50ll03,M-O,1,0.2141,0.0479,0.910709958172588,0.933874071985745,0.958496268120768,0.939708435757414,0.875522313746881,0.910709958172588,0.933874071985745,0.958496268120768,0.939708435757414,0.875522313746881,0.0806732209261037,1.15289040096684
2.37535600821471,1.64292507247537,1,1,1,1,50,50,50ll03,M-O,1,0.1923,3.8719,0.994479742981199,0.995003457521154,0.998669436362797,0.9794423463568,0.949800781610287,0.994479742981199,0.995003457521154,0.998669436362797,0.9794423463568,0.949800781610287,2.37535600821471,1.64292507247537
1.50894187882285,0.980877124898332,1,1,1,1,50,50,50ll03,M-O,1,0.1481,0.0081,0.946959984128964,0.951872993413527,0.979349695183486,0.916255525588236,0.836673330378161,0.946959984128964,0.951872993413527,0.979349695183486,0.916255525588236,0.836673330378161,1.50894187882285,0.980877124898332
-0.524583048396875,-1.01626889951228,1,0,0,1,50,50,50ll03,M-O,1,0.0746,0.1175,0.245050076828639,0.249599527624288,0.360175632855539,0.268673875110018,0.154750677175169,0.754949923171361,0.750400472375712,0.639824367144461,0.731326124889982,0.845249322824831,0.524583048396875,1.01626889951228
2.33152564637489,0.864718674572,1,1,1,1,50,50,50ll03,M-O,1,0.1878,3.5273,0.971395470571436,0.967925898242701,0.991015685721414,0.896913504008576,0.806403391456138,0.971395470571436,0.967925898242701,0.991015685721414,0.896913504008576,0.806403391456138,2.33152564637489,0.864718674572
0.940930968700948,1.18764729309067,1,1,1,1,50,50,50ll03,M-O,1,0.1959,0.0083,0.942861343892021,0.955604552860919,0.977144799801097,0.943753590148335,0.882513801431641,0.942861343892021,0.955604552860919,0.977144799801097,0.943753590148335,0.882513801431641,0.940930968700948,1.18764729309067
-0.571726170143197,-0.56898228807092,1,0,0,1,50,50,50ll03,M-O,1,0.0678,0.0086,0.373722616196452,0.401317521036989,0.51182313979333,0.432685153083541,0.28468407996955,0.626277383803548,0.598682478963011,0.48817686020667,0.56731484691646,0.71531592003045,0.571726170143197,0.56898228807092
2.44645293236187,0.597394832211875,1,1,1,1,50,50,50ll03,M-O,1,0.0884,2.176,0.958593094210548,0.951105134928284,0.98707469345936,0.840577715768141,0.72487809840919,0.958593094210548,0.951105134928284,0.98707469345936,0.840577715768141,0.72487809840919,2.44645293236187,0.597394832211875
1.69624022738256,1.29071981520731,1,1,1,1,50,50,50ll03,M-O,1,0.0853,0.0085,0.974173432426008,0.977796922315251,0.991379391965635,0.954501331547418,0.901599574477603,0.974173432426008,0.977796922315251,0.991379391965635,0.954501331547418,0.901599574477603,1.69624022738256,1.29071981520731
1.84047269715779,1.34607454178223,1,1,1,1,50,50,50ll03,M-O,1,0.0509,0.0085,0.9800153782852,0.982542404035679,0.993681667189399,0.959552349677702,0.910860761001857,0.9800153782852,0.982542404035679,0.993681667189399,0.959552349677702,0.910860761001857,1.84047269715779,1.34607454178223
2.36771117766125,1.86301038099573,1,1,1,1,50,50,50ll03,M-O,1,0.0391,0.009,0.996674391861047,0.997231717543567,0.99925781710732,0.988165211991958,0.96876959714437,0.996674391861047,0.997231717543567,0.99925781710732,0.988165211991958,0.96876959714437,2.36771117766125,1.86301038099573
-1.0528408396408,-0.984439671263387,1,0,0,1,50,50,50ll03,M-O,1,0.105,0.0084,0.218804115875462,0.239205660558906,0.328643840597878,0.27927405159893,0.162449690203186,0.781195884124538,0.760794339441094,0.671356159402122,0.72072594840107,0.837550309796814,1.0528408396408,0.984439671263387
1.47708841818344,1.94472450117776,1,1,1,1,50,50,50ll03,M-O,1,0.0511,0.0083,0.991966417484611,0.99467127097481,0.99779128884904,0.990465127036883,0.974095927477558,0.991966417484611,0.99467127097481,0.99779128884904,0.990465127036883,0.974095927477558,1.47708841818344,1.94472450117776
-0.756985897221987,1.18280258240794,0,1,1,1,50,50,50ll03,M-O,1,0.2003,0.015,0.935922373050944,0.951112872481705,0.973519416666427,0.943202926667302,0.881556301553259,0.935922373050944,0.951112872481705,0.973519416666427,0.943202926667302,0.881556301553259,0.756985897221987,1.18280258240794
-0.928484929304553,1.62521322696862,0,1,1,1,50,50,50ll03,M-O,1,0.1729,0.0083,0.974920658056106,0.982743475402067,0.991331733037511,0.978548520337175,0.947941433481397,0.974920658056106,0.982743475402067,0.991331733037511,0.978548520337175,0.947941433481397,0.928484929304553,1.62521322696862
0.701138117007494,-0.621440606968855,1,0,0,1,50,50,50ll03,M-O,1,0.2228,0.0464,0.346933873546233,0.375680011833634,0.48196901089026,0.412156801154573,0.267154880645082,0.653066126453767,0.624319988166366,0.51803098910974,0.587843198845427,0.732845119354917,0.701138117007494,0.621440606968855
-0.928484929304553,2.11988423450687,0,1,1,1,50,50,50ll03,M-O,1,0.1682,0.0086,0.991896529389767,0.995133962476004,0.997613198912413,0.994120987716728,0.982992095373162,0.991896529389767,0.995133962476004,0.997613198912413,0.994120987716728,0.982992095373162,0.928484929304553,2.11988423450687
0.743949168106857,0.0581108114619176,1,1,0,0,50,50,50ll03,M-O,1,0.4803,0.2718,0.540965089947541,0.589269995022686,0.677278100335582,0.633572204269874,0.476830181323072,0.459034910052459,0.410730004977314,0.322721899664418,0.366427795730126,0.523169818676928,0.743949168106857,0.0581108114619176
-1.10482568740431,0.995275813422055,0,1,1,1,50,50,50ll03,M-O,1,0.1492,0.0098,0.929264632886496,0.940743914203947,0.9705589675197,0.918449259927163,0.840198931085654,0.929264632886496,0.940743914203947,0.9705589675197,0.918449259927163,0.840198931085654,1.10482568740431,0.995275813422055
0.222826552046163,-0.808425601856889,1,0,0,1,50,50,50ll03,M-O,1,0.3311,0.1185,0.330388139051313,0.333492523264463,0.461370112781625,0.341275203983344,0.209422809350454,0.669611860948687,0.666507476735537,0.538629887218375,0.658724796016656,0.790577190649546,0.222826552046163,0.808425601856889
1.96686722897496,0.76527187141792,1,1,1,1,50,50,50ll03,M-O,1,0.0887,3.6405,0.950871019444618,0.947449237542009,0.981558249498393,0.8779322287991,0.777945164939996,0.950871019444618,0.947449237542009,0.981558249498393,0.8779322287991,0.777945164939996,1.96686722897496,0.76527187141792
2.01834242136824,0.811520625655841,1,1,1,1,50,50,50ll03,M-O,1,0.1481,0.1745,0.956721813537415,0.953709617328189,0.984264256447176,0.887044799379101,0.791466623472132,0.956721813537415,0.953709617328189,0.984264256447176,0.887044799379101,0.791466623472132,2.01834242136824,0.811520625655841
-0.195855334598198,0.113621819026605,1,0,0,1,50,50,50ll03,M-O,1,0.0912,0.3196,0.561161467568756,0.595611858187215,0.699940879574596,0.612491403021539,0.454768795139485,0.438838532431244,0.404388141812785,0.300059120425404,0.387508596978461,0.545231204860515,0.195855334598198,0.113621819026605
1.86238787807771,2.00931022488149,1,1,1,1,50,50,50ll03,M-O,1,0.0848,2.7419,0.995439587177569,0.996837358974173,0.998885156102188,0.991996380908881,0.97774787789088,0.995439587177569,0.996837358974173,0.998885156102188,0.991996380908881,0.97774787789088,1.86238787807771,2.00931022488149
0.924876824538687,1.85265416074061,1,1,1,1,50,50,50ll03,M-O,1,0.1047,0.0085,0.984656007041704,0.990087543018586,0.995074785877098,0.987841846651518,0.968034027917486,0.984656007041704,0.990087543018586,0.995074785877098,0.987841846651518,0.968034027917486,0.924876824538687,1.85265416074061
1.02986583080617,1.86775090435195,1,1,1,1,50,50,50ll03,M-O,1,0.2503,0.0085,0.986173199812871,0.991043200855549,0.995682900682685,0.988310724394798,0.969101600188815,0.986173199812871,0.991043200855549,0.995682900682685,0.988310724394798,0.969101600188815,1.02986583080617,1.86775090435195
1.9074923783431,1.09233672679905,1,1,1,1,50,50,50ll03,M-O,1,0.1154,0.0084,0.970124858570187,0.971214900017254,0.989802032112893,0.932121188732512,0.862657438490352,0.970124858570187,0.971214900017254,0.989802032112893,0.932121188732512,0.862657438490352,1.9074923783431,1.09233672679905
1.55863327742032,0.500802761804177,1,1,1,1,50,50,50ll03,M-O,1,0.0863,0.0086,0.895793945799949,0.89154641574973,0.952455088331278,0.816004528367294,0.691745029128099,0.895793945799949,0.89154641574973,0.952455088331278,0.816004528367294,0.691745029128099,1.55863327742032,0.500802761804177
-0.269245707911391,-1.1267283030785,1,0,0,1,50,50,50ll03,M-O,1,0.0007,0.0795,0.238809682308834,0.228729043367001,0.34949582951658,0.233524756346927,0.129928686025325,0.761190317691166,0.771270956632999,0.65050417048342,0.766475243653073,0.870071313974675,0.269245707911391,1.1267283030785
0.414711798937949,0.220142941650734,1,1,0,0,50,50,50ll03,M-O,1,0.2182,0.0085,0.505733902961931,0.543073316342402,0.647345500573449,0.571147868301995,0.412879916211082,0.494266097038069,0.456926683657598,0.352654499426551,0.428852131698005,0.587120083788918,0.414711798937949,0.220142941650734
0.358649708212594,-0.90808077966399,1,0,0,1,50,50,50ll03,M-O,1,0.1452,0.0484,0.288508390344923,0.292079955461536,0.412701555739536,0.305502105880924,0.181917772218871,0.711491609655077,0.707920044538464,0.587298444260464,0.694497894119076,0.818082227781129,0.358649708212594,0.90808077966399
2.75122684375971,0.813864840502323,1,1,1,1,50,50,50ll03,M-O,1,0.087,0.0081,0.978963413433443,0.976054301803795,0.99505057751414,0.88749340053526,0.792138807701909,0.978963413433443,0.976054301803795,0.99505057751414,0.88749340053526,0.792138807701909,2.75122684375971,0.813864840502323
1.66871883739011,2.05703843915586,1,1,1,1,50,50,50ll03,M-O,1,0.1881,0.0085,0.994951642870612,0.996680745792918,0.998727241411815,0.99298469373997,0.980158735749852,0.994951642870612,0.996680745792918,0.998727241411815,0.99298469373997,0.980158735749852,1.66871883739011,2.05703843915586
2.41128671181596,1.80783277287588,1,1,1,1,50,50,50ll03,M-O,1,0.1243,0.048,0.996432160308386,0.996930917598462,0.999200235056787,0.986352504444922,0.964683734305822,0.996432160308386,0.996930917598462,0.999200235056787,0.986352504444922,0.964683734305822,2.41128671181596,1.80783277287588
-1.03016117566554,2.25904724652668,0,1,1,1,50,50,50ll03,M-O,1,0.2228,0.0087,0.994699302991601,0.996925916078066,0.998541313467552,0.996075386798387,0.988059776951015,0.994699302991601,0.996925916078066,0.998541313467552,0.996075386798387,0.988059776951015,1.03016117566554,2.25904724652668
0.0671268364407434,-0.321568643806913,1,0,0,1,50,50,50ll03,M-O,1,0.0737,0.0622,0.50299377619813,0.524837924321228,0.645185834726581,0.531034905507281,0.373889750833411,0.49700622380187,0.475162075678772,0.354814165273419,0.468965094492719,0.626110249166589,0.0671268364407434,0.321568643806913
-0.344929530390622,0.552500513218588,0,1,1,1,50,50,50ll03,M-O,1,0.2665,0.0087,0.805666402449738,0.83446703031317,0.895692768934898,0.829436486571168,0.7096972585551,0.805666402449738,0.83446703031317,0.895692768934898,0.829436486571168,0.7096972585551,0.344929530390622,0.552500513218588
0.0548951075552113,0.0144250654561493,1,1,0,0,50,50,50ll03,M-O,1,0.2655,0.0551,0.60732938666551,0.640309352913689,0.741368625260911,0.649886915760611,0.494245431063537,0.39267061333449,0.359690647086311,0.258631374739089,0.350113084239389,0.505754568936463,0.0548951075552113,0.0144250654561493
0.0049488812726215,0.548843538058076,0,1,1,1,50,50,50ll03,M-O,1,0.2499,0.0083,0.782675902704954,0.81882782139219,0.878450362090558,0.828507498057948,0.708443585626802,0.782675902704954,0.81882782139219,0.878450362090558,0.828507498057948,0.708443585626802,0.0049488812726215,0.548843538058076
0.264108637034834,0.790526879364016,0,1,1,1,50,50,50ll03,M-O,1,0.3172,0.1425,0.853655313843594,0.882111666351677,0.92621972905178,0.882970343305306,0.785389934580324,0.853655313843594,0.882111666351677,0.92621972905178,0.882970343305306,0.785389934580324,0.264108637034834,0.790526879364016
0.576527378986135,1.66186632843495,0,1,1,1,50,50,50ll03,M-O,1,0.2521,0.0882,0.971751863098451,0.981121819911046,0.989655521243874,0.980363099301066,0.951730210324883,0.971751863098451,0.981121819911046,0.989655521243874,0.980363099301066,0.951730210324883,0.576527378986135,1.66186632843495
2.26450596518958,1.938119024677,1,1,1,1,50,50,50ll03,M-O,1,0.1505,0.0084,0.996790973602229,0.997477782328156,0.999279487642264,0.990294938562591,0.973695648548365,0.996790973602229,0.997477782328156,0.999279487642264,0.990294938562591,0.973695648548365,2.26450596518958,1.938119024677
2.11109969875019,0.595092292295998,1,1,1,1,50,50,50ll03,M-O,1,0.1314,0.0082,0.943695485373585,0.935715806523302,0.97890320661238,0.840018163778092,0.724109109739538,0.943695485373585,0.935715806523302,0.97890320661238,0.840018163778092,0.724109109739538,2.11109969875019,0.595092292295998
2.39344877385789,1.09133652846455,1,1,1,1,50,50,50ll03,M-O,1,0.0746,0.0084,0.982620827775645,0.981302682683643,0.995031963455622,0.931989944264152,0.862437584981018,0.982620827775645,0.981302682683643,0.995031963455622,0.931989944264152,0.862437584981018,2.39344877385789,1.09133652846455
2.41077705644573,1.23516713271202,1,1,1,1,50,50,50ll03,M-O,1,0.0738,2.974,0.987255714221507,0.986752831637142,0.996537420039798,0.948934310072424,0.891615845632608,0.987255714221507,0.986752831637142,0.996537420039798,0.948934310072424,0.891615845632608,2.41077705644573,1.23516713271202
1.92380135019048,2.11205976628595,1,1,1,1,50,50,50ll03,M-O,1,0.1004,2.5413,0.99672349465099,0.997784814079078,0.999241672034957,0.993989035913904,0.982659338325178,0.99672349465099,0.997784814079078,0.999241672034957,0.993989035913904,0.982659338325178,1.92380135019048,2.11205976628595
-0.566629616440892,0.971239797196129,0,1,1,1,50,50,50ll03,M-O,1,0.2529,0.0082,0.900601256880956,0.921427143325526,0.954631722512313,0.914762640672395,0.834285559879345,0.900601256880956,0.921427143325526,0.954631722512313,0.914762640672395,0.834285559879345,0.566629616440892,0.971239797196129
-0.581409622177577,-0.979199048739919,1,0,0,1,50,50,50ll03,M-O,1,0.0816,0.1089,0.250377675753781,0.258552897273988,0.367325276658718,0.281038641456052,0.16374081928295,0.749622324246219,0.741447102726012,0.632674723341282,0.718961358543948,0.83625918071705,0.581409622177577,0.979199048739919
0.326031764517841,-1.33755135827209,1,1,0,0,50,50,50ll03,M-O,1,0.1838,0.0081,0.185280303165774,0.169957245901807,0.279283656680772,0.174093655858096,0.0905213648907636,0.814719696834226,0.830042754098193,0.720716343319228,0.825906344141903,0.909478635109236,0.326031764517841,1.33755135827209
2.86258654215507,0.968853907419044,1,1,1,1,50,50,50ll03,M-O,1,0.1764,3.5839,0.986260866960371,0.98481602886829,0.99715999012183,0.914389989933487,0.83369095720346,0.986260866960371,0.98481602886829,0.99715999012183,0.914389989933487,0.83369095720346,2.86258654215507,0.968853907419044
-0.858487612245087,1.78135267421105,0,1,1,1,50,50,50ll04,O-M,1,0.4227,0.1503,0.981247015888994,0.987695120654059,0.993752921614093,0.985400631765683,0.96257257279395,0.981247015888994,0.987695120654059,0.993752921614093,0.985400631765683,0.96257257279395,0.858487612245087,1.78135267421105
0.728722957278107,1.22786694214072,1,1,1,1,50,50,50ll04,O-M,1,0.2994,0.1691,0.939830310670599,0.954736472009784,0.975386139988948,0.948164063987016,0.890251539514881,0.939830310670599,0.954736472009784,0.975386139988948,0.948164063987016,0.890251539514881,0.728722957278107,1.22786694214072
1.54694770729409,1.56118155427148,1,1,1,1,50,50,50ll04,O-M,1,0.1462,0.1726,0.982444324284717,0.986622389489696,0.994531543763197,0.975038421308455,0.940759540042856,0.982444324284717,0.986622389489696,0.994531543763197,0.975038421308455,0.940759540042856,1.54694770729409,1.56118155427148
1.77789975396947,2.35471496572038,1,1,1,1,50,50,50ll04,O-M,1,0.1391,0.0007,0.997938211703111,0.998758656324896,0.999546428781336,0.997057807269035,0.990731540763988,0.997938211703111,0.998758656324896,0.999546428781336,0.997057807269035,0.990731540763988,1.77789975396947,2.35471496572038
2.00489268223746,1.00157995775838,1,1,1,1,50,50,50ll04,O-M,1,0.1352,0.342,0.968330571463821,0.967900347193994,0.989145502235926,0.919395984223692,0.841726747580464,0.968330571463821,0.967900347193994,0.989145502235926,0.919395984223692,0.841726747580464,2.00489268223746,1.00157995775838
0.867729688308147,1.34992940331093,1,1,1,1,50,50,50ll04,O-M,1,0.4108,0.1445,0.955318958776133,0.967033690119974,0.982870036343908,0.959886428162628,0.911480685491148,0.955318958776133,0.967033690119974,0.982870036343908,0.959886428162628,0.911480685491148,0.867729688308147,1.34992940331093
-1.2754036180087,1.73854162311169,0,1,1,1,50,50,50ll04,O-M,1,0.1217,0.001,0.984666171179413,0.989424131692452,0.995254380992126,0.983740892601614,0.958942288713604,0.984666171179413,0.989424131692452,0.995254380992126,0.983740892601614,0.958942288713604,1.2754036180087,1.73854162311169
0.53825810568463,1.65903538535573,1,1,1,1,50,50,50ll04,O-M,1,0.1349,0.2343,0.971062901750961,0.980670555303692,0.98931444059219,0.980227750920582,0.951445668940054,0.971062901750961,0.980670555303692,0.98931444059219,0.980227750920582,0.951445668940054,0.53825810568463,1.65903538535573
2.31600645792986,1.76173094245718,1,1,1,1,50,50,50ll04,O-M,1,0.1257,0.0007,0.99544518095138,0.996114986754856,0.998925675085939,0.984658940935141,0.960942616346121,0.99544518095138,0.996114986754856,0.998925675085939,0.984658940935141,0.960942616346121,2.31600645792986,1.76173094245718
1.66404384355901,1.41745873986647,1,1,1,1,50,50,50ll04,O-M,1,0.0084,0.0113,0.979097239452998,0.982888043033891,0.993300463175584,0.965383708992575,0.921825575310534,0.979097239452998,0.982888043033891,0.993300463175584,0.965383708992575,0.921825575310534,1.66404384355901,1.41745873986647
-0.869312675469507,1.11243000078351,0,1,1,1,50,50,50ll04,O-M,1,0.1932,0.0007,0.932230577377147,0.946723439612358,0.971850435356532,0.934716562760445,0.86702334427523,0.932230577377147,0.946723439612358,0.971850435356532,0.934716562760445,0.86702334427523,0.869312675469507,1.11243000078351
-0.0350326584382896,1.27169730398055,0,1,1,1,50,50,50ll04,O-M,1,0.1165,0.1289,0.926156175192798,0.946685280344953,0.966583470641865,0.952652744015465,0.898259655557865,0.926156175192798,0.946685280344953,0.966583470641865,0.952652744015465,0.898259655557865,0.0350326584382896,1.27169730398055
-1.54252950444845,2.40287739820716,0,1,1,1,50,50,50ll04,O-M,1,0.1616,0.0007,0.997668760237015,0.998660596368466,0.9994630518341,0.997463155457367,0.991866679983073,0.997668760237015,0.998660596368466,0.9994630518341,0.997463155457367,0.991866679983073,1.54252950444845,2.40287739820716
-1.40883632707044,1.17282416215583,0,1,1,1,50,50,50ll04,O-M,1,0.1519,0.0006,0.95828915453045,0.964985569112624,0.984571180842645,0.942055378156617,0.879566836689682,0.95828915453045,0.964985569112624,0.984571180842645,0.942055378156617,0.879566836689682,1.40883632707044,1.17282416215583
-0.175529268237428,2.23086871075436,0,1,1,1,50,50,50ll04,O-M,1,0.3116,0.0655,0.991181058489611,0.994806667253767,0.99701094307143,0.995734634927803,0.987155086560811,0.991181058489611,0.994806667253767,0.99701094307143,0.995734634927803,0.987155086560811,0.175529268237428,2.23086871075436
0.54038352714544,1.66948332044546,1,1,1,1,50,50,50ll04,O-M,1,0.2344,0.0407,0.971718252830579,0.981155166858992,0.989593953373397,0.980723370130798,0.952489183373382,0.971718252830579,0.981155166858992,0.989593953373397,0.980723370130798,0.952489183373382,0.54038352714544,1.66948332044546
2.16086111002337,2.59323367898825,1,1,1,1,50,50,50ll04,O-M,1,0.1576,0.0007,0.999363996771133,0.99962524688758,0.999885045254047,0.998617274786171,0.995246092763508,0.999363996771133,0.99962524688758,0.999885045254047,0.998617274786171,0.995246092763508,2.16086111002337,2.59323367898825
2.20282776514172,1.42331977662412,1,1,1,1,50,50,50ll04,O-M,1,0.0736,0.0006,0.988815642328318,0.98955515692711,0.996899275932559,0.965830127491968,0.922678261755249,0.988815642328318,0.98955515692711,0.996899275932559,0.965830127491968,0.922678261755249,2.20282776514172,1.42331977662412
-1.16883040172131,1.5364632688153,0,1,1,1,50,50,50ll04,O-M,1,0.0721,0.0007,0.974526897218963,0.981568765352006,0.991347005197516,0.973560240397883,0.937787600104539,0.974526897218963,0.981568765352006,0.991347005197516,0.973560240397883,0.937787600104539,1.16883040172131,1.5364632688153
2.2233839246622,2.7326244227463,1,1,1,1,50,50,50ll04,O-M,1,0.0634,0.0007,0.999619244996585,0.999785150954245,0.999935877485852,0.999132091816149,0.996858403271134,0.999619244996585,0.999785150954245,0.999935877485852,0.999132091816149,0.996858403271134,2.2233839246622,2.7326244227463
-0.781420246825419,1.59711225787273,0,1,1,1,50,50,50ll04,O-M,1,0.0709,0.0006,0.97097870235113,0.980090124533278,0.989578713694753,0.977063091600593,0.944879656859174,0.97097870235113,0.980090124533278,0.989578713694753,0.977063091600593,0.944879656859174,0.781420246825419,1.59711225787273
0.0840117808323779,1.78848784939428,0,1,1,1,50,50,50ll04,O-M,1,0.114,0.1227,0.973827458399303,0.983039010749035,0.989828537688926,0.985662579798307,0.963151332870156,0.973827458399303,0.983039010749035,0.989828537688926,0.985662579798307,0.963151332870156,0.0840117808323779,1.78848784939428
0.637923702224382,2.65821473869264,1,1,1,1,50,50,50ll04,O-M,1,0.2644,0.0911,0.997795511649725,0.998843284773546,0.9994034379929,0.998884618741375,0.996072208913835,0.997795511649725,0.998843284773546,0.9994034379929,0.998884618741375,0.996072208913835,0.637923702224382,2.65821473869264
1.87921151026808,2.07822692737032,1,1,1,1,50,50,50ll04,O-M,1,0.1458,1.9535,0.996231753470347,0.997443660035789,0.999106292369897,0.993387777949511,0.981155768459649,0.996231753470347,0.997443660035789,0.999106292369897,0.993387777949511,0.981155768459649,1.87921151026808,2.07822692737032
0.172154259060091,-0.115584613786893,1,1,0,0,50,50,50ll04,O-M,1,0.1793,0.12,0.562605744831007,0.596261779269658,0.701326964900895,0.611739490576808,0.453990878793094,0.437394255168993,0.403738220730342,0.298673035099105,0.388260509423192,0.546009121206906,0.172154259060091,0.115584613786893
0.670461404293548,-1.12266362536238,0,0,0,1,50,50,50ll04,O-M,1,0.2509,0.2827,0.207696221965081,0.212357861928413,0.313039682105213,0.23477132870251,0.130790191042247,0.792303778034919,0.787642138071587,0.686960317894787,0.76522867129749,0.869209808957753,0.670461404293548,1.12266362536238
-0.137552987724424,0.230471382599621,1,0,0,1,50,50,50ll04,O-M,1,0.2622,0.2182,0.526680797119087,0.555059044325535,0.668053215341835,0.567089433679047,0.408862749177985,0.473319202880913,0.444940955674465,0.331946784658165,0.432910566320953,0.591137250822015,0.137552987724424,0.230471382599621
0.863874757227266,1.82824096827226,1,1,1,1,50,50,50ll04,O-M,1,0.2295,0.1584,0.983158914955939,0.98908539658734,0.994480044312991,0.987049109696143,0.966243302516107,0.983158914955939,0.98908539658734,0.994480044312991,0.987049109696143,0.966243302516107,0.863874757227266,1.82824096827226
1.47637121231601,2.80525031300414,1,1,1,1,50,50,50ll04,O-M,1,0.0772,0.0811,0.999236441334827,0.999616419140699,0.999843121211862,0.999323961221151,0.99748612409663,0.999236441334827,0.999616419140699,0.999843121211862,0.999323961221151,0.99748612409663,1.47637121231601,2.80525031300414
0.2268734429433,-0.580645139122231,1,0,0,1,50,50,50ll04,O-M,1,0.1958,0.1603,0.40072197655887,0.415973781266867,0.540542619636143,0.428103377002653,0.280739821632966,0.59927802344113,0.584026218733133,0.459457380363857,0.571896622997347,0.719260178367034,0.2268734429433,0.580645139122231
1.48346636925136,1.51964464159769,1,1,1,1,50,50,50ll04,O-M,1,0.1196,0.0007,0.979717683008914,0.984516405186313,0.9934971211827,0.972513204146437,0.935699844134928,0.979717683008914,0.984516405186313,0.9934971211827,0.972513204146437,0.935699844134928,1.48346636925136,1.51964464159769
1.40963922968616,2.35267634423945,1,1,1,1,50,50,50ll04,O-M,1,0.1789,0.1513,0.996960344087102,0.998246896865832,0.999262606297277,0.997039428188775,0.990680575222432,0.996960344087102,0.998246896865832,0.999262606297277,0.997039428188775,0.990680575222432,1.40963922968616,2.35267634423945
0.74980005343114,2.02522276886635,1,1,1,1,50,50,50ll04,O-M,1,0.0931,0.0028,0.988614896894349,0.993024933562167,0.996403075518862,0.99233869879637,0.978577752649674,0.988614896894349,0.993024933562167,0.996403075518862,0.99233869879637,0.978577752649674,0.74980005343114,2.02522276886635
1.02882413255837,2.28922425064575,1,1,1,1,50,50,50ll04,O-M,1,0.0086,0.0007,0.995099610029302,0.997182032017196,0.998663710239306,0.996413075977606,0.988966836862489,0.995099610029302,0.997182032017196,0.998663710239306,0.996413075977606,0.988966836862489,1.02882413255837,2.28922425064575
-0.590413621134088,-0.605363424578411,1,0,0,1,50,50,50ll04,O-M,1,0.063,0.164,0.360402482540639,0.386845962491496,0.49714762393178,0.418425459768006,0.272468773884505,0.639597517459361,0.613154037508504,0.50285237606822,0.581574540231994,0.727531226115495,0.590413621134088,0.605363424578411
-0.378632042536604,2.12409591069107,0,1,1,1,50,50,50ll04,O-M,1,0.3029,0.0006,0.989299523441469,0.993594649725383,0.996431947920018,0.99419094438263,0.983168937803598,0.989299523441469,0.993594649725383,0.996431947920018,0.99419094438263,0.983168937803598,0.378632042536604,2.12409591069107
1.93835865552798,2.44721741541721,1,1,1,1,50,50,50ll04,O-M,1,0.0425,0.0006,0.998687969068094,0.999215941972628,0.99973296025321,0.997790957718907,0.992801801636172,0.998687969068094,0.999215941972628,0.99973296025321,0.997790957718907,0.992801801636172,1.93835865552798,2.44721741541721
-1.07751021003504,2.73721132107837,0,1,1,1,50,50,50ll04,O-M,1,0.0836,0.0006,0.998678025601501,0.999327634735849,0.999689278686344,0.999145554586539,0.996901876207598,0.998678025601501,0.999327634735849,0.999689278686344,0.999145554586539,0.996901876207598,1.07751021003504,2.73721132107837
1.47170362008835,1.48218497188575,1,1,1,1,50,50,50ll04,O-M,1,0.0827,0.0007,0.97789615760067,0.982956857556866,0.992796632918072,0.970056540112448,0.930854457925682,0.97789615760067,0.982956857556866,0.992796632918072,0.970056540112448,0.930854457925682,1.47170362008835,1.48218497188575
-0.5586677427464,1.26073971352059,0,1,1,1,50,50,50ll04,O-M,1,0.0898,0.0006,0.93820749703625,0.954470356046577,0.974262187662681,0.951560872501599,0.8962986796963,0.93820749703625,0.954470356046577,0.974262187662681,0.951560872501599,0.8962986796963,0.5586677427464,1.26073971352059
-0.482840206512205,2.07491416746383,0,1,1,1,50,50,50ll04,O-M,1,0.0958,0.0007,0.988451373816149,0.99302019814326,0.996184509823413,0.993326139490032,0.981002754785384,0.988451373816149,0.99302019814326,0.996184509823413,0.993326139490032,0.981002754785384,0.482840206512205,2.07491416746383
1.76169862469712,1.79434888615193,1,1,1,1,50,50,50ll04,O-M,1,0.0865,0.0006,0.991504762214183,0.993763597468132,0.997690829946994,0.985874713758097,0.963621250081289,0.991504762214183,0.993763597468132,0.997690829946994,0.985874713758097,0.963621250081289,1.76169862469712,1.79434888615193
-1.00382893272695,2.63528024703227,0,1,1,1,50,50,50ll04,O-M,1,0.0512,0.0007,0.998107916549949,0.999010507080761,0.999532411173098,0.998796206514061,0.995796607913224,0.998107916549949,0.999010507080761,0.999532411173098,0.998796206514061,0.995796607913224,1.00382893272695,2.63528024703227
1.05951771894831,0.852505761965955,1,0,1,0,50,50,50ll04,O-M,1,0.5236,0.2185,0.909127360102057,0.92146441100451,0.959938371336737,0.894705230728207,0.803033278825717,0.909127360102057,0.92146441100451,0.959938371336737,0.894705230728207,0.803033278825717,1.05951771894831,0.852505761965955
-0.764896136840886,0.709037775246067,1,1,0,0,50,50,50ll04,O-M,1,0.2714,0.0006,0.314773864496172,0.341122315399324,0.445315692708336,0.378433517698019,0.239150517660936,0.685226135503828,0.658877684600676,0.554684307291664,0.621566482301981,0.760849482339064,0.764896136840886,0.709037775246067
-0.990701329586656,2.47983535911196,0,1,1,1,50,50,50ll04,O-M,1,0.3253,0.0007,0.997010146713198,0.99836965914528,0.999223484675768,0.99800705081606,0.993427847014909,0.997010146713198,0.99836965914528,0.999223484675768,0.99800705081606,0.993427847014909,0.990701329586656,2.47983535911196
1.45254357074311,2.02624207960681,1,1,1,1,50,50,50ll04,O-M,1,0.1249,0.0006,0.993239117126069,0.9956482517554,0.998183891966559,0.992360180731839,0.978630008278149,0.993239117126069,0.9956482517554,0.998183891966559,0.992360180731839,0.978630008278149,1.45254357074311,2.02624207960681
-1.01373714747808,0.471283545033536,1,0,0,1,50,50,50ll04,O-M,1,0.1827,0.0423,0.377373022955402,0.418840826536268,0.513045696389112,0.471363307079801,0.318719132391775,0.622626977044598,0.581159173463732,0.486954303610888,0.528636692920199,0.681280867608225,1.01373714747808,0.471283545033536
-1.37211029447556,1.02247582793783,0,1,1,1,50,50,50ll04,O-M,1,0.1305,0.0007,0.944472875241096,0.951607496641213,0.978149424002136,0.92247469184405,0.84672212625176,0.944472875241096,0.951607496641213,0.978149424002136,0.92247469184405,0.84672212625176,1.37211029447556,1.02247582793783
-1.330060289496,1.10172723800867,0,1,1,1,50,50,50ll04,O-M,1,0.1854,0.0009,0.949699838429972,0.957508962023014,0.980621426664693,0.933343876091153,0.864709864192262,0.949699838429972,0.957508962023014,0.980621426664693,0.933343876091153,0.864709864192262,1.330060289496,1.10172723800867
0.665116594443569,1.01814375729087,1,1,1,1,50,50,50ll04,O-M,1,0.2334,0.0006,0.911849789037544,0.93050245012943,0.960963681506703,0.921843873401685,0.84569517845423,0.911849789037544,0.93050245012943,0.960963681506703,0.921843873401685,0.84569517845423,0.665116594443569,1.01814375729087
0.36162933105172,-0.526621669877797,1,1,0,0,50,50,50ll04,O-M,1,0.1739,0.0006,0.405473311292934,0.428407228666447,0.546107086624643,0.449398403778401,0.299228170283536,0.594526688707066,0.571592771333553,0.453892913375357,0.550601596221599,0.700771829716464,0.36162933105172,0.526621669877797
1.46948443003368,1.99693689581856,1,1,1,1,50,50,50ll04,O-M,1,0.0967,0.0006,0.99285665069092,0.995347387329057,0.998068875619442,0.991720978305053,0.977083980744259,0.99285665069092,0.995347387329057,0.998068875619442,0.991720978305053,0.977083980744259,1.46948443003368,1.99693689581856
-1.16702796097269,1.63762985980605,0,1,1,1,50,50,50ll04,O-M,1,0.2307,0.0006,0.979280866450182,0.985456982667586,0.993204317157517,0.97917849143644,0.949250534878842,0.979280866450182,0.985456982667586,0.993204317157517,0.97917849143644,0.949250534878842,1.16702796097269,1.63762985980605
-0.790453288033862,2.59501747278406,0,1,1,1,50,50,50ll04,O-M,1,0.092,0.0006,0.997559401723685,0.998706316628818,0.999354198272941,0.998625334210079,0.995270694479489,0.997559401723685,0.998706316628818,0.999354198272941,0.998625334210079,0.995270694479489,0.790453288033862,2.59501747278406
-0.258420705209021,0.0457213108910621,1,1,0,0,50,50,50ll04,O-M,1,0.2951,0.0007,0.57911034923997,0.617280114826224,0.715792222329488,0.638225234639334,0.481766188967454,0.42088965076003,0.382719885173776,0.284207777670512,0.361774765360666,0.518233811032546,0.258420705209021,0.0457213108910621
2.12479145758551,2.74562063468717,1,1,1,1,50,50,50ll04,O-M,1,0.1592,0.0006,0.999577425079501,0.999767228040103,0.999926968447461,0.999169738648306,0.996980172090143,0.999577425079501,0.999767228040103,0.999926968447461,0.999169738648306,0.996980172090143,2.12479145758551,2.74562063468717
-0.312358484143403,0.259266911017645,1,0,0,1,50,50,50ll04,O-M,1,0.4353,0.0695,0.50068587321558,0.533683427373894,0.642907213658316,0.555738480250488,0.397714653948842,0.49931412678442,0.466316572626106,0.357092786341684,0.444261519749512,0.602285346051158,0.312358484143403,0.259266911017645
0.7327029131508,-0.19305223006193,0,1,0,0,50,50,50ll04,O-M,1,0.4474,0.0008,0.492764189860792,0.538079250115603,0.632441496887877,0.581756084378601,0.423459031850668,0.507235810139208,0.461920749884397,0.367558503112123,0.418243915621399,0.576540968149332,0.7327029131508,0.19305223006193
-1.28624951869842,1.69496608895698,0,1,1,1,50,50,50ll04,O-M,1,0.2163,0.0733,0.983296936238326,0.988306965323782,0.99476247202685,0.981888100535349,0.954959073029814,0.983296936238326,0.988306965323782,0.99476247202685,0.981888100535349,0.954959073029814,1.28624951869842,1.69496608895698
0.0618302990183352,-1.06048567019425,1,0,0,1,50,50,50ll04,O-M,1,0.3789,0.2353,0.276434576044709,0.25989805330337,0.394418288954486,0.254291591636564,0.144461852879687,0.723565423955291,0.74010194669663,0.605581711045514,0.745708408363436,0.855538147120313,0.0618302990183352,1.06048567019425
0.171633322427539,-0.621672396425787,1,0,0,1,50,50,50ll04,O-M,1,0.3436,0.1715,0.393219625945673,0.4040812524754,0.53204329938008,0.412066583683985,0.267078652963703,0.606780374054327,0.5959187475246,0.46795670061992,0.587933416316015,0.732921347036297,0.171633322427539,0.621672396425787
1.38682220518041,1.45160564967192,1,1,1,1,50,50,50ll04,O-M,1,0.0938,0.1138,0.974689884490919,0.980586958988372,0.991512836674177,0.967918524656646,0.926694356525819,0.974689884490919,0.980586958988372,0.991512836674177,0.967918524656646,0.926694356525819,1.38682220518041,1.45160564967192
2.36092161438845,1.07242205422042,1,1,1,1,50,50,50ll04,O-M,1,0.0891,0.0006,0.981281445333827,0.979882833404982,0.994533187778651,0.9294709670658,0.858234746738448,0.981281445333827,0.979882833404982,0.994533187778651,0.9294709670658,0.858234746738448,2.36092161438845,1.07242205422042
1.24163716568831,0.833903340952541,1,0,1,0,50,50,50ll04,O-M,1,0.0498,0.1782,0.917477800677932,0.92604222212744,0.964441683041218,0.891276198745068,0.797832272785789,0.917477800677932,0.92604222212744,0.964441683041218,0.891276198745068,0.797832272785789,1.24163716568831,0.833903340952541
-1.16742387281343,1.80938371957373,0,1,1,1,50,50,50ll04,O-M,1,0.123,0.0007,0.985723180996746,0.990479786126053,0.995587656682274,0.98640655628457,0.964804294672592,0.985723180996746,0.990479786126053,0.995587656682274,0.98640655628457,0.964804294672592,1.16742387281343,1.80938371957373
1.17560323814608,0.836961273173924,1,1,1,1,50,50,50ll04,O-M,1,0.0791,0.0007,0.913931592592126,0.92384231647952,0.962548166613206,0.891845324136864,0.798692831633521,0.913931592592126,0.92384231647952,0.962548166613206,0.891845324136864,0.798692831633521,1.17560323814608,0.836961273173924
-0.151461995813549,-0.444821982955801,1,0,0,1,50,50,50ll04,O-M,1,0.0733,0.1077,0.4529883411015,0.472193226183974,0.595340029878609,0.481901518882368,0.328224203317709,0.547011658898499,0.527806773816026,0.404659970121391,0.518098481117632,0.671775796682291,0.151461995813549,0.444821982955801
0.363077534890213,-0.179036707380592,1,1,0,0,50,50,50ll04,O-M,1,0.1541,0.0007,0.524295978109391,0.561557503015072,0.665190261372491,0.587221555113485,0.428954439504934,0.475704021890609,0.438442496984928,0.334809738627509,0.412778444886515,0.571045560495066,0.363077534890213,0.179036707380592
-0.398177584989936,2.488754328091,0,1,1,1,50,50,50ll04,O-M,1,0.0876,0.0006,0.995968362947058,0.997777030747311,0.998787344231086,0.998062699438053,0.993590424351647,0.995968362947058,0.997777030747311,0.998787344231086,0.998062699438053,0.993590424351647,0.398177584989936,2.488754328091
1.90774841899925,1.82926027901272,1,1,1,1,50,50,50ll04,O-M,1,0.0831,0.0007,0.993371303457587,0.995038257179773,0.998284826560478,0.987083081344195,0.966319686961397,0.993371303457587,0.995038257179773,0.998284826560478,0.987083081344195,0.966319686961397,1.90774841899925,1.82926027901272
0.0778438911029681,2.58941126371152,0,1,1,1,50,50,50ll04,O-M,1,0.1795,0.0007,0.996594644164457,0.9981250572857,0.998921386631748,0.998599859065922,0.995192990123541,0.996594644164457,0.9981250572857,0.998921386631748,0.998599859065922,0.995192990123541,0.0778438911029681,2.58941126371152
-0.555469191822534,1.81091268568442,0,1,1,1,50,50,50ll04,O-M,1,0.2231,0.0611,0.979316335902329,0.986680133988162,0.992730414075947,0.986459661138234,0.964922815709579,0.979316335902329,0.986680133988162,0.992730414075947,0.986459661138234,0.964922815709579,0.555469191822534,1.81091268568442
-1.55445895333388,1.33591388062959,0,1,1,1,50,50,50ll04,O-M,1,0.1703,0.0006,0.972787646675597,0.977648152435167,0.990794691928648,0.958660949964804,0.909211288274818,0.972787646675597,0.977648152435167,0.990794691928648,0.958660949964804,0.909211288274818,1.55445895333388,1.33591388062959
-0.511908470608578,2.74332718552114,0,1,1,1,50,50,50ll04,O-M,1,0.1089,0.0007,0.998184280901872,0.999059632110847,0.999503493001484,0.999163206228429,0.996958997401717,0.998184280901872,0.999059632110847,0.999503493001484,0.999163206228429,0.996958997401717,0.511908470608578,2.74332718552114
-0.250096137820848,1.52856361057672,0,1,1,1,50,50,50ll04,O-M,1,0.0673,0.0007,0.957470310489075,0.970876090094682,0.982765174868788,0.97307267675743,0.936813668550079,0.957470310489075,0.970876090094682,0.982765174868788,0.97307267675743,0.936813668550079,0.250096137820848,1.52856361057672
1.05693387325085,2.62253886277651,1,1,1,1,50,50,50ll04,O-M,1,0.2029,0.1795,0.998107834916966,0.999007071918076,0.999537307126265,0.998744360603795,0.995636134335455,0.998107834916966,0.999007071918076,0.999537307126265,0.998744360603795,0.995636134335455,1.05693387325085,2.62253886277651
1.54833339873667,2.16563282336486,1,1,1,1,50,50,50ll04,O-M,1,0.0488,0.0006,0.995646764684776,0.997291090019368,0.998912578586939,0.99484229603469,0.984830371952568,0.995646764684776,0.997291090019368,0.998912578586939,0.99484229603469,0.984830371952568,1.54833339873667,2.16563282336486
1.89657953759735,0.869579216868677,1,1,1,1,50,50,50ll04,O-M,1,0.0884,0.0007,0.955635948769862,0.95454285079442,0.983571895479751,0.897782938739308,0.807734800204489,0.955635948769862,0.95454285079442,0.983571895479751,0.897782938739308,0.807734800204489,1.89657953759735,0.869579216868677
0.661147057303527,2.37739462969563,1,1,1,1,50,50,50ll04,O-M,1,0.0539,0.2311,0.995156898736982,0.997283988814123,0.998591670447359,0.997255447124212,0.991282288183233,0.995156898736982,0.997283988814123,0.998591670447359,0.997255447124212,0.991282288183233,0.661147057303527,2.37739462969563
1.57105665464857,2.53513296678197,1,1,1,1,50,50,50ll04,O-M,1,0.102,0.0006,0.998440090198703,0.999139736396294,0.999659152395251,0.998329966266174,0.994379767445034,0.998440090198703,0.999139736396294,0.999659152395251,0.998329966266174,0.994379767445034,1.57105665464857,2.53513296678197
-0.63636023212513,0.240664490004231,1,0,0,1,50,50,50ll04,O-M,1,0.2007,0.1282,0.481998039941049,0.524073851728164,0.622980260212869,0.563077224792431,0.404907581491953,0.518001960058951,0.475926148271836,0.377019739787131,0.436922775207569,0.595092418508047,0.63636023212513,0.240664490004231
-1.05247399547461,1.71127506080436,0,1,1,1,50,50,50ll04,O-M,1,0.2283,0.1377,0.98074597124444,0.986930847941125,0.99369553832284,0.98260160523928,0.956484826032358,0.98074597124444,0.986930847941125,0.99369553832284,0.98260160523928,0.956484826032358,1.05247399547461,1.71127506080436
-0.420379904269281,-0.158140837201141,1,0,0,1,50,50,50ll04,O-M,1,0.3372,0.0248,0.52705478396326,0.566475254707574,0.667450735638118,0.595338465456813,0.437172911014953,0.47294521603674,0.433524745292426,0.332549264361882,0.404661534543187,0.562827088985047,0.420379904269281,0.158140837201141
2.06664451066011,1.14046104614619,1,1,1,1,50,50,50ll04,O-M,1,0.0768,2.6978,0.977002067014441,0.977282661673132,0.992631876715455,0.938207792100373,0.872952863703218,0.977002067014441,0.977282661673132,0.992631876715455,0.938207792100373,0.872952863703218,2.06664451066011,1.14046104614619
-0.161703610009511,1.25487867676294,0,1,1,1,50,50,50ll04,O-M,1,0.1412,0.1452,0.926931124045147,0.946952328513209,0.967445370139284,0.950968634905253,0.895238597103005,0.926931124045147,0.946952328513209,0.967445370139284,0.950968634905253,0.895238597103005,0.161703610009511,1.25487867676294
-0.354825238429001,2.6024074756524,0,1,1,1,50,50,50ll04,O-M,1,0.2484,0.0006,0.997036985941533,0.998402511278295,0.999125429807522,0.998658268131762,0.995371410481883,0.997036985941533,0.998402511278295,0.999125429807522,0.998658268131762,0.995371410481883,0.354825238429001,2.6024074756524
0.404398228584198,-0.532227878950333,0,1,0,0,50,50,50ll04,O-M,1,0.2299,0.0007,0.399788189730289,0.423901319907865,0.5400758491089,0.447180667598065,0.297284088111176,0.600211810269711,0.576098680092135,0.4599241508911,0.552819332401935,0.702715911888824,0.404398228584198,0.532227878950333
0.251909657503724,2.68624578405532,0,1,1,1,50,50,50ll04,O-M,1,0.3052,0.0006,0.997592329033864,0.9987161139911,0.999286149570875,0.99898458429721,0.996387004390707,0.997592329033864,0.9987161139911,0.999286149570875,0.99898458429721,0.996387004390707,0.251909657503724,2.68624578405532
-0.524275506265351,0.67132327784901,1,0,0,1,50,50,50ll04,O-M,1,0.2563,0.1297,0.344639722266281,0.36591106524745,0.479477042394469,0.392855979277776,0.251007304341362,0.655360277733719,0.63408893475255,0.520522957605531,0.607144020722224,0.748992695658638,0.524275506265351,0.67132327784901
-0.0790101289582867,0.992660988779344,0,1,1,1,50,50,50ll04,O-M,1,0.3409,0.0007,0.884455791508959,0.911539352769882,0.943725339210156,0.91805412779444,0.839562403861844,0.884455791508959,0.911539352769882,0.943725339210156,0.91805412779444,0.839562403861844,0.0790101289582867,0.992660988779344
-0.307388748668862,1.17486278363675,0,1,1,1,50,50,50ll04,O-M,1,0.2239,0.0006,0.920360455552023,0.940892362285958,0.964503054444983,0.942291295146649,0.879975191486505,0.920360455552023,0.940892362285958,0.964503054444983,0.942291295146649,0.879975191486505,0.307388748668862,1.17486278363675
0.216631828747337,2.1212928061548,0,1,1,1,50,50,50ll04,O-M,1,0.2661,0.0006,0.98852472373021,0.993094710161508,0.99603231764647,0.994144467056408,0.983051415305336,0.98852472373021,0.993094710161508,0.99603231764647,0.994144467056408,0.983051415305336,0.216631828747337,2.1212928061548
0.985117549087301,-0.313585725121445,0,1,0,0,50,50,50ll04,O-M,1,0.2348,0.0006,0.434597438905028,0.480775783315638,0.572546517219656,0.534208967468897,0.376917851377807,0.565402561094972,0.519224216684362,0.427453482780344,0.465791032531103,0.623082148622193,0.985117549087301,0.313585725121445
0.0010057378016227,1.67279608035196,0,1,1,1,50,50,50ll04,O-M,1,0.2684,0.2253,0.965580825632896,0.977118042037414,0.985979882975612,0.980878296387789,0.952816276613088,0.965580825632896,0.977118042037414,0.985979882975612,0.980878296387789,0.952816276613088,0.0010057378016227,1.67279608035196
2.31927793998228,2.79938927624649,1,1,1,1,50,50,50ll04,O-M,1,0.0492,0.0006,0.999733102735926,0.999850492269519,0.999957463975018,0.999310066307934,0.997440031379949,0.999733102735926,0.999850492269519,0.999957463975018,0.999310066307934,0.997440031379949,2.31927793998228,2.79938927624649
1.61477365685229,2.75453960366621,1,1,1,1,50,50,50ll04,O-M,1,0.0617,0.0007,0.999224245751759,0.999600614089897,0.99984439222083,0.999194698969167,0.997061261187872,0.999224245751759,0.999600614089897,0.99984439222083,0.999194698969167,0.997061261187872,1.61477365685229,2.75453960366621
0.857352630587722,1.59278018722577,1,1,1,1,50,50,50ll04,O-M,1,0.1513,0.2335,0.971985978360378,0.980659011248464,0.990074487867094,0.976826561371497,0.944395244336268,0.971985978360378,0.980659011248464,0.990074487867094,0.976826561371497,0.944395244336268,0.857352630587722,1.59278018722577
-1.06438260689474,1.44166736995242,0,1,1,1,50,50,50ll04,O-M,1,0.1657,0.0006,0.966888966248889,0.97568109180689,0.988135888592923,0.967197105083206,0.925301883519804,0.966888966248889,0.97568109180689,0.988135888592923,0.967197105083206,0.925301883519804,1.06438260689474,1.44166736995242
-0.171528474899432,2.0611534724676,0,1,1,1,50,50,50ll04,O-M,1,0.292,0.0006,0.986479181443186,0.991746330357172,0.995203190285909,0.993064633000783,0.980355799618669,0.986479181443186,0.991746330357172,0.995203190285909,0.993064633000783,0.980355799618669,0.171528474899432,2.0611534724676
-0.875626427456031,2.76957443708801,0,1,1,1,50,50,50ll04,O-M,1,0.3588,0.0007,0.998626452038356,0.999304734944545,0.999661756038121,0.999235216661183,0.997193521153824,0.998626452038356,0.999304734944545,0.999661756038121,0.999235216661183,0.997193521153824,0.875626427456031,2.76957443708801
2.06442532060544,1.69624022738256,1,1,1,1,50,50,50ll04,O-M,1,0.0515,0.0007,0.992606911374976,0.993958634299232,0.998069022258072,0.981944727413301,0.955079802473953,0.992606911374976,0.993958634299232,0.998069022258072,0.981944727413301,0.955079802473953,2.06442532060544,1.69624022738256
2.31081792906965,1.76861128995529,1,1,1,1,50,50,50ll04,O-M,1,0.0494,0.0007,0.995485498422504,0.996164720461938,0.998936008387233,0.984922617178548,0.961520617314192,0.995485498422504,0.996164720461938,0.998936008387233,0.984922617178548,0.961520617314192,2.31081792906965,1.76861128995529
-1.45044874527865,-0.783487976473973,1,0,0,1,50,50,50ll04,O-M,1,0.118,0.0006,0.256407110287095,0.291479740832383,0.37242426167697,0.350471535599012,0.21667030577591,0.743592889712905,0.708520259167617,0.62757573832303,0.649528464400988,0.78332969422409,1.45044874527865,0.783487976473973
-1.05057778613213,2.8011730700423,0,1,1,1,50,50,50ll04,O-M,1,0.1701,0.0598,0.998892792698865,0.999446345056288,0.999742627231256,0.999314322827542,0.997454139813893,0.998892792698865,0.999446345056288,0.999742627231256,0.999314322827542,0.997454139813893,1.05057778613213,2.8011730700423
0.709656676526722,1.62463364786517,1,1,1,1,50,50,50ll04,O-M,1,0.131,0.0006,0.971472335077498,0.980648054668289,0.989702718814899,0.978518725369621,0.947879678443509,0.971472335077498,0.980648054668289,0.989702718814899,0.978518725369621,0.947879678443509,0.709656676526722,1.62463364786517
-1.51880605020206,2.20258283770657,0,1,1,1,50,50,50ll04,O-M,1,0.1617,0.0006,0.99592348224083,0.997503677916487,0.998987406573788,0.995366219296251,0.986187917675369,0.99592348224083,0.997503677916487,0.998987406573788,0.995366219296251,0.986187917675369,1.51880605020206,2.20258283770657
1.09237840172965,2.01528448914686,1,1,1,1,50,50,50ll04,O-M,1,0.2181,0.0007,0.990642122296675,0.994164097498495,0.997255707679204,0.992126447392285,0.978062575406258,0.990642122296675,0.994164097498495,0.997255707679204,0.992126447392285,0.978062575406258,1.09237840172965,2.01528448914686
1.63079766766958,0.83721610085904,1,1,1,1,50,50,50ll04,O-M,1,0.0325,0.0007,0.939989247527962,0.941708604388742,0.975998267355855,0.891892654269168,0.798764445613293,0.939989247527962,0.941708604388742,0.975998267355855,0.891892654269168,0.798764445613293,1.63079766766958,0.83721610085904
0.466827274629169,1.76300508088276,1,1,1,1,50,50,50ll04,O-M,1,0.1524,0.0007,0.976060673071586,0.984426382933785,0.991310063035536,0.984708066507854,0.961050183634429,0.976060673071586,0.984426382933785,0.991310063035536,0.984708066507854,0.961050183634429,0.466827274629169,1.76300508088276
0.470640530779446,2.6691723291526,1,1,1,1,50,50,50ll04,O-M,1,0.02,0.081,0.997685562779123,0.998778471300514,0.999347880999123,0.998924723572948,0.996198078712235,0.997685562779123,0.998778471300514,0.999347880999123,0.998924723572948,0.996198078712235,0.470640530779446,2.6691723291526
-0.888629005804517,0.939911657960487,0,1,1,1,50,50,50ll04,O-M,1,0.1737,0.0006,0.911640542691132,0.927169792006787,0.96119112620778,0.909771930491664,0.826368561523409,0.911640542691132,0.927169792006787,0.96119112620778,0.909771930491664,0.826368561523409,0.888629005804517,0.939911657960487
-1.33830150702297,1.91258893204541,0,1,1,1,50,50,50ll04,O-M,1,0.0975,0.0006,0.990180447461399,0.993536341393699,0.99718072791127,0.989611962285054,0.972099651152871,0.990180447461399,0.993536341393699,0.99718072791127,0.989611962285054,0.972099651152871,1.33830150702297,1.91258893204541
-0.802747392562077,1.54742085927525,0,1,1,1,50,50,50ll04,O-M,1,0.0807,0.0007,0.968289892629853,0.977926387218473,0.988475385537902,0.974224305619768,0.93911910273652,0.968289892629853,0.977926387218473,0.988475385537902,0.974224305619768,0.93911910273652,0.802747392562077,1.54742085927525
0.719075210843253,1.25309488296713,1,1,1,1,50,50,50ll04,O-M,1,0.1021,0.0006,0.942146505731929,0.956793797099764,0.976490844831462,0.950787244988047,0.894914410967929,0.942146505731929,0.956793797099764,0.976490844831462,0.950787244988047,0.894914410967929,0.719075210843253,1.25309488296713
-1.42551671804474,2.35242151655434,0,1,1,1,50,50,50ll04,O-M,1,0.1288,0.0007,0.997002621087769,0.998268776978955,0.999275787352287,0.997037123543333,0.990674187320897,0.997002621087769,0.998268776978955,0.999275787352287,0.997037123543333,0.990674187320897,1.42551671804474,2.35242151655434
1.97694964126739,1.46613082772349,1,1,1,1,50,50,50ll04,O-M,1,0.0084,0.0007,0.986525929100885,0.988309020637467,0.996067448368204,0.968949300105554,0.928693675635299,0.986525929100885,0.988309020637467,0.996067448368204,0.968949300105554,0.928693675635299,1.97694964126739,1.46613082772349
-0.972770690694234,0.126246859387482,1,0,0,1,50,50,50ll04,O-M,1,0.0944,0.0007,0.503698433248892,0.554025429600674,0.639860910330707,0.607647718284264,0.449768259821895,0.496301566751108,0.445974570399326,0.360139089669293,0.392352281715736,0.550231740178105,0.972770690694234,0.126246859387482
0.987555532527642,0.809694710866592,0,1,0,0,50,50,50ll04,O-M,1,0.2204,0.3153,0.270518487296154,0.297381486747127,0.392649169075004,0.340809645585121,0.20905782931986,0.729481512703846,0.702618513252873,0.607350830924996,0.659190354414879,0.79094217068014,0.987555532527642,0.809694710866592
1.59791614742293,2.63069334870019,1,1,1,1,50,50,50ll04,O-M,1,0.1035,0.0007,0.998852386073742,0.999385337910309,0.999758980140585,0.998777772065966,0.99573945580615,0.998852386073742,0.999385337910309,0.999758980140585,0.998777772065966,0.99573945580615,1.59791614742293,2.63069334870019
2.3422304080125,1.09306309671475,1,1,1,1,50,50,50ll04,O-M,1,0.0536,0.0007,0.981630639435019,0.980429086668451,0.994620448744113,0.932216379197532,0.862816951316434,0.981630639435019,0.980429086668451,0.994620448744113,0.932216379197532,0.862816951316434,2.3422304080125,1.09306309671475
1.10534972388019,2.72421510913749,1,1,1,1,50,50,50ll04,O-M,1,0.1849,0.1361,0.998652784850005,0.999312411947481,0.999684583023796,0.999106902288117,0.996777274441636,0.998652784850005,0.999312411947481,0.999684583023796,0.999106902288117,0.996777274441636,1.10534972388019,2.72421510913749
0.14503429796946,-0.787565219435817,1,0,0,1,50,50,50ll04,O-M,1,0.1252,0.2668,0.344686552849755,0.345521608349126,0.477223068447864,0.348961775811369,0.215475532788257,0.655313447150245,0.654478391650874,0.522776931552136,0.651038224188631,0.784524467211743,0.14503429796946,0.787565219435817
-0.922885798761103,2.21354042816652,0,1,1,1,50,50,50ll04,O-M,1,0.1906,0.0822,0.993587052825404,0.996246337228379,0.998162880397038,0.995512181125192,0.98656979539655,0.993587052825404,0.996246337228379,0.998162880397038,0.995512181125192,0.98656979539655,0.922885798761103,2.21354042816652
-0.502479517559396,-0.076086322594029,1,0,0,1,50,50,50ll04,O-M,1,0.198,0.1841,0.549957879866634,0.593412786148497,0.687926760209088,0.626786389746533,0.469675210792607,0.450042120133366,0.406587213851503,0.312073239790912,0.373213610253467,0.530324789207393,0.502479517559396,0.076086322594029
0.199128357893607,0.607871184255312,1,1,0,0,50,50,50ll04,O-M,1,0.0852,0.417,0.394780982888234,0.407502069412659,0.533928456832506,0.417446250747545,0.271636456284522,0.605219017111766,0.592497930587341,0.466071543167494,0.582553749252455,0.728363543715478,0.199128357893607,0.607871184255312
-0.910268713520706,2.80805341754041,0,1,1,1,50,50,50ll04,O-M,1,0.2126,0.0006,0.998807273850986,0.999402751703143,0.99971219958434,0.999330514949076,0.997507902073347,0.998807273850986,0.999402751703143,0.99971219958434,0.999330514949076,0.997507902073347,0.910268713520706,2.80805341754041
-0.1651313730517,1.92558514398629,0,1,1,1,50,50,50ll04,O-M,1,0.2455,0.0007,0.981301412273837,0.988249563469639,0.993110481141497,0.98996469870107,0.972921902417154,0.981301412273837,0.988249563469639,0.993110481141497,0.98996469870107,0.972921902417154,0.1651313730517,1.92558514398629
-0.914957143213669,0.99342547183469,0,1,1,1,50,50,50ll04,O-M,1,0.4347,0.0007,0.919964032549246,0.934719598713523,0.965627898822966,0.918169799520858,0.83974867324055,0.919964032549246,0.934719598713523,0.965627898822966,0.918169799520858,0.83974867324055,0.914957143213669,0.99342547183469
2.18733510968964,2.36771117766125,1,1,1,1,50,50,50ll04,O-M,1,0.1159,0.0006,0.998831742611253,0.999241906102373,0.999772038203557,0.997172575865643,0.991050748878066,0.998831742611253,0.999241906102373,0.999772038203557,0.997172575865643,0.991050748878066,2.18733510968964,2.36771117766125
-1.52540110797016,0.839509550025077,0,1,1,1,50,50,50ll04,O-M,1,0.1653,0.0007,0.934485936800519,0.937890217512908,0.973239962196328,0.892317954570618,0.799408283803802,0.934485936800519,0.937890217512908,0.973239962196328,0.892317954570618,0.799408283803802,1.52540110797016,0.839509550025077
1.19282540321823,2.38988118626628,1,1,1,1,50,50,50ll04,O-M,1,0.0572,0.0006,0.996693397029095,0.998140672795607,0.999161914678406,0.99735906927861,0.991573087941053,0.996693397029095,0.998140672795607,0.999161914678406,0.99735906927861,0.991573087941053,1.19282540321823,2.38988118626628
0.455637555761963,1.91641134732214,1,1,1,1,50,50,50ll04,O-M,1,0.0167,0.0006,0.982952179296354,0.989304570532282,0.994070195050157,0.989716813446725,0.972343621202459,0.982952179296354,0.989304570532282,0.994070195050157,0.989716813446725,0.972343621202459,0.455637555761963,1.91641134732214
1.91067608287419,1.02145651719737,1,1,1,1,50,50,50ll04,O-M,1,0.1123,2.1769,0.966238352462021,0.966746431359358,0.988189714221717,0.92232661292909,0.84648089983695,0.966238352462021,0.966746431359358,0.988189714221717,0.92232661292909,0.84648089983695,1.91067608287419,1.02145651719737
-0.474213495877152,0.715663295059064,1,1,0,0,50,50,50ll04,O-M,1,0.298,0.0008,0.335016102581089,0.352451382748675,0.46838252937463,0.375916607031648,0.23709964015232,0.664983897418911,0.647548617251325,0.53161747062537,0.624083392968352,0.76290035984768,0.474213495877152,0.715663295059064
0.466868949559773,2.78257064902889,1,1,1,1,50,50,50ll04,O-M,1,0.0082,1.6669,0.998356474959676,0.999153812129806,0.9995498104182,0.999268718417405,0.997303493890487,0.998356474959676,0.999153812129806,0.9995498104182,0.999268718417405,0.997303493890487,0.466868949559773,2.78257064902889
1.515243503837,1.67534435720311,1,1,1,1,50,50,50ll04,O-M,1,0.087,1.3065,0.985771549660873,0.989619925196713,0.995722249711755,0.980996748907283,0.95306665643959,0.985771549660873,0.989619925196713,0.995722249711755,0.980996748907283,0.95306665643959,1.515243503837,1.67534435720311
1.04263937205364,2.81901100800037,1,1,1,1,50,50,50ll04,O-M,1,0.1532,0.0429,0.998946649886304,0.999475713440794,0.999755859026613,0.999355575621614,0.997591406696516,0.998946649886304,0.999475713440794,0.999755859026613,0.999355575621614,0.997591406696516,1.04263937205364,2.81901100800037
-0.890931545720394,1.70847195626809,0,1,1,1,50,50,50ll04,O-M,1,0.1549,0.0006,0.978460013003275,0.985554632673657,0.992701723024065,0.982480707726672,0.956225597189724,0.978460013003275,0.985554632673657,0.992701723024065,0.982480707726672,0.956225597189724,0.890931545720394,1.70847195626809
-1.50037531214239,1.40242390644467,0,1,1,1,50,50,50ll04,O-M,1,0.1457,0.1288,0.974811710610628,0.979966076303261,0.991594843202543,0.964216609285266,0.919605650688611,0.974811710610628,0.979966076303261,0.991594843202543,0.964216609285266,0.919605650688611,1.50037531214239,1.40242390644467
-0.0518589116697028,-0.821966956926376,1,0,0,1,50,50,50ll04,O-M,1,0.4759,0.314,0.34462812326514,0.339369706219504,0.476143416287354,0.336320304166774,0.205547851605232,0.65537187673486,0.660630293780496,0.523856583712646,0.663679695833226,0.794452148394768,0.0518589116697028,0.821966956926376
2.04210839526693,0.967433047952934,1,1,1,1,50,50,50ll04,O-M,1,0.1102,0.0006,0.967666179218874,0.9666183714305,0.988919679147187,0.914167487921385,0.833336202068731,0.967666179218874,0.9666183714305,0.988919679147187,0.914167487921385,0.833336202068731,2.04210839526693,0.967433047952934
1.37598672322334,2.03923829154769,1,1,1,1,50,50,50ll04,O-M,1,0.0673,0.0007,0.992976381582217,0.99553929557967,0.998087480778433,0.992629462538164,0.979286874502698,0.992976381582217,0.99553929557967,0.998087480778433,0.992629462538164,0.979286874502698,1.37598672322334,2.03923829154769
1.55278219757866,1.1740983005814,1,1,1,1,50,50,50ll04,O-M,1,0.0698,0.0006,0.963321953212849,0.968303884935682,0.986817139992444,0.942202914939817,0.879822172950425,0.963321953212849,0.968303884935682,0.986817139992444,0.942202914939817,0.879822172950425,1.55278219757866,1.1740983005814
1.40620104791132,2.86233171446996,1,1,1,1,50,50,50ll04,O-M,1,0.0793,0.0007,0.999317700400429,0.999664042143049,0.999859437174569,0.999446409143528,0.997897317406496,0.999317700400429,0.999664042143049,0.999859437174569,0.999446409143528,0.997897317406496,1.40620104791132,2.86233171446996
-0.104275555637034,-1.08902637092716,1,0,0,1,50,50,50ll04,O-M,1,0.0088,0.1155,0.26448208923564,0.24869859073698,0.380043411239667,0.245227247670389,0.138071128377338,0.73551791076436,0.751301409263019,0.619956588760333,0.754772752329611,0.861928871622662,0.104275555637034,1.08902637092716
0.550010436114991,2.74128856404021,1,1,1,1,50,50,50ll04,O-M,1,0.0908,0.0006,0.99820585591845,0.999072420505683,0.999514015271378,0.999157359972236,0.996940063283911,0.99820585591845,0.999072420505683,0.999514015271378,0.999157359972236,0.996940063283911,0.550010436114991,2.74128856404021
2.17556194179398,2.80983721133622,1,1,1,1,50,50,50ll04,O-M,1,0.1748,0.0007,0.999678615303158,0.999825799664577,0.999946582412155,0.999334654931192,0.997521671810328,0.999678615303158,0.999825799664577,0.999946582412155,0.999334654931192,0.997521671810328,2.17556194179398,2.80983721133622
-0.769865872315427,2.24080699047386,0,1,1,1,50,50,50ll04,O-M,1,0.1744,0.2445,0.993440181191586,0.99619650793494,0.99806674768883,0.995857721731345,0.987480710024705,0.993440181191586,0.99619650793494,0.99806674768883,0.995857721731345,0.987480710024705,0.769865872315427,2.24080699047386
1.76907508741404,2.30961046545498,1,1,1,1,50,50,50ll04,O-M,1,0.072,0.0673,0.997646341489553,0.998561788868889,0.999472476966886,0.996626198729525,0.989545135158829,0.997646341489553,0.998561788868889,0.999472476966886,0.996626198729525,0.989545135158829,1.76907508741404,2.30961046545498
-0.916165716201189,0.751084343290084,1,0,0,1,50,50,50ll04,O-M,1,0.0086,0.2724,0.292147204002541,0.320139745165746,0.418562299179729,0.362552594922182,0.226300948829946,0.707852795997459,0.679860254834254,0.581437700820271,0.637447405077818,0.773699051170054,0.916165716201189,0.751084343290084
-0.0786975669787558,-0.105646334067398,1,1,0,0,50,50,50ll04,O-M,1,0.2018,0.2907,0.57461026927739,0.605568932111543,0.712393522624995,0.615542306251903,0.457931480580121,0.42538973072261,0.394431067888457,0.287606477375005,0.384457693748097,0.542068519419879,0.0786975669787558,0.105646334067398
-1.41976557762137,2.71045441414127,0,1,1,1,50,50,50ll04,O-M,1,0.1694,0.0645,0.998921471640091,0.999443483127486,0.999767884399508,0.999064229620428,0.996640445800378,0.998921471640091,0.999443483127486,0.999767884399508,0.999064229620428,0.996640445800378,1.41976557762137,2.71045441414127
-0.432663590064845,-0.378057129455605,1,0,0,1,50,50,50ll04,O-M,1,0.1349,0.1784,0.449361040471873,0.481287773361599,0.591761691252669,0.508529979222522,0.352694077319293,0.550638959528127,0.518712226638401,0.408238308747331,0.491470020777478,0.647305922680707,0.432663590064845,0.378057129455605
1.11927956943461,2.24437457806547,1,1,1,1,50,50,50ll04,O-M,1,0.1683,0.0007,0.994836479132088,0.996981590982277,0.998603332047447,0.995901125468962,0.987595844614769,0.994836479132088,0.996981590982277,0.998603332047447,0.995901125468962,0.987595844614769,1.11927956943461,2.24437457806547
-0.717782627792929,0.366549366451166,1,0,0,1,50,50,50ll04,O-M,1,0.1527,0.0595,0.43186938119612,0.471550238381864,0.572479658278564,0.51311919702513,0.356977591363318,0.56813061880388,0.528449761618136,0.427520341721436,0.48688080297487,0.643022408636682,0.717782627792929,0.366549366451166
-0.183062011944122,1.31680180424595,0,1,1,1,50,50,50ll04,O-M,1,0.3124,0.2502,0.935016384964088,0.953428672027694,0.971665074303373,0.95694112510178,0.906047466038533,0.935016384964088,0.953428672027694,0.971665074303373,0.95694112510178,0.906047466038533,0.183062011944122,1.31680180424595
1.15589099597033,2.54099400353963,1,1,1,1,50,50,50ll04,O-M,1,0.0722,2.2334,0.997772416718829,0.998802503800367,0.999456299835804,0.99836123723298,0.994473109234925,0.997772416718829,0.998802503800367,0.999456299835804,0.99836123723298,0.994473109234925,1.15589099597033,2.54099400353963
1.50925273256266,1.90851168908357,1,1,1,1,50,50,50ll04,O-M,1,0.0929,0.0834,0.991516646054579,0.994278251745854,0.997654635268556,0.989499095009146,0.971837443081996,0.991516646054579,0.994278251745854,0.997654635268556,0.989499095009146,0.971837443081996,1.50925273256266,1.90851168908357
2.23119797415048,1.65878055767062,1,1,1,1,50,50,50ll04,O-M,1,0.0779,0.0007,0.993525546827104,0.994392894467424,0.998368243421885,0.980215528764764,0.951419990256484,0.993525546827104,0.994392894467424,0.998368243421885,0.980215528764764,0.951419990256484,2.23119797415048,1.65878055767062
-1.45518926863487,1.41210735847905,0,1,1,1,50,50,50ll04,O-M,1,0.2672,0.1306,0.97424993663666,0.979756498207436,0.991358914965414,0.964971936444784,0.921040823789752,0.97424993663666,0.979756498207436,0.991358914965414,0.964971936444784,0.921040823789752,1.45518926863487,1.41210735847905
1.66623177741573,1.56806190176959,1,1,1,1,50,50,50ll04,O-M,1,0.0639,0.0007,0.984622743615599,0.988027919675085,0.995345705474868,0.975437325721715,0.941566656676444,0.984622743615599,0.988027919675085,0.995345705474868,0.975437325721715,0.941566656676444,1.66623177741573,1.56806190176959
1.73498499417987,1.48320428262621,1,1,1,1,50,50,50ll04,O-M,1,0.0084,0.0006,0.982958932294412,0.986137619678442,0.994756074512001,0.970125721210071,0.930989928136941,0.982958932294412,0.986137619678442,0.994756074512001,0.970125721210071,0.930989928136941,1.73498499417987,1.48320428262621
-1.09718077728018,2.0343965655305,0,1,1,1,50,50,50ll04,O-M,1,0.147,0.1951,0.99109593640217,0.994475994986026,0.997408019857689,0.992530135570645,0.979044186064122,0.99109593640217,0.994475994986026,0.997408019857689,0.992530135570645,0.979044186064122,1.09718077728018,2.0343965655305
1.90612309670569,1.84276614632383,1,1,1,1,50,50,50ll04,O-M,1,0.0083,0.0007,0.993562857184803,0.995207331595343,0.998342265520873,0.9875259818928,0.967318419200348,0.993562857184803,0.995207331595343,0.998342265520873,0.9875259818928,0.967318419200348,1.90612309670569,1.84276614632383
2.13297016271656,1.42561322579016,1,1,1,1,50,50,50ll04,O-M,1,0.0089,0.0034,0.987859975921521,0.988875925681159,0.996560488616681,0.966003519715254,0.923009991771903,0.987859975921521,0.988875925681159,0.996560488616681,0.966003519715254,0.923009991771903,2.13297016271656,1.42561322579016
1.54070688643612,1.33463974220401,1,1,1,1,50,50,50ll04,O-M,1,0.0707,0.001,0.972369856977155,0.977359795212671,0.990622328705733,0.958548054144117,0.90900285792689,0.972369856977155,0.977359795212671,0.990622328705733,0.958548054144117,0.90900285792689,1.54070688643612,1.33463974220401
0.983242177210116,2.59705609426498,1,1,1,1,50,50,50ll04,O-M,1,0.0534,0.1213,0.997852862318689,0.998865507129701,0.999460405486057,0.998634492419157,0.995298671628878,0.997852862318689,0.998865507129701,0.999460405486057,0.998634492419157,0.995298671628878,0.983242177210116,2.59705609426498
0.97711596241131,1.86926822557582,1,1,1,1,50,50,50ll04,O-M,1,0.0125,0.0007,0.985719322804532,0.990786921033807,0.995491992105486,0.988356969951968,0.969207246773301,0.985719322804532,0.990786921033807,0.995491992105486,0.988356969951968,0.969207246773301,0.97711596241131,1.86926822557582
0.183948264421056,0.305390722023506,1,1,0,0,50,50,50ll04,O-M,1,0.0723,0.0337,0.496689269859751,0.52358861326794,0.639189924019374,0.537465091688003,0.380034293627296,0.503310730140249,0.47641138673206,0.360810075980626,0.462534908311997,0.619965706372704,0.183948264421056,0.305390722023506
-0.662636275871028,1.34508767729374,0,1,1,1,50,50,50ll04,O-M,1,0.1442,0.034,0.949537168887051,0.963340172750323,0.979903922956579,0.959466461643697,0.910701538919485,0.949537168887051,0.963340172750323,0.979903922956579,0.959466461643697,0.910701538919485,0.662636275871028,1.34508767729374
0.107693560148169,0.307429343504428,1,1,0,0,50,50,50ll04,O-M,1,0.0676,0.0737,0.50356653453219,0.527602660572504,0.645828285124325,0.536655311288959,0.379258298012157,0.49643346546781,0.472397339427496,0.354171714875675,0.463344688711041,0.620741701987843,0.107693560148169,0.307429343504428
1.76029209578923,2.77314202467962,1,1,1,1,50,50,50ll04,O-M,1,0.1645,0.0582,0.999377271936487,0.999677316774963,0.999881052901531,0.999244551277547,0.997224105756118,0.999377271936487,0.999677316774963,0.999881052901531,0.999244551277547,0.997224105756118,1.76029209578923,2.77314202467962
0.372371044414932,-0.961867356054651,1,0,0,1,50,50,50ll04,O-M,1,0.4476,0.2276,0.272383578854742,0.27387877301526,0.39305112829985,0.286912526269314,0.168058119098509,0.727616421145258,0.72612122698474,0.60694887170015,0.713087473730686,0.831941880901491,0.372371044414932,0.961867356054651
0.505980871931739,1.81473510096115,1,1,1,1,50,50,50ll04,O-M,1,0.0573,0.1204,0.979011436795913,0.98650655674796,0.992556511252589,0.986591640465627,0.965217685950349,0.979011436795913,0.98650655674796,0.992556511252589,0.986591640465627,0.965217685950349,0.505980871931739,1.81473510096115
-0.280237531380278,2.78664789199073,0,1,1,1,50,50,50ll04,O-M,1,0.37,0.0007,0.99824517466612,0.999085327665618,0.999496038488388,0.999278946717822,0.997337184462793,0.99824517466612,0.999085327665618,0.999496038488388,0.999278946717822,0.997337184462793,0.280237531380278,2.78664789199073
-0.975833798093637,2.09912279754978,0,1,1,1,50,50,50ll04,O-M,1,0.2754,0.0006,0.991728924486641,0.994995621457761,0.997574785721271,0.993765101982253,0.98209696136523,0.991728924486641,0.994995621457761,0.997574785721271,0.993765101982253,0.98209696136523,0.975833798093637,2.09912279754978
0.576140617603774,2.31776495137866,1,1,1,1,50,50,50ll04,O-M,1,0.2476,0.0522,0.994061637545399,0.996616011043942,0.998207385372268,0.99670821116742,0.989768950556969,0.994061637545399,0.996616011043942,0.998207385372268,0.99670821116742,0.989768950556969,0.576140617603774,2.31776495137866
1.75056099949316,1.436315988565,1,1,1,1,50,50,50ll04,O-M,1,0.088,0.0007,0.981579718985895,0.984721166031682,0.994250706604545,0.966803141552082,0.924543776754007,0.981579718985895,0.984721166031682,0.994250706604545,0.966803141552082,0.924543776754007,1.75056099949316,1.436315988565
-1.41881747295013,1.0370010059894,0,1,1,1,50,50,50ll04,O-M,1,0.1769,0.0007,0.947821286284656,0.954295754275178,0.979751387829174,0.924561589039132,0.850132305838466,0.947821286284656,0.954295754275178,0.979751387829174,0.924561589039132,0.850132305838466,1.41881747295013,1.0370010059894
-0.223590881956628,-0.86528766339597,1,1,0,0,50,50,50ll04,O-M,1,0.2762,0.051,0.313653641774571,0.313853919277564,0.441641327454768,0.320662360710381,0.193440460116144,0.686346358225429,0.686146080722436,0.558358672545232,0.679337639289619,0.806559539883856,0.223590881956628,0.86528766339597
-0.389227893642701,0.26003139407299,1,1,0,0,50,50,50ll04,O-M,1,0.2031,0.0007,0.493872486423028,0.529120941002539,0.636049937202103,0.555436461069435,0.397419778675814,0.506127513576972,0.470879058997461,0.363950062797897,0.444563538930565,0.602580221324186,0.389227893642701,0.26003139407299
-0.516034288738386,1.2558979875034,0,1,1,1,50,50,50ll04,O-M,1,0.2227,0.3784,0.936452847894513,0.953241684779566,0.973300323435401,0.951072046249035,0.895423520837242,0.936452847894513,0.953241684779566,0.973300323435401,0.951072046249035,0.895423520837242,0.516034288738386,1.2558979875034
-1.44385368751055,1.91870479648818,0,1,1,1,50,50,50ll04,O-M,1,0.3389,0.0922,0.991189730378838,0.994133197020458,0.997536192846208,0.989779280168986,0.97248914792406,0.991189730378838,0.994133197020458,0.997536192846208,0.989779280168986,0.97248914792406,1.44385368751055,1.91870479648818
-0.96473784782029,1.36267078756669,0,1,1,1,50,50,50ll04,O-M,1,0.4841,0.0006,0.958895989855186,0.969476902807396,0.984582263892618,0.960974730267043,0.913506855811852,0.958895989855186,0.969476902807396,0.984582263892618,0.960974730267043,0.913506855811852,0.96473784782029,1.36267078756669
0.661251244630037,2.29508528740341,1,1,1,1,50,50,50ll04,O-M,1,0.1096,0.0006,0.993960401418456,0.996544177444426,0.998201992878563,0.996475553717435,0.989135881465126,0.993960401418456,0.996544177444426,0.998201992878563,0.996475553717435,0.989135881465126,0.661251244630037,2.29508528740341
0.189824429636237,-1.17770640534727,1,1,0,0,50,50,50ll04,O-M,1,0.2131,0.0007,0.233685715842113,0.218167642874265,0.341868521264513,0.218206060551239,0.119456836218376,0.766314284157887,0.781832357125735,0.658131478735487,0.781793939448761,0.880543163781624,0.189824429636237,1.17770640534727
-1.16119347068811,1.5349343027046,0,1,1,1,50,50,50ll04,O-M,1,0.2276,1.8821,0.974302241430324,0.981415613406831,0.991252778517797,0.973466453305432,0.937600016758258,0.974302241430324,0.981415613406831,0.991252778517797,0.973466453305432,0.937600016758258,1.16119347068811,1.5349343027046
1.22913468650707,1.12771966189043,1,0,1,0,50,50,50ll04,O-M,1,0.2311,0.2477,0.947979572560308,0.957159341164565,0.97978321244186,0.936639373488654,0.870280834365158,0.947979572560308,0.957159341164565,0.97978321244186,0.936639373488654,0.870280834365158,1.22913468650707,1.12771966189043
-1.36028503291664,2.39268429080255,0,1,1,1,50,50,50ll04,O-M,1,0.2154,0.051,0.997150012363976,0.998383048301917,0.999308957046898,0.997381840081627,0.991637186974732,0.997150012363976,0.998383048301917,0.999308957046898,0.997381840081627,0.991637186974732,1.36028503291664,2.39268429080255
-0.748642913905279,2.55016780020377,0,1,1,1,50,50,50ll04,O-M,1,0.2272,0.0006,0.997152946267843,0.998472439187498,0.999228727294688,0.998409113509137,0.994616445894965,0.997152946267843,0.998472439187498,0.999228727294688,0.998409113509137,0.994616445894965,0.748642913905279,2.55016780020377
0.0870853069644317,-1.19095744497326,1,0,0,1,50,50,50ll04,O-M,1,0.3259,0.1759,0.24049904683349,0.219851109636699,0.349339852586684,0.21432112188872,0.116835145636911,0.75950095316651,0.7801488903633,0.650660147413316,0.78567887811128,0.883164854363089,0.0870853069644317,1.19095744497326
2.0604557834654,1.26303316268663,1,1,1,1,50,50,50ll04,O-M,1,0.0341,0.0007,0.981663084378469,0.982595567589328,0.994365088257945,0.951791054622672,0.896711369014919,0.981663084378469,0.982595567589328,0.994365088257945,0.951791054622672,0.896711369014919,2.0604557834654,1.26303316268663
2.02653238995364,1.49263290697547,1,1,1,1,50,50,50ll04,O-M,1,0.0969,0.0006,0.987974796166832,0.989529389004175,0.996571641858003,0.970759382611713,0.932233347700415,0.987974796166832,0.989529389004175,0.996571641858003,0.970759382611713,0.932233347700415,2.02653238995364,1.49263290697547
1.88656713551971,2.1029452128265,1,1,1,1,50,50,50ll04,O-M,1,0.069,0.0006,0.996490295029286,0.997637280471202,0.999176885803402,0.993832023241771,0.982264720524171,0.996490295029286,0.997637280471202,0.999176885803402,0.993832023241771,0.982264720524171,1.88656713551971,2.1029452128265
-1.51808715764914,2.51856916724948,0,1,1,1,50,50,50ll04,O-M,1,0.1119,0.0006,0.998274086851069,0.999047502790353,0.999615227342639,0.998238631423667,0.994108363113077,0.998274086851069,0.999047502790353,0.999615227342639,0.998238631423667,0.994108363113077,1.51808715764914,2.51856916724948
-0.964185654989785,1.60144432851969,0,1,1,1,50,50,50ll04,O-M,1,0.1691,0.0364,0.974254184040195,0.982113490935294,0.991093795057159,0.977297584855883,0.945360729400084,0.974254184040195,0.982113490935294,0.991093795057159,0.977297584855883,0.945360729400084,0.964185654989785,1.60144432851969
-0.186448100055707,-0.874461460060118,1,1,0,0,50,50,50ll04,O-M,1,0.0974,0.0007,0.314782149175775,0.312907743068938,0.442591808464548,0.317385926352488,0.190933499853306,0.685217850824225,0.687092256931062,0.557408191535452,0.682614073647512,0.809066500146694,0.186448100055707,0.874461460060118
1.6183681196169,0.949340282309751,1,1,1,1,50,50,50ll04,O-M,1,0.1106,0.0006,0.949300992548882,0.952429714676429,0.980472793974926,0.911296264598301,0.828776213916388,0.949300992548882,0.952429714676429,0.980472793974926,0.911296264598301,0.828776213916388,1.6183681196169,0.949340282309751
-0.988992657431888,-0.013653539740792,1,0,0,1,50,50,50ll04,O-M,1,0.2894,0.1557,0.544509600462407,0.596486266968469,0.677222301418771,0.650172679248989,0.494553194952242,0.455490399537593,0.403513733031531,0.322777698581229,0.349827320751011,0.505446805047759,0.988992657431888,0.013653539740792
1.87154332303692,2.39778084450485,1,1,1,1,50,50,50ll04,O-M,1,0.1055,0.1213,0.99836220271843,0.999014491387242,0.999654212007588,0.997422787575773,0.99175263459383,0.99836220271843,0.999014491387242,0.999654212007588,0.997422787575773,0.99175263459383,1.87154332303692,2.39778084450485
1.26224541887205,0.98807409044727,1,1,1,1,50,50,50ll04,O-M,1,0.055,0.0008,0.936041824827429,0.944862141493039,0.974012551073398,0.917357508696839,0.838441818078709,0.936041824827429,0.944862141493039,0.974012551073398,0.917357508696839,0.838441818078709,1.26224541887205,0.98807409044727
1.02549013811004,1.84760787234102,1,1,1,1,50,50,50ll04,O-M,1,0.0788,0.0006,0.985481618276918,0.990544098682599,0.995432295761268,0.987681523957088,0.967670454980004,0.985481618276918,0.990544098682599,0.995432295761268,0.987681523957088,0.967670454980004,1.02549013811004,1.84760787234102
-0.117840745548675,2.4219894745908,0,1,1,1,50,50,50ll04,O-M,1,0.1566,0.0978,0.994600596391915,0.996934066552699,0.9982343567676,0.997609494400855,0.992282101190647,0.994600596391915,0.996934066552699,0.9982343567676,0.997609494400855,0.992282101190647,0.117840745548675,2.4219894745908
0.658469443012212,2.80830824522553,1,1,1,1,50,50,50ll04,O-M,1,0.0732,0.0007,0.998618473354514,0.999300824711667,0.999642808185258,0.999331107826609,0.997509873404973,0.998618473354514,0.999300824711667,0.999642808185258,0.999331107826609,0.997509873404973,0.658469443012212,2.80830824522553
1.04605671636317,2.62610645036812,1,1,1,1,50,50,50ll04,O-M,1,0.1087,0.0007,0.998112934670186,0.999010737955542,0.999537686298731,0.998759079610644,0.995681609884033,0.998112934670186,0.999010737955542,0.999537686298731,0.998759079610644,0.995681609884033,1.04605671636317,2.62610645036812
0.0744786404566855,0.160138941507811,1,1,0,0,50,50,50ll04,O-M,1,0.0882,0.0007,0.556654511458031,0.585543481924558,0.696061934557906,0.594564023013281,0.436385813052986,0.443345488541969,0.414456518075442,0.303938065442094,0.405435976986719,0.563614186947014,0.0744786404566855,0.160138941507811
0.142189983955729,-1.01767461909489,1,0,0,1,50,50,50ll04,O-M,1,0.046,0.25,0.279430857445133,0.268570724383544,0.399164072225033,0.268210427457081,0.154416306461342,0.720569142554867,0.731429275616456,0.600835927774967,0.731789572542919,0.845583693538657,0.142189983955729,1.01767461909489
0.738652009494538,1.83690510956618,1,0,1,0,50,50,50ll04,O-M,1,0.0228,0.2735,0.982237799954148,0.988579246547164,0.994038286605648,0.987335421192438,0.966888047566762,0.982237799954148,0.988579246547164,0.994038286605648,0.987335421192438,0.966888047566762,0.738652009494538,1.83690510956618
1.25995329768882,1.16517933160237,1,1,1,1,50,50,50ll04,O-M,1,0.0499,0.0006,0.952352469442806,0.960983096963239,0.981831822001351,0.941163932183361,0.878026794992581,0.952352469442806,0.960983096963239,0.981831822001351,0.941163932183361,0.878026794992581,1.25995329768882,1.16517933160237
-0.598363114146824,2.84576791493747,0,1,1,1,50,50,50ll04,O-M,1,0.1507,0.0017,0.998732405257567,0.99936180892737,0.999670148726782,0.999413176019444,0.997784776381724,0.998732405257567,0.99936180892737,0.999670148726782,0.999413176019444,0.997784776381724,0.598363114146824,2.84576791493747
2.16296569401888,1.75510542264418,1,1,1,1,50,50,50ll04,O-M,1,0.0382,0.0007,0.994304839205903,0.995327448025719,0.998586078388529,0.984401297713556,0.960379361518098,0.994304839205903,0.995327448025719,0.998586078388529,0.984401297713556,0.960379361518098,2.16296569401888,1.75510542264418
-0.826981364708373,2.57768919019622,0,1,1,1,50,50,50ll04,O-M,1,0.1434,0.0668,0.997488455758219,0.998659987655967,0.999334546977564,0.99854519428881,0.995026829150296,0.997488455758219,0.998659987655967,0.999334546977564,0.99854519428881,0.995026829150296,0.826981364708373,2.57768919019622
-1.03523099293716,1.43504185013942,0,1,1,1,50,50,50ll04,O-M,1,0.1787,0.0006,0.965788173312626,0.974909762069755,0.98764541630569,0.966708768465191,0.924362413845482,0.965788173312626,0.974909762069755,0.98764541630569,0.966708768465191,0.924362413845482,1.03523099293716,1.43504185013942
2.19781635473658,0.952143386846019,1,1,1,1,50,50,50ll04,O-M,1,0.0162,0.0007,0.971877704502668,0.969823166445869,0.990847696272393,0.911745725449408,0.829487866083155,0.971877704502668,0.969823166445869,0.990847696272393,0.911745725449408,0.829487866083155,2.19781635473658,0.952143386846019
-1.03067800676866,1.84735304465591,0,1,1,1,50,50,50ll04,O-M,1,0.1506,0.0007,0.98552512035095,0.990568078109886,0.99545070865512,0.987673379621028,0.967652005115563,0.98552512035095,0.990568078109886,0.99545070865512,0.987673379621028,0.967652005115563,1.03067800676866,1.84735304465591
1.68376650446741,1.11268482846863,1,1,1,1,50,50,50ll04,O-M,1,0.0436,0.0006,0.963856488483486,0.967216338488374,0.987072223186957,0.934748976441211,0.867078093162198,0.963856488483486,0.967216338488374,0.987072223186957,0.934748976441211,0.867078093162198,1.68376650446741,1.11268482846863
-0.460075275669705,-0.66499310289538,1,0,0,1,50,50,50ll04,O-M,1,0.0943,0.2347,0.352033080920703,0.371516286364395,0.487683930157442,0.395291798473942,0.253027452255282,0.647966919079297,0.628483713635605,0.512316069842558,0.604708201526058,0.746972547744718,0.460075275669705,0.66499310289538
-1.47442224910867,1.97196378267726,0,1,1,1,50,50,50ll04,O-M,1,0.1878,0.0007,0.992451024045277,0.995039300028403,0.997943365153885,0.99113967594277,0.975693129442179,0.992451024045277,0.995039300028403,0.997943365153885,0.99113967594277,0.975693129442179,1.47442224910867,1.97196378267726
-0.48491353430976,-0.582174105232923,1,1,0,0,50,50,50ll04,O-M,1,0.235,0.0006,0.376467843296895,0.400808182837942,0.51486306017198,0.427503423601774,0.280224706791337,0.623532156703105,0.599191817162058,0.48513693982802,0.572496576398226,0.719775293208663,0.48491353430976,0.582174105232923
-0.716490704944201,-0.605618252263526,1,0,0,1,50,50,50ll04,O-M,1,0.1564,0.0893,0.350958942660965,0.380818171216561,0.486408647360511,0.418325933599169,0.272384139598244,0.649041057339035,0.619181828783439,0.51359135263949,0.581674066400831,0.727615860401756,0.716490704944201,0.605618252263526
-0.539101362827766,-0.481007514242167,1,0,0,1,50,50,50ll04,O-M,1,0.2017,0.1125,0.405584541406415,0.436211275874946,0.546136509577108,0.467495415335019,0.31525557909179,0.594415458593585,0.563788724125054,0.453863490422892,0.532504584664981,0.68474442090821,0.539101362827766,0.481007514242167
-1.46297206192519,1.07063826042461,0,1,1,1,50,50,50ll04,O-M,1,0.189,0.0432,0.952484082790602,0.958419097208604,0.981938717848497,0.929229753579039,0.857833943444342,0.952484082790602,0.958419097208604,0.981938717848497,0.929229753579039,0.857833943444342,1.46297206192519,1.07063826042461
0.7099379823083,2.03516104858585,1,1,1,1,50,50,50ll04,O-M,1,0.2688,0.0034,0.988637187793951,0.993061470719397,0.996388881454891,0.992545896755274,0.979082664539629,0.988637187793951,0.993061470719397,0.996388881454891,0.992545896755274,0.979082664539629,0.7099379823083,2.03516104858585
-0.971916354616849,1.07930240171853,0,1,1,1,50,50,50ll04,O-M,1,0.0922,0.3142,0.932702475162075,0.945947227994932,0.972199770945914,0.930395445321712,0.859773528700509,0.932702475162075,0.945947227994932,0.972199770945914,0.930395445321712,0.859773528700509,0.971916354616849,1.07930240171853
1.95796671037722,1.95998688147685,1,1,1,1,50,50,50ll04,O-M,1,0.0161,0.2413,0.995423042853189,0.996698753240556,0.998887856074113,0.990848412349229,0.975001338183042,0.995423042853189,0.996698753240556,0.998887856074113,0.990848412349229,0.975001338183042,1.95796671037722,1.95998688147685
1.02788644661978,2.58966609139664,1,1,1,1,50,50,50ll04,O-M,1,0.1166,0.2004,0.99787294470023,0.998873888566113,0.999470635672069,0.998601026317092,0.995196546683497,0.99787294470023,0.998873888566113,0.999470635672069,0.998601026317092,0.995196546683497,1.02788644661978,2.58966609139664
-0.45709551813151,0.774018834950457,1,1,0,0,50,50,50ll04,O-M,1,0.153,0.2233,0.31872236613928,0.332644055022883,0.449436747905862,0.353986949540437,0.219459826545547,0.68127763386072,0.667355944977117,0.550563252094138,0.646013050459563,0.780540173454453,0.45709551813151,0.774018834950457
0.686224946794556,2.57947298399203,1,1,1,1,50,50,50ll04,O-M,1,0.1192,0.0349,0.997292048668462,0.998554865623539,0.999260579506852,0.998553636588115,0.995052440093411,0.997292048668462,0.998554865623539,0.999260579506852,0.998553636588115,0.995052440093411,0.686224946794556,2.57947298399203
1.94080705770097,1.02324031099317,1,1,1,1,50,50,50ll04,O-M,1,0.0735,0.0006,0.967385334866246,0.967655454132495,0.988693596635819,0.922585610278166,0.846902881159641,0.967385334866246,0.967655454132495,0.988693596635819,0.922585610278166,0.846902881159641,1.94080705770097,1.02324031099317
1.4884361047259,2.25354837472962,1,1,1,1,50,50,50ll04,O-M,1,0.0317,0.219,0.996323320626528,0.997793807257669,0.999095877904054,0.996010871975952,0.987887702895731,0.996323320626528,0.997793807257669,0.999095877904054,0.996010871975952,0.987887702895731,1.4884361047259,2.25354837472962
-0.203045141168797,0.626983260638956,1,0,0,1,50,50,50ll04,O-M,1,0.1311,0.0641,0.388279784245241,0.400151885719462,0.52683316519119,0.410000762711779,0.265335103939619,0.611720215754759,0.599848114280538,0.47316683480881,0.589999237288221,0.734664896060381,0.203045141168797,0.626983260638956
1.28979254800137,1.61571467888614,1,1,1,1,50,50,50ll04,O-M,1,0.0407,0.0006,0.980302855088061,0.985861376884395,0.993651668625677,0.978055790615695,0.946921992090707,0.980302855088061,0.985861376884395,0.993651668625677,0.978055790615695,0.946921992090707,1.28979254800137,1.61571467888614
2.0782197226354,2.3284677141535,1,1,1,1,50,50,50ll04,O-M,1,0.0667,0.0006,0.998483733050299,0.99902498534109,0.999690002336387,0.99681313053211,0.990056359156467,0.998483733050299,0.99902498534109,0.999690002336387,0.99681313053211,0.990056359156467,2.0782197226354,2.3284677141535
0.0636327397669634,0.173135153448689,1,0,0,1,50,50,50ll04,O-M,1,0.1251,0.0031,0.553339541608023,0.581357156464342,0.69301216469778,0.5895179310659,0.431272596862537,0.446660458391977,0.418642843535658,0.30698783530222,0.4104820689341,0.568727403137463,0.0636327397669634,0.173135153448689
-0.940170476229162,-0.214202927926497,1,0,0,1,50,50,50ll04,O-M,1,0.1945,0.0006,0.47307721532504,0.521207930829999,0.611082656913289,0.573478550009157,0.41519440645904,0.52692278467496,0.478792069170001,0.388917343086711,0.426521449990843,0.58480559354096,0.940170476229162,0.214202927926497
-0.16412075598455,-0.909627680606024,1,0,0,1,50,50,50ll04,O-M,1,0.0828,0.0516,0.30703027998815,0.302386382449329,0.433072644966003,0.304960077206133,0.181509447695012,0.69296972001185,0.697613617550671,0.566927355033997,0.695039922793867,0.818490552304988,0.16412075598455,0.909627680606024
-1.04929628201605,1.48371393799644,0,1,1,1,50,50,50ll04,O-M,1,0.1517,0.0006,0.969176550558194,0.977671087649983,0.989083763112126,0.970160262010763,0.931057586486267,0.969176550558194,0.977671087649983,0.989083763112126,0.970160262010763,0.931057586486267,1.04929628201605,1.48371393799644
-0.767605007330154,2.08969417320051,0,1,1,1,50,50,50ll04,O-M,1,0.1314,0.0006,0.990368677073714,0.994194643435612,0.997028233895058,0.993597272993512,0.981677359616628,0.990368677073714,0.994194643435612,0.997028233895058,0.993597272993512,0.981677359616628,0.767605007330154,2.08969417320051
0.369162074758415,0.809694710866592,1,1,0,0,50,50,50ll04,O-M,1,0.1616,0.0009,0.315915532735734,0.324825815398158,0.445602531472018,0.340809645585121,0.20905782931986,0.684084467264266,0.675174184601842,0.554397468527982,0.659190354414879,0.79094217068014,0.369162074758415,0.809694710866592
1.66218930914713,2.29584977045875,1,1,1,1,50,50,50ll04,O-M,1,0.0651,0.0006,0.997248436000273,0.998336947635495,0.999362522908794,0.996483630531715,0.989157763715945,0.997248436000273,0.998336947635495,0.999362522908794,0.996483630531715,0.989157763715945,1.66218930914713,2.29584977045875
-0.210932121785627,-0.206303269687924,1,0,0,1,50,50,50ll04,O-M,1,0.0667,0.0992,0.528023043647315,0.559794219093775,0.669233149599185,0.576574152549186,0.418277012314872,0.471976956352685,0.440205780906225,0.330766850400815,0.423425847450814,0.581722987685128,0.210932121785627,0.206303269687924
1.0260735871385,2.07058209681687,1,1,1,1,50,50,50ll04,O-M,1,0.0215,0.0094,0.991424633729094,0.994757209640583,0.997491992925265,0.993244769324288,0.98080106666398,0.991424633729094,0.994757209640583,0.997491992925265,0.993244769324288,0.98080106666398,1.0260735871385,2.07058209681687
1.78073364925055,2.33789633850277,1,1,1,1,50,50,50ll04,O-M,1,0.0341,1.9365,0.997848738502121,0.998696361952173,0.999524228560687,0.996903055772711,0.990303686868735,0.997848738502121,0.998696361952173,0.999524228560687,0.996903055772711,0.990303686868735,1.78073364925055,2.33789633850277
-0.778888494791219,2.24513906112082,0,1,1,1,50,50,50ll04,O-M,1,0.113,0.2173,0.993547307418579,0.996262594702424,0.998104852742698,0.99591037314622,0.987620396652065,0.993547307418579,0.996262594702424,0.998104852742698,0.99591037314622,0.987620396652065,0.778888494791219,2.24513906112082
-0.478047589492731,-1.06405325778587,1,0,0,1,50,50,50ll04,O-M,1,0.1275,0.0335,0.236500534133077,0.237257343259715,0.348853729089783,0.253149022327805,0.143652286938023,0.763499465866923,0.762742656740285,0.651146270910217,0.746850977672195,0.856347713061977,0.478047589492731,1.06405325778587
-1.07876045795316,2.10906107726927,0,1,1,1,50,50,50ll04,O-M,1,0.1215,0.0007,0.992488837617252,0.995444676194058,0.997856939075889,0.993937774297481,0.982530345008825,0.992488837617252,0.995444676194058,0.997856939075889,0.993937774297481,0.982530345008825,1.07876045795316,2.10906107726927
1.60638657706821,2.20793421909399,1,1,1,1,50,50,50ll04,O-M,1,0.1106,0.0007,0.996320421667996,0.997725257091794,0.999107693824257,0.995438024038801,0.986375570484902,0.996320421667996,0.997725257091794,0.999107693824257,0.995438024038801,0.986375570484902,1.60638657706821,2.20793421909399
0.407430079785647,1.28112592832981,1,1,1,1,50,50,50ll04,O-M,1,0.1357,0.0233,0.936326063458957,0.953680205654893,0.972968999046044,0.953576394667944,0.899925281004193,0.936326063458957,0.953680205654893,0.972968999046044,0.953576394667944,0.899925281004193,0.407430079785647,1.28112592832981
2.14934841044398,1.55200775760733,1,1,1,1,50,50,50ll04,O-M,1,0.0456,0.0006,0.990890488184528,0.991978180059127,0.997549037162696,0.974498112081348,0.939669816289606,0.990890488184528,0.991978180059127,0.997549037162696,0.974498112081348,0.939669816289606,2.14934841044398,1.55200775760733
2.19068994160327,2.29253701055225,1,1,1,1,50,50,50ll04,O-M,1,0.0794,0.0006,0.998571109668259,0.999043504813309,0.999713398746561,0.996448510552636,0.989062662791592,0.998571109668259,0.999043504813309,0.999713398746561,0.996448510552636,0.989062662791592,2.19068994160327,2.29253701055225
1.02197902520664,1.05050687330051,1,1,1,1,50,50,50ll04,O-M,1,0.072,0.0007,0.931655340368029,0.944297221107112,0.971717189232738,0.926463366917991,0.853257433736735,0.931655340368029,0.944297221107112,0.971717189232738,0.926463366917991,0.853257433736735,1.02197902520664,1.05050687330051
1.8430168330384,1.92303686713514,1,1,1,1,50,50,50ll04,O-M,1,0.0308,0.0006,0.994255017672043,0.995904344227829,0.998541917340529,0.989896370308579,0.972762290006949,0.994255017672043,0.995904344227829,0.998541917340529,0.989896370308579,0.972762290006949,1.8430168330384,1.92303686713514
0.996453130211622,2.29381114897783,1,1,1,1,50,50,50ll04,O-M,1,0.0714,0.0006,0.995049004785544,0.997159291961534,0.998641007845231,0.996462055335172,0.98909932562614,0.995049004785544,0.997159291961534,0.998641007845231,0.996462055335172,0.98909932562614,0.996453130211622,2.29381114897783
1.25845300018707,2.57361194723438,1,1,1,1,50,50,50ll04,O-M,1,0.0313,2.4329,0.99813318179613,0.999002796149509,0.999561244663168,0.998525728460742,0.9949678458866,0.99813318179613,0.999002796149509,0.999561244663168,0.998525728460742,0.9949678458866,1.25845300018707,2.57361194723438
-0.227393719374254,0.436372152172746,1,0,0,1,50,50,50ll04,O-M,1,0.1641,0.0007,0.448187788904737,0.470684985072128,0.590625429283178,0.485269649812497,0.331283370134686,0.551812211095263,0.529315014927872,0.409374570716822,0.514730350187503,0.668716629865314,0.227393719374254,0.436372152172746
1.68079716566187,1.3578290615495,1,1,1,1,50,50,50ll04,O-M,1,0.048,0.0007,0.976915953613376,0.980653922967438,0.992461111484778,0.96056404164461,0.912741034460359,0.976915953613376,0.980653922967438,0.992461111484778,0.96056404164461,0.912741034460359,1.68079716566187,1.3578290615495
-0.705123867621927,0.642272921745871,1,0,0,1,50,50,50ll04,O-M,1,0.0833,0.0006,0.339963749959002,0.367858586930641,0.474144109673566,0.404067510721072,0.260347996364007,0.660036250040998,0.632141413069359,0.525855890326434,0.595932489278928,0.739652003635993,0.705123867621927,0.642272921745871
0.675431139768089,1.97451205952842,1,1,1,1,50,50,50ll04,O-M,1,0.1268,0.8362,0.986618222485441,0.9917071102703,0.995635464908212,0.991200588207289,0.975838226222199,0.986618222485441,0.9917071102703,0.995635464908212,0.991200588207289,0.975838226222199,0.675431139768089,1.97451205952842
0.880555148201565,1.16721795308329,1,1,1,1,50,50,50ll04,O-M,1,0.0204,0.0007,0.938621821221643,0.952381764532159,0.975022888172731,0.941402696816369,0.878438818747893,0.938621821221643,0.952381764532159,0.975022888172731,0.941402696816369,0.878438818747893,0.880555148201565,1.16721795308329
-1.00047410081332,-0.530189257469411,1,0,0,1,50,50,50ll04,O-M,1,0.1043,1.8499,0.358016885620325,0.397052637800525,0.492364398087112,0.447986929770055,0.297990359230018,0.641983114379675,0.602947362199475,0.507635601912888,0.552013070229945,0.702009640769982,1.00047410081332,0.530189257469411
0.742684059030487,2.28947907833087,1,1,1,1,50,50,50ll04,O-M,1,0.042,1.7799,0.994135974344126,0.996641823340057,0.998285300845305,0.996415812938349,0.98897423392918,0.994135974344126,0.996641823340057,0.998285300845305,0.996415812938349,0.98897423392918,0.742684059030487,2.28947907833087
2.09921346892723,2.53462331141174,1,1,1,1,50,50,50ll04,O-M,1,0.0219,0.0317,0.999175745292646,0.999509084099889,0.999844915707957,0.998327221532331,0.994371584986268,0.999175745292646,0.999509084099889,0.999844915707957,0.998327221532331,0.994371584986268,2.09921346892723,2.53462331141174
0.921146530609978,2.52927193002432,1,1,1,1,50,50,50ll04,O-M,1,0.07,0.0007,0.997278063951908,0.998535423373063,0.999290650230535,0.998298152799474,0.994285028384487,0.997278063951908,0.998535423373063,0.999290650230535,0.998298152799474,0.994285028384487,0.921146530609978,2.52927193002432
-1.35856594202922,1.50562911891635,0,1,1,1,50,50,50ll04,O-M,1,0.284,0.0007,0.976706257102608,0.98251615040166,0.992297659076328,0.97161447249376,0.933918795481814,0.976706257102608,0.98251615040166,0.992297659076328,0.97161447249376,0.933918795481814,1.35856594202922,1.50562911891635
-0.891577507144758,-1.21516607505921,1,0,0,1,50,50,50ll04,O-M,1,0.0518,0.2592,0.172928049494181,0.18002629559133,0.267842799848888,0.207328481426683,0.112151378285778,0.827071950505819,0.81997370440867,0.732157200151112,0.792671518573317,0.887848621714222,0.891577507144758,1.21516607505921
-1.4129725639329,-0.0077925029831411,1,0,0,1,50,50,50ll04,O-M,1,0.0352,0.0744,0.530246447672849,0.584919029837043,0.657387591344478,0.652340746754745,0.496891272551832,0.469753552327151,0.415080970162957,0.342612408655522,0.347659253245255,0.503108727448168,1.4129725639329,0.0077925029831411
1.43262295391434,2.63196748712577,1,1,1,1,50,50,50ll04,O-M,1,0.1467,0.0189,0.9986520969591,0.999286868078613,0.999703595175057,0.998782918489925,0.995755400681261,0.9986520969591,0.999286868078613,0.999703595175057,0.998782918489925,0.995755400681261,1.43262295391434,2.63196748712577
-1.17860317294798,1.46587600003837,0,1,1,1,50,50,50ll04,O-M,1,0.1555,0.0681,0.970905776961478,0.978474719657143,0.989887201386853,0.968931455361367,0.928658964309095,0.970905776961478,0.978474719657143,0.989887201386853,0.968931455361367,0.928658964309095,1.17860317294798,1.46587600003837
1.53738331072044,1.8690133978907,1,1,1,1,50,50,50ll04,O-M,1,0.0914,0.0006,0.990951984760143,0.993789229845137,0.997478841150362,0.988349214321882,0.969189524798944,0.990951984760143,0.993789229845137,0.997478841150362,0.988349214321882,0.969189524798944,1.53738331072044,1.8690133978907
1.87724236979704,1.23856970491556,1,1,1,1,50,50,50ll04,O-M,1,0.0689,0.0007,0.976411077537295,0.978456360846366,0.992306956535349,0.949290191002142,0.892247553425805,0.976411077537295,0.978456360846366,0.992306956535349,0.949290191002142,0.892247553425805,1.87724236979704,1.23856970491556
-0.279966644331351,2.48569639586962,0,1,1,1,50,50,50ll04,O-M,1,0.1932,0.1124,0.995734141590623,0.997631850595268,0.998678682050163,0.998043780955073,0.993535088959375,0.995734141590623,0.997631850595268,0.998678682050163,0.998043780955073,0.993535088959375,0.279966644331351,2.48569639586962
1.93241997791689,1.01100858210764,1,1,1,1,50,50,50ll04,O-M,1,0.0444,0.0006,0.966383812520358,0.96661138520073,0.988268282313059,0.920796401887576,0.843993838871997,0.966383812520358,0.96661138520073,0.988268282313059,0.920796401887576,0.843993838871997,1.93241997791689,1.01100858210764
2.22952055819366,2.67834612581675,1,1,1,1,50,50,50ll04,O-M,1,0.035,1.9544,0.999554559238961,0.999742729504621,0.999923614836821,0.998957278218759,0.996300664082849,0.999554559238961,0.999742729504621,0.999923614836821,0.998957278218759,0.996300664082849,2.22952055819366,2.67834612581675
-1.46544130156348,2.55883194149769,0,1,1,1,50,50,50ll04,O-M,1,0.0596,0.0007,0.998381691768153,0.999121995608351,0.999638839509191,0.998453155900981,0.994748775001489,0.998381691768153,0.999121995608351,0.999638839509191,0.998453155900981,0.994748775001489,1.46544130156348,2.55883194149769
1.5031160990312,0.985270985911002,1,1,1,1,50,50,50ll04,O-M,1,0.1844,1.5672,0.94707567275712,0.952099664006542,0.979404307775312,0.916929608369624,0.83775450977876,0.94707567275712,0.952099664006542,0.979404307775312,0.916929608369624,0.83775450977876,1.5031160990312,0.985270985911002
1.25473351263065,2.20589559761307,1,1,1,1,50,50,50ll04,O-M,1,0.0595,0.0007,0.994870583132601,0.996941708926973,0.998641041126204,0.995410787811084,0.98630434472535,0.994870583132601,0.996941708926973,0.998641041126204,0.995410787811084,0.98630434472535,1.25473351263065,2.20589559761307
0.117080838266747,-1.21593055811456,1,0,0,1,50,50,50ll04,O-M,1,0.0705,0.1227,0.231456889509846,0.21128007527155,0.338043577973459,0.207109881087365,0.112005688080713,0.768543110490154,0.78871992472845,0.661956422026541,0.792890118912635,0.887994311919287,0.117080838266747,1.21593055811456
1.5258601924084,2.64853128665826,1,1,1,1,50,50,50ll04,O-M,1,0.0522,0.0006,0.99882801128888,0.999379474189597,0.999750284972797,0.998848041240999,0.995957881700852,0.99882801128888,0.999379474189597,0.999750284972797,0.998848041240999,0.995957881700852,1.5258601924084,2.64853128665826
1.31159895543997,2.42097016385034,1,1,1,1,50,50,50ll04,O-M,1,0.066,0.0438,0.997248802241244,0.998457603490494,0.999330603110355,0.997601886793654,0.992260426150972,0.997248802241244,0.998457603490494,0.999330603110355,0.997601886793654,0.992260426150972,1.31159895543997,2.42097016385034
0.257754566520952,-0.637981368273163,1,0,0,1,50,50,50ll04,O-M,1,0.1636,0.0813,0.379278102480726,0.392761092719677,0.517241579307473,0.405730712345778,0.26174290429695,0.620721897519274,0.607238907280323,0.482758420692527,0.594269287654222,0.73825709570305,0.257754566520952,0.637981368273163
0.0278756493086288,0.518426666779857,1,1,0,0,50,50,50ll04,O-M,1,0.2729,0.2201,0.442106754772881,0.452359906685831,0.583394796275163,0.452643056987669,0.302080306518224,0.557893245227119,0.547640093314169,0.416605203724837,0.547356943012331,0.697919693481776,0.0278756493086288,0.518426666779857
-1.44338484454125,2.39013601395139,0,1,1,1,50,50,50ll04,O-M,1,0.144,0.0006,0.997340606139812,0.998480021962493,0.999368504463215,0.997361146719146,0.991578932893723,0.997340606139812,0.998480021962493,0.999368504463215,0.997361146719146,0.991578932893723,1.44338484454125,2.39013601395139
-0.0004528847695214,2.78639306430561,0,1,1,1,50,50,50ll04,O-M,1,0.135,0.0022,0.998066899588235,0.998969031598024,0.99940462662677,0.999278311332593,0.997335089992098,0.998066899588235,0.998969031598024,0.99940462662677,0.999278311332593,0.997335089992098,0.0004528847695214,2.78639306430561
-1.43113241494364,2.30604287786336,0,1,1,1,50,50,50ll04,O-M,1,0.1921,0.0006,0.996621830701117,0.998018695524018,0.999172080089413,0.996589744312066,0.989445881707854,0.996621830701117,0.998018695524018,0.999172080089413,0.996589744312066,0.989445881707854,1.43113241494364,2.30604287786336
0.0379401450495237,0.363236606544668,1,0,0,1,50,50,50ll04,O-M,1,0.1467,0.1606,0.492157665839927,0.510858403216634,0.634432651717145,0.51444000797521,0.358214072157172,0.507842334160073,0.489141596783366,0.365567348282855,0.48555999202479,0.641785927842828,0.0379401450495237,0.363236606544668
0.130781471702851,0.250347942038611,1,0,0,1,50,50,50ll04,O-M,1,0.2666,0.1469,0.520586680372949,0.54792032984857,0.662258643551142,0.559259600705368,0.401159142078227,0.479413319627051,0.45207967015143,0.337741356448858,0.440740399294632,0.598840857921773,0.130781471702851,0.250347942038611
1.33393671824378,1.82339924225507,1,1,1,1,50,50,50ll04,O-M,1,0.102,0.0009,0.987905714263909,0.991816275381864,0.996413404128283,0.986886687342699,0.965878527500093,0.987905714263909,0.991816275381864,0.996413404128283,0.986886687342699,0.965878527500093,1.33393671824378,1.82339924225507
0.202285233886869,0.801285397257789,1,1,0,0,50,50,50ll04,O-M,1,0.1507,0.1398,0.334602787787654,0.337206923850368,0.466091978232582,0.343898995352016,0.211483221349421,0.665397212212346,0.662793076149632,0.533908021767417,0.656101004647984,0.788516778650579,0.202285233886869,0.801285397257789
0.54757245267465,1.52805395520649,1,1,1,1,50,50,50ll04,O-M,1,0.11,0.1215,0.96237198910093,0.974041085366461,0.985560160354838,0.973040964981584,0.936750428843914,0.96237198910093,0.974041085366461,0.985560160354838,0.973040964981584,0.936750428843914,0.54757245267465,1.52805395520649
0.228248715653236,0.898884400656931,0,1,1,1,50,50,50ll04,O-M,1,0.3149,0.399,0.873175081910031,0.900367483608675,0.93782115920101,0.902912099724284,0.815642881113183,0.873175081910031,0.900367483608675,0.93782115920101,0.902912099724284,0.815642881113183,0.228248715653236,0.898884400656931
0.769199733627358,2.38835222015559,1,1,1,1,50,50,50ll04,O-M,1,0.0666,0.0007,0.995571163452427,0.997526577584532,0.998749912326451,0.997346573582938,0.991537943387558,0.995571163452427,0.997526577584532,0.998749912326451,0.997346573582938,0.991537943387558,0.769199733627358,2.38835222015559
-1.2505966155666,1.03878479978521,0,1,1,1,50,50,50ll04,O-M,1,0.294,0.0032,0.94058879903817,0.949619783036111,0.976248948678649,0.924814894480544,0.850547583914782,0.94058879903817,0.949619783036111,0.976248948678649,0.924814894480544,0.850547583914782,1.2505966155666,1.03878479978521
-0.332310357170125,-0.823495923037068,1,1,0,0,50,50,50ll04,O-M,1,0.0957,0.1199,0.315265712148539,0.322051917100216,0.444554047019467,0.335762604430396,0.205113017337194,0.684734287851461,0.677948082899784,0.555445952980533,0.664237395569604,0.794886982662806,0.332310357170125,0.823495923037068
-0.818521353795737,2.46454569800505,0,1,1,1,50,50,50ll04,O-M,1,0.1426,0.0162,0.996514892025733,0.998091745447471,0.99904964714788,0.997908267124162,0.993140646569981,0.996514892025733,0.998091745447471,0.99904964714788,0.997908267124162,0.993140646569981,0.818521353795737,2.46454569800505
-1.06999830379364,1.64527469035951,0,1,1,1,50,50,50ll04,O-M,1,0.1821,0.0006,0.978117838682262,0.984835648090778,0.992698674767258,0.979558514896221,0.950043411608036,0.978117838682262,0.984835648090778,0.992698674767258,0.979558514896221,0.950043411608036,1.06999830379364,1.64527469035951
2.10675663136657,2.81646273114921,1,1,1,1,50,50,50ll04,O-M,1,0.0717,0.0006,0.999652351378663,0.99981430987791,0.999941102242052,0.999349826067161,0.997572216194375,0.999652351378663,0.99981430987791,0.999941102242052,0.999349826067161,0.997572216194375,2.10675663136657,2.81646273114921
0.0569960070682574,0.724582264038098,1,1,0,0,50,50,50ll04,O-M,1,0.1946,0.0573,0.373467215911216,0.373721386368651,0.509133820049028,0.372536794634731,0.234354171425667,0.626532784088784,0.626278613631349,0.490866179950972,0.627463205365269,0.765645828574333,0.0569960070682574,0.724582264038098
1.67690055965038,1.64272641350836,1,1,1,1,50,50,50ll04,O-M,1,0.0709,0.0006,0.987007508509833,0.990117794725261,0.996185780527364,0.979432498775141,0.949780224376673,0.987007508509833,0.990117794725261,0.996185780527364,0.979432498775141,0.949780224376673,1.67690055965038,1.64272641350836
0.100369191094495,0.535754949367695,1,1,0,0,50,50,50ll04,O-M,1,0.0785,0.0184,0.428468291414055,0.440915283078558,0.569520780099799,0.445786250376469,0.296063960689434,0.571531708585945,0.559084716921442,0.430479219900201,0.554213749623532,0.703936039310566,0.100369191094495,0.535754949367695
