s1,s2,r1,r2,acc1,acc2,id,seq,id_sess,task,dataset,rt1,rt2,p_r2_discrete,p_r2_bayesian,p_r2_optimal,p_r2_fixed,p_r2_naive,p_c2_discrete,p_c2_bayesian,p_c2_optimal,p_c2_fixed,p_c2_naive,abs1,abs2
0.638186627313947,-1.531460763969,0,0,0,1,37,1,37tj03,O-M,1,0.254,0.1466,0.19400432761327,0.165979442188535,0.200786240255485,0.204650874714641,0.0628277781821314,0.80599567238673,0.834020557811465,0.799213759744515,0.795349125285359,0.937172221817869,0.638186627313947,1.531460763969
-0.527895121357861,-0.603354204194147,1,0,0,1,37,1,37tj03,O-M,1,0.8921,0.2589,0.479582489973016,0.461933552746373,0.503403291103922,0.541011980982541,0.273136540429592,0.520417510026984,0.538066447253627,0.496596708896078,0.458988019017459,0.726863459570408,0.527895121357861,0.603354204194147
-1.78507808891536,0.551264651247874,0,1,1,1,37,1,37tj03,O-M,1,0.3449,0.0987,0.937993493116788,0.953020147644708,0.965777279890073,0.895732205919436,0.709273866671959,0.937993493116788,0.953020147644708,0.965777279890073,0.895732205919436,0.709273866671959,1.78507808891536,0.551264651247874
1.15075003332353,1.05646342304488,1,1,1,1,37,1,37tj03,O-M,1,0.1961,0.0007,0.964224392589653,0.968023258684847,0.974921937471034,0.961032984394815,0.854621728396007,0.964224392589653,0.968023258684847,0.974921937471034,0.961032984394815,0.854621728396007,1.15075003332353,1.05646342304488
-0.239474307489764,1.50651875207647,0,1,1,1,37,1,37tj03,O-M,1,0.3799,0.0894,0.973642604798394,0.978205826127988,0.981780215792438,0.986546229458072,0.934032971509173,0.973642604798394,0.978205826127988,0.981780215792438,0.986546229458072,0.934032971509173,0.239474307489764,1.50651875207647
0.341661770404888,1.83822776932689,1,1,1,1,37,1,37tj03,O-M,1,0.185,0.0008,0.987894096963399,0.990584619267174,0.992217303291549,0.994529310680995,0.966985575261751,0.987894096963399,0.990584619267174,0.992217303291549,0.994529310680995,0.966985575261751,0.341661770404888,1.83822776932689
-0.576259634634373,0.456248257559773,0,1,1,1,37,1,37tj03,O-M,1,0.3238,0.0007,0.868873427340896,0.87182602693638,0.892810055985927,0.877501242666202,0.675894266442762,0.868873427340896,0.87182602693638,0.892810055985927,0.877501242666202,0.675894266442762,0.576259634634373,0.456248257559773
1.4399673984307,0.549143749603051,1,1,1,1,37,1,37tj03,O-M,1,0.4418,0.1508,0.926251751489668,0.935738425535068,0.95084237819728,0.895347988214165,0.708546598280257,0.926251751489668,0.935738425535068,0.95084237819728,0.895347988214165,0.708546598280257,1.4399673984307,0.549143749603051
-1.62001881911524,1.38477899766359,0,1,1,1,37,1,37tj03,O-M,1,0.2648,0.0007,0.987189993484349,0.989716573610747,0.992375760454962,0.981741199665078,0.916939972587611,0.987189993484349,0.989716573610747,0.992375760454962,0.981741199665078,0.916939972587611,1.62001881911524,1.38477899766359
-1.19701547850706,0.526238011838955,0,1,1,1,37,1,37tj03,O-M,1,0.3269,0.0008,0.913068465996372,0.919752851795059,0.93677805446461,0.891132955850457,0.700638576805902,0.913068465996372,0.919752851795059,0.93677805446461,0.891132955850457,0.700638576805902,1.19701547850706,0.526238011838955
-0.307163846479341,1.59983842444871,0,1,1,1,37,1,37tj03,O-M,1,0.2797,0.006,0.979073290000287,0.982954191275806,0.985829661025876,0.989449604567537,0.94518278388869,0.979073290000287,0.982954191275806,0.985829661025876,0.989449604567537,0.94518278388869,0.307163846479341,1.59983842444871
1.44975112560622,0.950418340803694,1,1,1,1,37,1,37tj03,O-M,1,0.2372,0.0007,0.96425682648163,0.969279945316237,0.976668753464987,0.951215600140726,0.829050135841337,0.96425682648163,0.969279945316237,0.976668753464987,0.951215600140726,0.829050135841337,1.44975112560622,0.950418340803694
0.45426987274544,0.126235961625206,1,1,1,1,37,1,37tj03,O-M,1,0.2052,0.2629,0.790253200151943,0.789107757213901,0.820211287519164,0.79745740204746,0.550227427105756,0.790253200151943,0.789107757213901,0.820211287519164,0.79745740204746,0.550227427105756,0.45426987274544,0.126235961625206
-0.810653494896054,0.850311783168016,0,1,1,1,37,1,37tj03,O-M,1,0.2615,0.2815,0.936161422748276,0.940449926141286,0.951609483827325,0.940223140467861,0.802424116400788,0.936161422748276,0.940449926141286,0.951609483827325,0.940223140467861,0.802424116400788,0.810653494896054,0.850311783168016
1.17251666174766,0.675549487634543,1,1,1,1,37,1,37tj03,O-M,1,0.2054,0.0007,0.930797668365563,0.936324786492007,0.949855873444672,0.916496834862638,0.750336639341907,0.930797668365563,0.936324786492007,0.949855873444672,0.916496834862638,0.750336639341907,1.17251666174766,0.675549487634543
1.30775720907654,1.67831178530719,1,1,1,1,37,1,37tj03,O-M,1,0.1222,0.0169,0.991436390019914,0.993041991320141,0.994660398982086,0.991452300419003,0.953356875738305,0.991436390019914,0.993041991320141,0.994660398982086,0.991452300419003,0.953356875738305,1.30775720907654,1.67831178530719
-0.70739621144892,0.880852766853477,0,1,1,1,37,1,37tj03,O-M,1,0.3744,0.0115,0.935654325990594,0.940108670684641,0.950942828977454,0.943765247908233,0.810801242364784,0.935654325990594,0.940108670684641,0.950942828977454,0.943765247908233,0.810801242364784,0.70739621144892,0.880852766853477
0.379636484910936,1.76993473636357,1,1,1,1,37,1,37tj03,O-M,1,0.1527,0.0007,0.986164056256088,0.989070615412683,0.990977919587802,0.993361889300372,0.961630993306934,0.986164056256088,0.989070615412683,0.990977919587802,0.993361889300372,0.961630993306934,0.379636484910936,1.76993473636357
0.013309496595639,-0.236014039310682,1,1,0,0,37,1,37tj03,O-M,1,0.5734,0.0663,0.647802427925289,0.63800039775603,0.678042637342689,0.680938116485046,0.40671088804308,0.352197572074711,0.36199960224397,0.321957362657311,0.319061883514954,0.59328911195692,0.013309496595639,0.236014039310682
-1.64668596929277,2.11224826183812,0,1,1,1,37,1,37tj03,O-M,1,0.1997,0.1609,0.997941666023935,0.998488056309354,0.998881043591239,0.997588215637619,0.982667419510767,0.997941666023935,0.998488056309354,0.998881043591239,0.997588215637619,0.982667419510767,1.64668596929277,2.11224826183812
0.186628656418272,0.193256453601634,1,1,1,1,37,1,37tj03,O-M,1,0.2474,0.0007,0.786209170612742,0.786121050302286,0.814764552961411,0.815831875824651,0.576620935812456,0.786209170612742,0.786121050302286,0.814764552961411,0.815831875824651,0.576620935812456,0.186628656418272,0.193256453601634
0.817064329478778,1.64140809668726,1,1,1,1,37,1,37tj03,O-M,1,0.1579,0.2011,0.986188556344502,0.988629188754472,0.990879685368037,0.990556297695155,0.949643634857078,0.986188556344502,0.988629188754472,0.990879685368037,0.990556297695155,0.949643634857078,0.817064329478778,1.64140809668726
0.283288417646161,1.99135686808317,1,1,1,1,37,1,37tj03,O-M,1,0.2843,0.0006,0.99128733978446,0.993450079147796,0.994578702555518,0.99650892695308,0.976779166224095,0.99128733978446,0.993450079147796,0.994578702555518,0.99650892695308,0.976779166224095,0.283288417646161,1.99135686808317
0.700005929998211,-1.08098125460844,0,1,0,0,37,1,37tj03,O-M,1,0.171,0.0006,0.311131139702109,0.284244570983144,0.323809014226343,0.353962803074746,0.139852726078695,0.688868860297891,0.715755429016856,0.676190985773657,0.646037196925254,0.860147273921305,0.700005929998211,1.08098125460844
0.770604612643518,-1.89880092885246,0,0,0,1,37,1,37tj03,O-M,1,0.2323,0.0808,0.113945809200292,0.0912213301495483,0.116476741088554,0.116539838154053,0.0287953275190629,0.886054190799708,0.908778669850452,0.883523258911446,0.883460161845947,0.971204672480937,0.770604612643518,1.89880092885246
0.895680473508627,0.457520798546667,1,1,1,1,37,1,37tj03,O-M,1,0.1462,0.0007,0.887511920823526,0.891674510389084,0.911843766276297,0.877759327779205,0.676351621781423,0.887511920823526,0.891674510389084,0.911843766276297,0.877759327779205,0.676351621781423,0.895680473508627,0.457520798546667
0.555518461763617,2.21447572111862,1,1,1,1,37,1,37tj03,O-M,1,0.2784,0.1129,0.995828205845518,0.996976270034517,0.997544450289014,0.998254406033464,0.986601964469695,0.995828205845518,0.996976270034517,0.997544450289014,0.998254406033464,0.986601964469695,0.555518461763617,2.21447572111862
1.68133974019987,1.51585071931369,1,1,1,1,37,1,37tj03,O-M,1,0.1492,0.0007,0.990987736846034,0.992947991306369,0.99481260579064,0.986864713967751,0.935221448104887,0.990987736846034,0.992947991306369,0.99481260579064,0.986864713967751,0.935221448104887,1.68133974019987,1.51585071931369
-0.0191759408933469,-1.72319027266106,1,0,0,1,37,1,37tj03,O-M,1,0.1294,0.0526,0.183366419759065,0.163911051548106,0.208616350011106,0.154611793553638,0.0424270611121238,0.816633580240935,0.836088948451894,0.791383649988894,0.845388206446362,0.957572938887876,0.0191759408933469,1.72319027266106
-0.954898534492671,1.06155358699246,0,1,1,1,37,1,37tj03,O-M,1,0.2471,0.0993,0.959621114616717,0.963479445672187,0.970814603939151,0.961460463490462,0.85578080323104,0.959621114616717,0.963479445672187,0.970814603939151,0.961460463490462,0.85578080323104,0.954898534492671,1.06155358699246
-0.211317952821805,1.34914785003055,0,1,1,1,37,1,37tj03,O-M,1,0.7037,0.1289,0.963481162872945,0.968937423292163,0.973913869651304,0.980083936956264,0.91135525928838,0.963481162872945,0.968937423292163,0.973913869651304,0.980083936956264,0.91135525928838,0.211317952821805,1.34914785003055
-0.0706573938009989,-1.51279682949455,1,0,0,1,37,1,37tj03,O-M,1,0.1253,0.0814,0.233286936638773,0.209301979327251,0.256608817828369,0.209989093901221,0.065165637213633,0.766713063361227,0.790698020672749,0.743391182171631,0.790010906098779,0.934834362786367,0.0706573938009989,1.51279682949455
-0.0826749277121696,1.36187325989949,0,1,1,1,37,1,37tj03,O-M,1,0.2587,0.0565,0.962046013131737,0.967984858324097,0.972922398921484,0.980689906822154,0.913381056800843,0.962046013131737,0.967984858324097,0.972922398921484,0.980689906822154,0.913381056800843,0.0826749277121696,1.36187325989949
1.22744406458085,0.688274897503485,1,1,1,1,37,1,37tj03,O-M,1,0.2075,0.0513,0.93435000258383,0.94016639565766,0.953175474958496,0.918433658938266,0.75436015679937,0.93435000258383,0.94016639565766,0.953175474958496,0.918433658938266,0.75436015679937,1.22744406458085,0.688274897503485
-0.003106385461695,0.723057684478594,0,1,1,1,37,1,37tj03,O-M,1,0.3232,0.2433,0.884986816763059,0.89251340623567,0.907348679674127,0.923554693608205,0.765177777372545,0.884986816763059,0.89251340623567,0.907348679674127,0.923554693608205,0.765177777372545,0.003106385461695,0.723057684478594
-0.429503727001561,-0.0913685471337059,1,0,0,1,37,1,37tj03,O-M,1,0.1247,0.3069,0.657207237173974,0.654781638816395,0.688403232203832,0.730712467099909,0.463599876468569,0.342792762826026,0.345218361183605,0.311596767796168,0.269287532900091,0.536400123531431,0.429503727001561,0.0913685471337059
0.799228508256148,0.373108913082684,1,1,1,1,37,1,37tj03,O-M,1,0.1591,0.0578,0.867258887962834,0.870526258536467,0.893460131762029,0.859805668456976,0.645466307386515,0.867258887962834,0.870526258536467,0.893460131762029,0.859805668456976,0.645466307386515,0.799228508256148,0.373108913082684
0.791384210184447,1.43313555516557,1,1,1,1,37,1,37tj03,O-M,1,0.14,0.0009,0.978086326765448,0.981263524060445,0.984901392932801,0.983801321773739,0.924090448879582,0.978086326765448,0.981263524060445,0.984901392932801,0.983801321773739,0.924090448879582,0.791384210184447,1.43313555516557
-0.822826875788782,2.16569498328767,0,1,1,1,37,1,37tj03,O-M,1,0.3049,0.0186,0.996109024211454,0.997122392472517,0.997704310001216,0.997960796333851,0.984832748673696,0.996109024211454,0.997122392472517,0.997704310001216,0.997960796333851,0.984832748673696,0.822826875788782,2.16569498328767
-1.7390512803622,-2.07313904405697,1,0,0,1,37,1,37tj03,O-M,1,0.0696,0.1158,0.0626395073282136,0.0478129162119829,0.0597868903373914,0.0858437969615856,0.0190796706395259,0.937360492671786,0.952187083788017,0.940213109662609,0.914156203038414,0.980920329360474,1.7390512803622,2.07313904405697
-0.311873888588618,2.11139990118019,0,1,1,1,37,1,37tj03,O-M,1,0.1776,0.1082,0.993638422660346,0.995330514151777,0.996147378403506,0.997581834480174,0.982631023217196,0.993638422660346,0.995330514151777,0.996147378403506,0.997581834480174,0.982631023217196,0.311873888588618,2.11139990118019
0.0266257553531177,-0.610989450115512,0,0,0,1,37,1,37tj03,O-M,1,0.3205,0.0903,0.523222233071346,0.503764390426023,0.551851282129927,0.537980906199786,0.270603282313199,0.476777766928654,0.496235609573977,0.448148717870073,0.462019093800214,0.729396717686801,0.0266257553531177,0.610989450115512
0.0993543467463698,1.7792667036008,1,1,1,1,37,1,37tj03,O-M,1,0.2636,0.0574,0.984199328984744,0.987692457371889,0.989676695597557,0.993533418493331,0.962401976465685,0.984199328984744,0.987692457371889,0.989676695597557,0.993533418493331,0.962401976465685,0.0993543467463698,1.7792667036008
0.0749036869732098,-1.60569232153783,0,0,0,1,37,1,37tj03,O-M,1,0.2435,0.0114,0.208859327985726,0.186167836578515,0.231761192001066,0.184231911542234,0.0541707646126805,0.791140672014274,0.813832163421485,0.768238807998934,0.815768088457766,0.94582923538732,0.0749036869732098,1.60569232153783
-1.55697005690981,2.18351055710419,0,1,1,1,37,1,37tj03,O-M,1,0.355,0.1542,0.998136234524579,0.998634253270072,0.998978947530627,0.998072861122883,0.985500883816357,0.998136234524579,0.998634253270072,0.998978947530627,0.998072861122883,0.985500883816357,1.55697005690981,2.18351055710419
-1.74251454661902,1.78011506425872,0,1,1,1,37,1,37tj03,O-M,1,0.1808,0.001,0.99552740238923,0.996632402830189,0.997540176998162,0.993548815887916,0.962471434139705,0.99552740238923,0.996632402830189,0.997540176998162,0.993548815887916,0.962471434139705,1.74251454661902,1.78011506425872
1.13012628276416,1.74702899859948,1,1,1,1,37,1,37tj03,O-M,1,0.2956,0.0488,0.991499688421772,0.993126913233355,0.99463671337986,0.992923701633463,0.959683845961041,0.991499688421772,0.993126913233355,0.99463671337986,0.992923701633463,0.959683845961041,1.13012628276416,1.74702899859948
-0.306817519853659,0.881701127511407,0,1,1,1,37,1,37tj03,O-M,1,0.3745,0.0404,0.920858028936325,0.92686892459483,0.938338758896463,0.943861224772436,0.811030774439952,0.920858028936325,0.92686892459483,0.938338758896463,0.943861224772436,0.811030774439952,0.306817519853659,0.881701127511407
0.15765843417996,1.34108842378022,1,1,1,1,37,1,37tj03,O-M,1,0.1929,0.0558,0.961908342810186,0.967632038188963,0.972728305425431,0.979691870172878,0.910054127326814,0.961908342810186,0.967632038188963,0.972728305425431,0.979691870172878,0.910054127326814,0.15765843417996,1.34108842378022
-0.810982505190452,0.276395798078723,0,1,1,1,37,1,37tj03,O-M,1,0.2999,0.1915,0.849479669027126,0.852463174194901,0.878386213169747,0.837130700101503,0.608877958140521,0.849479669027126,0.852463174194901,0.878386213169747,0.837130700101503,0.608877958140521,0.810982505190452,0.276395798078723
-1.08265842670682,2.02401875341345,0,1,1,1,37,1,37tj03,O-M,1,0.3386,0.0007,0.995490144697697,0.996543106423457,0.997295646821324,0.996836706459527,0.978515888892559,0.995490144697697,0.996543106423457,0.997295646821324,0.996836706459527,0.978515888892559,1.08265842670682,2.02401875341345
-1.02047548106559,0.995805636002921,0,1,1,1,37,1,37tj03,O-M,1,0.1646,0.1075,0.956379897251387,0.960356150701845,0.968477599156204,0.955635752806762,0.840327704321626,0.956379897251387,0.960356150701845,0.968477599156204,0.955635752806762,0.840327704321626,1.02047548106559,0.995805636002921
0.299271391421392,0.213192929062977,1,1,1,1,37,1,37tj03,O-M,1,0.191,0.0967,0.799430127456605,0.799445690967519,0.827662724709894,0.821090964153305,0.584411758356385,0.799430127456605,0.799445690967519,0.827662724709894,0.821090964153305,0.584411758356385,0.299271391421392,0.213192929062977
1.13083625234681,1.69824826076853,1,1,1,1,37,1,37tj03,O-M,1,0.2036,0.0168,0.990486294986817,0.992240032344521,0.993942985078051,0.991904601932152,0.955269542315315,0.990486294986817,0.992240032344521,0.993942985078051,0.991904601932152,0.955269542315315,1.13083625234681,1.69824826076853
1.0709217461038,1.69994498208439,1,1,1,1,37,1,37tj03,O-M,1,0.1687,0.0159,0.990043222647702,0.99187444959655,0.99362323115114,0.99194210631633,0.955429362615268,0.990043222647702,0.99187444959655,0.99362323115114,0.99194210631633,0.955429362615268,1.0709217461038,1.69994498208439
-0.893927732041328,-0.347149285499444,1,0,0,1,37,1,37tj03,O-M,1,0.3648,0.0554,0.536141675710182,0.531976144135588,0.566592641098155,0.640272943431766,0.364239584298311,0.463858324289818,0.468023855864412,0.433407358901845,0.359727056568234,0.635760415701689,0.893927732041328,0.347149285499444
-0.813424107901511,0.449885552625302,0,0,1,0,37,1,37tj03,O-M,1,0.1352,0.1175,0.881619557070866,0.885251348656132,0.905893703476312,0.876205082632554,0.673603517285283,0.881619557070866,0.885251348656132,0.905893703476312,0.876205082632554,0.673603517285283,0.813424107901511,0.449885552625302
-0.156026907031649,-0.874405434402615,1,1,0,0,37,1,37tj03,O-M,1,0.1907,0.0234,0.422102280473391,0.396969948177921,0.446032478755825,0.433265011945426,0.190948749468894,0.577897719526609,0.603030051822079,0.553967521244175,0.566734988054574,0.809051250531106,0.156026907031649,0.874405434402615
1.19875090364308,1.59474826050113,1,1,1,1,37,1,37tj03,O-M,1,0.1969,0.0824,0.98862224948303,0.990575363820489,0.992685234353054,0.989306614759819,0.944615729371476,0.98862224948303,0.990575363820489,0.992685234353054,0.989306614759819,0.944615729371476,1.19875090364308,1.59474826050113
1.75770476116279,0.129205223927959,1,0,1,0,37,1,37tj03,O-M,1,0.1437,0.1682,0.873890541353045,0.904744361777037,0.929754005035439,0.798293966461615,0.551402368618036,0.873890541353045,0.904744361777037,0.929754005035439,0.798293966461615,0.551402368618036,1.75770476116279,0.129205223927959
-1.80481870657924,1.8068384249835,0,1,1,1,37,1,37tj03,O-M,1,0.3461,0.0836,0.996065876579892,0.997093282607733,0.997893404039538,0.994017521469092,0.964606262218,0.996065876579892,0.997093282607733,0.997893404039538,0.994017521469092,0.964606262218,1.80481870657924,1.8068384249835
-1.41353888488355,1.12433227567924,0,1,1,1,37,1,37tj03,O-M,1,0.1515,0.0075,0.973927586217687,0.977664519447532,0.982993224961596,0.966425094442179,0.869563954533653,0.973927586217687,0.977664519447532,0.982993224961596,0.966425094442179,0.869563954533653,1.41353888488355,1.12433227567924
-1.01134977447886,0.430797437821888,0,1,1,1,37,1,37tj03,O-M,1,0.1765,0.0174,0.889509573381058,0.894683602584632,0.915189737003047,0.872259109919861,0.666692168633835,0.889509573381058,0.894683602584632,0.915189737003047,0.872259109919861,0.666692168633835,1.01134977447886,0.430797437821888
1.27861382352538,1.20322981686668,1,1,1,1,37,1,37tj03,O-M,1,0.1669,0.0007,0.975439698427187,0.978680073231242,0.983531572009472,0.971905542158377,0.885556300239007,0.975439698427187,0.978680073231242,0.983531572009472,0.971905542158377,0.885556300239007,1.27861382352538,1.20322981686668
1.65169418104148,0.808317930600507,1,1,1,1,37,1,37tj03,O-M,1,0.1613,0.0187,0.958681652524792,0.966535305119639,0.975210834207407,0.935070186973097,0.790546208485889,0.958681652524792,0.966535305119639,0.975210834207407,0.935070186973097,0.790546208485889,1.65169418104148,0.808317930600507
-1.69458294162461,1.25413145634245,0,1,1,1,37,1,37tj03,O-M,1,0.1851,0.0076,0.983862121448727,0.987232177119949,0.990622998675854,0.975029512520745,0.89510288575147,0.983862121448727,0.987232177119949,0.990622998675854,0.975029512520745,0.89510288575147,1.69458294162461,1.25413145634245
1.54509484565652,1.14342039048265,1,1,1,1,37,1,37tj03,O-M,1,0.1379,0.017,0.977196675664775,0.981051392829314,0.985803062960982,0.967825791004179,0.873567954743908,0.977196675664775,0.981051392829314,0.985803062960982,0.967825791004179,0.873567954743908,1.54509484565652,1.14342039048265
0.591242053202731,0.605983913684326,1,1,1,1,37,1,37tj03,O-M,1,0.1389,0.0007,0.894799770896415,0.898730192957455,0.915745223525608,0.905294185477007,0.727737282369137,0.894799770896415,0.898730192957455,0.915745223525608,0.905294185477007,0.727737282369137,0.591242053202731,0.605983913684326
1.26188624750494,0.113934732085228,1,1,1,1,37,1,37tj03,O-M,1,0.0657,0.0328,0.845334624371608,0.858378756979925,0.888070802791496,0.793969602173826,0.545355233697978,0.845334624371608,0.858378756979925,0.888070802791496,0.793969602173826,0.545355233697978,1.26188624750494,0.113934732085228
1.3497493124405,0.367594568806142,1,1,1,1,37,1,37tj03,O-M,1,0.1366,0.0008,0.896863741011147,0.907700939674013,0.92831467467219,0.858573489271981,0.643412217412116,0.896863741011147,0.907700939674013,0.92831467467219,0.858573489271981,0.643412217412116,1.3497493124405,0.367594568806142
-0.505712900982919,1.25243473502659,0,1,1,1,37,1,37tj03,O-M,1,0.2121,0.1515,0.962582686133936,0.967218877718981,0.972936830492043,0.974930280780243,0.894794251999135,0.962582686133936,0.967218877718981,0.972936830492043,0.974930280780243,0.894794251999135,0.505712900982919,1.25243473502659
0.932598891806345,0.251369158669804,1,1,1,1,37,1,37tj03,O-M,1,0.1324,0.0149,0.852464836429296,0.856908160890455,0.883296815375596,0.830894711439003,0.599235644926568,0.852464836429296,0.856908160890455,0.883296815375596,0.830894711439003,0.599235644926568,0.932598891806345,0.251369158669804
-1.24723283923098,1.36526670253121,0,1,1,1,37,1,37tj03,O-M,1,0.2005,0.0335,0.981977091757622,0.984606891449595,0.988088899399085,0.980848827352214,0.913915379810415,0.981977091757622,0.984606891449595,0.988088899399085,0.980848827352214,0.913915379810415,1.24723283923098,1.36526670253121
-0.0916274709860532,2.22041424572412,0,1,1,1,37,1,37tj03,O-M,1,0.1967,0.0007,0.994564603866232,0.996130127897583,0.996773334671222,0.998287390470674,0.986804669545462,0.994564603866232,0.996130127897583,0.996773334671222,0.998287390470674,0.986804669545462,0.0916274709860532,2.22041424572412
1.77924627728022,1.75424006419188,1,1,1,1,37,1,37tj03,O-M,1,0.0978,0.0008,0.995388134339937,0.996552587098292,0.997494018582845,0.99306432540279,0.960305309549118,0.995388134339937,0.996552587098292,0.997494018582845,0.99306432540279,0.960305309549118,1.77924627728022,1.75424006419188
0.0736915437833223,1.76060276912635,1,1,1,1,37,1,37tj03,O-M,1,0.1368,0.0105,0.98331181396484,0.986967025579079,0.989049956692856,0.993186350202256,0.960847170186623,0.98331181396484,0.986967025579079,0.989049956692856,0.993186350202256,0.960847170186623,0.0736915437833223,1.76060276912635
0.6088181294561,2.19581178664417,1,1,1,1,37,1,37tj03,O-M,1,0.0507,0.0919,0.995778606565032,0.996921808038829,0.99750834765812,0.998146942019248,0.985947291162224,0.995778606565032,0.996921808038829,0.99750834765812,0.998146942019248,0.985947291162224,0.6088181294561,2.19581178664417
0.190282402319219,1.78138760524562,1,1,1,1,37,1,37tj03,O-M,1,0.0628,0.0007,0.985000617352457,0.988275929908032,0.990215303272497,0.993571851163029,0.962575424157608,0.985000617352457,0.988275929908032,0.990215303272497,0.993571851163029,0.962575424157608,0.190282402319219,1.78138760524562
1.03810729832041,0.73705563533443,1,1,1,1,37,1,37tj03,O-M,1,0.1509,0.0008,0.932472264359687,0.93711617868595,0.94984706936352,0.925545155389353,0.769455741571811,0.932472264359687,0.93711617868595,0.94984706936352,0.925545155389353,0.769455741571811,1.03810729832041,0.73705563533443
0.706776615530297,0.619133503882233,1,1,1,1,37,1,37tj03,O-M,1,0.0971,0.0007,0.902594645363049,0.906536943459365,0.922980666249644,0.907492549521731,0.732085793310471,0.902594645363049,0.906536943459365,0.922980666249644,0.907492549521731,0.732085793310471,0.706776615530297,0.619133503882233
-0.799345930567532,-1.50558576390215,1,0,0,1,37,1,37tj03,O-M,1,0.1136,0.2497,0.191041654399199,0.163407867405763,0.195888662671131,0.212073305208859,0.0660867726352514,0.808958345600801,0.836592132594237,0.804111337328869,0.787926694791141,0.933913227364749,0.799345930567532,1.50558576390215
-0.273050673849649,0.1275085026121,0,1,1,1,37,1,37tj03,O-M,1,0.2432,0.1116,0.77639074283207,0.774901349398201,0.805696588756509,0.79781618333468,0.550731027999265,0.77639074283207,0.774901349398201,0.805696588756509,0.79781618333468,0.550731027999265,0.273050673849649,0.1275085026121
-0.547722320678164,0.37183637209579,0,1,1,1,37,1,37tj03,O-M,1,0.2714,0.0893,0.851167178324588,0.853347117990381,0.876790978105303,0.859521968691612,0.64499265938566,0.851167178324588,0.853347117990381,0.876790978105303,0.859521968691612,0.64499265938566,0.547722320678164,0.37183637209579
0.743071645901787,-0.784055024333126,0,0,0,1,37,1,37tj03,O-M,1,0.2095,0.2021,0.401174754422272,0.380766862938151,0.420479484151384,0.469026472369992,0.216503912139147,0.598825245577728,0.619233137061849,0.579520515848616,0.530973527630008,0.783496087860853,0.743071645901787,0.784055024333126
1.1286717109363,0.60810481532915,1,1,1,1,37,1,37tj03,O-M,1,0.26,0.113,0.920834743279582,0.926402743270586,0.941689181836778,0.905651341208001,0.728441020630794,0.920834743279582,0.926402743270586,0.941689181836778,0.905651341208001,0.728441020630794,1.1286717109363,0.60810481532915
-1.47575646318734,2.00238555663625,0,1,1,1,37,1,37tj03,O-M,1,0.2828,0.044,0.996708836550883,0.997494928195948,0.998111817403857,0.996622867787693,0.97737835967049,0.996708836550883,0.997494928195948,0.998111817403857,0.996622867787693,0.97737835967049,1.47575646318734,2.00238555663625
0.679122434469577,1.04628309514973,1,1,1,1,37,1,37tj03,O-M,1,0.3303,0.144,0.950757697182585,0.95521632781732,0.963357211991768,0.960166443753199,0.852284826029895,0.950757697182585,0.95521632781732,0.963357211991768,0.960166443753199,0.852284826029895,0.679122434469577,1.04628309514973
0.148982952206622,0.528358913483779,1,1,1,1,37,1,37tj03,O-M,1,0.1694,0.1223,0.857384090994989,0.862414643121943,0.881770396506382,0.891528289071094,0.701374875652972,0.857384090994989,0.862414643121943,0.881770396506382,0.891528289071094,0.701374875652972,0.148982952206622,0.528358913483779
0.853463257837973,0.815104815863942,1,1,1,1,37,1,37tj03,O-M,1,0.3232,0.0351,0.933963330086101,0.938234085832321,0.949959363497562,0.935925591772586,0.792493842378875,0.933963330086101,0.938234085832321,0.949959363497562,0.935925591772586,0.792493842378875,0.853463257837973,0.815104815863942
-1.5479309319795,0.190287191298881,0,1,1,1,37,1,37tj03,O-M,1,0.2278,0.0006,0.876050280796876,0.89645880391135,0.92131979453404,0.815040455017051,0.575457954929086,0.876050280796876,0.89645880391135,0.92131979453404,0.815040455017051,0.575457954929086,1.5479309319795,0.190287191298881
-0.586597484410986,-0.776843958740725,1,0,0,1,37,1,37tj03,O-M,1,0.4104,0.267,0.416505623119875,0.394582013960313,0.436446917981502,0.471895375494805,0.218625419063369,0.583494376880125,0.605417986039687,0.563553082018498,0.528104624505195,0.781374580936631,0.586597484410986,0.776843958740725
0.123943537169803,0.221252355313307,1,1,1,1,37,1,37tj03,O-M,1,0.3928,0.0038,0.788461137604966,0.789156098163957,0.816861849424659,0.823189881260072,0.587552027212101,0.788461137604966,0.789156098163957,0.816861849424659,0.823189881260072,0.587552027212101,0.123943537169803,0.221252355313307
-0.116995896317271,0.556354815195451,0,1,1,1,37,1,37tj03,O-M,1,0.245,0.0349,0.860948278536585,0.86646605778314,0.885123348383688,0.89665015469888,0.711015839269436,0.860948278536585,0.86646605778314,0.885123348383688,0.89665015469888,0.711015839269436,0.116995896317271,0.556354815195451
0.365592940239524,-0.357753793723562,0,1,0,0,37,1,37tj03,O-M,1,0.2173,0.1233,0.576509251285807,0.565023161630449,0.604741507412428,0.636299159145355,0.360263786093497,0.423490748714193,0.434976838369551,0.395258492587572,0.363700840854645,0.639736213906503,0.365592940239524,0.357753793723562
0.599675106538091,-0.610141089457582,0,0,0,1,37,1,37tj03,O-M,1,0.2079,0.1514,0.471074847020652,0.453985230038615,0.494628321952415,0.53831780449952,0.270884174894469,0.528925152979348,0.546014769961385,0.505371678047585,0.46168219550048,0.729115825105531,0.599675106538091,0.610141089457582
0.763660763798591,1.88658432682887,1,1,1,1,37,1,37tj03,O-M,1,0.2814,0.108,0.991820392636489,0.993595669923119,0.994855962473353,0.995241783381254,0.970391871762932,0.991820392636489,0.993595669923119,0.994855962473353,0.995241783381254,0.970391871762932,0.763660763798591,1.88658432682887
-0.358420187080299,-2.11895051958516,1,0,0,1,37,1,37tj03,O-M,1,0.3054,0.0879,0.0935386598116986,0.0768053147332804,0.104331902300083,0.0788848046916989,0.017047324408116,0.906461340188301,0.92319468526672,0.895668097699917,0.921115195308301,0.982952675591884,0.358420187080299,2.11895051958516
-0.301137763192471,0.0804244860970136,0,0,1,0,37,1,37tj03,O-M,1,0.2144,0.2907,0.766550377816542,0.764183985343803,0.796500492359355,0.784289465082023,0.532050173554966,0.766550377816542,0.764183985343803,0.796500492359355,0.784289465082023,0.532050173554966,0.301137763192471,0.0804244860970136
0.962573461259135,-0.493915679321244,0,0,0,1,37,1,37tj03,O-M,1,0.2582,0.0009,0.480840197310106,0.472741022110533,0.508304346877956,0.584111111708798,0.310682865406997,0.519159802689894,0.527258977889467,0.491695653122044,0.415888888291202,0.689317134593003,0.962573461259135,0.493915679321244
1.02506810086348,0.686578176187626,1,1,1,1,37,1,37tj03,O-M,1,0.1636,0.0578,0.926103606822253,0.930817890106029,0.944694989392267,0.918177390577329,0.753825707530965,0.926103606822253,0.930817890106029,0.944694989392267,0.918177390577329,0.753825707530965,1.02506810086348,0.686578176187626
0.520955064520538,0.513088421641048,1,1,1,1,37,1,37tj03,O-M,1,0.245,0.0832,0.875740458385448,0.879153456089081,0.898670883943052,0.888658757331586,0.696055264842836,0.875740458385448,0.879153456089081,0.898670883943052,0.888658757331586,0.696055264842836,0.520955064520538,0.513088421641048
-0.825649437788091,0.371412191766825,0,1,1,1,37,1,37tj03,O-M,1,0.2349,0.0007,0.868564460217903,0.872023034736913,0.894935593369882,0.859427315549272,0.644834726869978,0.868564460217903,0.872023034736913,0.894935593369882,0.859427315549272,0.644834726869978,0.825649437788091,0.371412191766825
-1.06821660641587,0.163563830574103,0,0,1,0,37,1,37tj03,O-M,1,0.2251,0.2267,0.843439893284081,0.850684084055518,0.879569024486912,0.807822901438055,0.564962739908316,0.843439893284081,0.850684084055518,0.879569024486912,0.807822901438055,0.564962739908316,1.06821660641587,0.163563830574103
-1.00246649653011,0.817225717508766,0,1,1,1,37,1,37tj03,O-M,1,0.4484,0.0652,0.939701781729195,0.944081937947727,0.955317754467285,0.936191101264898,0.793100275901612,0.939701781729195,0.944081937947727,0.955317754467285,0.936191101264898,0.793100275901612,1.00246649653011,0.817225717508766
-0.653767533462039,2.12582203236499,0,1,1,1,37,1,37tj03,O-M,1,0.184,0.0829,0.995098210471739,0.99636522188255,0.997064647489737,0.997688262997056,0.983240959610859,0.995098210471739,0.99636522188255,0.997064647489737,0.997688262997056,0.983240959610859,0.653767533462039,2.12582203236499
-0.830169000253243,1.50524621108957,0,1,1,1,37,1,37tj03,O-M,1,0.2284,0.0022,0.981642475469999,0.984495627201512,0.987556596453106,0.986502287328426,0.933869605770008,0.981642475469999,0.984495627201512,0.987556596453106,0.986502287328426,0.933869605770008,0.830169000253243,1.50524621108957
0.531898985892094,0.519875306904484,1,1,1,1,37,1,37tj03,O-M,1,0.1072,0.0568,0.877534633273706,0.880986940525103,0.900308371252963,0.889940743587173,0.698424756434129,0.877534633273706,0.880986940525103,0.900308371252963,0.889940743587173,0.698424756434129,0.531898985892094,0.519875306904484
-1.52216423102875,0.832496209351497,0,1,1,1,37,1,37tj03,O-M,1,0.2052,0.0586,0.957345590455233,0.963891564942977,0.9727883012641,0.938077580256999,0.797435541537605,0.957345590455233,0.963891564942977,0.9727883012641,0.938077580256999,0.797435541537605,1.52216423102875,0.832496209351497
-1.07524703691722,1.83483432669518,0,1,1,1,37,1,37tj03,O-M,1,0.1989,0.0486,0.992766673791963,0.994244081578686,0.995489093548848,0.994475923350361,0.966734879607435,0.992766673791963,0.994244081578686,0.995489093548848,0.994475923350361,0.966734879607435,1.07524703691722,1.83483432669518
0.0406000346993926,1.60195932609353,1,1,1,1,37,1,37tj03,O-M,1,1.5902,0.2892,0.976090420034852,0.980765309581182,0.983767396161192,0.98950869023958,0.945417697946711,0.976090420034852,0.980765309581182,0.983767396161192,0.98950869023958,0.945417697946711,0.0406000346993926,1.60195932609353
1.77079590761357,1.33684662049057,1,1,1,1,37,1,37tj03,O-M,1,0.074,0.1124,0.987337723601801,0.990274259250661,0.992931622003911,0.979482904329933,0.909363646082167,0.987337723601801,0.990274259250661,0.992931622003911,0.979482904329933,0.909363646082167,1.77079590761357,1.33684662049057
0.655797336229884,1.53196957181435,1,1,1,1,37,1,37tj03,O-M,1,0.1399,0.0828,0.980453970804923,0.983641975269516,0.986699519083839,0.987399489183207,0.937235028171119,0.980453970804923,0.983641975269516,0.986699519083839,0.987399489183207,0.937235028171119,0.655797336229884,1.53196957181435
-0.523046548598311,-1.95818617490752,1,0,0,1,37,1,37tj03,O-M,1,0.1669,0.0512,0.113283606222691,0.0920759397662785,0.120205049091201,0.105312548640836,0.0251040853877738,0.886716393777309,0.907924060233722,0.879794950908799,0.894687451359164,0.974895914612226,0.523046548598311,1.95818617490752
1.66249957176276,1.08191424278276,1,1,1,1,37,1,37tj03,O-M,1,0.2913,0.3039,0.976167893247998,0.980833620711043,0.985853500428809,0.963132318506906,0.860354682235399,0.976167893247998,0.980833620711043,0.985853500428809,0.963132318506906,0.860354682235399,1.66249957176276,1.08191424278276
-1.03526362798221,1.40344293213804,0,1,1,1,37,1,37tj03,O-M,1,0.0918,0.0009,0.980432678436333,0.983195019874991,0.986731406045815,0.982561373989461,0.919757600862904,0.980432678436333,0.983195019874991,0.986731406045815,0.982561373989461,0.919757600862904,1.03526362798221,1.40344293213804
-1.74116387277886,1.87979744156544,0,1,1,1,37,1,37tj03,O-M,1,0.2924,0.0553,0.996533480377464,0.997415961372796,0.998111221441345,0.995147057187336,0.969932155356317,0.996533480377464,0.997415961372796,0.998111221441345,0.995147057187336,0.969932155356317,1.74116387277886,1.87979744156544
-1.32806547366519,0.190711371627846,0,1,1,1,37,1,37tj03,O-M,1,0.1573,0.124,0.864708364058814,0.878236656269683,0.90474695441841,0.815153644336801,0.575624135527699,0.864708364058814,0.878236656269683,0.90474695441841,0.815153644336801,0.575624135527699,1.32806547366519,0.190711371627846
-1.1758376053466,-0.737819368475969,1,0,0,1,37,1,37tj03,O-M,1,0.1143,0.0007,0.383402770062017,0.370848451216266,0.405171544645814,0.487442721596846,0.230312110948488,0.616597229937983,0.629151548783734,0.594828455354186,0.512557278403154,0.769687889051512,1.1758376053466,0.737819368475969
-0.940976204140248,2.06601260598096,0,1,1,1,37,1,37tj03,O-M,1,0.1737,0.0425,0.995426497109442,0.996533066584828,0.997256852912999,0.997217344851982,0.980586355346847,0.995426497109442,0.996533066584828,0.997256852912999,0.997217344851982,0.980586355346847,0.940976204140248,2.06601260598096
-0.124026326818619,0.677246208950402,0,1,1,1,37,1,37tj03,O-M,1,0.1593,0.0323,0.882935354195062,0.889337639927803,0.905151267692219,0.916757057029165,0.750875123139029,0.882935354195062,0.889337639927803,0.905151267692219,0.916757057029165,0.750875123139029,0.124026326818619,0.677246208950402
-0.71924058204725,1.43059047319178,0,1,1,1,37,1,37tj03,O-M,1,0.2096,0.0334,0.976875581172548,0.980247471241863,0.983992183672777,0.983698084565135,0.923726190284022,0.976875581172548,0.980247471241863,0.983992183672777,0.983698084565135,0.923726190284022,0.71924058204725,1.43059047319178
-0.412135446723601,-1.90855707641865,1,0,0,1,37,1,37tj03,O-M,1,0.0421,0.0007,0.126282180438888,0.104736782545848,0.136111598504376,0.11463927974448,0.0281596267996233,0.873717819561112,0.895263217454151,0.863888401495624,0.88536072025552,0.971840373200377,0.412135446723601,1.90855707641865
1.022539916496,0.532176536444461,1,1,1,1,37,1,37tj03,O-M,1,0.3223,0.1139,0.905625544715904,0.910668191485115,0.928321793663483,0.892237284086849,0.702698133904512,0.905625544715904,0.910668191485115,0.928321793663483,0.892237284086849,0.702698133904512,1.022539916496,0.532176536444461
1.46168207786097,0.232705224195355,1,1,1,1,37,1,37tj03,O-M,1,0.1237,0.1217,0.879584392006121,0.896010043569796,0.920124627191519,0.826145657034679,0.592004843873381,0.879584392006121,0.896010043569796,0.920124627191519,0.826145657034679,0.592004843873381,1.46168207786097,0.232705224195355
0.0983499995318915,1.34024006312229,1,1,1,1,37,1,37tj03,O-M,1,0.2441,0.115,0.960737892379539,0.966724769336538,0.97186916291952,0.979650221943658,0.909916344733322,0.960737892379539,0.966724769336538,0.97186916291952,0.979650221943658,0.909916344733322,0.0983499995318915,1.34024006312229
-0.914984390882802,-0.459132892346135,1,1,0,0,37,1,37tj03,O-M,1,0.3491,0.2328,0.496362542557664,0.488683739634542,0.524399526644722,0.597625153065249,0.323069368801248,0.503637457442336,0.511316260365458,0.475600473355278,0.402374846934751,0.676930631198752,0.914984390882802,0.459132892346135
-1.5012980518314,1.60408022773836,0,1,1,1,37,1,37tj03,O-M,1,0.3213,0.0797,0.991417990975638,0.993094445948896,0.994808720883528,0.989567487354635,0.945651815215809,0.991417990975638,0.993094445948896,0.994808720883528,0.989567487354635,0.945651815215809,1.5012980518314,1.60408022773836
-0.740972577808805,0.0184941580681616,1,0,0,1,37,1,37tj03,O-M,1,0.356,0.1138,0.65641143066302,0.660319484563499,0.69043238741707,0.75422435603663,0.492622318978061,0.34358856933698,0.339680515436501,0.30956761258293,0.24577564396337,0.507377681021939,0.740972577808805,0.0184941580681616
-0.401174209020761,-0.775147237424866,1,0,0,1,37,1,37tj03,O-M,1,0.3083,0.2582,0.433138006672985,0.409920118732897,0.454481519987769,0.472570629057602,0.219126330776896,0.566861993327015,0.590079881267103,0.545518480012231,0.527429370942398,0.780873669223104,0.401174209020761,0.775147237424866
0.15930348565195,1.15911506265435,1,1,1,1,37,1,37tj03,O-M,1,0.0401,0.1124,0.94679439526596,0.953290628055428,0.960503262771149,0.968941019024942,0.876795356553153,0.94679439526596,0.953290628055428,0.960503262771149,0.968941019024942,0.876795356553153,0.15930348565195,1.15911506265435
0.249746683948845,0.488910142890058,1,1,1,1,37,1,37tj03,O-M,1,0.497,0.0922,0.855583709722171,0.859619846447901,0.879985260698516,0.884004902235675,0.687547342750776,0.855583709722171,0.859619846447901,0.879985260698516,0.884004902235675,0.687547342750776,0.249746683948845,0.488910142890058
-0.972976784353279,-1.52679478035038,1,0,0,1,37,1,37tj03,O-M,1,0.1959,0.1313,0.176988667651048,0.150646148623075,0.180054115073334,0.205977804866737,0.0634060249726392,0.823011332348952,0.849353851376925,0.819945884926666,0.794022195133263,0.936593975027361,0.972976784353279,1.52679478035038
-0.689698920876562,1.89379539242127,0,1,1,1,37,1,37tj03,O-M,1,0.1184,0.0007,0.991517072679834,0.993384885894417,0.994658557136006,0.995340619996215,0.970873913258855,0.991517072679834,0.993384885894417,0.994658557136006,0.995340619996215,0.970873913258855,0.689698920876562,1.89379539242127
-0.223958874659204,0.0350371908977865,1,0,0,1,37,1,37tj03,O-M,1,0.2656,0.3212,0.691169867433448,0.688227341691495,0.7217258722379,0.748985457517554,0.486025042510216,0.308830132566552,0.311772658308505,0.2782741277621,0.251014542482446,0.513974957489784,0.223958874659204,0.0350371908977865
-1.26737173251439,-0.72806322090978,1,0,0,1,37,1,37tj03,O-M,1,0.1334,0.0008,0.380206763612751,0.369532872579658,0.402851802254468,0.49133346884972,0.233287443356565,0.619793236387249,0.630467127420342,0.597148197745532,0.50866653115028,0.766712556643435,1.26737173251439,0.72806322090978
1.41492798339388,0.659854815462848,1,1,1,1,37,1,37tj03,O-M,1,0.326,0.0584,0.93806431779282,0.945740356270916,0.958443988592854,0.914060733227,0.745326498634013,0.93806431779282,0.945740356270916,0.958443988592854,0.914060733227,0.745326498634013,1.41492798339388,0.659854815462848
1.50734524345716,0.520723667562413,1,0,1,0,37,1,37tj03,O-M,1,0.3086,0.0489,0.925272875978486,0.936261208645491,0.951644221778249,0.890100244219701,0.698720357713246,0.925272875978486,0.936261208645491,0.951644221778249,0.890100244219701,0.698720357713246,1.50734524345716,0.520723667562413
-0.0020674055846486,-0.344604203525655,1,1,0,0,37,1,37tj03,O-M,1,0.2364,0.0965,0.614169316662562,0.601410526747774,0.644262563843018,0.641224418330409,0.365195972602198,0.385830683337438,0.398589473252226,0.355737436156982,0.358775581669591,0.634804027397802,0.0020674055846486,0.344604203525655
0.655935866880157,1.5506335062888,1,1,1,1,37,1,37tj03,O-M,1,0.2044,0.2575,0.981210827971978,0.984330768613149,0.9872630492774,0.987995064235771,0.939505231135218,0.981210827971978,0.984330768613149,0.9872630492774,0.987995064235771,0.939505231135218,0.655935866880157,1.5506335062888
-0.229863743627084,-0.719579614330485,1,0,0,1,37,1,37tj03,O-M,1,0.1876,0.1614,0.467289493544441,0.444897118322622,0.491570863695574,0.494717410818723,0.235891933621365,0.532710506455559,0.555102881677378,0.508429136304426,0.505282589181277,0.764108066378635,0.229863743627084,0.719579614330485
-1.5914122398339,0.559324077498205,0,1,1,1,37,1,37tj03,O-M,1,0.3019,0.0632,0.932915765256222,0.944482288896094,0.958389542865309,0.897182908030925,0.712029717012426,0.932915765256222,0.944482288896094,0.958389542865309,0.897182908030925,0.712029717012426,1.5914122398339,0.559324077498205
1.16202296498949,0.95805358672506,1,1,1,1,37,1,37tj03,O-M,1,0.2907,0.1146,0.957393691312806,0.961581786686041,0.969861359327045,0.951982873892447,0.830982131058455,0.957393691312806,0.961581786686041,0.969861359327045,0.951982873892447,0.830982131058455,1.16202296498949,0.95805358672506
-1.77070553394955,1.27746137443551,0,1,1,1,37,1,37tj03,O-M,1,0.2444,0.0656,0.985524219178297,0.9888619493984,0.991905224590921,0.97636088054221,0.899280295665291,0.985524219178297,0.9888619493984,0.991905224590921,0.97636088054221,0.899280295665291,1.77070553394955,1.27746137443551
-1.48967879353977,1.86834457268339,0,1,1,1,37,1,37tj03,O-M,1,0.202,0.0008,0.995427369826499,0.996447572287066,0.997326565059747,0.99498339028549,0.969142971229078,0.995427369826499,0.996447572287066,0.997326565059747,0.99498339028549,0.969142971229078,1.48967879353977,1.86834457268339
-0.299561977045618,0.685305635200732,0,1,1,1,37,1,37tj03,O-M,1,0.193,0.0276,0.892687148701307,0.898065016545729,0.91359454488455,0.917984791408865,0.753424461717875,0.892687148701307,0.898065016545729,0.91359454488455,0.917984791408865,0.753424461717875,0.299561977045618,0.685305635200732
-1.41660387552083,0.507574077364506,0,1,1,1,37,1,37tj03,O-M,1,0.1975,0.017,0.920048488452979,0.929832959017637,0.946121827285745,0.887609300100415,0.694123963039345,0.920048488452979,0.929832959017637,0.946121827285745,0.887609300100415,0.694123963039345,1.41660387552083,0.507574077364506
0.025863836776617,-1.9933931422116,0,0,0,1,37,1,37tj03,O-M,1,0.2895,0.039,0.126186827264168,0.11191574722674,0.150096988673229,0.0990374892062196,0.0231092071161,0.873813172735832,0.88808425277326,0.849903011326771,0.90096251079378,0.9768907928839,0.025863836776617,1.9933931422116
1.03587349158476,0.734086373031677,1,1,1,1,37,1,37tj03,O-M,1,0.2259,0.14,0.932052163790612,0.936695958879737,0.949497714471254,0.925126277154795,0.768551950909678,0.932052163790612,0.936695958879737,0.949497714471254,0.925126277154795,0.768551950909678,1.03587349158476,0.734086373031677
-1.34564154991856,0.71372571724137,0,1,1,1,37,1,37tj03,O-M,1,0.2067,0.0107,0.941301008639646,0.947786380358802,0.959709023936071,0.922205396147842,0.762301599640477,0.941301008639646,0.947786380358802,0.959709023936071,0.922205396147842,0.762301599640477,1.34564154991856,0.71372571724137
1.67037850249703,1.54257408003847,1,1,1,1,37,1,37tj03,O-M,1,0.1345,0.0501,0.99145620764427,0.993309647803757,0.995071647081334,0.987740946580426,0.93853292448768,0.99145620764427,0.993309647803757,0.995071647081334,0.987740946580426,0.93853292448768,1.67037850249703,1.54257408003847
-0.0233145440702487,1.69358227714992,0,1,1,1,37,1,37tj03,O-M,1,1.3006,0.1267,0.980177325180567,0.984346946761252,0.986799035614944,0.991800672723953,0.954827655926243,0.980177325180567,0.984346946761252,0.986799035614944,0.991800672723953,0.954827655926243,0.0233145440702487,1.69358227714992
-1.73628066735674,0.986049488436733,0,1,1,1,37,1,37tj03,O-M,1,0.0945,0.0007,0.972356215460201,0.978358406162597,0.984182169282957,0.954713917061284,0.837945585663248,0.972356215460201,0.978358406162597,0.984182169282957,0.954713917061284,0.837945585663248,1.73628066735674,0.986049488436733
-1.6887127053193,1.19601875127428,0,1,1,1,37,1,37tj03,O-M,1,0.0998,0.0006,0.981613650048521,0.98539393073765,0.989262816597864,0.971437717499399,0.884155379150364,0.981613650048521,0.98539393073765,0.989262816597864,0.971437717499399,0.884155379150364,1.6887127053193,1.19601875127428
-1.64604526503526,0.947873258829906,0,1,1,1,37,1,37tj03,O-M,1,0.0698,0.0083,0.968384117613236,0.97436001121752,0.981016117416298,0.950957675565121,0.828403010046427,0.968384117613236,0.97436001121752,0.981016117416298,0.950957675565121,0.828403010046427,1.64604526503526,0.947873258829906
-1.00047511843244,2.14448596683944,0,1,1,1,37,1,37tj03,O-M,1,0.2075,0.0327,0.996448528240848,0.9973486062654,0.997913027136875,0.997819693049265,0.984003015670225,0.996448528240848,0.9973486062654,0.997913027136875,0.997819693049265,0.984003015670225,1.00047511843244,2.14448596683944
0.564592219356489,-0.594870597614852,0,0,0,1,37,1,37tj03,O-M,1,0.115,0.009,0.479249022033023,0.462238936450945,0.503171592497703,0.544377040093484,0.27596498622941,0.520750977966977,0.537761063549055,0.496828407502297,0.455622959906516,0.72403501377059,0.564592219356489,0.594870597614852
-0.103575739572087,2.07322367157336,0,1,1,1,37,1,37tj03,O-M,1,0.2209,0.0826,0.99213710822388,0.994227912500462,0.995180737073375,0.997278381989384,0.980924265815045,0.99213710822388,0.994227912500462,0.995180737073375,0.997278381989384,0.980924265815045,0.103575739572087,2.07322367157336
-0.63395765047302,1.40726055509872,0,1,1,1,37,1,37tj03,O-M,1,0.2335,0.1054,0.974379635189986,0.978072927380202,0.982109692260099,0.982725204197758,0.920324929387021,0.974379635189986,0.978072927380202,0.982109692260099,0.982725204197758,0.920324929387021,0.63395765047302,1.40726055509872
-1.35951193127713,1.20704743982736,0,1,1,1,37,1,37tj03,O-M,1,0.2387,6.338,0.977048878718961,0.980299268108072,0.984917510451565,0.972150619875096,0.886293062623454,0.977048878718961,0.980299268108072,0.984917510451565,0.972150619875096,0.886293062623454,1.35951193127713,1.20704743982736
0.0888433336569164,-1.62308371502538,0,0,0,1,37,1,37tj03,O-M,1,0.8032,0.1868,0.203680520067863,0.181000665238554,0.225915433759088,0.179637884188885,0.0522857551723637,0.796319479932137,0.818999334761446,0.774084566240912,0.820362115811115,0.947714244827636,0.0888433336569164,1.62308371502538
1.556766052942,1.22231793167009,1,1,1,1,37,1,37tj03,O-M,1,0.3138,0.0735,0.980828083606216,0.984190297170161,0.988177790720829,0.973113188608887,0.889206289622624,0.980828083606216,0.984190297170161,0.988177790720829,0.973113188608887,0.889206289622624,1.556766052942,1.22231793167009
1.64083684132635,0.739600717308219,1,1,1,1,37,1,37tj03,O-M,1,0.1683,0.0483,0.95269567006187,0.961534085048246,0.971441065502518,0.925902767923552,0.770228846850504,0.95269567006187,0.961534085048246,0.971441065502518,0.925902767923552,0.770228846850504,1.64083684132635,0.739600717308219
0.0891723439513145,0.484244159271446,1,1,1,1,37,1,37tj03,O-M,1,0.2014,0.0009,0.84521925521996,0.850169817377728,0.870629329519488,0.883091119511279,0.685893699680785,0.84521925521996,0.850169817377728,0.870629329519488,0.883091119511279,0.685893699680785,0.0891723439513145,0.484244159271446
-0.557419466197264,0.772686782967469,0,1,1,1,37,1,37tj03,O-M,1,0.3324,7.225,0.916936667439564,0.921611281499416,0.934880791278943,0.930433119602204,0.780146114696467,0.916936667439564,0.921611281499416,0.934880791278943,0.930433119602204,0.780146114696467,0.557419466197264,0.772686782967469
1.61687103882914,1.88658432682887,1,1,1,1,37,1,37tj03,O-M,1,0.3966,0.2037,0.996145384259095,0.997061300865882,0.99781968258264,0.995241783381254,0.970391871762932,0.996145384259095,0.997061300865882,0.99781968258264,0.995241783381254,0.970391871762932,1.61687103882914,1.88658432682887
-1.29914720042073,1.75042244123119,0,1,1,1,37,1,37tj03,O-M,1,0.5944,0.1127,0.992718400397146,0.994149380994999,0.995507745860262,0.992990187925634,0.959977276763046,0.992718400397146,0.994149380994999,0.995507745860262,0.992990187925634,0.959977276763046,1.29914720042073,1.75042244123119
0.290717123767043,2.08297981913955,1,1,1,1,37,1,37tj03,O-M,1,0.3165,0.1376,0.993080699011788,0.994895001529347,0.995781466850858,0.997359037691988,0.981373468446324,0.993080699011788,0.994895001529347,0.995781466850858,0.997359037691988,0.981373468446324,0.290717123767043,2.08297981913955
-0.997739138089553,0.447340470651513,0,1,1,1,37,1,37tj03,O-M,1,0.2251,0.2587,0.891438995739316,0.896445079418555,0.916529894269943,0.875683939841238,0.672685374817429,0.891438995739316,0.896445079418555,0.916529894269943,0.875683939841238,0.672685374817429,0.997739138089553,0.447340470651513
-1.71378675301869,0.709483913951722,0,1,1,1,37,1,37tj03,O-M,1,0.2809,0.1855,0.951919396245893,0.962100715845545,0.972145774752088,0.921586136009022,0.760987884809463,0.951919396245893,0.962100715845545,0.972145774752088,0.921586136009022,0.760987884809463,1.71378675301869,0.709483913951722
-1.12797526567733,1.19517039061635,0,1,1,1,37,1,37tj03,O-M,1,0.3643,0.1152,0.972155577152434,0.975468116948457,0.980752317393024,0.971382255719269,0.883989767740425,0.972155577152434,0.975468116948457,0.980752317393024,0.971382255719269,0.883989767740425,1.12797526567733,1.19517039061635
0.885637001363845,-0.960089860853492,0,1,0,0,37,1,37tj03,O-M,1,0.1914,0.2916,0.334040565024501,0.311212242416709,0.348687465236234,0.399843532440709,0.168504995466943,0.665959434975498,0.688787757583291,0.651312534763766,0.600156467559291,0.831495004533057,0.885637001363845,0.960089860853492
0.606965282008701,0.055397846688094,0,0,0,1,37,1,37tj03,O-M,1,0.3795,0.5134,0.654630522508631,0.655561843511876,0.687261906255579,0.742457355985398,0.477910755649536,0.345369477491369,0.344438156488124,0.312738093744421,0.257542644014602,0.522089244350464,0.606965282008701,0.055397846688094
-0.0016344973025459,1.91076260557986,0,1,1,1,37,1,37tj03,O-M,1,0.7007,0.1693,0.987738798840016,0.990733753247034,0.992204217857019,0.99556598663316,0.971982452363719,0.987738798840016,0.990733753247034,0.992204217857019,0.99556598663316,0.971982452363719,0.0016344973025459,1.91076260557986
-0.297605231610513,0.606832274342255,0,1,1,1,37,1,37tj03,O-M,1,0.4862,0.2985,0.879705446365044,0.884578086971151,0.901947303460371,0.905437167159233,0.728018886391778,0.879705446365044,0.884578086971151,0.901947303460371,0.905437167159233,0.728018886391778,0.297605231610513,0.606832274342255
0.243166478060884,-0.744606253739405,0,0,0,1,37,1,37tj03,O-M,1,0.2719,0.2482,0.45763221142993,0.434688154314135,0.481400654803161,0.484736797371682,0.228254893125613,0.54236778857007,0.565311845685865,0.518599345196839,0.515263202628318,0.771745106874387,0.243166478060884,0.744606253739405
1.58720816333947,0.51775440525966,1,1,1,1,37,1,37tj03,O-M,1,0.262,0.184,0.92780460266462,0.94018954078436,0.955114496592839,0.889541265584986,0.697685183070881,0.92780460266462,0.94018954078436,0.955114496592839,0.889541265584986,0.697685183070881,1.58720816333947,0.51775440525966
-0.461313827570467,2.02020113045277,0,1,1,1,37,1,37tj03,O-M,1,0.232,0.2551,0.992713489621883,0.994515579433451,0.995510250142029,0.996799879313015,0.978318735458189,0.992713489621883,0.994515579433451,0.995510250142029,0.996799879313015,0.978318735458189,0.461313827570467,2.02020113045277
-0.128493940289918,0.610649897302938,0,1,1,1,37,1,37tj03,O-M,1,2.5047,0.1058,0.871571781393889,0.877480927383741,0.894828520711147,0.906078615721343,0.729284309067168,0.871571781393889,0.877480927383741,0.894828520711147,0.906078615721343,0.729284309067168,0.128493940289918,0.610649897302938
1.69607593812265,1.39920112884839,1,1,1,1,37,1,37tj03,O-M,1,0.2464,0.0656,0.988342178565778,0.990845116419039,0.993278882616759,0.982377786202629,0.919123660912383,0.988342178565778,0.990845116419039,0.993278882616759,0.982377786202629,0.919123660912383,1.69607593812265,1.39920112884839
-1.68924951158911,0.33069088018621,0,1,1,1,37,1,37tj03,O-M,1,0.0947,0.0323,0.905815084772215,0.925734166748576,0.944895354653314,0.850138740438843,0.62956100416944,0.905815084772215,0.925734166748576,0.944895354653314,0.850138740438843,0.62956100416944,1.68924951158911,0.33069088018621
-1.54188753236135,1.04628309514973,0,1,1,1,37,1,37tj03,O-M,1,0.2099,1.615,0.972155237237134,0.976729697034896,0.982545429721093,0.960166443753199,0.852284826029895,0.972155237237134,0.976729697034896,0.982545429721093,0.960166443753199,0.852284826029895,1.54188753236135,1.04628309514973
-0.0700513222060551,2.20684047519725,0,1,1,1,37,1,37tj03,O-M,1,0.301,0.0559,0.994305082632948,0.995936866087819,0.996607877174714,0.998211148224415,0.986337396889102,0.994305082632948,0.995936866087819,0.996607877174714,0.998211148224415,0.986337396889102,0.0700513222060551,2.20684047519725
1.17057723264384,0.421465470584664,1,1,1,1,37,1,37tj03,O-M,1,0.2844,0.0007,0.896424996916312,0.90357949165405,0.923627638537322,0.870298481395939,0.663292389964125,0.896424996916312,0.90357949165405,0.923627638537322,0.870298481395939,0.663292389964125,1.17057723264384,0.421465470584664
0.571449486544996,1.24395112844729,1,1,1,1,37,1,37tj03,O-M,1,0.2866,0.1534,0.963412901162701,0.967832734208337,0.973563071734253,0.974429150657583,0.893241224880344,0.963412901162701,0.967832734208337,0.973563071734253,0.974429150657583,0.893241224880344,0.571449486544996,1.24395112844729
-0.425607552462637,2.02656383538724,0,1,1,1,37,1,37tj03,O-M,1,1.5289,0.1293,0.992662873086181,0.994492837663973,0.995482036323904,0.996861045526612,0.978646480901615,0.992662873086181,0.994492837663973,0.995482036323904,0.996861045526612,0.978646480901615,0.425607552462637,2.02656383538724
1.59702652317755,1.69570317879474,1,1,1,1,37,1,37tj03,O-M,1,0.1954,0.0166,0.993674241654736,0.995043561456353,0.996315434584504,0.991848057705693,0.955028946883779,0.993674241654736,0.995043561456353,0.996315434584504,0.991848057705693,0.955028946883779,1.59702652317755,1.69570317879474
-0.389710797710682,-1.37408986192308,1,1,0,0,37,1,37tj03,O-M,1,0.2518,0.0669,0.249510856583443,0.220647261427265,0.262798640031773,0.25214591651063,0.084706893212032,0.750489143416557,0.779352738572735,0.737201359968227,0.74785408348937,0.915293106787968,0.389710797710682,1.37408986192308
-0.371182323236687,-1.45129068179466,1,0,0,1,37,1,37tj03,O-M,1,0.1805,0.1858,0.230109837956787,0.201847229915128,0.243240942478785,0.228150084225867,0.0733494674578175,0.769890162043213,0.798152770084872,0.756759057521215,0.771849915774133,0.926650532542183,0.371182323236687,1.45129068179466
1.57519062942829,1.03610276725457,1,1,1,1,37,1,37tj03,O-M,1,0.1421,0.0742,0.972221526206479,0.976994498357529,0.982816511345561,0.959284303454716,0.849922899315825,0.972221526206479,0.976994498357529,0.982816511345561,0.959284303454716,0.849922899315825,1.57519062942829,1.03610276725457
-0.115593273483258,-1.51406937048144,1,0,0,1,37,1,37tj03,O-M,1,0.4221,0.1202,0.230052690952057,0.205272695852347,0.251451121797191,0.209622545366264,0.065004123082608,0.769947309047943,0.794727304147653,0.748548878202809,0.790377454633736,0.934995876917392,0.115593273483258,1.51406937048144
-0.629853679958686,2.15254539308977,0,1,1,1,37,1,37tj03,O-M,1,1.0127,0.0155,0.995345319176625,0.99657132162708,0.997227354319937,0.99787432311806,0.984322787940845,0.995345319176625,0.99657132162708,0.997227354319937,0.99787432311806,0.984322787940845,0.629853679958686,2.15254539308977
-1.79474060177189,1.5578445718812,0,1,1,1,37,1,37tj03,O-M,1,0.2711,0.1284,0.992603771973509,0.994420874809776,0.995956476822647,0.988218547984367,0.940364951390469,0.992603771973509,0.994420874809776,0.995956476822647,0.988218547984367,0.940364951390469,1.79474060177189,1.5578445718812
-0.395996625966813,2.10291629460089,0,1,1,1,37,1,37tj03,O-M,1,0.1491,0.0335,0.993824050542415,0.995443788943528,0.996258896407708,0.997517177650946,0.982263456406191,0.993824050542415,0.995443788943528,0.996258896407708,0.997517177650946,0.982263456406191,0.395996625966813,2.10291629460089
-0.678079662584926,-1.5229771573897,1,0,0,1,37,1,37tj03,O-M,1,0.1665,0.0595,0.193746567589476,0.165737745111597,0.199981172574008,0.207067261022658,0.0638822101986752,0.806253432410524,0.834262254888403,0.800018827425992,0.792932738977342,0.936117789801325,0.678079662584926,1.5229771573897
0.216811021846472,1.2498896530528,1,1,1,1,37,1,37tj03,O-M,1,0.0261,0.1126,0.956100222337835,0.961971571445582,0.968012512530342,0.974780813520046,0.894330070174129,0.956100222337835,0.961971571445582,0.968012512530342,0.974780813520046,0.894330070174129,0.216811021846472,1.2498896530528
-0.52489939604571,0.861764652050064,0,1,1,1,37,1,37tj03,O-M,1,0.2801,0.041,0.926703965553626,0.931678398378962,0.943223805642365,0.941571380796577,0.805591479929578,0.926703965553626,0.931678398378962,0.943223805642365,0.941571380796577,0.805591479929578,0.52489939604571,0.861764652050064
-1.16562096988898,1.35847981726777,0,1,1,1,37,1,37tj03,O-M,1,0.3228,0.0179,0.980530356108393,0.983257216928415,0.986936629773087,0.980529867009243,0.912844258737819,0.980530356108393,0.983257216928415,0.986936629773087,0.980529867009243,0.912844258737819,1.16562096988898,1.35847981726777
-0.104164494835747,-1.27186240264258,1,0,0,1,37,1,37tj03,O-M,1,0.3362,0.1685,0.299529102653906,0.272779873722275,0.322270601179046,0.285858477084549,0.101711006174785,0.700470897346094,0.727220126277725,0.677729398820954,0.714141522915451,0.898288993825215,0.104164494835747,1.27186240264258
0.231096995155861,1.05900850501867,1,1,1,1,37,1,37tj03,O-M,1,0.1773,0.1457,0.938792889270418,0.945170297018264,0.95373568181021,0.961247204102219,0.85520204681564,0.938792889270418,0.945170297018264,0.95373568181021,0.961247204102219,0.85520204681564,0.231096995155861,1.05900850501867
0.130454477732627,-1.89158986326006,0,0,0,1,37,1,37tj03,O-M,1,0.0087,0.1822,0.141423442808746,0.122990248673899,0.161031134927262,0.117958888437312,0.0292728237662634,0.858576557191254,0.877009751326101,0.838968865072738,0.882041111562688,0.970727176233737,0.130454477732627,1.89158986326006
-0.202936848480297,1.54893678497294,0,1,1,1,37,1,37tj03,O-M,1,0.2385,0.2069,0.975376098722265,0.979838423740702,0.983121525384372,0.987941948684654,0.939301541453787,0.975376098722265,0.979838423740702,0.983121525384372,0.987941948684654,0.939301541453787,0.202936848480297,1.54893678497294
1.09448927298147,0.766324078032997,1,0,1,0,37,1,37tj03,O-M,1,0.1562,0.3734,0.937784613929124,0.942533955666658,0.954453545262109,0.929578876520512,0.778258252518475,0.937784613929124,0.942533955666658,0.954453545262109,0.929578876520512,0.778258252518475,1.09448927298147,0.766324078032997
0.92891051324283,0.122418338664523,1,1,1,1,37,1,37tj03,O-M,1,0.1375,0.0242,0.825047594602001,0.829521364811112,0.860362166349246,0.796378776956622,0.548716142205791,0.825047594602001,0.829521364811112,0.860362166349246,0.796378776956622,0.548716142205791,0.92891051324283,0.122418338664523
-0.932491201811035,0.852856865141804,0,1,1,1,37,1,37tj03,O-M,1,0.2684,0.0319,0.940815703997693,0.945069851320668,0.955847378678435,0.940524836324069,0.803130657660275,0.940815703997693,0.945069851320668,0.955847378678435,0.940524836324069,0.803130657660275,0.932491201811035,0.852856865141804
1.41659035119715,1.79071957248284,1,1,1,1,37,1,37tj03,O-M,1,0.348,0.2108,0.994062007165323,0.995298652169055,0.996433910741671,0.993738564240055,0.963330846377396,0.994062007165323,0.995298652169055,0.996433910741671,0.993738564240055,0.963330846377396,1.41659035119715,1.79071957248284
1.61631691622805,1.55020932595984,1,1,1,1,37,1,37tj03,O-M,1,0.1463,0.1071,0.991203432264863,0.993028246715745,0.994829589742061,0.987981804405002,0.939454358922139,0.991203432264863,0.993028246715745,0.994829589742061,0.987981804405002,0.939454358922139,1.61631691622805,1.55020932595984
1.36801804194523,0.520723667562413,1,1,1,1,37,1,37tj03,O-M,1,0.1722,0.0258,0.919777431661737,0.928658695920096,0.944901333394705,0.890100244219701,0.698720357713246,0.919777431661737,0.928658695920096,0.944901333394705,0.890100244219701,0.698720357713246,1.36801804194523,0.520723667562413
-0.0509167761371162,-2.0510816669508,1,0,0,1,37,1,37tj03,O-M,1,0.6505,0.0818,0.114868228003992,0.101222963031553,0.137290979019013,0.0893539718867372,0.0201294971727908,0.885131771996008,0.898777036968447,0.862709020980987,0.910646028113263,0.979870502827209,0.0509167761371162,2.0510816669508
0.723885150838995,1.23928514482868,1,1,1,1,37,1,37tj03,O-M,1,0.2492,0.5032,0.966380442940868,0.970319212117628,0.975883082333367,0.974149972008823,0.892380040953813,0.966380442940868,0.970319212117628,0.975883082333367,0.974149972008823,0.892380040953813,0.723885150838995,1.23928514482868
-0.60562813249222,-0.250436170495483,1,0,0,1,37,1,37tj03,O-M,1,0.2188,0.1791,0.591547878036201,0.586334366345336,0.62192850704127,0.6757696195541,0.401125030293191,0.408452121963799,0.413665633654664,0.37807149295873,0.3242303804459,0.598874969706809,0.60562813249222,0.250436170495483
-1.18473819962663,2.21405154078965,0,1,1,1,37,1,37tj03,O-M,1,0.3929,0.0007,0.997500668065647,0.998156895694116,0.998571803058255,0.998252028023453,0.986587383190612,0.997500668065647,0.998156895694116,0.998571803058255,0.998252028023453,0.986587383190612,1.18473819962663,2.21405154078965
-0.699119005095117,1.27152284983,0,1,1,1,37,1,37tj03,O-M,1,0.1296,0.0007,0.967893803960781,0.971817916190633,0.977068871203989,0.976027782019554,0.898228648112979,0.967893803960781,0.971817916190633,0.977068871203989,0.976027782019554,0.898228648112979,0.699119005095117,1.27152284983
-0.650096471229808,0.432494159137747,0,1,1,1,37,1,37tj03,O-M,1,0.6463,0.2832,0.868997714218491,0.87188880644314,0.893416374768009,0.872613362890912,0.66730885177942,0.868997714218491,0.87188880644314,0.893416374768009,0.872613362890912,0.66730885177942,0.650096471229808,0.432494159137747
1.77711636853227,0.507998257693471,1,1,1,1,37,1,37tj03,O-M,1,0.2221,0.1497,0.932792561312968,0.948953084989182,0.962746020291944,0.88769027763035,0.69427271745577,0.932792561312968,0.948953084989182,0.962746020291944,0.88769027763035,0.69427271745577,1.77711636853227,0.507998257693471
-0.225326864830648,-1.49201199337528,1,0,0,1,37,1,37tj03,O-M,1,0.3851,0.288,0.228825888961074,0.202208600478118,0.246152396715035,0.216029175302988,0.0678480006276414,0.771174111038926,0.797791399521882,0.753847603284965,0.783970824697012,0.932151999372359,0.225326864830648,1.49201199337528
0.983231844481075,1.17777899712879,1,1,1,1,37,1,37tj03,O-M,1,0.2543,0.1613,0.968134035310657,0.971654860566901,0.977447173518248,0.970225406618442,0.880557638075573,0.968134035310657,0.971654860566901,0.977447173518248,0.970225406618442,0.880557638075573,0.983231844481075,1.17777899712879
0.305003097076432,1.43228719450764,1,1,1,1,37,1,37tj03,O-M,1,0.1794,0.2177,0.970442077861513,0.97513881887496,0.979271038889499,0.983766971778989,0.923969176825076,0.970442077861513,0.97513881887496,0.979271038889499,0.983766971778989,0.923969176825076,0.305003097076432,1.43228719450764
-0.902499316026961,2.02147367143966,0,1,1,1,37,1,37tj03,O-M,1,0.4339,0.2407,0.994717882606479,0.995962157015577,0.99679448492941,0.996812197671807,0.978384622430419,0.994717882606479,0.995962157015577,0.99679448492941,0.996812197671807,0.978384622430419,0.902499316026961,2.02147367143966
-0.525851794266336,-0.604626745181041,1,0,0,1,37,1,37tj03,O-M,1,0.4703,0.2885,0.47933209578817,0.461624581869105,0.503132406272689,0.540506962576447,0.272713515913587,0.52066790421183,0.538375418130895,0.496867593727311,0.459493037423553,0.727286484086413,0.525851794266336,0.604626745181041
-1.54832920759904,1.79538555610146,0,1,1,1,37,1,37tj03,O-M,1,0.2244,0.0966,0.994814925286281,0.995957231510726,0.996977385371277,0.993820476135335,0.963703853930395,0.994814925286281,0.995957231510726,0.996977385371277,0.993820476135335,0.963703853930395,1.54832920759904,1.79538555610146
0.88776691011179,1.15741834133849,1,1,1,1,37,1,37tj03,O-M,1,0.1322,0.1314,0.964689501603404,0.968426396785416,0.97465614117693,0.968822017068754,0.87644925796844,0.964689501603404,0.968426396785416,0.97465614117693,0.968822017068754,0.87644925796844,0.88776691011179,1.15741834133849
0.943508180515332,0.739176536979254,1,1,1,1,37,1,37tj03,O-M,1,0.2059,0.099,0.928949636859213,0.933339776019405,0.946350149389616,0.925843257125277,0.77010009687344,0.928949636859213,0.933339776019405,0.946350149389616,0.925843257125277,0.77010009687344,0.943508180515332,0.739176536979254
-1.41450859943546,-0.180022235887336,1,1,0,0,37,1,37tj03,O-M,1,0.1362,0.2951,0.557605089751324,0.567614071230061,0.596065443555543,0.700665493734889,0.428567555830733,0.442394910248676,0.432385928769939,0.403934556444457,0.299334506265111,0.571432444169267,1.41450859943546,0.180022235887336
-0.0699820568809187,0.926240062052704,0,1,1,1,37,1,37tj03,O-M,1,0.1749,0.0985,0.917954414613845,0.925430902478106,0.936287726062696,0.948721088494298,0.822839381457001,0.917954414613845,0.925430902478106,0.936287726062696,0.948721088494298,0.822839381457001,0.0699820568809187,0.926240062052704
-0.564571111017601,0.164412191232032,0,1,1,1,37,1,37tj03,O-M,1,0.1943,0.1621,0.807808525674627,0.807793541542765,0.837698758931102,0.808054645562877,0.565296666523324,0.807808525674627,0.807793541542765,0.837698758931102,0.808054645562877,0.565296666523324,0.564571111017601,0.164412191232032
-0.728019962008292,-1.13061035309732,1,0,0,1,37,1,37tj03,O-M,1,0.3329,0.0256,0.294389467673169,0.267132711594032,0.305850725321185,0.335683504924703,0.129109564003829,0.705610532326831,0.732867288405968,0.694149274678815,0.664316495075297,0.870890435996171,0.728019962008292,1.13061035309732
-1.79638565324388,1.64946752293759,0,1,1,1,37,1,37tj03,O-M,1,0.193,0.0007,0.994097792526429,0.995575101045422,0.996792437405848,0.990758697962658,0.950474054314128,0.994097792526429,0.995575101045422,0.996792437405848,0.990758697962658,0.950474054314128,1.79638565324388,1.64946752293759
1.0214489876251,0.109268748466616,1,1,1,1,37,1,37tj03,O-M,1,0.1833,0.0008,0.828613275095901,0.83513196330784,0.866149686175313,0.792637381362439,0.543505333372479,0.828613275095901,0.83513196330784,0.866149686175313,0.792637381362439,0.543505333372479,1.0214489876251,0.109268748466616
-1.3110608363442,0.684457274542803,0,1,1,1,37,1,37tj03,O-M,1,0.2655,0.1428,0.937023490670747,0.943496837873212,0.956198567927789,0.91785620232544,0.75315677000406,0.937023490670747,0.943496837873212,0.956198567927789,0.91785620232544,0.75315677000406,1.3110608363442,0.684457274542803
1.51226308154185,0.279789240710441,1,1,1,1,37,1,37tj03,O-M,1,0.3599,0.4749,0.890201748783843,0.906802554586689,0.928984379917139,0.83796459735279,0.610180396581201,0.890201748783843,0.906802554586689,0.928984379917139,0.83796459735279,0.610180396581201,1.51226308154185,0.279789240710441
1.50149232348313,0.95720522606713,1,1,1,1,37,1,37tj03,O-M,1,0.3199,0.3934,0.965903174090812,0.971082813590196,0.978180444869567,0.951898101151729,0.830768160105095,0.965903174090812,0.971082813590196,0.978180444869567,0.951898101151729,0.830768160105095,1.50149232348313,0.95720522606713
0.183113441167598,-0.571540679521791,0,0,0,1,37,1,37tj03,O-M,1,0.4279,0.3004,0.521670567213918,0.502872673107157,0.548292479495508,0.553613834967057,0.283816596719537,0.478329432786082,0.497127326892843,0.451707520504492,0.446386165032943,0.716183403280463,0.183113441167598,0.571540679521791
0.959387256302859,-1.17345256632276,0,0,0,1,37,1,37tj03,O-M,1,1.238,0.0512,0.26619257438946,0.240794578735705,0.275528595842156,0.320208863555548,0.120307183935764,0.73380742561054,0.759205421264295,0.724471404157844,0.679791136444452,0.879692816064236,0.959387256302859,1.17345256632276
-1.59676298620069,0.396438831175745,0,1,1,1,37,1,37tj03,O-M,1,0.4152,0.1531,0.912000309868145,0.927548416675413,0.945578740785412,0.864937897557932,0.654109337724309,0.912000309868145,0.927548416675413,0.945578740785412,0.864937897557932,0.654109337724309,1.59676298620069,0.396438831175745
1.24500282450293,-1.6841656823963,0,0,0,1,37,1,37tj03,O-M,1,0.2602,0.2896,0.132811039048546,0.109851452623686,0.132826157334923,0.164079714287385,0.0460748267201934,0.867188960951454,0.890148547376314,0.867173842665077,0.835920285712615,0.953925173279807,1.24500282450293,1.6841656823963
-1.40027457511992,-0.629229204260996,1,1,0,0,37,1,37tj03,O-M,1,0.3659,0.272,0.403869345626384,0.398767554719736,0.430657050356515,0.530731398638204,0.264599506028226,0.596130654373616,0.601232445280264,0.569342949643485,0.469268601361796,0.735400493971774,1.40027457511992,0.629229204260996
0.946417324171063,0.71287735658344,1,0,1,0,37,1,37tj03,O-M,1,0.1828,0.0008,0.92597272397853,0.930392531532942,0.943962136256573,0.922081841999439,0.762039174001891,0.92597272397853,0.930392531532942,0.943962136256573,0.922081841999439,0.762039174001891,0.946417324171063,0.71287735658344
0.879455071095418,0.771838422309539,1,1,1,1,37,1,37tj03,O-M,1,0.238,0.0803,0.930138494904593,0.934425011683161,0.946948385954838,0.930319683708366,0.779894934011518,0.930138494904593,0.934425011683161,0.946948385954838,0.930319683708366,0.779894934011518,0.879455071095418,0.771838422309539
-0.517089730636578,1.87046547432821,0,1,1,1,37,1,37tj03,O-M,1,0.1916,0.0163,0.98992028574237,0.992154446740221,0.993588448083401,0.995014064847513,0.969290396431483,0.98992028574237,0.992154446740221,0.993588448083401,0.995014064847513,0.969290396431483,0.517089730636578,1.87046547432821
0.0068158723640986,-1.68034805943562,1,1,0,0,37,1,37tj03,O-M,1,0.2239,5.6423,0.194289193075997,0.174340685110178,0.220257617185029,0.165025707703312,0.0464448077503639,0.805710806924003,0.825659314889822,0.779742382814971,0.834974292296688,0.953555192249636,0.0068158723640986,1.68034805943562
-1.32108699215769,1.80217244136489,0,1,1,1,37,1,37tj03,O-M,1,0.2302,0.0007,0.993694459138476,0.994983387867347,0.996157306650908,0.99393792629211,0.964240860434049,0.993694459138476,0.994983387867347,0.996157306650908,0.99393792629211,0.964240860434049,1.32108699215769,1.80217244136489
-1.15410560958504,0.181379404390622,0,1,1,1,37,1,37tj03,O-M,1,0.2693,0.8171,0.852580267962235,0.861661925110698,0.889517867132132,0.812653539295162,0.571965108165795,0.852580267962235,0.861661925110698,0.889517867132132,0.812653539295162,0.571965108165795,1.15410560958504,0.181379404390622
0.133051927425243,-0.517669777743269,0,1,0,0,37,1,37tj03,O-M,1,0.5377,0.0006,0.544534338528727,0.527116807614566,0.57225083461194,0.574823468478391,0.302344344015613,0.455465661471273,0.472883192385434,0.42774916538806,0.425176531521609,0.697655655984387,0.133051927425243,0.517669777743269
0.363913256104966,-1.55606322304895,0,0,0,1,37,1,37tj03,O-M,1,0.9137,0.0075,0.203998333846536,0.176869735790411,0.21663885505803,0.197738863574575,0.0598465295890144,0.796001666153464,0.823130264209589,0.78336114494197,0.802261136425425,0.940153470410986,0.363913256104966,1.55606322304895
1.47643559211503,0.491455224863846,1,1,1,1,37,1,37tj03,O-M,1,0.2259,0.2957,0.920328364107169,0.931348226593492,0.94767436426899,0.884501186640484,0.688447743434305,0.920328364107169,0.931348226593492,0.94767436426899,0.884501186640484,0.688447743434305,1.47643559211503,0.491455224863846
0.222906370458478,-0.786600106306914,0,1,0,0,37,1,37tj03,O-M,1,0.4095,0.146,0.445378068537862,0.421565621702731,0.468941349511936,0.468014294454178,0.215757998514283,0.554621931462138,0.578434378297269,0.531058650488064,0.531985705545822,0.784242001485717,0.222906370458478,0.786600106306914
1.51475663324676,2.08128309782369,1,1,1,1,37,1,37tj03,O-M,1,0.3009,0.1607,0.997430134133445,0.998076228663218,0.998555742574949,0.997345167597117,0.98129599934287,0.997430134133445,0.998076228663218,0.998555742574949,0.997345167597117,0.98129599934287,1.51475663324676,2.08128309782369
-0.110467639423162,-0.510458712150869,1,1,0,0,37,1,37tj03,O-M,1,0.2927,0.3918,0.549094480008469,0.531862969148755,0.577132398907867,0.57764757366371,0.304865066555992,0.450905519991531,0.468137030851245,0.422867601092133,0.42235242633629,0.695134933444008,0.110467639423162,0.510458712150869
-1.66285942271213,1.80726260531247,0,1,1,1,37,1,37tj03,O-M,1,0.2337,0.0007,0.995491398638279,0.99655557975077,0.99745893322564,0.994024711244361,0.964639328178536,0.995491398638279,0.99655557975077,0.99745893322564,0.994024711244361,0.964639328178536,1.66285942271213,1.80726260531247
-1.71401186532538,1.74278719530983,0,1,1,1,37,1,37tj03,O-M,1,0.2505,0.0008,0.994951243828949,0.996158341406933,0.997184272882101,0.992839811676213,0.959314603084961,0.994951243828949,0.996158341406933,0.997184272882101,0.992839811676213,0.959314603084961,1.71401186532538,1.74278719530983
1.47602000016421,0.354444978608235,1,1,1,1,37,1,37tj03,O-M,1,0.2095,0.0153,0.900663509130852,0.914478329308047,0.934625940670498,0.855605671180421,0.638497284238194,0.900663509130852,0.914478329308047,0.934625940670498,0.855605671180421,0.638497284238194,1.47602000016421,0.354444978608235
-1.51281341213533,2.11436916348294,0,1,1,1,37,1,37tj03,O-M,1,0.1603,0.0008,0.997643360469902,0.998245703162826,0.99868260463493,0.997604101924742,0.982758125359583,0.997643360469902,0.998245703162826,0.99868260463493,0.997604101924742,0.982758125359583,1.51281341213533,2.11436916348294
1.64085415765763,1.7190330968878,1,1,1,1,37,1,37tj03,O-M,1,0.0525,0.0006,0.994263544114792,0.995554125124932,0.996712166550407,0.992353621751919,0.957195827204455,0.994263544114792,0.995554125124932,0.996712166550407,0.992353621751919,0.957195827204455,1.64085415765763,1.7190330968878
1.74502920666282,1.31478924338441,1,1,1,1,37,1,37tj03,O-M,1,0.0954,0.0007,0.986423925732825,0.989466935080936,0.992317667340522,0.978366689126736,0.905709628234507,0.986423925732825,0.989466935080936,0.992317667340522,0.978366689126736,0.905709628234507,1.74502920666282,1.31478924338441
-1.55492672981828,-1.32106732080249,1,0,0,1,37,1,37tj03,O-M,1,0.0308,0.0007,0.194454614825762,0.175542226246549,0.200900152432673,0.2693666605493,0.0932394591033745,0.805545385174238,0.824457773753451,0.799099847567327,0.7306333394507,0.906760540896625,1.55492672981828,1.32106732080249
0.0317687057444977,1.49591424385235,1,1,1,1,37,1,37tj03,O-M,1,0.1483,0.0725,0.970133132400228,0.975489290621311,0.979265289143088,0.986176243056407,0.932661998012657,0.970133132400228,0.975489290621311,0.979265289143088,0.986176243056407,0.932661998012657,0.0317687057444977,1.49591424385235
0.187771534283023,1.11457612811305,1,1,1,1,37,1,37tj03,O-M,1,0.2871,0.1221,0.943230368344621,0.949713838611724,0.957509699631027,0.965690024614201,0.867483947611386,0.943230368344621,0.949713838611724,0.957509699631027,0.965690024614201,0.867483947611386,0.187771534283023,1.11457612811305
-0.448759487389489,0.757840471453703,0,1,1,1,37,1,37tj03,O-M,1,0.3935,0.0157,0.910253837443518,0.915266659601032,0.929027064946382,0.928427369049929,0.775726754634855,0.910253837443518,0.915266659601032,0.929027064946382,0.928427369049929,0.775726754634855,0.448759487389489,0.757840471453703
-0.95927956630755,0.415102765650193,0,1,1,1,37,1,37tj03,O-M,1,0.2696,0.0896,0.884040523942112,0.888720676491958,0.909888435992567,0.868949798689991,0.660966662531256,0.884040523942112,0.888720676491958,0.909888435992567,0.868949798689991,0.660966662531256,0.95927956630755,0.415102765650193
1.65333923251347,0.175440879785115,1,1,1,1,37,1,37tj03,O-M,1,0.1692,0.0007,0.878145683403652,0.90281342389632,0.927244896919338,0.811051732146432,0.569633389374347,0.878145683403652,0.90281342389632,0.927244896919338,0.811051732146432,0.569633389374347,1.65333923251347,0.175440879785115
0.280258059671442,1.88276670386819,1,1,1,1,37,1,37tj03,O-M,1,0.1237,0.026,0.988691452314238,0.991307324188365,0.992793167046568,0.995188704807571,0.970134004397887,0.988691452314238,0.991307324188365,0.992793167046568,0.995188704807571,0.970134004397887,0.280258059671442,1.88276670386819
-1.39629181892457,0.270457273473217,0,1,1,1,37,1,37tj03,O-M,1,0.2727,0.1202,0.882997905511792,0.896720544544652,0.920065702192141,0.835664677369413,0.606595758365106,0.882997905511792,0.896720544544652,0.920065702192141,0.835664677369413,0.606595758365106,1.39629181892457,0.270457273473217
-0.987210808668815,1.70164170340025,0,1,1,1,37,1,37tj03,O-M,1,0.2128,0.0269,0.989392210785308,0.991344910877662,0.993158072669475,0.991979457890134,0.955588722604549,0.989392210785308,0.991344910877662,0.993158072669475,0.991979457890134,0.955588722604549,0.987210808668815,1.70164170340025
1.6979807345639,1.36738760417603,1,1,1,1,37,1,37tj03,O-M,1,0.419,0.1511,0.987488651666246,0.990163360699936,0.9927800971261,0.980947586969176,0.914248077176325,0.987488651666246,0.990163360699936,0.9927800971261,0.980947586969176,0.914248077176325,1.6979807345639,1.36738760417603
-0.183404026791824,1.39792858786149,0,1,1,1,37,1,37tj03,O-M,1,0.3657,0.0531,0.966300908826143,0.971630388433713,0.976158467302086,0.982322389216972,0.918932743553685,0.966300908826143,0.971630388433713,0.976158467302086,0.982322389216972,0.918932743553685,0.183404026791824,1.39792858786149
-0.124493867763289,0.165260551889962,0,1,1,1,37,1,37tj03,O-M,1,0.3451,0.1753,0.774496484024039,0.774095791259697,0.803431476283494,0.808286218559226,0.56563054656522,0.774496484024039,0.774095791259697,0.803431476283494,0.808286218559226,0.56563054656522,0.124493867763289,0.165260551889962
0.834467242419307,2.22423186868481,1,1,1,1,37,1,37tj03,O-M,1,0.5305,0.1144,0.996696670743067,0.9975869184207,0.998077345608494,0.998308294089258,0.986933576030546,0.996696670743067,0.9975869184207,0.998077345608494,0.998308294089258,0.986933576030546,0.834467242419307,2.22423186868481
-1.22546621080685,-1.15097100888763,1,0,0,1,37,1,37tj03,O-M,1,0.1916,0.0009,0.255545853846646,0.233976437624437,0.265335269402274,0.328292400473617,0.124872081326798,0.744454146153354,0.766023562375563,0.734664730597726,0.671707599526383,0.875127918673201,1.22546621080685,1.15097100888763
0.151666983555659,-1.48310420646702,0,0,0,1,37,1,37tj03,O-M,1,0.268,0.125,0.235969487215558,0.21022753027461,0.256031898233115,0.21864828220008,0.0690233632961443,0.764030512784442,0.78977246972539,0.743968101766885,0.78135171779992,0.930976636703856,0.151666983555659,1.48310420646702
-1.41350425222098,0.862613012707993,0,1,1,1,37,1,37tj03,O-M,1,0.2027,0.1524,0.95684874421609,0.962439526832507,0.971316185294185,0.941670292696688,0.805824863311493,0.95684874421609,0.962439526832507,0.971316185294185,0.941670292696688,0.805824863311493,1.41350425222098,0.862613012707993
0.958244378438108,2.10121957328503,1,1,1,1,37,1,37tj03,O-M,1,0.203,0.0817,0.995880823729852,0.996899330605047,0.997550554727625,0.997504060191717,0.982189152010785,0.995880823729852,0.996899330605047,0.997550554727625,0.997504060191717,0.982189152010785,0.958244378438108,2.10121957328503
-0.500518001597687,-0.616503794392053,1,0,0,1,37,1,37tj03,O-M,1,0.635,0.0912,0.477550988733521,0.459246976406614,0.501190808021998,0.535790413708138,0.268781034199102,0.522449011266479,0.540753023593386,0.498809191978002,0.464209586291862,0.731218965800899,0.500518001597687,0.616503794392053
0.0142965274788331,2.15254539308977,0,1,1,1,37,1,37tj03,O-M,1,1.4787,0.1301,0.993261643584203,0.995147630058746,0.995934672249192,0.99787432311806,0.984322787940845,0.993261643584203,0.995147630058746,0.995934672249192,0.99787432311806,0.984322787940845,0.0142965274788331,2.15254539308977
1.39807919305444,-1.98575789629023,0,0,0,1,37,1,37tj03,O-M,1,1.5804,0.1074,0.0809919740890828,0.0626239208414661,0.0786483813954456,0.100374569814111,0.0235301064555224,0.919008025910917,0.937376079158534,0.921351618604555,0.899625430185889,0.976469893544478,1.39807919305444,1.98575789629023
1.1194074736993,1.51372981766887,1,1,1,1,37,1,37tj03,O-M,1,0.1853,0.0298,0.985489164213412,0.987784638331119,0.990440871081715,0.986792908977877,0.934952810437005,0.985489164213412,0.987784638331119,0.990440871081715,0.986792908977877,0.934952810437005,1.1194074736993,1.51372981766887
1.59399616520284,0.587744159538842,1,1,1,1,37,1,37tj03,O-M,1,0.2202,1.1614,0.936233297814742,0.947262533264594,0.960505511509968,0.902181433492747,0.721647984944365,0.936233297814742,0.947262533264594,0.960505511509968,0.902181433492747,0.721647984944365,1.59399616520284,0.587744159538842
0.117138218975148,1.63419703109485,1,1,1,1,37,1,37tj03,O-M,1,0.3034,0.3042,0.978489761195629,0.982744715345555,0.985505909684028,0.990371927376432,0.948891257121467,0.978489761195629,0.982744715345555,0.985505909684028,0.990371927376432,0.948891257121467,0.117138218975148,1.63419703109485
1.7744669698458,0.435463421440501,1,1,1,1,37,1,37tj03,O-M,1,2.2011,0.2745,0.923659571115075,0.942105616873804,0.957684122755701,0.873231660247081,0.668386957902943,0.923659571115075,0.942105616873804,0.957684122755701,0.873231660247081,0.668386957902943,1.7744669698458,0.435463421440501
0.375151555108352,1.15869088232538,1,1,1,1,37,1,37tj03,O-M,1,0.2842,1.4314,0.952215966483875,0.957657989258577,0.964670685691072,0.968911303825022,0.876708895670453,0.952215966483875,0.957657989258577,0.964670685691072,0.968911303825022,0.876708895670453,0.375151555108352,1.15869088232538
1.07286117520762,-1.49667797699389,0,0,0,1,37,1,37tj03,O-M,1,0.613,0.0775,0.178547734924421,0.1529726716761,0.181470281609627,0.214664547013077,0.0672385346911318,0.821452265075579,0.8470273283239,0.818529718390373,0.785335452986923,0.932761465308868,1.07286117520762,1.49667797699389
-0.162122255643655,0.0842421090576963,0,1,1,1,37,1,37tj03,O-M,1,0.4884,0.2868,0.756363374726732,0.754153455207923,0.785988683036315,0.78540539515332,0.533568030514593,0.756363374726732,0.754153455207923,0.785988683036315,0.78540539515332,0.533568030514593,0.162122255643655,0.0842421090576963
0.782189238272586,1.27703719410654,1,1,1,1,37,1,37tj03,O-M,1,0.2728,0.0007,0.969887060691868,0.973561467503396,0.978630004605723,0.976337217571323,0.899205441835675,0.969887060691868,0.973561467503396,0.978630004605723,0.976337217571323,0.899205441835675,0.782189238272586,1.27703719410654
0.199615904881353,1.19135276765567,1,1,1,1,37,1,37tj03,O-M,1,0.115,0.0006,0.950738581464595,0.956916597378443,0.963680222922791,0.97113156812725,0.883242436606173,0.950738581464595,0.956916597378443,0.963680222922791,0.97113156812725,0.883242436606173,0.199615904881353,1.19135276765567
-0.955037065142943,-1.35500174711966,1,1,0,0,37,1,37tj03,O-M,1,0.0587,0.0007,0.218463967571965,0.19174712145314,0.224206918913104,0.258277786839325,0.087708500194471,0.781536032428035,0.80825287854686,0.775793081086896,0.741722213160675,0.912291499805529,0.955037065142943,1.35500174711966
-1.13168096057213,0.824436783101167,0,1,1,1,37,1,37tj03,O-M,1,0.2608,0.2112,0.944919250446903,0.949574296054291,0.960228909816661,0.937087435885657,0.795154289071417,0.944919250446903,0.949574296054291,0.960228909816661,0.937087435885657,0.795154289071417,1.13168096057213,0.824436783101167
1.74532358429465,0.589440880854701,1,1,1,1,37,1,37tj03,O-M,1,0.252,0.2025,0.941022589366594,0.954341159458118,0.966552221116802,0.902474117159099,0.722217220221551,0.941022589366594,0.954341159458118,0.966552221116802,0.902474117159099,0.722217220221551,1.74532358429465,0.589440880854701
1.4113088701555,0.427828175519135,1,0,1,0,37,1,37tj03,O-M,1,0.2045,0.1115,0.908827895686033,0.919834416326471,0.938301113877501,0.871637520791437,0.665611888961788,0.908827895686033,0.919834416326471,0.938301113877501,0.871637520791437,0.665611888961788,1.4113088701555,0.427828175519135
1.4654570380809,0.286151945644912,1,0,1,0,37,1,37tj03,O-M,1,0.1346,0.2265,0.889086147579277,0.904255008207596,0.926591668291379,0.839520645756443,0.61261912637593,0.889086147579277,0.904255008207596,0.926591668291379,0.839520645756443,0.61261912637593,1.4654570380809,0.286151945644912
-0.017253828120811,-0.826048876900635,1,0,0,1,37,1,37tj03,O-M,1,0.161,0.1055,0.451151363608907,0.427819277316576,0.478891366005462,0.452355988897781,0.20438818311497,0.548848636391093,0.572180722683424,0.521108633994538,0.547644011102219,0.79561181688503,0.017253828120811,0.826048876900635
1.67541755490071,1.92900235972535,1,1,1,1,37,1,37tj03,O-M,1,0.2376,7.9453,0.99674256006844,0.997554300358034,0.998197581525834,0.995797349114674,0.973134715358809,0.99674256006844,0.997554300358034,0.998197581525834,0.995797349114674,0.973134715358809,1.67541755490071,1.92900235972535
-0.625680444119217,-0.610141089457582,1,1,0,0,37,1,37tj03,O-M,1,0.7251,0.3695,0.468850412130618,0.452061128917565,0.492384334798881,0.53831780449952,0.270884174894469,0.531149587869382,0.547938871082435,0.507615665201119,0.46168219550048,0.729115825105531,0.625680444119217,0.610141089457582
0.0752500135988919,0.21616219136573,1,1,1,1,37,1,37tj03,O-M,1,0.1653,0.0994,0.783637444428257,0.784490480350609,0.81224271467066,0.82186606693145,0.585569338135208,0.783637444428257,0.784490480350609,0.81224271467066,0.82186606693145,0.585569338135208,0.0752500135988919,0.21616219136573
0.757981007137403,0.552113011905804,1,1,1,1,37,1,37tj03,O-M,1,0.2391,0.1062,0.895119116210423,0.898888165306043,0.91689617488007,0.895885606382328,0.709564536209493,0.895119116210423,0.898888165306043,0.91689617488007,0.895885606382328,0.709564536209493,0.757981007137403,0.552113011905804
1.73403333629741,0.360383503213742,1,1,1,1,37,1,37tj03,O-M,1,0.1797,0.0008,0.911898209367811,0.931974829108341,0.949899225590229,0.856951134247166,0.640719819235042,0.911898209367811,0.931974829108341,0.949899225590229,0.856951134247166,0.640719819235042,1.73403333629741,0.360383503213742
-1.41066437389038,-1.08734395954291,1,0,0,1,37,1,37tj03,O-M,1,0.2275,0.0674,0.262001828364428,0.24437953875171,0.274177678704191,0.351599316722744,0.13844241391231,0.737998171635572,0.75562046124829,0.725822321295809,0.648400683277256,0.86155758608769,1.41066437389038,1.08734395954291
0.0053613005362335,-1.41905297679334,1,0,0,1,37,1,37tj03,O-M,1,0.1532,0.0504,0.263636625810776,0.239832978350532,0.290119024423481,0.238010992994688,0.077941785846916,0.736363374189224,0.760167021649468,0.709880975576519,0.761989007005312,0.922058214153084,0.0053613005362335,1.41905297679334
0.999613093875841,0.60004538907882,1,1,1,1,37,1,37tj03,O-M,1,0.3034,0.0008,0.91399084201517,0.918752329772281,0.93476274300524,0.904288849899421,0.725762006801739,0.91399084201517,0.918752329772281,0.93476274300524,0.904288849899421,0.725762006801739,0.999613093875841,0.60004538907882
0.0030582284754472,0.0193425187260911,1,1,0,0,37,1,37tj03,O-M,1,0.2315,0.0972,0.714096714866393,0.710041690019434,0.744257533296767,0.753957130079016,0.492283932612985,0.285903285133607,0.289958309980566,0.255742466703233,0.246042869920984,0.507716067387015,0.0030582284754472,0.0193425187260911
-0.378662978351421,0.312026945711761,0,1,1,1,37,1,37tj03,O-M,1,0.1848,0.2654,0.827549648525022,0.828982574404685,0.854282680259181,0.845747660921817,0.622489977389178,0.827549648525022,0.828982574404685,0.854282680259181,0.845747660921817,0.622489977389178,0.378662978351421,0.312026945711761
0.968357115908027,1.45943473556138,1,1,1,1,37,1,37tj03,O-M,1,0.1606,0.1074,0.981707307667375,0.984416489084488,0.987630159214276,0.984835711186237,0.927777254293749,0.981707307667375,0.984416489084488,0.987630159214276,0.984835711186237,0.927777254293749,0.968357115908027,1.45943473556138
0.107572027150757,0.250595184181766,1,1,1,1,37,1,37tj04,M-O,1,0.3877,0.2865,0.794424659917591,0.795747900426361,0.822580825248346,0.830699444084121,0.598936447295033,0.794424659917591,0.795747900426361,0.822580825248346,0.830699444084121,0.598936447295033,0.107572027150757,0.250595184181766
0.801955225666036,0.490461005129225,1,0,1,0,37,1,37tj04,M-O,1,0.2765,0.5593,0.887704970893076,0.891409985429877,0.910949130654943,0.884307496233177,0.688096141473216,0.887704970893076,0.891409985429877,0.910949130654943,0.884307496233177,0.688096141473216,0.801955225666036,0.490461005129225
-1.23495871402264,-0.0868308472203554,1,1,0,0,37,1,37tj04,M-O,1,0.7501,0.3959,0.600669466321608,0.610408387192484,0.638717238577388,0.732208758716824,0.46540298384056,0.399330533678392,0.389591612807516,0.361282761422612,0.267791241283176,0.53459701615944,1.23495871402264,0.0868308472203554
1.28467244002791,1.22235306318332,1,1,1,1,37,1,37tj04,M-O,1,0.2829,0.1209,0.976474827182612,0.979635553415458,0.984282926569646,0.973115370669748,0.889212929596128,0.976474827182612,0.979635553415458,0.984282926569646,0.973115370669748,0.889212929596128,1.28467244002791,1.22235306318332
-0.766239450516606,1.27736704767293,0,1,1,1,37,1,37tj04,M-O,1,0.2035,0.0399,0.969591372594218,0.973307528028409,0.978397196104937,0.976355620229275,0.899263653610952,0.969591372594218,0.973307528028409,0.978397196104937,0.976355620229275,0.899263653610952,0.766239450516606,1.27736704767293
2.13515399960221,1.42523120050792,1,1,1,1,37,1,37tj04,M-O,1,0.0993,0.0084,0.992164572769151,0.995011715160218,0.996568857822149,0.983478850318177,0.922954809926007,0.992164572769151,0.995011715160218,0.996568857822149,0.983478850318177,0.922954809926007,2.13515399960221,1.42523120050792
1.09124621001999,1.51139726497764,1,1,1,1,37,1,37tj04,M-O,1,0.0839,0.0083,0.985088836516221,0.987432310199735,0.990139071133997,0.986713546996411,0.934656367113631,0.985088836516221,0.987432310199735,0.990139071133997,0.986713546996411,0.934656367113631,1.09124621001999,1.51139726497764
-2.09222715886038,0.540990059816251,0,1,1,1,37,1,37tj04,M-O,1,0.1152,0.0083,0.944246710713395,0.965411628095378,0.97608606669273,0.893861335931847,0.705742782932778,0.944246710713395,0.965411628095378,0.97608606669273,0.893861335931847,0.705742782932778,2.09222715886038,0.540990059816251
0.997078176989816,0.779799584555379,1,1,1,1,37,1,37tj04,M-O,1,0.0821,0.0081,0.935580730167333,0.940023493463874,0.952014674181145,0.931378599261452,0.78224557453077,0.935580730167333,0.940023493463874,0.952014674181145,0.931378599261452,0.78224557453077,0.997078176989816,0.779799584555379
1.6095945720149,0.686031650651936,1,1,1,1,37,1,37tj04,M-O,1,0.1583,0.0091,0.946905764259832,0.956314671929485,0.967402025087405,0.918094715703654,0.75365342508193,0.946905764259832,0.956314671929485,0.967402025087405,0.918094715703654,0.75365342508193,1.6095945720149,0.686031650651936
-1.46062264903188,0.983682069094462,0,1,1,1,37,1,37tj04,M-O,1,0.1519,0.0082,0.966713746557397,0.971513330071068,0.978401661572302,0.954487917516263,0.837364070577503,0.966713746557397,0.971513330071068,0.978401661572302,0.954487917516263,0.837364070577503,1.46062264903188,0.983682069094462
-1.93612879780136,0.688455937031711,0,1,1,1,37,1,37tj04,M-O,1,0.1939,0.0085,0.955200697785936,0.968693556929906,0.977775938411428,0.918460966903191,0.754417145521315,0.955200697785936,0.968693556929906,0.977775938411428,0.918460966903191,0.754417145521315,1.93612879780136,0.688455937031711
-0.979602155985871,1.55148457190035,0,1,1,1,37,1,37tj04,M-O,1,0.207,0.0083,0.985098785698969,0.987505956167235,0.990102314261684,0.988021630196019,0.939607199096901,0.985098785698969,0.987505956167235,0.990102314261684,0.988021630196019,0.939607199096901,0.979602155985871,1.55148457190035
1.05476670172902,0.982937466849245,1,1,1,1,37,1,37tj04,M-O,1,0.077,0.0083,0.956331695564936,0.960344704227843,0.968565869198137,0.954416648809489,0.837180891801704,0.956331695564936,0.960344704227843,0.968565869198137,0.954416648809489,0.837180891801704,1.05476670172902,0.982937466849245
1.26855358752725,0.927369359758544,1,1,1,1,37,1,37tj04,M-O,1,0.1425,0.0302,0.957962123971924,0.962521598562709,0.970919491618559,0.948839816551245,0.82313260321983,0.957962123971924,0.962521598562709,0.970919491618559,0.948839816551245,0.82313260321983,1.26855358752725,0.927369359758544
-1.23156527139093,1.35972351926014,0,1,1,1,37,1,37tj04,M-O,1,0.0884,0.0084,0.981542301341666,0.984203570728213,0.987756520344168,0.980588652166264,0.913041283720766,0.981542301341666,0.984203570728213,0.987756520344168,0.980588652166264,0.913041283720766,1.23156527139093,1.35972351926014
0.304815880119361,-0.371009159923846,0,0,0,1,37,1,37tj04,M-O,1,0.3675,0.2711,0.577558948620139,0.565151784824192,0.60571071445392,0.631311381616229,0.355315354610784,0.422441051379861,0.434848215175808,0.39428928554608,0.368688618383771,0.644684645389217,0.304815880119361,0.371009159923846
-0.0947619897654238,0.659554980118535,0,1,1,1,37,1,37tj04,M-O,1,0.2301,0.0156,0.878493004451845,0.884988792141427,0.901208474581211,0.914013680976467,0.745230273589642,0.878493004451845,0.884988792141427,0.901208474581211,0.914013680976467,0.745230273589642,0.0947619897654238,0.659554980118535
-0.487977154715737,1.36912628714741,0,1,1,1,37,1,37tj04,M-O,1,0.0894,0.0476,0.96979092823657,0.974094677168331,0.978631242823153,0.981028225252889,0.91452009871095,0.96979092823657,0.974094677168331,0.978631242823153,0.981028225252889,0.91452009871095,0.487977154715737,1.36912628714741
-1.61756937074884,1.57553695605398,0,1,1,1,37,1,37tj04,M-O,1,0.1062,0.0562,0.991720973784182,0.993456017138962,0.995147583009339,0.988751630418258,0.942433722442375,0.991720973784182,0.993456017138962,0.995147583009339,0.988751630418258,0.942433722442375,1.61756937074884,1.57553695605398
0.374805634398543,1.15849043340753,1,1,1,1,37,1,37tj04,M-O,1,0.2409,0.1843,0.952189994081219,0.957634097175246,0.964649807832762,0.968897253550326,0.876668023281368,0.952189994081219,0.957634097175246,0.964649807832762,0.968897253550326,0.876668023281368,0.374805634398543,1.15849043340753
-0.194020186743173,0.841878632208905,0,1,1,1,37,1,37tj04,M-O,1,0.1963,0.1102,0.911225643149669,0.917822807561836,0.930153701782643,0.939214894558017,0.800072054010757,0.911225643149669,0.917822807561836,0.930153701782643,0.939214894558017,0.800072054010757,0.194020186743173,0.841878632208905
1.5879613752377,1.47480785697432,1,1,1,1,37,1,37tj04,M-O,1,0.1248,0.1767,0.989268840345933,0.991382893508691,0.993586672767016,0.985413675395984,0.929867895858512,0.989268840345933,0.991382893508691,0.993586672767016,0.985413675395984,0.929867895858512,1.5879613752377,1.47480785697432
-1.74185420713551,1.42485024121967,0,1,1,1,37,1,37tj04,M-O,1,0.1996,0.0082,0.989410120155729,0.991813597942945,0.994026329337259,0.98346317061741,0.922899752130583,0.989410120155729,0.991813597942945,0.994026329337259,0.98346317061741,0.922899752130583,1.74185420713551,1.42485024121967
-1.58957346903717,1.20176394528651,0,1,1,1,37,1,37tj04,M-O,1,0.1321,0.0091,0.980461562863751,0.984005824847553,0.988088161203935,0.971810962523372,0.885272500906698,0.980461562863751,0.984005824847553,0.988088161203935,0.971810962523372,0.885272500906698,1.58957346903717,1.20176394528651
-1.90728453543176,-1.72758786905212,1,0,0,1,37,1,37tj04,M-O,1,0.0617,0.0877,0.102504374550034,0.0866239279244135,0.102581734886447,0.153567973818375,0.0420310696175108,0.897495625449966,0.913376072075586,0.897418265113553,0.846432026181625,0.957968930382489,1.90728453543176,1.72758786905212
2.19156998335452,0.290699807435759,1,0,1,0,37,1,37tj04,M-O,1,0.109,0.1035,0.914684578463584,0.951944899955684,0.967321566131185,0.840626857481452,0.614359540556995,0.914684578463584,0.951944899955684,0.967321566131185,0.840626857481452,0.614359540556995,2.19156998335452,0.290699807435759
0.589440880854701,1.33742008456621,1,1,1,1,37,1,37tj04,M-O,1,0.121,0.079,0.969749942060518,0.973819780016875,0.978546094361039,0.979511261211917,0.90945722395652,0.969749942060518,0.973819780016875,0.978546094361039,0.979511261211917,0.90945722395652,0.589440880854701,1.33742008456621
-0.299641088655393,1.51669606235058,0,1,1,1,37,1,37tj04,M-O,1,0.2317,0.1047,0.975006789810273,0.979317824433154,0.982775075280075,0.986893239625968,0.935328280532887,0.975006789810273,0.979317824433154,0.982775075280075,0.986893239625968,0.935328280532887,0.299641088655393,1.51669606235058
2.22465604901377,-0.411373528147101,0,0,0,1,37,1,37tj04,M-O,1,0.1616,0.0084,0.432647644328143,0.448531265242965,0.473444977492362,0.615989390572942,0.340399330819211,0.567352355671857,0.551468734757035,0.526555022507638,0.384010609427058,0.659600669180789,2.22465604901377,0.411373528147101
-1.134427976058,0.339808922957488,0,1,1,1,37,1,37tj04,M-O,1,0.2523,0.0089,0.88106362731298,0.888295432762061,0.910986473741244,0.852253338021326,0.632999786092055,0.88106362731298,0.888295432762061,0.910986473741244,0.852253338021326,0.632999786092055,1.134427976058,0.339808922957488
0.523692929865166,0.416953178828188,1,1,1,1,37,1,37tj04,M-O,1,0.3203,0.177,0.858385748378963,0.860975155977233,0.883139131637851,0.869343020297798,0.661643672464042,0.858385748378963,0.860975155977233,0.883139131637851,0.869343020297798,0.661643672464042,0.523692929865166,0.416953178828188
0.748084323887514,0.648143517802308,1,1,1,1,37,1,37tj04,M-O,1,0.2176,0.3239,0.908743567958722,0.912796592660651,0.928437148328031,0.912208555557544,0.741553935189113,0.908743567958722,0.912796592660651,0.928437148328031,0.912208555557544,0.741553935189113,0.748084323887514,0.648143517802308
0.358262601568918,-0.164719705336271,0,1,0,0,37,1,37tj04,M-O,1,0.568,0.3753,0.639945731618559,0.634492130310619,0.670263341701197,0.705959167331638,0.434582303114531,0.360054268381441,0.365507869689381,0.329736658298803,0.294040832668362,0.565417696885469,0.358262601568918,0.164719705336271
-1.61756937074884,1.13165011991716,0,1,1,1,37,1,37tj04,M-O,1,0.4031,0.0086,0.977819950747887,0.981929698931845,0.98658580840415,0.966967902882735,0.871109220102716,0.977819950747887,0.981929698931845,0.98658580840415,0.966967902882735,0.871109220102716,1.61756937074884,1.13165011991716
-0.772177975122113,0.861151708928117,0,1,1,1,37,1,37tj04,M-O,1,0.3536,0.0084,0.935905853693448,0.940239163851937,0.951290152910942,0.941499834724221,0.805422753522572,0.935905853693448,0.940239163851937,0.951290152910942,0.941499834724221,0.805422753522572,0.772177975122113,0.861151708928117
1.50779129306336,1.61122591483052,1,1,1,1,37,1,37tj04,M-O,1,0.2019,0.0086,0.991608842953833,0.993260449660375,0.994937341928234,0.989763476297518,0.946434754295268,0.991608842953833,0.993260449660375,0.994937341928234,0.989763476297518,0.946434754295268,1.50779129306336,1.61122591483052
1.66219293280653,0.513474409405804,1,1,1,1,37,1,37tj04,M-O,1,0.2907,0.0304,0.929840961019412,0.943663929752087,0.958169616769933,0.888731952667291,0.696190246409772,0.929840961019412,0.943663929752087,0.958169616769933,0.888731952667291,0.696190246409772,1.66219293280653,0.513474409405804
-1.53782346890347,1.01239254636351,0,1,1,1,37,1,37tj04,M-O,1,0.2723,0.013,0.9701279040412,0.974971249554889,0.981211306884663,0.957168252694631,0.844324799613297,0.9701279040412,0.974971249554889,0.981211306884663,0.957168252694631,0.844324799613297,1.53782346890347,1.01239254636351
0.348082273673764,-0.744834119685161,0,0,0,1,37,1,37tj04,M-O,1,0.1493,0.2212,0.44800923598688,0.425273279220184,0.470421833659031,0.48464595894864,0.228186002859917,0.55199076401312,0.574726720779816,0.529578166340969,0.51535404105136,0.771813997140083,0.348082273673764,0.744834119685161
1.98075235985905,0.376432963623376,1,1,1,1,37,1,37tj04,M-O,1,0.2453,0.0085,0.921814639419773,0.947881127506959,0.963162778740208,0.860544893884172,0.646702478170965,0.921814639419773,0.947881127506959,0.963162778740208,0.860544893884172,0.646702478170965,1.98075235985905,0.376432963623376
1.94809047452876,0.0768257997457457,1,1,1,1,37,1,37tj04,M-O,1,0.186,0.0786,0.870870764172693,0.913270367164922,0.937989614156348,0.783234458746253,0.530618936919776,0.870870764172693,0.913270367164922,0.937989614156348,0.783234458746253,0.530618936919776,1.94809047452876,0.0768257997457457
-0.249587809837554,-0.468136462096405,1,0,0,1,37,1,37tj04,M-O,1,0.214,0.2639,0.550242442622118,0.534539725808858,0.577460843341134,0.594137506970041,0.319843502948035,0.449757557377882,0.465460274191142,0.422539156658866,0.405862493029959,0.680156497051965,0.249587809837554,0.468136462096405
1.38562735832152,1.45593305587465,1,1,1,1,37,1,37tj04,M-O,1,0.2641,0.0438,0.986735441346848,0.988959537310335,0.991587367079608,0.984701345300233,0.927294436707345,0.986735441346848,0.988959537310335,0.991587367079608,0.984701345300233,0.927294436707345,1.38562735832152,1.45593305587465
1.29018678430445,1.51397739833897,1,1,1,1,37,1,37tj04,M-O,1,0.2046,0.0465,0.987371794317527,0.989469307453039,0.991896718962863,0.986801308485895,0.934984214006529,0.987371794317527,0.989469307453039,0.991896718962863,0.986801308485895,0.934984214006529,1.29018678430445,1.51397739833897
0.526238011838955,1.13944246899501,1,1,1,1,37,1,37tj04,M-O,1,0.0931,0.1422,0.954456269306562,0.959303384541392,0.966379456054774,0.967537937314549,0.872740674476047,0.954456269306562,0.959303384541392,0.966379456054774,0.967537937314549,0.872740674476047,0.526238011838955,1.13944246899501
0.0681232565570362,1.27632806779588,1,1,1,1,37,1,37tj04,M-O,1,0.1723,0.0324,0.955101904488868,0.961557779794188,0.967404743912887,0.976297614356536,0.899080213860971,0.955101904488868,0.961557779794188,0.967404743912887,0.976297614356536,0.899080213860971,0.0681232565570362,1.27632806779588
-0.528274285967388,-0.359060891337811,1,1,0,0,37,1,37tj04,M-O,1,0.0859,0.0567,0.56187362054991,0.552063558990885,0.590244873959066,0.635808329054844,0.359774768782467,0.43812637945009,0.447936441009115,0.409755126040934,0.364191670945156,0.640225231217533,0.528274285967388,0.359060891337811
0.0312195679371038,0.941915078037195,0,1,1,1,37,1,37tj04,M-O,1,0.1898,0.0548,0.918659651743229,0.926387005635842,0.936991789556165,0.950349598825564,0.826881940080979,0.918659651743229,0.926387005635842,0.936991789556165,0.950349598825564,0.826881940080979,0.0312195679371038,0.941915078037195
-0.407382892212437,-1.25284333056703,1,1,0,0,37,1,37tj04,M-O,1,0.036,0.0956,0.282323130344601,0.253164555096432,0.29643452299258,0.292359222912478,0.105131364439681,0.717676869655399,0.746835444903568,0.70356547700742,0.707640777087522,0.894868635560319,0.407382892212437,1.25284333056703
1.84543883491929,1.46784669179811,1,1,1,1,37,1,37tj04,M-O,1,0.3155,0.0083,0.991201962773717,0.993459797268252,0.995294743597942,0.985154356460579,0.928927064419287,0.991201962773717,0.993459797268252,0.995294743597942,0.985154356460579,0.928927064419287,1.84543883491929,1.46784669179811
-0.489673876031596,0.387740527951898,0,1,1,1,37,1,37tj04,M-O,1,0.1775,0.0085,0.850578744623078,0.852872701910234,0.875910122159931,0.863039673590855,0.650895969701371,0.850578744623078,0.852872701910234,0.875910122159931,0.863039673590855,0.650895969701371,0.489673876031596,0.387740527951898
-0.160509940754958,-0.825874550094785,1,0,0,1,37,1,37tj04,M-O,1,0.124,0.1103,0.437924378540808,0.413550850068313,0.462227166407862,0.452425039406704,0.204437629394709,0.562075621459192,0.586449149931687,0.537772833592138,0.547574960593296,0.795562370605291,0.160509940754958,0.825874550094785
2.09400850769263,1.73439697925438,1,1,1,1,37,1,37tj04,M-O,1,0.1363,0.0082,0.996355537521093,0.997600493785574,0.998332139463062,0.992671291296953,0.958576164654548,0.996355537521093,0.997600493785574,0.998332139463062,0.992671291296953,0.958576164654548,2.09400850769263,1.73439697925438
0.92496752106581,-0.306609723878249,0,0,0,1,37,1,37tj04,M-O,1,0.1217,0.0869,0.547561582306841,0.545280719316215,0.579082518114165,0.655321572602608,0.379570225673586,0.452438417693159,0.454719280683785,0.420917481885835,0.344678427397392,0.620429774326414,0.92496752106581,0.306609723878249
-0.630925925576855,0.654412029727156,0,1,1,1,37,1,37tj04,M-O,1,0.2318,0.1607,0.904022577590284,0.90813097539632,0.923895697002004,0.913203609728212,0.743576806915622,0.904022577590284,0.90813097539632,0.923895697002004,0.913203609728212,0.743576806915622,0.630925925576855,0.654412029727156
0.0609121909646356,-1.70024538195452,0,1,0,0,37,1,37tj04,M-O,1,0.251,0.0084,0.18652714237239,0.165736668068887,0.209830859794541,0.16013391677397,0.0445423896251526,0.81347285762761,0.834263331931113,0.790169140205459,0.83986608322603,0.955457610374847,0.0609121909646356,1.70024538195452
-1.64726199377637,1.76334988516141,0,1,1,1,37,1,37tj04,M-O,1,0.1282,0.0395,0.994890537855782,0.996064739299784,0.997091734833746,0.993238445923892,0.961079251724365,0.994890537855782,0.996064739299784,0.997091734833746,0.993238445923892,0.961079251724365,1.64726199377637,1.76334988516141
0.49357612650867,-0.922049454046718,0,0,0,1,37,1,37tj04,M-O,1,0.2833,0.1971,0.376975660956591,0.35117325672604,0.394694862310304,0.414606234825826,0.178251390240734,0.623024339043409,0.64882674327396,0.605305137689696,0.585393765174174,0.821748609759266,0.49357612650867,0.922049454046718
-0.0680386290406452,-1.16823573591288,1,0,0,1,37,1,37tj04,M-O,1,0.2667,0.191,0.334252885660468,0.307815556861896,0.358777649184058,0.322077235606628,0.121355844703263,0.665747114339532,0.692184443138104,0.641222350815942,0.677922764393372,0.878644155296737,0.0680386290406452,1.16823573591288
-1.54885215745655,1.70603282861101,0,1,1,1,37,1,37tj04,M-O,1,0.2619,0.0083,0.993549628166651,0.994911633032379,0.996195988063152,0.992075418168247,0.955999016231512,0.993549628166651,0.994911633032379,0.996195988063152,0.992075418168247,0.955999016231512,1.54885215745655,1.70603282861101
0.147444978073442,1.46736183452216,1,1,1,1,37,1,37tj04,M-O,1,0.2942,0.0959,0.970091542916741,0.975189607792747,0.979133501933432,0.985136147675795,0.928861174536058,0.970091542916741,0.975189607792747,0.979133501933432,0.985136147675795,0.928861174536058,0.147444978073442,1.46736183452216
-2.12531322451963,0.292587287545727,0,1,1,1,37,1,37tj04,M-O,1,0.247,0.0084,0.913467584908353,0.94848777016425,0.964511494564804,0.841084494385815,0.61508118408965,0.913467584908353,0.94848777016425,0.964511494564804,0.841084494385815,0.61508118408965,2.12531322451963,0.292587287545727
0.165260551889962,-0.83605655288984,0,1,0,0,37,1,37tj04,M-O,1,0.243,0.0295,0.434076440204446,0.40950982215395,0.458179050964616,0.44839444887774,0.201561544418864,0.565923559795554,0.59049017784605,0.541820949035384,0.55160555112226,0.798438455581136,0.165260551889962,0.83605655288984
1.81023186761522,-1.31518212318981,0,0,0,1,37,1,37tj04,M-O,1,0.1297,0.0084,0.184060382556908,0.168942547881054,0.191863689424789,0.271313795872245,0.0942243508545532,0.815939617443092,0.831057452118946,0.808136310575211,0.728686204127755,0.905775649145447,1.81023186761522,1.31518212318981
-1.65235215772395,1.82996581161137,0,1,1,1,37,1,37tj04,M-O,1,0.1456,0.0084,0.995699508802238,0.996717012816535,0.997574798463795,0.994398521067735,0.966372474362373,0.995699508802238,0.996717012816535,0.997574798463795,0.994398521067735,0.966372474362373,1.65235215772395,1.82996581161137
-1.90686035510279,0.517699594239126,0,1,1,1,37,1,37tj04,M-O,1,0.1531,0.0085,0.937502046345266,0.955916835931141,0.968500836820553,0.889530928008061,0.697666059299772,0.937502046345266,0.955916835931141,0.968500836820553,0.889530928008061,0.697666059299772,1.90686035510279,0.517699594239126
0.15083842070516,-0.473036983849808,0,0,0,1,37,1,37tj04,M-O,1,0.2891,0.1674,0.557811986744788,0.541631053281949,0.585741919334721,0.592236064238317,0.318093396811452,0.442188013255212,0.458368946718051,0.414258080665279,0.407763935761683,0.681906603188548,0.15083842070516,0.473036983849808
-0.689038630645024,1.03490377703285,0,1,1,1,37,1,37tj04,M-O,1,0.1914,0.0085,0.950051273260762,0.954493742144162,0.962786800681885,0.959179373657085,0.849643074721663,0.950051273260762,0.954493742144162,0.962786800681885,0.959179373657085,0.849643074721663,0.689038630645024,1.03490377703285
0.114358912414193,-0.263855701937788,0,1,0,0,37,1,37tj04,M-O,1,0.1563,0.1116,0.629764519763735,0.619476215230486,0.659424280385028,0.670929787332816,0.395945555502975,0.370235480236265,0.380523784769514,0.340575719614972,0.329070212667184,0.604054444497025,0.114358912414193,0.263855701937788
1.09845727561239,0.369264002471755,1,1,1,1,37,1,37tj04,M-O,1,0.2116,0.0638,0.884099592066283,0.890584321757146,0.912539610604622,0.85894729608853,0.644034522845508,0.884099592066283,0.890584321757146,0.912539610604622,0.85894729608853,0.644034522845508,1.09845727561239,0.369264002471755
-0.514276335111551,0.040340289730131,0,1,1,1,37,1,37tj04,M-O,1,0.1466,0.0301,0.773531926905133,0.771522361984081,0.80552363715745,0.77237103261914,0.516089083326626,0.773531926905133,0.771522361984081,0.80552363715745,0.77237103261914,0.516089083326626,0.514276335111551,0.040340289730131
-0.466343957938536,1.72693364047093,0,1,1,1,37,1,37tj04,M-O,1,0.1458,0.0698,0.985540931604734,0.988435939938086,0.990500317425894,0.9925184593169,0.957910209028196,0.985540931604734,0.988435939938086,0.990500317425894,0.9925184593169,0.957910209028196,0.466343957938536,1.72693364047093
0.606408094013291,-1.27234151959293,0,0,0,1,37,1,37tj04,M-O,1,0.1903,0.1601,0.262609828616005,0.233643771518118,0.272958538811109,0.285695605574809,0.10162590128478,0.737390171383995,0.766356228481882,0.727041461188891,0.714304394425191,0.89837409871522,0.606408094013291,1.27234151959293
0.868127356984535,0.618065050361814,1,1,1,1,37,1,37tj04,M-O,1,0.1711,0.0232,0.910274174828502,0.914479754721228,0.930502695528478,0.907315345802454,0.731733770323073,0.910274174828502,0.914479754721228,0.930502695528478,0.907315345802454,0.731733770323073,0.868127356984535,0.618065050361814
1.33514989917471,0.345228934649414,1,1,1,1,37,1,37tj04,M-O,1,0.1189,0.1406,0.892557016267106,0.90345985391252,0.924845801941315,0.85350079792422,0.635038866142971,0.892557016267106,0.90345985391252,0.924845801941315,0.85350079792422,0.635038866142971,1.33514989917471,0.345228934649414
2.22592859000067,0.0938477533980235,1,0,1,0,37,1,37tj04,M-O,1,0.1825,0.1558,0.882179007357234,0.936071665188534,0.956691643789785,0.788198333284852,0.537384951339119,0.882179007357234,0.936071665188534,0.956691643789785,0.788198333284852,0.537384951339119,2.22592859000067,0.0938477533980235
1.44331588306072,0.896650188060537,1,1,1,1,37,1,37tj04,M-O,1,0.1228,0.1292,0.960258354186987,0.96570434257269,0.97391604423162,0.945531340323092,0.815047195812788,0.960258354186987,0.96570434257269,0.97391604423162,0.945531340323092,0.815047195812788,1.44331588306072,0.896650188060537
-1.09497920546428,1.27231067893797,0,1,1,1,37,1,37tj04,M-O,1,0.1892,0.0084,0.975529997939338,0.978618546778491,0.98318618519807,0.976072197910006,0.898368622093692,0.975529997939338,0.978618546778491,0.98318618519807,0.976072197910006,0.898368622093692,1.09497920546428,1.27231067893797
1.01828719343805,0.766968183073855,1,1,1,1,37,1,37tj04,M-O,1,0.0504,0.0939,0.934999479902001,0.939516742505051,0.951696397706793,0.929665717842257,0.778449783606432,0.934999479902001,0.939516742505051,0.951696397706793,0.929665717842257,0.778449783606432,1.01828719343805,0.766968183073855
-0.502823466229503,-1.04877036638382,1,0,0,1,37,1,37tj04,M-O,1,0.0368,0.1022,0.336164614630534,0.308462433518278,0.351513634721566,0.366012669306377,0.147141909671401,0.663835385369466,0.691537566481722,0.648486365278434,0.633987330693623,0.852858090328599,0.502823466229503,1.04877036638382
0.0710925188597893,0.681356241205227,1,1,1,1,37,1,37tj04,M-O,1,0.0359,0.1439,0.881096094964995,0.887897012667789,0.90363119597279,0.91738487520711,0.752176947827577,0.881096094964995,0.887897012667789,0.90363119597279,0.91738487520711,0.752176947827577,0.0710925188597893,0.681356241205227
-0.396354203659354,-1.70291209697227,1,0,0,1,37,1,37tj04,M-O,1,0.1943,0.0625,0.168152831329222,0.142927324480172,0.179139091442712,0.159485579008275,0.0442922599238361,0.831847168670778,0.857072675519828,0.820860908557288,0.840514420991725,0.955707740076164,0.396354203659354,1.70291209697227
1.1536007183778,1.33014722542689,1,1,1,1,37,1,37tj04,M-O,1,0.2524,0.161,0.979166439453171,0.98200025369838,0.985935123155505,0.979149159351317,0.908265115850135,0.979166439453171,0.98200025369838,0.985935123155505,0.979149159351317,0.908265115850135,1.1536007183778,1.33014722542689
1.97735891722733,1.71919324038693,1,1,1,1,37,1,37tj04,M-O,1,0.1959,0.0306,0.99579762642904,0.997066990319466,0.997925726965856,0.992356994492693,0.957210404375945,0.99579762642904,0.997066990319466,0.997925726965856,0.992356994492693,0.957210404375945,1.97735891722733,1.71919324038693
-2.05193002760873,0.77900303331631,0,1,1,1,37,1,37tj04,M-O,1,0.16,0.008,0.964503459342823,0.97693729514949,0.98395746787556,0.931273211902424,0.782011036040086,0.964503459342823,0.97693729514949,0.98395746787556,0.931273211902424,0.782011036040086,2.05193002760873,0.77900303331631
1.03567858692561,0.0137770375403099,0,1,0,0,37,1,37tj04,M-O,1,0.1124,0.0148,0.637738150973317,0.646283370088395,0.674570790358258,0.755707360449215,0.494503931092218,0.362261849026683,0.353716629911605,0.325429209641742,0.244292639550785,0.505496068907782,1.03567858692561,0.0137770375403099
2.05498391742788,0.459256976155263,1,1,1,1,37,1,37tj04,M-O,1,0.163,0.0864,0.934252766559506,0.958253614554029,0.970916487006807,0.878110827407054,0.67697518015344,0.934252766559506,0.958253614554029,0.970916487006807,0.878110827407054,0.67697518015344,2.05498391742788,0.459256976155263
-0.792962811241385,1.83490096602734,0,1,1,1,37,1,37tj04,M-O,1,0.1754,0.0084,0.990953731767906,0.992835386500081,0.994254842037597,0.994476976193268,0.966739817737863,0.990953731767906,0.992835386500081,0.994254842037597,0.994476976193268,0.966739817737863,0.792962811241385,1.83490096602734
0.0592154696487766,0.459014547517285,1,0,1,0,37,1,37tj04,M-O,1,0.1395,0.2474,0.838241441403498,0.843100826292791,0.864191990297675,0.878061788960369,0.676888140305886,0.838241441403498,0.843100826292791,0.864191990297675,0.878061788960369,0.676888140305886,0.0592154696487766,0.459014547517285
-0.95627223789281,1.60817824052452,0,1,1,1,37,1,37tj04,M-O,1,0.244,0.0084,0.986600818964079,0.988878808321932,0.991177455691713,0.989680282150797,0.946101926325477,0.986600818964079,0.988878808321932,0.991177455691713,0.989680282150797,0.946101926325477,0.95627223789281,1.60817824052452
1.26261506292174,1.44583763473601,1,0,1,0,37,1,37tj04,M-O,1,0.0896,0.0855,0.985007283235178,0.987349415951644,0.990233056230606,0.984308227815868,0.9258886262347,0.985007283235178,0.987349415951644,0.990233056230606,0.984308227815868,0.9258886262347,1.26261506292174,1.44583763473601
0.0990884205714622,-0.787276447662509,0,1,0,0,37,1,37tj04,M-O,1,0.1344,0.0084,0.456604796250783,0.433215509674155,0.482568278134773,0.467745348314029,0.215560026941984,0.543395203749217,0.566784490325845,0.517431721865227,0.532254651685971,0.784439973058016,0.0990884205714622,0.787276447662509
-1.54376199350897,1.69588545847852,0,1,1,1,37,1,37tj04,M-O,1,0.0993,0.0558,0.993358457464996,0.994750033737954,0.996072871908301,0.99185211893004,0.955046212974695,0.993358457464996,0.994750033737954,0.996072871908301,0.99185211893004,0.955046212974695,1.54376199350897,1.69588545847852
-0.573661581166615,0.0808778212662269,0,1,1,1,37,1,37tj04,M-O,1,0.1509,0.0288,0.788497058422192,0.787553412798346,0.820241563078014,0.784422155329281,0.532230440881,0.788497058422192,0.787553412798346,0.820241563078014,0.784422155329281,0.532230440881,0.573661581166615,0.0808778212662269
2.21405154078965,1.68296747534058,1,1,1,1,37,1,37tj04,M-O,1,0.0999,0.0956,0.996209005328569,0.997687830618898,0.998424720715109,0.991559863840387,0.95380930605034,0.996209005328569,0.997687830618898,0.998424720715109,0.991559863840387,0.95380930605034,2.21405154078965,1.68296747534058
0.524965470852061,0.060132856387866,1,0,1,0,37,1,37tj04,M-O,1,0.138,0.133,0.77943246807256,0.777788327063337,0.811138025639166,0.778301829513831,0.52397508915558,0.77943246807256,0.777788327063337,0.811138025639166,0.778301829513831,0.52397508915558,0.524965470852061,0.060132856387866
0.15168678136309,-1.53004316176302,0,1,0,0,37,1,37tj04,M-O,1,0.198,0.0929,0.22355794475914,0.198406714950791,0.243447097469577,0.205053479005284,0.0630030228201644,0.77644205524086,0.801593285049209,0.756552902530423,0.794946520994716,0.936996977179836,0.15168678136309,1.53004316176302
0.0689716172149657,-0.508483513988376,0,0,0,1,37,1,37tj04,M-O,1,0.2167,0.1258,0.553704583395281,0.536557494236517,0.582275279045057,0.578420440746427,0.305557148902683,0.446295416604719,0.463442505763483,0.417724720954943,0.421579559253573,0.694442851097317,0.0689716172149657,0.508483513988376
-0.20632141628315,-1.61730015510364,1,0,0,1,37,1,37tj04,M-O,1,0.1477,0.1184,0.198271638453311,0.173590243499108,0.215753156913948,0.181157588659233,0.0529067529193597,0.801728361546689,0.826409756500892,0.784246843086052,0.818842411340767,0.94709324708064,0.20632141628315,1.61730015510364
-1.52085625574488,0.0853627510688108,0,1,1,1,37,1,37tj04,M-O,1,0.2797,0.1249,0.854098040573112,0.877168186425581,0.90604078804613,0.785732332021042,0.534013497310992,0.854098040573112,0.877168186425581,0.90604078804613,0.785732332021042,0.534013497310992,1.52085625574488,0.0853627510688108
-0.767511991503501,0.108566634989515,0,1,1,1,37,1,37tj04,M-O,1,0.143,0.2304,0.810097276829281,0.811747020260368,0.843406595357316,0.792436475633111,0.543226887147141,0.810097276829281,0.811747020260368,0.843406595357316,0.792436475633111,0.543226887147141,0.767511991503501,0.108566634989515
-0.64662059774855,1.51016780545647,0,1,1,1,37,1,37tj04,M-O,1,0.1139,0.1268,0.979417054844884,0.982708421932065,0.985926641284515,0.986671550739454,0.934499694314083,0.979417054844884,0.982708421932065,0.985926641284515,0.986671550739454,0.934499694314083,0.64662059774855,1.51016780545647
0.612346618618797,-0.83829035962549,0,0,0,1,37,1,37tj04,M-O,1,0.2746,0.1575,0.394189453522666,0.37100812211905,0.412653943895188,0.447510883987772,0.200933824440876,0.605810546477334,0.62899187788095,0.587346056104812,0.552489116012228,0.799066175559124,0.612346618618797,0.83829035962549
0.198346617549211,-0.155420835436706,0,0,0,1,37,1,37tj04,M-O,1,0.1394,0.1588,0.656542654548429,0.649932215137287,0.686614025916798,0.709154680661345,0.438244779721363,0.343457345451571,0.350067784862713,0.313385974083202,0.290845319338655,0.561755220278637,0.198346617549211,0.155420835436706
1.97099621229286,1.81181829642562,1,1,1,1,37,1,37tj04,M-O,1,0.1281,0.1583,0.996686209947519,0.997688685204898,0.99836231797638,0.994101447712851,0.964992861462514,0.996686209947519,0.997688685204898,0.99836231797638,0.994101447712851,0.964992861462514,1.97099621229286,1.81181829642562
-1.38723945212099,-0.509401279546434,1,0,0,1,37,1,37tj04,M-O,1,0.1541,0.0086,0.445234716368012,0.443976387817951,0.475583781205375,0.578061369456867,0.305235489820463,0.554765283631989,0.556023612182049,0.524416218794625,0.421938630543133,0.694764510179537,1.38723945212099,0.509401279546434
0.251369158669804,0.395117285078928,1,1,1,1,37,1,37tj04,M-O,1,0.3049,0.1508,0.836796484188323,0.839698629061466,0.862594302675536,0.86465066577902,0.653621833534245,0.836796484188323,0.839698629061466,0.862594302675536,0.86465066577902,0.653621833534245,0.251369158669804,0.395117285078928
0.0193425187260911,-1.38770291860766,1,1,0,0,37,1,37tj04,M-O,1,0.2729,0.109,0.271655644770855,0.247225566017975,0.297545880241413,0.247820225257241,0.0826137634674819,0.728344355229145,0.752774433982025,0.702454119758587,0.752179774742759,0.917386236532518,0.0193425187260911,1.38770291860766
0.0180699777391969,-0.948612706236539,1,0,0,1,37,1,37tj04,M-O,1,0.2219,0.0821,0.409875786524462,0.385113758401377,0.437049983346837,0.404283555018262,0.171408813097017,0.590124213475538,0.614886241598622,0.562950016653163,0.595716444981738,0.828591186902983,0.0180699777391969,0.948612706236539
-0.869315270455038,0.682377904750989,0,1,1,1,37,1,37tj04,M-O,1,0.1964,0.0085,0.918884905335479,0.923142727657836,0.937641948829994,0.917540382512541,0.752499988293186,0.918884905335479,0.923142727657836,0.937641948829994,0.917540382512541,0.752499988293186,0.869315270455038,0.682377904750989
0.246703175051192,-1.42444817359253,0,1,0,0,37,1,37tj04,M-O,1,0.2738,0.0546,0.245493464976098,0.21796410014412,0.262462425174972,0.236344598698033,0.0771583887530184,0.754506535023902,0.78203589985588,0.737537574825028,0.763655401301967,0.922841611246982,0.246703175051192,1.42444817359253
0.0121314531336906,1.11847239180996,0,1,1,1,37,1,37tj04,M-O,1,0.313,0.2084,0.938916153781601,0.946366972024043,0.954231567740311,0.965985156801109,0.868317354310907,0.938916153781601,0.946366972024043,0.954231567740311,0.965985156801109,0.868317354310907,0.0121314531336906,1.11847239180996
0.0201908793840206,-1.67846143719911,1,0,0,1,37,1,37tj04,M-O,1,0.3119,0.1836,0.193999760074413,0.173707072791433,0.21930801585912,0.165494507165112,0.0466285262908387,0.806000239925587,0.826292927208567,0.78069198414088,0.834505492834888,0.953371473709161,0.0201908793840206,1.67846143719911
1.7478773592574,0.0331886449097945,1,1,1,1,37,1,37tj04,M-O,1,0.2106,0.1446,0.854079796942167,0.88962733705948,0.918273512373283,0.770206287899002,0.513237923407595,0.854079796942167,0.88962733705948,0.918273512373283,0.770206287899002,0.513237923407595,1.7478773592574,0.0331886449097945
-1.3329443700135,0.697997235569254,0,1,1,1,37,1,37tj04,M-O,1,0.1552,4.5035,0.93923796201104,0.945767091881064,0.958076499681294,0.919890438042458,0.757410538554574,0.93923796201104,0.945767091881064,0.958076499681294,0.919890438042458,0.757410538554574,1.3329443700135,0.697997235569254
-0.364540678986998,-1.45366082446882,1,0,0,1,37,1,37tj04,M-O,1,0.4125,0.0235,0.229917915949202,0.201712744695805,0.243208956352815,0.227434280625575,0.0730201822552986,0.770082084050798,0.798287255304195,0.756791043647185,0.772565719374425,0.926979817744701,0.364540678986998,1.45366082446882
-0.588932073009345,1.48777778910612,0,1,1,1,37,1,37tj04,M-O,1,0.2268,0.0084,0.977625852615236,0.981160783790863,0.984598187120615,0.985886447425727,0.931595247493948,0.977625852615236,0.981160783790863,0.984598187120615,0.985886447425727,0.931595247493948,0.588932073009345,1.48777778910612
-1.28543617316945,1.30072677857519,0,1,1,1,37,1,37tj04,M-O,1,0.2397,0.0085,0.979976358086734,0.982822336142766,0.986753429241807,0.97762860319149,0.90332400360635,0.979976358086734,0.982822336142766,0.986753429241807,0.97762860319149,0.90332400360635,1.28543617316945,1.30072677857519
1.65328514589827,0.835488905965069,1,1,1,1,37,1,37tj04,M-O,1,0.1485,0.1487,0.960807936669771,0.96827660802018,0.976512329890893,0.938442137434073,0.798278754623888,0.960807936669771,0.96827660802018,0.976512329890893,0.938442137434073,0.798278754623888,1.65328514589827,0.835488905965069
1.89930973669782,0.223529758384706,1,0,1,0,37,1,37tj04,M-O,1,0.0841,0.2144,0.896107621431255,0.927475991551593,0.947869084157936,0.823780153537201,0.588438387434303,0.896107621431255,0.927475991551593,0.947869084157936,0.823780153537201,0.588438387434303,1.89930973669782,0.223529758384706
-0.48373535142609,-0.190798100250138,1,1,0,0,37,1,37tj04,M-O,1,0.2219,0.1993,0.621101191198719,0.616250320043099,0.651653111307601,0.696912011421713,0.424341888562392,0.378898808801281,0.383749679956901,0.348346888692399,0.303087988578287,0.575658111437608,0.48373535142609,0.190798100250138
-0.839622647427506,1.11701781998209,0,1,1,1,37,1,37tj04,M-O,1,0.2129,4.4782,0.960722932704057,0.964650577459221,0.97148891532765,0.965875221786204,0.86800664701825,0.960722932704057,0.964650577459221,0.97148891532765,0.965875221786204,0.86800664701825,0.839622647427506,1.11701781998209
-1.35075994383002,1.67382445242257,0,1,1,1,37,1,37tj04,M-O,1,0.2042,0.2612,0.991667504384678,0.993246078249648,0.994839765880497,0.991347490297787,0.952917447419317,0.991667504384678,0.993246078249648,0.994839765880497,0.991347490297787,0.952917447419317,1.35075994383002,1.67382445242257
0.449461372296337,-0.753717397633908,0,0,0,1,37,1,37tj04,M-O,1,0.3093,0.1917,0.436017160468938,0.413582247011389,0.45730643719291,0.48110532081241,0.22550946645963,0.563982839531062,0.586417752988611,0.54269356280709,0.51889467918759,0.77449053354037,0.449461372296337,0.753717397633908
-1.1055837136884,1.45205419766701,0,1,1,1,37,1,37tj04,M-O,1,0.2342,0.0228,0.983252056726952,0.985755860423978,0.988832186743603,0.984551313980345,0.926756731996541,0.983252056726952,0.985755860423978,0.988832186743603,0.984551313980345,0.926756731996541,1.1055837136884,1.45205419766701
-0.096034530752318,0.0367038601604684,0,0,1,0,37,1,37tj04,M-O,1,0.1305,0.2356,0.738127516118156,0.735041918437142,0.768065903272031,0.771271752572584,0.514639434622144,0.738127516118156,0.735041918437142,0.768065903272031,0.771271752572584,0.514639434622144,0.096034530752318,0.0367038601604684
-1.35415338646174,1.75141893290666,0,1,1,1,37,1,37tj04,M-O,1,0.1177,0.0083,0.993085992909986,0.994464725313506,0.995773518336932,0.993009606750947,0.960063112953001,0.993085992909986,0.994464725313506,0.995773518336932,0.993009606750947,0.960063112953001,1.35415338646174,1.75141893290666
-1.3919054357396,1.1529665237279,0,1,1,1,37,1,37tj04,M-O,1,0.1074,0.0085,0.974996165731183,0.978545243618807,0.983627029030043,0.968507988503275,0.875537937412029,0.974996165731183,0.978545243618807,0.983627029030043,0.968507988503275,0.875537937412029,1.3919054357396,1.1529665237279
-1.22817182875921,0.244932743851863,0,1,1,1,37,1,37tj04,M-O,1,0.1305,1.7571,0.869333135550958,0.879383284633225,0.90465027000383,0.829266456808589,0.596745746095767,0.869333135550958,0.879383284633225,0.90465027000383,0.829266456808589,0.596745746095767,1.22817182875921,0.244932743851863
2.17969293414351,0.708196554695594,1,1,1,1,37,1,37tj04,M-O,1,0.2311,0.0318,0.961113807224375,0.977259334947613,0.984545515667786,0.921397457322396,0.760588397297931,0.961113807224375,0.977259334947613,0.984545515667786,0.921397457322396,0.760588397297931,2.17969293414351,0.708196554695594
0.494000306837635,-0.225638558793762,0,1,0,0,37,1,37tj04,M-O,1,0.478,0.2943,0.608921491569011,0.603078336370516,0.639108730459696,0.684634843398957,0.410741274273217,0.391078508430989,0.396921663629484,0.360891269540304,0.315365156601043,0.589258725726783,0.494000306837635,0.225638558793762
1.19729129226117,1.0459689127234,1,1,1,1,37,1,37tj04,M-O,1,0.2692,0.1257,0.964649125994147,0.968516717783759,0.975423829415095,0.960139453638377,0.852212307257937,0.964649125994147,0.968516717783759,0.975423829415095,0.960139453638377,0.852212307257937,1.19729129226117,1.0459689127234
2.03844088459825,1.2361022302229,1,1,1,1,37,1,37tj04,M-O,1,0.2823,0.0245,0.986817742121345,0.991132304465913,0.993812126927221,0.973958069755871,0.89178971700149,0.986817742121345,0.991132304465913,0.993812126927221,0.973958069755871,0.89178971700149,2.03844088459825,1.2361022302229
-0.0574341208165267,0.844025857288134,0,0,1,0,37,1,37tj04,M-O,1,0.3212,0.3205,0.906144181004112,0.913644573675764,0.926017146109853,0.93947286464445,0.800672521676437,0.906144181004112,0.913644573675764,0.926017146109853,0.93947286464445,0.800672521676437,0.0574341208165267,0.844025857288134
0.440977765717042,0.0782457389110426,1,1,1,1,37,1,37tj04,M-O,1,0.2745,0.0921,0.777254504849391,0.775303483699726,0.807950536528935,0.783651090148513,0.531183710435618,0.777254504849391,0.775303483699726,0.807950536528935,0.783651090148513,0.531183710435618,0.440977765717042,0.0782457389110426
1.86410276939374,0.0467473323052508,1,1,1,1,37,1,37tj04,M-O,1,0.1273,0.0147,0.861712696599254,0.902097192360983,0.928912981191879,0.774300602919196,0.518642697083753,0.861712696599254,0.902097192360983,0.928912981191879,0.774300602919196,0.518642697083753,1.86410276939374,0.0467473323052508
0.587319979209877,0.731209958972173,1,1,1,1,37,1,37tj04,M-O,1,0.2209,0.1206,0.912738828872744,0.917207108157806,0.931310046152894,0.924718785156567,0.767674540968771,0.912738828872744,0.917207108157806,0.931310046152894,0.924718785156567,0.767674540968771,0.587319979209877,0.731209958972173
-0.822655434268917,0.805999193788234,0,1,1,1,37,1,37tj04,M-O,1,0.1878,0.039,0.931774151565567,0.936051657587074,0.948041209768981,0.934775915103505,0.789878343019673,0.931774151565567,0.936051657587074,0.948041209768981,0.934775915103505,0.789878343019673,0.822655434268917,0.805999193788234
-1.27568002560326,1.43776822435762,0,1,1,1,37,1,37tj04,M-O,1,0.1125,0.0876,0.984903165942083,0.987261141607259,0.990177542447429,0.983987801354399,0.924750085977113,0.984903165942083,0.987261141607259,0.990177542447429,0.983987801354399,0.924750085977113,1.27568002560326,1.43776822435762
-0.929973057496996,0.620575918398009,0,1,1,1,37,1,37tj04,M-O,1,0.0688,0.0791,0.913522692923356,0.917940210516948,0.933698970024917,0.907731377147202,0.732560655776743,0.913522692923356,0.917940210516948,0.933698970024917,0.907731377147202,0.732560655776743,0.929973057496996,0.620575918398009
0.513512601970013,1.39047732362072,1,1,1,1,37,1,37tj04,M-O,1,0.2155,0.0084,0.971470605922621,0.975607031149319,0.97992118496697,0.981995025202038,0.917808009710299,0.971470605922621,0.975607031149319,0.97992118496697,0.981995025202038,0.917808009710299,0.513512601970013,1.39047732362072
1.90949006459297,0.0468685466242396,1,1,1,1,37,1,37tj04,M-O,1,0.1744,0.0083,0.863443763845276,0.906040065661277,0.932309780510938,0.77433701889119,0.518691001654311,0.863443763845276,0.906040065661277,0.932309780510938,0.77433701889119,0.518691001654311,1.90949006459297,0.0468685466242396
-0.520639040046022,0.413784290203196,0,1,1,1,37,1,37tj04,M-O,1,0.1973,0.0228,0.857591337569084,0.860150031817352,0.882407920960119,0.86866911804065,0.660483954938849,0.857591337569084,0.860150031817352,0.882407920960119,0.86866911804065,0.660483954938849,0.520639040046022,0.413784290203196
-0.510458712150869,0.308137353038855,0,1,1,1,37,1,37tj04,M-O,1,0.1096,0.0158,0.835733317012527,0.837177106833843,0.862559766315789,0.844821945829376,0.621011090255589,0.835733317012527,0.837177106833843,0.862559766315789,0.844821945829376,0.621011090255589,0.510458712150869,0.308137353038855
-0.705581663474649,1.20299340480769,0,1,1,1,37,1,37tj04,M-O,1,0.175,0.0384,0.963575826275093,0.967660881180989,0.97366929272798,0.971890306488874,0.885510563632773,0.963575826275093,0.967660881180989,0.97366929272798,0.971890306488874,0.885510563632773,0.705581663474649,1.20299340480769
-0.445559121819263,0.980062955856084,0,1,1,1,37,1,37tj04,M-O,1,0.1116,0.0092,0.937160917951562,0.942540352775763,0.95210567930893,0.954140676239189,0.83647247829575,0.937160917951562,0.942540352775763,0.95210567930893,0.954140676239189,0.83647247829575,0.445559121819263,0.980062955856084
-0.577479204127297,1.70521896104066,0,1,1,1,37,1,37tj04,M-O,1,0.0862,0.0227,0.985857978431021,0.988588707161877,0.990692222976707,0.992057709133008,0.955923202507205,0.985857978431021,0.988588707161877,0.990692222976707,0.992057709133008,0.955923202507205,0.577479204127297,1.70521896104066
1.28382407936998,0.469161917649772,1,1,1,1,37,1,37tj04,M-O,1,0.197,0.0085,0.909049159946121,0.917364960033357,0.935458449504043,0.880102562958719,0.680523048041101,0.909049159946121,0.917364960033357,0.935458449504043,0.880102562958719,0.680523048041101,1.28382407936998,0.469161917649772
1.31266834173958,1.46580336470659,1,1,1,1,37,1,37tj04,M-O,1,0.1237,0.0305,0.986216408149431,0.988451458883762,0.991131461729206,0.985077489311786,0.928649067920057,0.986216408149431,0.988451458883762,0.991131461729206,0.985077489311786,0.928649067920057,1.31266834173958,1.46580336470659
2.02401875341345,1.72440545610345,1,1,1,1,37,1,37tj04,M-O,1,0.1664,0.0474,0.99602267632691,0.99728403171777,0.998092258153483,0.992466054960073,0.957682663354577,0.99602267632691,0.99728403171777,0.998092258153483,0.992466054960073,0.957682663354577,2.02401875341345,1.72440545610345
-1.37790748488376,1.6166978755163,0,1,1,1,37,1,37tj04,M-O,1,0.1865,0.102,0.99070916212142,0.992423702900016,0.994226635667689,0.989911380385909,0.947028243630229,0.99070916212142,0.992423702900016,0.994226635667689,0.989911380385909,0.947028243630229,1.37790748488376,1.6166978755163
1.7347277690595,0.794016292539631,1,1,1,1,37,1,37tj04,M-O,1,0.0615,0.0957,0.959501306717652,0.968327301160772,0.976813335869675,0.933238639993712,0.786407026730237,0.959501306717652,0.968327301160772,0.976813335869675,0.933238639993712,0.786407026730237,1.7347277690595,0.794016292539631
1.94172776959429,1.65056861950801,1,1,1,1,37,1,37tj04,M-O,1,0.1364,0.1608,0.99482677235765,0.99632515082925,0.997389306871825,0.990786053451203,0.950586654524111,0.99482677235765,0.99632515082925,0.997389306871825,0.990786053451203,0.950586654524111,1.94172776959429,1.65056861950801
-1.038139041383,0.54983870510243,0,1,1,1,37,1,37tj04,M-O,1,0.1879,0.0084,0.908901106942792,0.914016369657165,0.931145046691691,0.895473997562167,0.708784995664292,0.908901106942792,0.914016369657165,0.931145046691691,0.895473997562167,0.708784995664292,1.038139041383,0.54983870510243
-0.373448465895258,1.17793667343958,0,1,1,1,37,1,37tj04,M-O,1,0.1228,0.0083,0.953805565361199,0.959203699138195,0.965969671300343,0.970236066733929,0.880589073367009,0.953805565361199,0.959203699138195,0.965969671300343,0.970236066733929,0.880589073367009,0.373448465895258,1.17793667343958
0.760385553427491,0.825774444114685,1,1,1,1,37,1,37tj04,M-O,1,0.2347,0.0082,0.931590089065624,0.935925429412324,0.947683386903663,0.93725262319695,0.79553397319817,0.931590089065624,0.935925429412324,0.947683386903663,0.93725262319695,0.79553397319817,0.760385553427491,0.825774444114685
1.62189580155488,1.84733409188933,1,1,1,1,37,1,37tj04,M-O,1,0.1531,0.0088,0.995760632876521,0.996753662587773,0.997593107682296,0.994670316576764,0.967650632562916,0.995760632876521,0.996753662587773,0.997593107682296,0.994670316576764,0.967650632562916,1.62189580155488,1.84733409188933
-1.62690133798606,0.157866230155369,0,1,1,1,37,1,37tj04,M-O,1,0.2605,0.0085,0.87367186654374,0.898074607188109,0.923362583228737,0.80626207416361,0.562718895618553,0.87367186654374,0.898074607188109,0.923362583228737,0.80626207416361,0.562718895618553,1.62690133798606,0.157866230155369
2.22126260638205,0.17152881553853,1,1,1,1,37,1,37tj04,M-O,1,0.1456,0.0085,0.896170677446237,0.943296285213341,0.96160331173682,0.809991929609464,0.568096012667037,0.896170677446237,0.943296285213341,0.96160331173682,0.809991929609464,0.568096012667037,2.22126260638205,0.17152881553853
1.43695317812625,1.62346856104839,1,1,1,1,37,1,37tj04,M-O,1,0.1217,0.0083,0.991316490249397,0.992970161730952,0.994677299047143,0.990091804501681,0.947755360611393,0.991316490249397,0.992970161730952,0.994677299047143,0.990091804501681,0.947755360611393,1.43695317812625,1.62346856104839
1.39708022720357,-0.348636459904779,0,0,0,1,37,1,37tj04,M-O,1,0.1383,0.2389,0.500082018945927,0.504465048404012,0.534860961071333,0.639716562465164,0.363681126034497,0.499917981054073,0.495534951595988,0.465139038928667,0.360283437534836,0.636318873965503,1.39708022720357,0.348636459904779
1.12560481666613,1.83597457856696,1,1,1,1,37,1,37tj04,M-O,1,0.1796,0.4003,0.993088923841089,0.994502876846042,0.995711116637409,0.994493913772861,0.966819291753324,0.993088923841089,0.994502876846042,0.995711116637409,0.994493913772861,0.966819291753324,1.12560481666613,1.83597457856696
-0.47567592517576,0.267876882803305,0,1,1,1,37,1,37tj04,M-O,1,0.1673,0.0085,0.82468304393642,0.825574950171009,0.852203880753735,0.835025007178253,0.605602955777376,0.82468304393642,0.825574950171009,0.852203880753735,0.835025007178253,0.605602955777376,0.47567592517576,0.267876882803305
2.05371137644098,1.82726446393105,1,1,1,1,37,1,37tj04,M-O,1,0.0409,0.0778,0.997056078557303,0.998022476183549,0.998615319927745,0.994355159386131,0.966169992242298,0.997056078557303,0.998022476183549,0.998615319927745,0.994355159386131,0.966169992242298,2.05371137644098,1.82726446393105
-2.11598125728241,1.29016381649188,0,1,1,1,37,1,37tj04,M-O,1,0.1206,0.0085,0.988960896709172,0.992927491452391,0.995126137529983,0.977060321744919,0.901503106856523,0.988960896709172,0.992927491452391,0.995126137529983,0.977060321744919,0.901503106856523,2.11598125728241,1.29016381649188
-1.17260420566483,0.0732932681637878,0,1,1,1,37,1,37tj04,M-O,1,0.2007,0.1357,0.83085921664205,0.841819420918014,0.873519709099819,0.78219595061883,0.529213625739491,0.83085921664205,0.841819420918014,0.873519709099819,0.78219595061883,0.529213625739491,1.17260420566483,0.0732932681637878
0.775231864941257,0.974573678839021,1,1,1,1,37,1,37tj04,M-O,1,0.2039,0.0095,0.947251659600738,0.951536581516792,0.960598254693591,0.953609939165448,0.835114112414026,0.947251659600738,0.951536581516792,0.960598254693591,0.953609939165448,0.835114112414026,0.775231864941257,0.974573678839021
-0.0459812519344788,-1.3904908479444,1,0,0,1,37,1,37tj04,M-O,1,0.2368,0.096,0.268945453863821,0.244011296077277,0.293647191633613,0.246939244577245,0.0821899382622835,0.731054546136179,0.755988703922723,0.706352808366387,0.753060755422755,0.917810061737717,0.0459812519344788,1.3904908479444
-1.20738699263994,1.38384516873891,0,1,1,1,37,1,37tj04,M-O,1,0.2826,0.0083,0.982121830172064,0.984721764638533,0.988131724862389,0.981699313880253,0.916797065485218,0.982121830172064,0.984721764638533,0.988131724862389,0.981699313880253,0.916797065485218,1.20738699263994,1.38384516873891
-0.419684121752414,1.26020656337038,0,1,1,1,37,1,37tj04,M-O,1,0.1678,0.0086,0.96128943503381,0.966238090030088,0.971967573650002,0.975382115022561,0.896202572105674,0.96128943503381,0.966238090030088,0.971967573650002,0.975382115022561,0.896202572105674,0.419684121752414,1.26020656337038
0.538539241378932,1.14093167348544,1,1,1,1,37,1,37tj04,M-O,1,0.2928,0.1115,0.954894424461764,0.959690727174505,0.966729657569665,0.967645948210192,0.873050821226223,0.954894424461764,0.959690727174505,0.966729657569665,0.967645948210192,0.873050821226223,0.538539241378932,1.14093167348544
-0.85786240157299,0.257850726989807,0,1,1,1,37,1,37tj04,M-O,1,0.2405,0.0089,0.848861508995288,0.852312778481538,0.878715641130525,0.832524277263503,0.601738943331123,0.848861508995288,0.852312778481538,0.878715641130525,0.832524277263503,0.601738943331123,0.85786240157299,0.257850726989807
0.587319979209877,-1.0547791333394,0,1,0,0,37,1,37tj04,M-O,1,0.2249,0.0471,0.327656870314544,0.300301561405462,0.341883944711759,0.363754360223002,0.145763175065289,0.672343129685456,0.699698438594538,0.658116055288241,0.636245639776998,0.854236824934711,0.587319979209877,1.0547791333394
0.0100105514888669,-0.764678635336748,1,0,0,1,37,1,37tj04,M-O,1,0.2428,0.157,0.472640688123482,0.450322442576547,0.500858243621004,0.476738546580865,0.222231465620885,0.527359311876518,0.549677557423453,0.499141756378996,0.523261453419135,0.777768534379115,0.0100105514888669,0.764678635336748
0.796016701060529,1.01486878173714,1,1,1,1,37,1,37tj04,M-O,1,0.3482,0.0609,0.951461241172971,0.955658507934623,0.96403943048206,0.957393322590681,0.844915809415813,0.951461241172971,0.955658507934623,0.96403943048206,0.957393322590681,0.844915809415813,0.796016701060529,1.01486878173714
-0.590628794325204,1.55865353305197,0,1,1,1,37,1,37tj04,M-O,1,0.3784,0.0085,0.980726113436188,0.983986977362417,0.986924052851852,0.988243392470167,0.940460797355347,0.980726113436188,0.983986977362417,0.986924052851852,0.988243392470167,0.940460797355347,0.590628794325204,1.55865353305197
0.304391699790396,1.56616882082927,1,1,1,1,37,1,37tj04,M-O,1,0.4493,0.1447,0.977501594727545,0.981555512135179,0.984655883638635,0.988472033906834,0.941345450030452,0.977501594727545,0.981555512135179,0.984655883638635,0.988472033906834,0.941345450030452,0.304391699790396,1.56616882082927
0.838010553628038,-1.53946324598158,0,0,0,1,37,1,37tj04,M-O,1,0.352,0.0238,0.181208774107779,0.154008003219936,0.185265062099527,0.202386975020826,0.0618456220112821,0.818791225892221,0.845991996780064,0.814734937900473,0.797613024979174,0.938154377988718,0.838010553628038,1.53946324598158
0.340022847423434,0.13835072479818,1,1,1,1,37,1,37tj04,M-O,1,0.2818,0.038,0.784338798483993,0.783071699411821,0.813648434257524,0.800857599184399,0.555018380835097,0.784338798483993,0.783071699411821,0.813648434257524,0.800857599184399,0.555018380835097,0.340022847423434,0.13835072479818
-0.29667182635264,0.255028164990497,0,1,1,1,37,1,37tj04,M-O,1,0.5097,0.0085,0.809042045825257,0.809747009541619,0.836703387073386,0.83181588941697,0.600649327108572,0.809042045825257,0.809747009541619,0.836703387073386,0.83181588941697,0.600649327108572,0.29667182635264,0.255028164990497
-1.49667797699389,1.67649116744032,0,1,1,1,37,1,37tj04,M-O,1,0.2349,0.2394,0.99273611440759,0.994204648252264,0.995641546496654,0.99140991149942,0.953178987572551,0.99273611440759,0.994204648252264,0.995641546496654,0.99140991149942,0.953178987572551,1.49667797699389,1.67649116744032
1.15614580035159,-0.901858611769449,0,0,0,1,37,1,37tj04,M-O,1,0.1522,0.0083,0.332672842719282,0.315144779035591,0.349331157045525,0.422492599817063,0.183565989852174,0.667327157280718,0.684855220964409,0.650668842954475,0.577507400182937,0.816434010147826,1.15614580035159,0.901858611769449
0.945328176856118,-0.951539166223554,0,0,0,1,37,1,37tj04,M-O,1,0.1868,0.1444,0.332292572279638,0.310437362820567,0.347122870801581,0.40315023604298,0.170665373095158,0.667707427720362,0.689562637179433,0.652877129198419,0.59684976395702,0.829334626904842,0.945328176856118,0.951539166223554
-1.04577428730437,0.659728143431377,0,1,1,1,37,1,37tj04,M-O,1,0.2969,0.0408,0.923718243356404,0.928590020016393,0.94299920405551,0.914040857320646,0.745285848571042,0.923718243356404,0.928590020016393,0.94299920405551,0.914040857320646,0.745285848571042,1.04577428730437,0.659728143431377
-0.618200515707912,-0.495427000200159,1,1,0,0,37,1,37tj04,M-O,1,0.6613,0.1593,0.508241949208934,0.495021960526762,0.534244978364494,0.583521538237717,0.310149369803732,0.491758050791066,0.504978039473238,0.465755021635506,0.416478461762283,0.689850630196268,0.618200515707912,0.495427000200159
-1.99466568319849,0.291150032049146,0,1,1,1,37,1,37tj04,M-O,1,0.3481,0.0877,0.909872767415854,0.940778883808989,0.958191840519746,0.840736096865671,0.614531711769577,0.909872767415854,0.940778883808989,0.958191840519746,0.840736096865671,0.614531711769577,1.99466568319849,0.291150032049146
-0.568147236890073,0.925135553022894,0,1,1,1,37,1,37tj04,M-O,1,0.1657,0.0892,0.935452051733431,0.940328430285104,0.950638871353046,0.948604754646504,0.822552299224443,0.935452051733431,0.940328430285104,0.950638871353046,0.948604754646504,0.822552299224443,0.568147236890073,0.925135553022894
0.804076127310859,1.49984727201114,1,1,1,1,37,1,37tj04,M-O,1,0.2464,0.0722,0.981088772346202,0.984019175532329,0.987146537350676,0.986314475866391,0.933173015503308,0.981088772346202,0.984019175532329,0.987146537350676,0.986314475866391,0.933173015503308,0.804076127310859,1.49984727201114
0.359959322884777,1.02631487671594,1,1,1,1,37,1,37tj04,M-O,1,0.2216,0.0618,0.939276528497649,0.945031933197636,0.953963413790757,0.958421284426073,0.84762840640581,0.939276528497649,0.945031933197636,0.953963413790757,0.958421284426073,0.84762840640581,0.359959322884777,1.02631487671594
1.83950031031379,1.12971069081334,1,1,1,1,37,1,37tj04,M-O,1,0.1772,0.0161,0.980906385355167,0.985714401266742,0.989719678370042,0.966824752896094,0.870700924530731,0.980906385355167,0.985714401266742,0.989719678370042,0.966824752896094,0.870700924530731,1.83950031031379,1.12971069081334
-1.22138494349577,0.386788129731272,0,1,1,1,37,1,37tj04,M-O,1,0.1556,0.0388,0.893533778208091,0.901775598631168,0.922576144211315,0.862830730488351,0.650543467153307,0.893533778208091,0.901775598631168,0.922576144211315,0.862830730488351,0.650543467153307,1.22138494349577,0.386788129731272
-1.35203248481691,-1.36224791162002,1,0,0,1,37,1,37tj04,M-O,1,0.0617,0.0083,0.194902477687438,0.172821376581468,0.199863402575753,0.255940961581406,0.0865598300256641,0.805097522312562,0.827178623418532,0.800136597424247,0.744059038418594,0.913440169974336,1.35203248481691,1.36224791162002
1.63886301471347,0.830553751549098,1,1,1,1,37,1,37tj04,M-O,1,0.1886,0.2055,0.960096274736787,0.967522512479948,0.975904473552553,0.937840058276975,0.796887114702257,0.960096274736787,0.967522512479948,0.975904473552553,0.937840058276975,0.796887114702257,1.63886301471347,0.830553751549098
1.56420727681567,1.686101731303,1,1,1,1,37,1,37tj04,M-O,1,0.1646,0.326,0.993326601201914,0.994735594648637,0.996071385518052,0.991631605758494,0.954111896698651,0.993326601201914,0.994735594648637,0.996071385518052,0.991631605758494,0.954111896698651,1.56420727681567,1.686101731303
2.16357408164285,1.1037188775559,1,1,1,1,37,1,37tj04,M-O,1,0.318,0.096,0.983371754236558,0.989839346954395,0.993065966267788,0.964856496192925,0.865142447922256,0.983371754236558,0.989839346954395,0.993065966267788,0.964856496192925,0.865142447922256,2.16357408164285,1.1037188775559
-0.0413152683158666,1.63139944077651,0,1,1,1,37,1,37tj04,M-O,1,0.2611,0.0944,0.977539574267549,0.982033415502407,0.984845990717498,0.990299556924529,0.948596968587095,0.977539574267549,0.982033415502407,0.984845990717498,0.990299556924529,0.948596968587095,0.0413152683158666,1.63139944077651
-1.65998740364531,0.944166201104129,0,1,1,1,37,1,37tj04,M-O,1,0.2317,0.0083,0.968431450846849,0.974527120464604,0.981175483046604,0.950580046037831,0.827457638031107,0.968431450846849,0.974527120464604,0.981175483046604,0.950580046037831,0.827457638031107,1.65998740364531,0.944166201104129
-1.48904273107252,1.71119309533368,0,1,1,1,37,1,37tj04,M-O,1,0.2098,0.009,0.99326828550814,0.994648830182286,0.995972326516845,0.992186895016368,0.956477263557479,0.99326828550814,0.994648830182286,0.995972326516845,0.992186895016368,0.956477263557479,1.48904273107252,1.71119309533368
-0.846833713019907,1.02186457957592,0,1,1,1,37,1,37tj04,M-O,1,0.1651,0.0084,0.953533326091075,0.957623516859681,0.96578549782327,0.958024020982124,0.846577500574893,0.953533326091075,0.957623516859681,0.96578549782327,0.958024020982124,0.846577500574893,0.846833713019907,1.02186457957592
0.600893749736749,-0.321726881089275,0,1,0,0,37,1,37tj04,M-O,1,0.289,0.1099,0.568221481273332,0.560573590469453,0.597455304459042,0.649737126155755,0.373829805770904,0.431778518726668,0.439426409530547,0.402544695540958,0.350262873844245,0.626170194229096,0.600893749736749,0.321726881089275
0.206406043799541,-0.390264920311773,0,1,0,0,37,1,37tj04,M-O,1,0.1714,0.3346,0.580162533314484,0.566557635130256,0.608468462536097,0.624026381610952,0.348170330151603,0.419837466685516,0.433442364869744,0.391531537463903,0.375973618389048,0.651829669848397,0.206406043799541,0.390264920311773
-1.55945666568067,1.45768200533434,0,1,1,1,37,1,37tj04,M-O,1,0.172,0.2791,0.98857157498278,0.990753204078931,0.99309388507807,0.984768582978767,0.927535892909022,0.98857157498278,0.990753204078931,0.99309388507807,0.984768582978767,0.927535892909022,1.55945666568067,1.45768200533434
-0.0705837110144337,0.250751031163323,0,1,1,1,37,1,37tj04,M-O,1,0.1778,0.0396,0.791818714487269,0.793356193694726,0.820116365766768,0.830738774620485,0.598996698200503,0.791818714487269,0.793356193694726,0.820116365766768,0.830738774620485,0.598996698200503,0.0705837110144337,0.250751031163323
2.10079539295607,0.610774874891204,1,1,1,1,37,1,37tj04,M-O,1,0.1554,0.0082,0.951379795798088,0.969896240596509,0.97922929982307,0.906099560416029,0.729325685484318,0.951379795798088,0.969896240596509,0.97922929982307,0.906099560416029,0.729325685484318,2.10079539295607,0.610774874891204
-0.292854203391957,0.277054538383882,0,1,1,1,37,1,37tj04,M-O,1,0.3052,0.0081,0.813815272262095,0.814875332644746,0.841174582175609,0.837292795413549,0.60913088552343,0.813815272262095,0.814875332644746,0.841174582175609,0.837292795413549,0.60913088552343,0.292854203391957,0.277054538383882
1.63801465405554,0.0458641994097613,1,1,1,1,37,1,37tj04,M-O,1,0.0671,0.0081,0.851701571828837,0.881430241015547,0.910727381558911,0.774035186224695,0.518290755567006,0.851701571828837,0.881430241015547,0.910727381558911,0.774035186224695,0.518290755567006,1.63801465405554,0.0458641994097613
0.163563830574103,0.830605700542951,1,1,1,1,37,1,37tj04,M-O,1,0.1126,0.029,0.908433978096189,0.915198587212161,0.927770850126614,0.937846419789504,0.796901793329046,0.908433978096189,0.915198587212161,0.927770850126614,0.937846419789504,0.796901793329046,0.163563830574103,0.830605700542951
-1.49582961633596,1.41061621690414,0,1,1,1,37,1,37tj04,M-O,1,0.1255,0.0085,0.986613912372098,0.988986357296576,0.991710400389943,0.982868122169547,0.920821096370651,0.986613912372098,0.988986357296576,0.991710400389943,0.982868122169547,0.920821096370651,1.49582961633596,1.41061621690414
1.91076260557986,0.591086206221174,1,1,1,1,37,1,37tj04,M-O,1,0.2393,0.015,0.945483906074977,0.961492028509545,0.972524600703153,0.902757321172765,0.722768669190309,0.945483906074977,0.961492028509545,0.972524600703153,0.902757321172765,0.722768669190309,1.91076260557986,0.591086206221174
-1.82456937128363,1.17241276375995,0,1,1,1,37,1,37tj04,M-O,1,0.0473,0.1018,0.982428570369975,0.986761119727141,0.990452127051983,0.969860715844251,0.879484311257258,0.982428570369975,0.986761119727141,0.990452127051983,0.969860715844251,0.879484311257258,1.82456937128363,1.17241276375995
-2.01799560129155,1.29158375565718,0,1,1,1,37,1,37tj04,M-O,1,0.2202,0.024,0.988264458364859,0.991989949938509,0.994390203370566,0.977137414097427,0.901749333706486,0.988264458364859,0.991989949938509,0.994390203370566,0.977137414097427,0.901749333706486,2.01799560129155,1.29158375565718
1.44543678470555,1.57631619096176,1,1,1,1,37,1,37tj04,M-O,1,0.001,0.1593,0.990386649381517,0.992177312313635,0.994081679048132,0.988774619259294,0.942523523950786,0.990386649381517,0.992177312313635,0.994081679048132,0.988774619259294,0.942523523950786,1.44543678470555,1.57631619096176
2.09231178637677,1.27811164991814,1,1,1,1,37,1,37tj04,M-O,1,0.2247,0.0868,0.988465434510418,0.992493970187078,0.994807269139923,0.976397117628847,0.899394969099374,0.988465434510418,0.992493970187078,0.994807269139923,0.976397117628847,0.899394969099374,2.09231178637677,1.27811164991814
1.45858637490345,0.162749435577488,1,1,1,1,37,1,37tj04,M-O,1,0.1421,0.1206,0.866368814929203,0.884630839594645,0.911184841948625,0.807600274659672,0.564642139056034,0.866368814929203,0.884630839594645,0.911184841948625,0.807600274659672,0.564642139056034,1.45858637490345,0.162749435577488
0.103754404190074,1.25932343047489,1,1,1,1,37,1,37tj04,M-O,1,0.1578,0.1663,0.954432111294252,0.960798924958695,0.966815686565993,0.975331118509055,0.896043233225515,0.954432111294252,0.960798924958695,0.966815686565993,0.975331118509055,0.896043233225515,0.103754404190074,1.25932343047489
-1.70622305950247,0.3661643791719,0,1,1,1,37,1,37tj04,M-O,1,0.2797,0.0082,0.911743731174382,0.930889541925876,0.94888794163807,0.858252718676632,0.642878789763734,0.911743731174382,0.930889541925876,0.94888794163807,0.858252718676632,0.642878789763734,1.70622305950247,0.3661643791719
0.101209322216286,1.79162745414836,1,1,1,1,37,1,37tj04,M-O,1,0.0319,0.1207,0.984647366735376,0.98806995712562,0.989996299929716,0.993754577137092,0.963403668829161,0.984647366735376,0.98806995712562,0.989996299929716,0.993754577137092,0.963403668829161,0.101209322216286,1.79162745414836
-0.767087811174536,0.800042375826501,0,1,1,1,37,1,37tj04,M-O,1,0.2255,0.0104,0.928919897073925,0.933229771178084,0.945482841945169,0.93401518890846,0.7881568771275,0.928919897073925,0.933229771178084,0.945482841945169,0.93401518890846,0.7881568771275,0.767087811174536,0.800042375826501
2.02953309768999,1.25457875570304,1,1,1,1,37,1,37tj04,M-O,1,0.0108,0.0082,0.987299748352152,0.991402828494946,0.993991539110233,0.975055617637864,0.895184140250027,0.987299748352152,0.991402828494946,0.993991539110233,0.975055617637864,0.895184140250027,2.02953309768999,1.25457875570304
0.60725645467122,-0.813424107901511,0,1,0,0,37,1,37tj04,M-O,1,0.1287,0.0087,0.402735912404454,0.38009839320406,0.421774186960519,0.457360230886762,0.20798747096955,0.597264087595546,0.61990160679594,0.578225813039481,0.542639769113238,0.79201252903045,0.60725645467122,0.813424107901511
0.938541291592682,1.3785117387034,1,1,1,1,37,1,37tj04,M-O,1,0.1604,0.0627,0.977894244025049,0.980909247139006,0.984791779119224,0.981458517095477,0.915977326953128,0.977894244025049,0.980909247139006,0.984791779119224,0.981458517095477,0.915977326953128,0.938541291592682,1.3785117387034
-0.921065270588736,0.153138871714808,0,1,1,1,37,1,37tj04,M-O,1,0.1259,0.0118,0.831257742212201,0.835556343860166,0.86533292503421,0.804961190908132,0.560855618901273,0.831257742212201,0.835556343860166,0.86533292503421,0.804961190908132,0.560855618901273,0.921065270588736,0.153138871714808
-0.86677018848125,1.15069808432968,0,1,1,1,37,1,37tj04,M-O,1,0.2183,0.0085,0.963746484115958,0.967541719501168,0.97389593750439,0.968346971266365,0.875071767543324,0.963746484115958,0.967541719501168,0.97389593750439,0.968346971266365,0.875071767543324,0.86677018848125,1.15069808432968
-1.36518207501482,1.61803123302518,0,1,1,1,37,1,37tj04,M-O,1,0.1786,0.0083,0.9906343102812,0.992354979797652,0.994166424040752,0.989947136493618,0.947172066578719,0.9906343102812,0.992354979797652,0.994166424040752,0.989947136493618,0.947172066578719,1.36518207501482,1.61803123302518
-0.0790673175937284,1.00066939008417,0,1,1,1,37,1,37tj04,M-O,1,0.186,0.0957,0.927595388560616,0.934952492824934,0.944548611383484,0.956089636422384,0.841506664660705,0.927595388560616,0.934952492824934,0.944548611383484,0.956089636422384,0.841506664660705,0.0790673175937284,1.00066939008417
1.80005153972007,1.22548731914574,1,1,1,1,37,1,37tj04,M-O,1,0.2549,0.2568,0.984095876689463,0.987893772805786,0.9912380312055,0.973309448998605,0.889804167479168,0.984095876689463,0.987893772805786,0.9912380312055,0.973309448998605,0.889804167479168,1.80005153972007,1.22548731914574
-0.995296828157566,0.996652001226259,0,1,1,1,37,1,37tj04,M-O,1,0.5218,0.1034,0.955734931985768,0.959715805286224,0.967892443217169,0.955715005869046,0.840533272245592,0.955734931985768,0.959715805286224,0.967892443217169,0.955715005869046,0.840533272245592,0.995296828157566,0.996652001226259
0.133022846888641,1.35605245702791,1,1,1,1,37,1,37tj04,M-O,1,0.3017,0.2753,0.962535115161894,0.968288690428186,0.973251748737468,0.980414699069257,0.912458760888195,0.962535115161894,0.968288690428186,0.973251748737468,0.980414699069257,0.912458760888195,0.133022846888641,1.35605245702791
0.815528996192907,0.605060485567449,1,1,1,1,37,1,37tj04,M-O,1,0.3287,0.3596,0.905910615086316,0.909958408352275,0.926460435705451,0.905138370976439,0.727430595935725,0.905910615086316,0.909958408352275,0.926460435705451,0.905138370976439,0.727430595935725,0.815528996192907,0.605060485567449
1.74999826090223,0.235512659633308,1,1,1,1,37,1,37tj04,M-O,1,0.3482,0.0776,0.892787252823822,0.918320102870391,0.939840272085966,0.82686538127436,0.593094572903525,0.892787252823822,0.918320102870391,0.939840272085966,0.82686538127436,0.593094572903525,1.74999826090223,0.235512659633308
1.83610686768207,0.233296169228942,1,1,1,1,37,1,37tj04,M-O,1,0.2095,0.0952,0.895589530743867,0.924201449010108,0.944941768753825,0.826297311719063,0.592234283469704,0.895589530743867,0.924201449010108,0.944941768753825,0.826297311719063,0.592234283469704,1.83610686768207,0.233296169228942
0.880852766853477,-0.885286882730558,0,1,0,0,37,1,37tj04,M-O,1,0.3427,0.0309,0.357758595354169,0.336550435790199,0.374356439648467,0.428988817580271,0.188000961429308,0.642241404645831,0.663449564209801,0.625643560351533,0.571011182419729,0.811999038570692,0.880852766853477,0.885286882730558
1.22401465298595,1.09059309844254,1,1,1,1,37,1,37tj04,M-O,1,0.1249,0.0805,0.968124386359521,0.971823550178666,0.978079850628244,0.963826699917999,0.862274016131305,0.968124386359521,0.971823550178666,0.978079850628244,0.963826699917999,0.862274016131305,1.22401465298595,1.09059309844254
1.79877899873317,1.33085719500954,1,1,1,1,37,1,37tj04,M-O,1,0.0905,0.0082,0.987437219739676,0.990451125776033,0.993087304123751,0.979184744385787,0.908381997928,0.987437219739676,0.990451125776033,0.993087304123751,0.979184744385787,0.908381997928,1.79877899873317,1.33085719500954
-0.501550925242609,-0.336428446349483,1,0,0,1,37,1,37tj04,M-O,1,0.1905,0.0086,0.571718910259956,0.562340470617822,0.60038631124632,0.644274961716074,0.368273900635869,0.428281089740044,0.437659529382178,0.39961368875368,0.355725038283926,0.631726099364131,0.501550925242609,0.336428446349483
-1.5446103541669,1.08839392436946,0,1,1,1,37,1,37tj04,M-O,1,0.1709,0.0083,0.97447016907502,0.978721892593401,0.984050529442794,0.963651768478822,0.861789378918446,0.97447016907502,0.978721892593401,0.984050529442794,0.963651768478822,0.861789378918446,1.5446103541669,1.08839392436946
1.23970932515765,0.807003541002712,1,1,1,1,37,1,37tj04,M-O,1,0.198,0.0084,0.946855867807217,0.952000033959815,0.962566380156999,0.934903504020562,0.790167778468054,0.946855867807217,0.952000033959815,0.962566380156999,0.934903504020562,0.790167778468054,1.23970932515765,0.807003541002712
1.2787339154224,1.69692443835557,1,1,1,1,37,1,37tj04,M-O,1,0.1059,0.0085,0.991589537895384,0.993174949496283,0.994747591989971,0.991875233660385,0.955144526469547,0.991589537895384,0.993174949496283,0.994747591989971,0.991875233660385,0.955144526469547,1.2787339154224,1.69692443835557
0.905031045604467,0.526686770175578,1,1,1,1,37,1,37tj04,M-O,1,0.1982,0.1892,0.898889908838685,0.90317096511696,0.921406551581989,0.891216690084838,0.700794437816627,0.898889908838685,0.90317096511696,0.921406551581989,0.891216690084838,0.700794437816627,0.905031045604467,0.526686770175578
-1.21544641889027,0.390372610307082,0,1,1,1,37,1,37tj04,M-O,1,0.1603,0.0083,0.893803402198445,0.901911828921936,0.922637955315175,0.863615984772216,0.651869480869372,0.893803402198445,0.901911828921936,0.922637955315175,0.863615984772216,0.651869480869372,1.21544641889027,0.390372610307082
-1.55945666568067,0.501664671470042,0,1,1,1,37,1,37tj04,M-O,1,0.1488,0.0088,0.924801153860257,0.937050932667847,0.952563262421678,0.88647683260094,0.692048290271419,0.924801153860257,0.937050932667847,0.952563262421678,0.88647683260094,0.692048290271419,1.55945666568067,0.501664671470042
-2.11470871629551,0.149000268537906,0,1,1,1,37,1,37tj04,M-O,1,0.1659,0.083,0.88958215467008,0.934153129704212,0.954432698124031,0.803817974198447,0.559223289466149,0.88958215467008,0.934153129704212,0.954432698124031,0.803817974198447,0.559223289466149,2.11470871629551,0.149000268537906
2.10927899953536,0.98565613086085,1,1,1,1,37,1,37tj04,M-O,1,0.1052,0.0084,0.977701503047011,0.98591570560423,0.99030089501163,0.954676428865242,0.837849058191809,0.977701503047011,0.98591570560423,0.99030089501163,0.954676428865242,0.837849058191809,2.10927899953536,0.98565613086085
0.74596342224269,0.182386155253666,1,1,1,1,37,1,37tj04,M-O,1,0.2472,0.0397,0.825234421731914,0.827031697666925,0.856189352121597,0.812924257127403,0.57236015495444,0.825234421731914,0.827031697666925,0.856189352121597,0.812924257127403,0.57236015495444,0.74596342224269,0.182386155253666
0.178834322416833,-0.928369914965418,0,1,0,0,37,1,37tj04,M-O,1,0.1691,0.0227,0.402148637592931,0.376137268037311,0.425035355896898,0.412144418174285,0.176607859394373,0.597851362407069,0.623862731962689,0.574964644103102,0.587855581825715,0.823392140605627,0.178834322416833,0.928369914965418
-1.20102428770546,0.919698224999684,0,1,1,1,37,1,37tj04,M-O,1,0.1993,0.0084,0.955460669037306,0.959886863135802,0.968642119179226,0.948028997627806,0.821134759766534,0.955460669037306,0.959886863135802,0.968642119179226,0.948028997627806,0.821134759766534,1.20102428770546,0.919698224999684
-0.249163629508589,0.981569476677801,0,1,1,1,37,1,37tj04,M-O,1,0.2461,0.0694,0.930864171011469,0.937234245369384,0.947007089711844,0.954285479440057,0.836844004507384,0.930864171011469,0.937234245369384,0.947007089711844,0.954285479440057,0.836844004507384,0.249163629508589,0.981569476677801
-0.26443412135132,1.00659157538334,0,1,1,1,37,1,37tj04,M-O,1,0.1684,0.0085,0.934174735129924,0.940442767152126,0.949792022248852,0.956637227837088,0.842934457700991,0.934174735129924,0.940442767152126,0.949792022248852,0.956637227837088,0.842934457700991,0.26443412135132,1.00659157538334
-1.0466226479623,1.48234046108291,0,1,1,1,37,1,37tj04,M-O,1,0.144,0.0082,0.983570095434676,0.986071502118304,0.989023372330501,0.98568988126165,0.930875136256782,0.983570095434676,0.986071502118304,0.989023372330501,0.98568988126165,0.930875136256782,1.0466226479623,1.48234046108291
0.385834322951626,-0.0491331940148531,0,0,0,1,37,1,37tj04,M-O,1,0.3107,0.1748,0.673806104751222,0.672116896539421,0.705029248194328,0.744475298518731,0.480406575172264,0.326193895248778,0.327883103460579,0.294970751805672,0.255524701481269,0.519593424827736,0.385834322951626,0.0491331940148531
0.563990061116817,0.274838047979516,1,1,1,1,37,1,37tj04,M-O,1,0.1051,0.0503,0.832370831326962,0.833601464125845,0.859971604409173,0.83674696909692,0.608279667387802,0.832370831326962,0.833601464125845,0.859971604409173,0.83674696909692,0.608279667387802,0.563990061116817,0.274838047979516
1.46834252246964,1.79001703533893,1,1,1,1,37,1,37tj04,M-O,1,0.1536,0.0085,0.994332601382006,0.995534617566714,0.996631629299995,0.993726148198462,0.963274413582798,0.994332601382006,0.995534617566714,0.996631629299995,0.993726148198462,0.963274413582798,1.46834252246964,1.79001703533893
-1.12255092684699,0.297609023618118,0,1,1,1,37,1,37tj04,M-O,1,0.1974,0.03,0.872923714105907,0.880270973170471,0.904361234489059,0.842297862730966,0.616999206675097,0.872923714105907,0.880270973170471,0.904361234489059,0.842297862730966,0.616999206675097,1.12255092684699,0.297609023618118
-0.913430024667371,0.412970422632843,0,1,1,1,37,1,37tj04,M-O,1,0.1282,0.07,0.881077828960199,0.88533996084982,0.906735368667378,0.868495652635065,0.660185858013254,0.881077828960199,0.88533996084982,0.906735368667378,0.868495652635065,0.660185858013254,0.913430024667371,0.412970422632843
-0.11766772752952,1.28647543792837,0,1,1,1,37,1,37tj04,M-O,1,0.1677,0.0703,0.956952097958794,0.963123492511457,0.968825107635751,0.976859045890781,0.90086140722109,0.956952097958794,0.963123492511457,0.968825107635751,0.976859045890781,0.90086140722109,0.11766772752952,1.28647543792837
-0.273766088588544,-1.15800178412397,1,1,0,0,37,1,37tj04,M-O,1,0.1201,0.0963,0.32080562640634,0.292343456149727,0.339064560693238,0.325755512337193,0.123431654168007,0.67919437359366,0.707656543850273,0.660935439306762,0.674244487662807,0.876568345831993,0.273766088588544,1.15800178412397
1.82931998241863,1.24091617031988,1,1,1,1,37,1,37tj04,M-O,1,0.1951,0.1769,0.984952913017534,0.988690133311368,0.991848922426025,0.974247849322184,0.892681640743147,0.984952913017534,0.988690133311368,0.991848922426025,0.974247849322184,0.892681640743147,1.82931998241863,1.24091617031988
0.798985963363282,0.671485932373286,1,0,1,0,37,1,37tj04,M-O,1,0.2718,0.1126,0.914298805465711,0.918443561808155,0.933399158445957,0.915871132307334,0.749044490878423,0.914298805465711,0.918443561808155,0.933399158445957,0.915871132307334,0.749044490878423,0.798985963363282,0.671485932373286
1.97481383525354,1.57816903840916,1,1,1,1,37,1,37tj04,M-O,1,0.0928,0.1016,0.993961041289652,0.995768028113345,0.997009922242224,0.988829117659498,0.942736609439861,0.993961041289652,0.995768028113345,0.997009922242224,0.988829117659498,0.942736609439861,1.97481383525354,1.57816903840916
0.707363012306899,-0.869667551912293,0,0,0,1,37,1,37tj04,M-O,1,0.183,0.3014,0.376279245197921,0.353325458646009,0.393596256958478,0.435129381252306,0.192241054828569,0.623720754802079,0.646674541353991,0.606403743041522,0.564870618747694,0.807758945171431,0.707363012306899,0.869667551912293
-0.433257892279286,1.61089690453612,0,1,1,1,37,1,37tj04,M-O,1,0.2141,0.0208,0.980991133572479,0.984464294169737,0.987188592546379,0.989754523365151,0.94639890259184,0.980991133572479,0.984464294169737,0.987188592546379,0.989754523365151,0.94639890259184,0.433257892279286,1.61089690453612
-0.0769464159489047,1.48594225799,0,1,1,1,37,1,37tj04,M-O,1,0.1895,0.0087,0.970174349447963,0.975425686982069,0.979258138399926,0.985820352436241,0.93135280260387,0.970174349447963,0.975425686982069,0.979258138399926,0.985820352436241,0.93135280260387,0.0769464159489047,1.48594225799
0.864309734023852,-0.173966626241985,0,1,0,0,37,1,37tj04,M-O,1,0.2135,0.1193,0.596785757643041,0.597903539407847,0.630134701753238,0.702765506144854,0.430945845323954,0.403214242356959,0.402096460592153,0.369865298246762,0.297234493855146,0.569054154676046,0.864309734023852,0.173966626241985
1.00428924258222,-1.35109619427305,0,0,0,1,37,1,37tj04,M-O,1,0.1935,0.1249,0.216554522870259,0.190342156779656,0.222132432387985,0.259541864502686,0.0883323102117448,0.783445477129741,0.809657843220344,0.777867567612015,0.740458135497314,0.911667689788255,1.00428924258222,1.35109619427305
1.22189375134113,0.223685605366263,1,1,1,1,37,1,37tj04,M-O,1,0.2565,0.1103,0.864964268756328,0.875154108630083,0.901177313837139,0.823820501336837,0.588499026292172,0.864964268756328,0.875154108630083,0.901177313837139,0.823820501336837,0.588499026292172,1.22189375134113,0.223685605366263
-1.57175789522065,1.18287182785555,0,1,1,1,37,1,37tj04,M-O,1,0.1304,0.0871,0.979398556900824,0.983037073964684,0.987336666998547,0.970568123400346,0.881570025838987,0.979398556900824,0.983037073964684,0.987336666998547,0.970568123400346,0.881570025838987,1.57175789522065,1.18287182785555
-0.964755844472105,0.308449047001969,0,1,1,1,37,1,37tj04,M-O,1,0.1133,0.3189,0.865485549290218,0.870329808175257,0.894747855307245,0.844896263244513,0.621129667065264,0.865485549290218,0.870329808175257,0.894747855307245,0.844896263244513,0.621129667065264,0.964755844472105,0.308449047001969
-1.47377223922979,0.658135040953239,0,1,1,1,37,1,37tj04,M-O,1,0.0924,0.2611,0.939881011695203,0.9481988967533,0.96062052483376,0.91379059240444,0.744774319395223,0.939881011695203,0.9481988967533,0.96062052483376,0.91379059240444,0.744774319395223,1.47377223922979,0.658135040953239
2.02486711407138,0.303202198622885,1,1,1,1,37,1,37tj04,M-O,1,0.2589,0.266,0.912522646650731,0.94371589906304,0.960490313833602,0.843642121153497,0.619132113211583,0.912522646650731,0.94371589906304,0.960490313833602,0.843642121153497,0.619132113211583,2.02486711407138,0.303202198622885
0.619981864540162,-0.999055179267145,0,0,0,1,37,1,37tj04,M-O,1,0.1635,0.119,0.342303143758702,0.315989837185099,0.357301842197146,0.384869069414744,0.158883980890676,0.657696856241298,0.684010162814901,0.642698157802854,0.615130930585256,0.841116019109324,0.619981864540162,0.999055179267145
1.08827694771723,0.0589553458605467,1,1,1,1,37,1,37tj04,M-O,1,0.1105,0.1031,0.821930710327368,0.830575928372838,0.863197950023089,0.777951479844175,0.523506162474696,0.821930710327368,0.830575928372838,0.863197950023089,0.777951479844175,0.523506162474696,1.08827694771723,0.0589553458605467
1.42719703056006,0.705096931395739,1,1,1,1,37,1,37tj04,M-O,1,0.0962,0.1015,0.943155942394102,0.950416664965845,0.962111591432962,0.920941757112876,0.759625041970366,0.943155942394102,0.950416664965845,0.962111591432962,0.920941757112876,0.759625041970366,1.42719703056006,0.705096931395739
0.692516700793133,1.58495704027253,1,1,1,1,37,1,37tj04,M-O,1,0.2953,0.1917,0.982958813232581,0.985864891583175,0.988546298602963,0.989026814848066,0.943511952373369,0.982958813232581,0.985864891583175,0.988546298602963,0.989026814848066,0.943511952373369,0.692516700793133,1.58495704027253
-1.55012469844345,1.81374040919816,0,1,1,1,37,1,37tj04,M-O,1,0.1587,0.0084,0.995054648197587,0.996154824634901,0.997125657598896,0.994133560910541,0.965141149649551,0.995054648197587,0.996154824634901,0.997125657598896,0.994133560910541,0.965141149649551,1.55012469844345,1.81374040919816
-1.53485420660071,-1.44654381231105,1,0,0,1,37,1,37tj04,M-O,1,0.1233,2.6881,0.167361362742366,0.147244431469981,0.170957960311435,0.229587481785302,0.0740123663832365,0.832638637257634,0.852755568530019,0.829042039688565,0.770412518214698,0.925987633616764,1.53485420660071,1.44654381231105
0.0044962072123252,1.77922896094893,0,1,1,1,37,1,37tj04,M-O,1,0.3233,0.1338,0.983442004458806,0.987153545650122,0.989170983729118,0.993532732725088,0.962398883931601,0.983442004458806,0.987153545650122,0.989170983729118,0.993532732725088,0.962398883931601,0.0044962072123252,1.77922896094893
-0.346725105170479,1.27643196578359,0,1,1,1,37,1,37tj04,M-O,1,0.2418,0.0083,0.960929392004261,0.966122469802738,0.971746288210698,0.976303420323334,0.899098568787677,0.960929392004261,0.966122469802738,0.971746288210698,0.976303420323334,0.899098568787677,0.346725105170479,1.27643196578359
1.66685891642514,0.222767839808205,1,1,1,1,37,1,37tj04,M-O,1,0.2275,0.1344,0.887239688579156,0.910483716667358,0.933198702177193,0.823582813455121,0.588141900412685,0.887239688579156,0.910483716667358,0.933198702177193,0.823582813455121,0.588141900412685,1.66685891642514,0.222767839808205
-0.420532482410344,1.4093521247204,0,1,1,1,37,1,37tj04,M-O,1,0.3058,0.177,0.970986608339039,0.97536943018531,0.979605137895534,0.982814403425828,0.920634463513952,0.970986608339039,0.97536943018531,0.979605137895534,0.982814403425828,0.920634463513952,0.420532482410344,1.4093521247204
2.0282605567031,0.884701919474503,1,1,1,1,37,1,37tj04,M-O,1,0.1991,0.3435,0.971147850826659,0.980812293614927,0.986600343796504,0.944199674655376,0.811841289919072,0.971147850826659,0.980812293614927,0.986600343796504,0.944199674655376,0.811841289919072,2.0282605567031,0.884701919474503
0.162715469916173,0.848372256440445,1,1,1,1,37,1,37tj04,M-O,1,0.2227,0.1025,0.910890517498286,0.917696921986957,0.929925791678037,0.939992423618257,0.801884655797654,0.910890517498286,0.917696921986957,0.929925791678037,0.939992423618257,0.801884655797654,0.162715469916173,0.848372256440445
-1.35627428810656,0.0251019182001163,0,1,1,1,37,1,37tj04,M-O,1,0.2107,0.0392,0.83174790947636,0.850160453307233,0.882627110607675,0.767744675410755,0.510013164918451,0.83174790947636,0.850160453307233,0.882627110607675,0.767744675410755,0.510013164918451,1.35627428810656,0.0251019182001163
1.00174416060843,1.6935131210926,1,1,1,1,37,1,37tj04,M-O,1,0.1917,0.2938,0.98931758876302,0.991270331159605,0.993107181994879,0.991799123580668,0.954821080264531,0.98931758876302,0.991270331159605,0.993107181994879,0.991799123580668,0.954821080264531,1.00174416060843,1.6935131210926
-0.458284531688206,1.33577503309422,0,1,1,1,37,1,37tj04,M-O,1,0.1486,0.0084,0.967202130101114,0.97173603809376,0.97662516085998,0.979429826920089,0.909188592069947,0.967202130101114,0.97173603809376,0.97662516085998,0.979429826920089,0.909188592069947,0.458284531688206,1.33577503309422
-1.3846943701472,-1.12903156188566,1,0,0,1,37,1,37tj04,M-O,1,0.0007,0.0084,0.25207740198978,0.233271379422205,0.26293719376704,0.336259331851422,0.129442259809106,0.74792259801022,0.766728620577795,0.73706280623296,0.663740668148578,0.870557740190894,1.3846943701472,1.12903156188566
1.52518268655092,1.17175474317116,1,1,1,1,37,1,37tj04,M-O,1,0.111,0.0085,0.978179488728355,0.981808780731745,0.986339146761016,0.969815742764647,0.879352231292636,0.978179488728355,0.981808780731745,0.986339146761016,0.969815742764647,0.879352231292636,1.52518268655092,1.17175474317116
1.6168056376073,0.0836138016091159,1,1,1,1,37,1,37tj04,M-O,1,0.1546,0.0374,0.858558124348202,0.885654337924594,0.913726181941083,0.785221965517026,0.533318253366151,0.858558124348202,0.885654337924594,0.913726181941083,0.785221965517026,0.533318253366151,1.6168056376073,0.0836138016091159
0.0999367812293916,0.818830595269758,1,0,1,0,37,1,37tj04,M-O,1,0.0521,0.0085,0.904168545204342,0.911325963901037,0.9241672370455,0.936391441838673,0.793558463759581,0.904168545204342,0.911325963901037,0.9241672370455,0.936391441838673,0.793558463759581,0.0999367812293916,0.818830595269758
-0.560936171297673,0.298994330120847,0,1,1,1,37,1,37tj04,M-O,1,0.1658,0.1008,0.837258853492908,0.838734401239334,0.864358658165778,0.842631511211202,0.617527814150777,0.837258853492908,0.838734401239334,0.864358658165778,0.842631511211202,0.617527814150777,0.560936171297673,0.298994330120847
-2.0595652735301,1.8482345411161,0,1,1,1,37,1,37tj04,M-O,1,0.2634,0.0856,0.997233870831264,0.998148053295403,0.998704013321711,0.994684082355263,0.967715789702723,0.997233870831264,0.998148053295403,0.998704013321711,0.994684082355263,0.967715789702723,2.0595652735301,1.8482345411161
1.03525440659664,1.42346493471694,1,1,1,1,37,1,37tj04,M-O,1,0.201,0.1565,0.981232545368473,0.983933187695948,0.987317091597092,0.983406046107244,0.922699289905168,0.981232545368473,0.983933187695948,0.987317091597092,0.983406046107244,0.922699289905168,1.03525440659664,1.42346493471694
0.586047438222983,0.822951882115375,1,1,1,1,37,1,37tj04,M-O,1,0.2939,0.2462,0.924433763534241,0.929137024979161,0.941327611524821,0.936903669392774,0.794732321429468,0.924433763534241,0.929137024979161,0.941327611524821,0.936903669392774,0.794732321429468,0.586047438222983,0.822951882115375
-1.84874765003462,0.47231348994348,0,1,1,1,37,1,37tj04,M-O,1,0.1184,0.0085,0.930576477254651,0.949399536078286,0.963473057529068,0.880731458438708,0.68164847853188,0.930576477254651,0.949399536078286,0.963473057529068,0.880731458438708,0.68164847853188,1.84874765003462,0.47231348994348
1.72454744116434,0.494842036944104,1,1,1,1,37,1,37tj04,M-O,1,0.0949,0.1996,0.929593037616335,0.945108090129761,0.959606556126089,0.885159263852674,0.68964418574081,0.929593037616335,0.945108090129761,0.959606556126089,0.885159263852674,0.68964418574081,1.72454744116434,0.494842036944104
-1.78512060068991,1.59754601311608,0,1,1,1,37,1,37tj04,M-O,1,0.0915,0.0316,0.993226981098598,0.994886923867535,0.996288866378741,0.989385415020279,0.944927975224119,0.993226981098598,0.994886923867535,0.996288866378741,0.989385415020279,0.944927975224119,1.78512060068991,1.59754601311608
-0.355632892078739,-1.37468103748201,1,0,0,1,37,1,37tj04,M-O,1,0.069,0.0705,0.251676799704268,0.222972111003159,0.26582003036276,0.251957240632039,0.0846151762968085,0.748323200295732,0.777027888996841,0.73417996963724,0.748042759367961,0.915384823703192,0.355632892078739,1.37468103748201
-1.62774969864399,0.105640175002501,0,1,1,1,37,1,37tj04,M-O,1,0.0997,0.0302,0.863542957526318,0.890145770877223,0.917298724992734,0.791597847925991,0.542066075981591,0.863542957526318,0.890145770877223,0.917298724992734,0.791597847925991,0.542066075981591,1.62774969864399,0.105640175002501
1.01871137376702,1.58038552881353,1,1,1,1,37,1,37tj04,M-O,1,0.0586,0.1419,0.986424408135521,0.988677355411081,0.991063521141397,0.988894009678249,0.942990698218556,0.986424408135521,0.988677355411081,0.991063521141397,0.988894009678249,0.942990698218556,1.01871137376702,1.58038552881353
0.756143750137844,-0.631100455811142,0,1,0,0,37,1,37tj04,M-O,1,0.3015,0.0086,0.450883974053473,0.435107882170175,0.474002664258016,0.529987040021966,0.263987421563981,0.549116025946527,0.564892117829825,0.525997335741984,0.470012959978034,0.736012578436019,0.756143750137844,0.631100455811142
